{
	"format_version": "1.21.6",
	"credit": "Made with Blockbench",
	"textures": {
		"particle": "modern_guns:item/m4_carbine"
	},
	"elements": [
		{
			"from": [7.25, 0, 6],
			"to": [8.75, 4, 8.5],
			"faces": {
				"north": {"uv": [14.25, 0, 15.75, 4], "texture": "#particle"},
				"east": {"uv": [13.25, 0, 15.75, 4], "texture": "#particle"},
				"south": {"uv": [14.25, 0, 15.75, 4], "texture": "#particle"},
				"west": {"uv": [13.25, 0, 15.75, 4], "texture": "#particle"},
				"up": {"uv": [14.5, 0, 16, 2.5], "texture": "#particle"},
				"down": {"uv": [14.5, 0, 16, 2.5], "texture": "#particle"}
			}
		},
		{
			"from": [7.25, 4, 6],
			"to": [8.75, 5, 8.5],
			"faces": {
				"north": {"uv": [14.25, 2, 15.75, 3], "texture": "#particle"},
				"east": {"uv": [13.25, 2, 15.75, 3], "texture": "#particle"},
				"south": {"uv": [14.25, 2, 15.75, 3], "texture": "#particle"},
				"west": {"uv": [13.25, 2, 15.75, 3], "texture": "#particle"},
				"up": {"uv": [14.5, 0, 16, 2.5], "texture": "#particle"},
				"down": {"uv": [14.5, 0, 16, 2.5], "texture": "#particle"}
			}
		},
		{
			"from": [7.5, 5.01, 6.25],
			"to": [8.5, 5.01, 8.25],
			"faces": {
				"north": {"uv": [0, 0, 1, 0], "texture": "#particle"},
				"east": {"uv": [0, 0, 2, 0], "texture": "#particle"},
				"south": {"uv": [0, 0, 1, 0], "texture": "#particle"},
				"west": {"uv": [0, 0, 2, 0], "texture": "#particle"},
				"up": {"uv": [0, 7, 1, 9], "texture": "#particle"},
				"down": {"uv": [0, 7, 1, 9], "texture": "#particle"}
			}
		}
	],
	"display": {
		"thirdperson_righthand": {
			"translation": [0, 6.25, 1]
		},
		"thirdperson_lefthand": {
			"translation": [0, 6.25, 1]
		},
		"firstperson_righthand": {
			"translation": [1.13, 7.2, 3.13]
		},
		"firstperson_lefthand": {
			"translation": [1.13, 7.2, 3.13]
		},
		"ground": {
			"translation": [0, 4.25, 0]
		},
		"gui": {
			"rotation": [14, 128, 0],
			"translation": [1.25, 7.5, 0],
			"scale": [1.6, 1.6, 1.6]
		},
		"head": {
			"rotation": [0, -180, 0],
			"translation": [0, 13, 7]
		},
		"fixed": {
			"rotation": [0, 90, 0],
			"translation": [0.25, 6.25, 0.5],
			"scale": [1.2, 1.2, 1.2]
		}
	}
}