{
	"format_version": "1.21.6",
	"credit": "Made with Blockbench",
	"textures": {
		"0": "chems_guns:item/gun_ammo/tesla",
		"1": "chems_guns:item/gun_ammo/antimatter",
		"2": "chems_guns:item/gun_ammo/sparks_large",
		"3": "chems_guns:item/gun_ammo/laser",
		"particle": "chems_guns:item/gun_ammo/tesla"
	},
	"elements": [
		{
			"from": [5.5, 3, 5.75],
			"to": [10.5, 3.5, 10.75],
			"rotation": {"angle": 0, "axis": "z", "origin": [6.9213, 3.5, 8.25]},
			"faces": {
				"north": {"uv": [8.75, 9, 10.25, 9.25], "texture": "#0"},
				"east": {"uv": [13.75, 8.75, 15.25, 9], "texture": "#0"},
				"south": {"uv": [13, 8.5, 11.5, 8.75], "texture": "#0"},
				"west": {"uv": [12.5, 8.75, 14, 9], "texture": "#0"},
				"up": {"uv": [8.75, 7.75, 10.25, 9.25], "rotation": 90, "texture": "#0"},
				"down": {"uv": [8.75, 7.75, 10.25, 9.25], "rotation": 90, "texture": "#0"}
			}
		},
		{
			"from": [7.65704, 2.35, 2.24296],
			"to": [8.30704, 3, 8.55704],
			"rotation": {"angle": 0, "axis": "y", "origin": [7.78204, 2.875, 6.1]},
			"faces": {
				"north": {"uv": [0, 12.25, 1, 13.25], "texture": "#0"},
				"east": {"uv": [0, 13.75, 12.5, 14.73077], "texture": "#0"},
				"south": {"uv": [0, 12.25, 1, 13.25], "texture": "#0"},
				"west": {"uv": [0, 13.75, 12.5, 14.75], "texture": "#0"},
				"up": {"uv": [12.5, 13.75, 0, 14.75], "rotation": 270, "texture": "#0"},
				"down": {"uv": [0, 13.75, 12.5, 14.75], "rotation": 270, "texture": "#0"}
			}
		},
		{
			"from": [7.65704, 10.65, 5.24296],
			"to": [8.30704, 11.3, 8.55704],
			"rotation": {"angle": 0, "axis": "y", "origin": [7.78204, 11.175, 6.1]},
			"faces": {
				"north": {"uv": [0, 12.25, 1, 13.25], "texture": "#0"},
				"east": {"uv": [0, 13.75, 5.25, 14.73077], "texture": "#0"},
				"south": {"uv": [0, 12.25, 1, 13.25], "texture": "#0"},
				"west": {"uv": [0, 13.75, 5.25, 14.75], "texture": "#0"},
				"up": {"uv": [5.25, 13.75, 0, 14.75], "rotation": 270, "texture": "#0"},
				"down": {"uv": [0, 13.75, 5.25, 14.75], "rotation": 270, "texture": "#0"}
			}
		},
		{
			"from": [6.625, 2.85, 2.075],
			"to": [9.13908, 3.4, 2.725],
			"rotation": {"angle": 0, "axis": "y", "origin": [7.78204, 3.275, 2.2]},
			"faces": {
				"north": {"uv": [0, 13.75, 12.5, 14.75], "texture": "#0"},
				"east": {"uv": [0, 12.25, 1, 13.25], "texture": "#0"},
				"south": {"uv": [0, 13.75, 12.5, 14.73077], "texture": "#0"},
				"west": {"uv": [0, 12.25, 1, 13.25], "texture": "#0"},
				"up": {"uv": [12.5, 13.75, 0, 14.75], "texture": "#0"},
				"down": {"uv": [0, 13.75, 12.5, 14.75], "rotation": 180, "texture": "#0"}
			}
		},
		{
			"from": [6.625, 2.85, 4.175],
			"to": [9.13908, 3.4, 4.825],
			"rotation": {"angle": 0, "axis": "y", "origin": [7.78204, 3.275, 4.3]},
			"faces": {
				"north": {"uv": [0, 13.75, 12.5, 14.75], "texture": "#0"},
				"east": {"uv": [0, 12.25, 1, 13.25], "texture": "#0"},
				"south": {"uv": [0, 13.75, 12.5, 14.73077], "texture": "#0"},
				"west": {"uv": [0, 12.25, 1, 13.25], "texture": "#0"},
				"up": {"uv": [12.5, 13.75, 0, 14.75], "texture": "#0"},
				"down": {"uv": [0, 13.75, 12.5, 14.75], "rotation": 180, "texture": "#0"}
			}
		},
		{
			"from": [6.625, 8.45, 2.075],
			"to": [9.13908, 9, 2.725],
			"rotation": {"angle": 0, "axis": "y", "origin": [7.78204, 8.875, 2.2]},
			"faces": {
				"north": {"uv": [0, 13.75, 12.5, 14.75], "texture": "#0"},
				"east": {"uv": [0, 12.25, 1, 13.25], "texture": "#0"},
				"south": {"uv": [0, 13.75, 12.5, 14.73077], "texture": "#0"},
				"west": {"uv": [0, 12.25, 1, 13.25], "texture": "#0"},
				"up": {"uv": [12.5, 13.75, 0, 14.75], "texture": "#0"},
				"down": {"uv": [0, 13.75, 12.5, 14.75], "rotation": 180, "texture": "#0"}
			}
		},
		{
			"from": [7.65704, 8.45, 2.34296],
			"to": [8.30704, 9, 4.85704],
			"rotation": {"angle": 0, "axis": "y", "origin": [7.78204, 8.875, 3.7]},
			"faces": {
				"north": {"uv": [0, 12.25, 1, 13.25], "texture": "#0"},
				"east": {"uv": [0, 13.75, 12.5, 14.73077], "texture": "#0"},
				"south": {"uv": [0, 12.25, 1, 13.25], "texture": "#0"},
				"west": {"uv": [0, 13.75, 12.5, 14.75], "texture": "#0"},
				"up": {"uv": [12.5, 13.75, 0, 14.75], "rotation": 270, "texture": "#0"},
				"down": {"uv": [0, 13.75, 12.5, 14.75], "rotation": 270, "texture": "#0"}
			}
		},
		{
			"from": [7.658, 8.6, 4.73],
			"to": [8.307, 11.21408, 5.38],
			"rotation": {"angle": 22.5, "axis": "x", "origin": [7.78204, 9.975, 5.2]},
			"faces": {
				"north": {"uv": [0, 13.75, 4.5, 14.73077], "rotation": 90, "texture": "#0"},
				"east": {"uv": [2.5, 13.75, 7, 14.75], "rotation": 270, "texture": "#0"},
				"south": {"uv": [2.25, 13.75, 6.75, 14.75], "rotation": 270, "texture": "#0"},
				"west": {"uv": [4, 13.75, 8.5, 14.75], "rotation": 90, "texture": "#0"},
				"up": {"uv": [0, 12.25, 1, 13.25], "rotation": 270, "texture": "#0"},
				"down": {"uv": [0, 12.25, 1, 13.25], "rotation": 270, "texture": "#0"}
			}
		},
		{
			"from": [6.625, 8.45, 4.175],
			"to": [9.13908, 9, 4.825],
			"rotation": {"angle": 0, "axis": "y", "origin": [7.78204, 8.875, 4.3]},
			"faces": {
				"north": {"uv": [0, 13.75, 12.5, 14.75], "texture": "#0"},
				"east": {"uv": [0, 12.25, 1, 13.25], "texture": "#0"},
				"south": {"uv": [0, 13.75, 12.5, 14.73077], "texture": "#0"},
				"west": {"uv": [0, 12.25, 1, 13.25], "texture": "#0"},
				"up": {"uv": [12.5, 13.75, 0, 14.75], "texture": "#0"},
				"down": {"uv": [0, 13.75, 12.5, 14.75], "rotation": 180, "texture": "#0"}
			}
		},
		{
			"from": [8, 3, 0.75],
			"to": [10.5, 3.5, 5.75],
			"rotation": {"angle": 0, "axis": "y", "origin": [6.9213, 3.5, 3.25]},
			"faces": {
				"north": {"uv": [8.75, 9, 10.25, 9.25], "texture": "#0"},
				"east": {"uv": [13.75, 8.75, 15.25, 9], "texture": "#0"},
				"south": {"uv": [13, 8.5, 11.5, 8.75], "texture": "#0"},
				"west": {"uv": [12.5, 8.75, 14, 9], "texture": "#0"},
				"up": {"uv": [7, 10.5, 11, 12], "rotation": 90, "texture": "#0"},
				"down": {"uv": [7, 10.5, 11, 12], "rotation": 90, "texture": "#0"}
			}
		},
		{
			"from": [5.5, 3, 0.75],
			"to": [8, 3.5, 5.75],
			"rotation": {"angle": 0, "axis": "y", "origin": [9.1213, 3.5, 3.25]},
			"faces": {
				"north": {"uv": [13, 8.5, 11.5, 8.75], "texture": "#0"},
				"east": {"uv": [12.5, 8.75, 14, 9], "texture": "#0"},
				"south": {"uv": [8.75, 9, 10.25, 9.25], "texture": "#0"},
				"west": {"uv": [13.75, 8.75, 15.25, 9], "texture": "#0"},
				"up": {"uv": [7, 10.5, 11, 12], "rotation": 270, "texture": "#0"},
				"down": {"uv": [7, 10.5, 11, 12], "rotation": 270, "texture": "#0"}
			}
		},
		{
			"from": [7.1, 3.9213, 6.75],
			"to": [7.1, 6.9213, 9.75],
			"rotation": {"angle": 22.5, "axis": "z", "origin": [7.1, 5.2713, 8.15]},
			"faces": {
				"north": {"uv": [0, 0, 0, 0], "rotation": 180, "texture": "#2"},
				"east": {"uv": [0, 0, 16, 16], "rotation": 90, "texture": "#2"},
				"south": {"uv": [0, 0, 0, 0], "texture": "#2"},
				"west": {"uv": [16, 0, 0, 16], "rotation": 270, "texture": "#2"},
				"up": {"uv": [0, 0, 0, 0], "texture": "#2"},
				"down": {"uv": [0, 0, 0, 0], "rotation": 180, "texture": "#2"}
			}
		},
		{
			"from": [8.9, 3.9213, 6.75],
			"to": [8.9, 6.9213, 9.75],
			"rotation": {"angle": -22.5, "axis": "z", "origin": [8.9, 5.2713, 8.15]},
			"faces": {
				"north": {"uv": [0, 0, 0, 0], "rotation": 180, "texture": "#2"},
				"east": {"uv": [0, 0, 16, 16], "rotation": 90, "texture": "#2"},
				"south": {"uv": [0, 0, 0, 0], "texture": "#2"},
				"west": {"uv": [16, 0, 0, 16], "rotation": 270, "texture": "#2"},
				"up": {"uv": [0, 0, 0, 0], "texture": "#2"},
				"down": {"uv": [0, 0, 0, 0], "rotation": 180, "texture": "#2"}
			}
		},
		{
			"from": [6.5, 3.9213, 9.15],
			"to": [9.5, 6.9213, 9.15],
			"rotation": {"angle": 22.5, "axis": "x", "origin": [8.1, 5.2713, 9.15]},
			"faces": {
				"north": {"uv": [16, 0, 0, 16], "rotation": 270, "texture": "#2"},
				"east": {"uv": [0, 0, 0, 0], "rotation": 180, "texture": "#2"},
				"south": {"uv": [0, 0, 16, 16], "rotation": 90, "texture": "#2"},
				"west": {"uv": [0, 0, 0, 0], "texture": "#2"},
				"up": {"uv": [0, 0, 0, 0], "rotation": 270, "texture": "#2"},
				"down": {"uv": [0, 0, 0, 0], "rotation": 270, "texture": "#2"}
			}
		},
		{
			"from": [6.5, 3.9213, 7.35],
			"to": [9.5, 6.9213, 7.35],
			"rotation": {"angle": -22.5, "axis": "x", "origin": [8.1, 5.2713, 7.35]},
			"faces": {
				"north": {"uv": [16, 0, 0, 16], "rotation": 270, "texture": "#2"},
				"east": {"uv": [0, 0, 0, 0], "rotation": 180, "texture": "#2"},
				"south": {"uv": [0, 0, 16, 16], "rotation": 90, "texture": "#2"},
				"west": {"uv": [0, 0, 0, 0], "texture": "#2"},
				"up": {"uv": [0, 0, 0, 0], "rotation": 270, "texture": "#2"},
				"down": {"uv": [0, 0, 0, 0], "rotation": 270, "texture": "#2"}
			}
		},
		{
			"from": [7.1, 6.5787, 6.75],
			"to": [7.1, 9.5787, 9.75],
			"rotation": {"angle": -22.5, "axis": "z", "origin": [7.1, 8.2287, 8.15]},
			"faces": {
				"north": {"uv": [0, 0, 0, 0], "rotation": 180, "texture": "#2"},
				"east": {"uv": [16, 0, 0, 16], "rotation": 90, "texture": "#2"},
				"south": {"uv": [0, 0, 0, 0], "texture": "#2"},
				"west": {"uv": [0, 0, 16, 16], "rotation": 270, "texture": "#2"},
				"up": {"uv": [0, 0, 0, 0], "rotation": 180, "texture": "#2"},
				"down": {"uv": [0, 0, 0, 0], "texture": "#2"}
			}
		},
		{
			"from": [8.9, 6.5787, 6.75],
			"to": [8.9, 9.5787, 9.75],
			"rotation": {"angle": 22.5, "axis": "z", "origin": [8.9, 8.2287, 8.15]},
			"faces": {
				"north": {"uv": [0, 0, 0, 0], "rotation": 180, "texture": "#2"},
				"east": {"uv": [16, 0, 0, 16], "rotation": 90, "texture": "#2"},
				"south": {"uv": [0, 0, 0, 0], "texture": "#2"},
				"west": {"uv": [0, 0, 16, 16], "rotation": 270, "texture": "#2"},
				"up": {"uv": [0, 0, 0, 0], "rotation": 180, "texture": "#2"},
				"down": {"uv": [0, 0, 0, 0], "texture": "#2"}
			}
		},
		{
			"from": [6.5, 6.5787, 9.15],
			"to": [9.5, 9.5787, 9.15],
			"rotation": {"angle": -22.5, "axis": "x", "origin": [8.1, 8.2287, 9.15]},
			"faces": {
				"north": {"uv": [0, 0, 16, 16], "rotation": 270, "texture": "#2"},
				"east": {"uv": [0, 0, 0, 0], "rotation": 180, "texture": "#2"},
				"south": {"uv": [16, 0, 0, 16], "rotation": 90, "texture": "#2"},
				"west": {"uv": [0, 0, 0, 0], "texture": "#2"},
				"up": {"uv": [0, 0, 0, 0], "rotation": 270, "texture": "#2"},
				"down": {"uv": [0, 0, 0, 0], "rotation": 270, "texture": "#2"}
			}
		},
		{
			"from": [6.5, 6.5787, 7.35],
			"to": [9.5, 9.5787, 7.35],
			"rotation": {"angle": 22.5, "axis": "x", "origin": [8.1, 8.2287, 7.35]},
			"faces": {
				"north": {"uv": [0, 0, 16, 16], "rotation": 270, "texture": "#2"},
				"east": {"uv": [0, 0, 0, 0], "rotation": 180, "texture": "#2"},
				"south": {"uv": [16, 0, 0, 16], "rotation": 90, "texture": "#2"},
				"west": {"uv": [0, 0, 0, 0], "texture": "#2"},
				"up": {"uv": [0, 0, 0, 0], "rotation": 270, "texture": "#2"},
				"down": {"uv": [0, 0, 0, 0], "rotation": 270, "texture": "#2"}
			}
		},
		{
			"from": [7.8, 4.1787, 6.75],
			"to": [7.8, 6.6787, 9.75],
			"rotation": {"angle": 0, "axis": "y", "origin": [7.8, 5.3287, 8.15]},
			"faces": {
				"east": {"uv": [16, 0, 0, 16], "rotation": 90, "texture": "#1"},
				"west": {"uv": [0, 0, 16, 16], "rotation": 270, "texture": "#1"}
			}
		},
		{
			"from": [6.2, 6.6787, 8.15],
			"to": [9.2, 9.3287, 8.15],
			"rotation": {"angle": 0, "axis": "y", "origin": [7.8, 7.7287, 8.15]},
			"faces": {
				"north": {"uv": [0, 0, 16, 16], "rotation": 270, "texture": "#1"},
				"south": {"uv": [16, 0, 0, 16], "rotation": 90, "texture": "#1"}
			}
		},
		{
			"from": [6.2, 4.1787, 8.15],
			"to": [9.2, 6.6787, 8.15],
			"rotation": {"angle": 0, "axis": "y", "origin": [7.8, 5.3287, 8.15]},
			"faces": {
				"north": {"uv": [0, 0, 16, 16], "rotation": 270, "texture": "#1"},
				"south": {"uv": [16, 0, 0, 16], "rotation": 90, "texture": "#1"}
			}
		},
		{
			"from": [7.8, 6.6787, 6.75],
			"to": [7.8, 9.3287, 9.75],
			"rotation": {"angle": 0, "axis": "x", "origin": [7.8, 7.7287, 8.15]},
			"faces": {
				"east": {"uv": [16, 0, 0, 16], "rotation": 90, "texture": "#1"},
				"west": {"uv": [0, 0, 16, 16], "rotation": 270, "texture": "#1"}
			}
		},
		{
			"from": [7.4, 10.55, 7.65],
			"to": [8.6, 10.65, 8.85],
			"rotation": {"angle": 0, "axis": "y", "origin": [8, 11.05, 8.25]},
			"faces": {
				"north": {"uv": [2, 14.5, 1, 14.75], "texture": "#0"},
				"east": {"uv": [2.75, 14.5, 1.75, 14.75], "texture": "#0"},
				"south": {"uv": [3.75, 14.5, 2.75, 14.75], "texture": "#0"},
				"west": {"uv": [1.25, 14.5, 0.25, 14.75], "texture": "#0"},
				"up": {"uv": [10.5, 3.25, 9.5, 4.25], "texture": "#0"},
				"down": {"uv": [1, 12.25, 0, 13.25], "texture": "#0"}
			}
		},
		{
			"from": [7.4, 9.65, 7.65],
			"to": [8.6, 9.75, 8.85],
			"rotation": {"angle": 0, "axis": "y", "origin": [8, 10.15, 8.25]},
			"faces": {
				"north": {"uv": [2, 14.5, 1, 14.75], "texture": "#0"},
				"east": {"uv": [2.75, 14.5, 1.75, 14.75], "texture": "#0"},
				"south": {"uv": [3.75, 14.5, 2.75, 14.75], "texture": "#0"},
				"west": {"uv": [1.25, 14.5, 0.25, 14.75], "texture": "#0"},
				"up": {"uv": [10.5, 3.25, 9.5, 4.25], "texture": "#0"},
				"down": {"uv": [1, 12.25, 0, 13.25], "texture": "#0"}
			}
		},
		{
			"from": [7.4, 9.45, 7.65],
			"to": [8.6, 9.55, 8.85],
			"rotation": {"angle": 0, "axis": "y", "origin": [8, 9.95, 8.25]},
			"faces": {
				"north": {"uv": [2, 14.5, 1, 14.75], "texture": "#0"},
				"east": {"uv": [2.75, 14.5, 1.75, 14.75], "texture": "#0"},
				"south": {"uv": [3.75, 14.5, 2.75, 14.75], "texture": "#0"},
				"west": {"uv": [1.25, 14.5, 0.25, 14.75], "texture": "#0"},
				"up": {"uv": [10.5, 3.25, 9.5, 4.25], "texture": "#0"},
				"down": {"uv": [1, 12.25, 0, 13.25], "texture": "#0"}
			}
		},
		{
			"from": [7.4, 9.85, 7.65],
			"to": [8.6, 9.95, 8.85],
			"rotation": {"angle": 0, "axis": "y", "origin": [8, 10.35, 8.25]},
			"faces": {
				"north": {"uv": [2, 14.5, 1, 14.75], "texture": "#0"},
				"east": {"uv": [2.75, 14.5, 1.75, 14.75], "texture": "#0"},
				"south": {"uv": [3.75, 14.5, 2.75, 14.75], "texture": "#0"},
				"west": {"uv": [1.25, 14.5, 0.25, 14.75], "texture": "#0"},
				"up": {"uv": [10.5, 3.25, 9.5, 4.25], "texture": "#0"},
				"down": {"uv": [1, 12.25, 0, 13.25], "texture": "#0"}
			}
		},
		{
			"from": [7.5, 9.35, 7.75],
			"to": [8.5, 10.7, 8.75],
			"rotation": {"angle": 0, "axis": "y", "origin": [8, 9.95, 8.25]},
			"faces": {
				"north": {"uv": [16, 13.75, 15, 14.75], "texture": "#0"},
				"east": {"uv": [16, 13.75, 15, 14.75], "texture": "#0"},
				"south": {"uv": [16, 13.75, 15, 14.75], "texture": "#0"},
				"west": {"uv": [16, 13.75, 15, 14.75], "texture": "#0"},
				"up": {"uv": [16, 14.75, 15, 15.75], "texture": "#0"},
				"down": {"uv": [16, 14.75, 15, 15.75], "texture": "#0"}
			}
		},
		{
			"from": [7.4, 2.85, 7.65],
			"to": [8.6, 2.95, 8.85],
			"rotation": {"angle": 0, "axis": "z", "origin": [8, 2.45, 8.25]},
			"faces": {
				"north": {"uv": [2, 14.75, 1, 14.5], "texture": "#0"},
				"east": {"uv": [2.75, 14.75, 1.75, 14.5], "texture": "#0"},
				"south": {"uv": [3.75, 14.75, 2.75, 14.5], "texture": "#0"},
				"west": {"uv": [1.25, 14.75, 0.25, 14.5], "texture": "#0"},
				"up": {"uv": [1, 13.25, 0, 12.25], "texture": "#0"},
				"down": {"uv": [10.5, 4.25, 9.5, 3.25], "texture": "#0"}
			}
		},
		{
			"from": [7.4, 3.75, 7.65],
			"to": [8.6, 3.85, 8.85],
			"rotation": {"angle": 0, "axis": "y", "origin": [8, 3.35, 8.25]},
			"faces": {
				"north": {"uv": [2, 14.75, 1, 14.5], "texture": "#0"},
				"east": {"uv": [2.75, 14.75, 1.75, 14.5], "texture": "#0"},
				"south": {"uv": [3.75, 14.75, 2.75, 14.5], "texture": "#0"},
				"west": {"uv": [1.25, 14.75, 0.25, 14.5], "texture": "#0"},
				"up": {"uv": [1, 13.25, 0, 12.25], "texture": "#0"},
				"down": {"uv": [10.5, 4.25, 9.5, 3.25], "texture": "#0"}
			}
		},
		{
			"from": [7.4, 3.95, 7.65],
			"to": [8.6, 4.05, 8.85],
			"rotation": {"angle": 0, "axis": "y", "origin": [8, 3.55, 8.25]},
			"faces": {
				"north": {"uv": [2, 14.75, 1, 14.5], "texture": "#0"},
				"east": {"uv": [2.75, 14.75, 1.75, 14.5], "texture": "#0"},
				"south": {"uv": [3.75, 14.75, 2.75, 14.5], "texture": "#0"},
				"west": {"uv": [1.25, 14.75, 0.25, 14.5], "texture": "#0"},
				"up": {"uv": [1, 13.25, 0, 12.25], "texture": "#0"},
				"down": {"uv": [10.5, 4.25, 9.5, 3.25], "texture": "#0"}
			}
		},
		{
			"from": [7.4, 3.55, 7.65],
			"to": [8.6, 3.65, 8.85],
			"rotation": {"angle": 0, "axis": "y", "origin": [8, 3.15, 8.25]},
			"faces": {
				"north": {"uv": [2, 14.75, 1, 14.5], "texture": "#0"},
				"east": {"uv": [2.75, 14.75, 1.75, 14.5], "texture": "#0"},
				"south": {"uv": [3.75, 14.75, 2.75, 14.5], "texture": "#0"},
				"west": {"uv": [1.25, 14.75, 0.25, 14.5], "texture": "#0"},
				"up": {"uv": [1, 13.25, 0, 12.25], "texture": "#0"},
				"down": {"uv": [10.5, 4.25, 9.5, 3.25], "texture": "#0"}
			}
		},
		{
			"from": [7.5, 2.8, 7.75],
			"to": [8.5, 4.15, 8.75],
			"rotation": {"angle": 0, "axis": "z", "origin": [8, 3.55, 8.25]},
			"faces": {
				"north": {"uv": [16, 14.75, 15, 13.75], "texture": "#0"},
				"east": {"uv": [16, 14.75, 15, 13.75], "texture": "#0"},
				"south": {"uv": [16, 14.75, 15, 13.75], "texture": "#0"},
				"west": {"uv": [16, 14.75, 15, 13.75], "texture": "#0"},
				"up": {"uv": [16, 15.75, 15, 14.75], "texture": "#0"},
				"down": {"uv": [16, 15.75, 15, 14.75], "texture": "#0"}
			}
		},
		{
			"from": [5.5, 10, 5.75],
			"to": [10.5, 10.5, 10.75],
			"rotation": {"angle": 0, "axis": "y", "origin": [6.9213, 10.5, 8.25]},
			"faces": {
				"north": {"uv": [8.75, 9, 10.25, 9.25], "texture": "#0"},
				"east": {"uv": [13.75, 8.75, 15.25, 9], "texture": "#0"},
				"south": {"uv": [13, 8.5, 11.5, 8.75], "texture": "#0"},
				"west": {"uv": [12.5, 8.75, 14, 9], "texture": "#0"},
				"up": {"uv": [8.75, 7.75, 10.25, 9.25], "rotation": 90, "texture": "#0"},
				"down": {"uv": [8.75, 7.75, 10.25, 9.25], "rotation": 90, "texture": "#0"}
			}
		},
		{
			"from": [5.8713, 3.3287, 9.85],
			"to": [6.3713, 10.0787, 10.35],
			"rotation": {"angle": 0, "axis": "x", "origin": [6.1213, 4.1787, 10.1]},
			"faces": {
				"north": {"uv": [13, 9, 16, 9.25], "rotation": 270, "texture": "#0"},
				"east": {"uv": [12, 9, 15.5, 9.25], "rotation": 270, "texture": "#0"},
				"south": {"uv": [14.5, 9.25, 11, 9], "rotation": 90, "texture": "#0"},
				"west": {"uv": [8.75, 9, 11.75, 9.25], "rotation": 90, "texture": "#0"},
				"up": {"uv": [1, 12.25, 2, 13.25], "rotation": 90, "texture": "#0"},
				"down": {"uv": [1, 12.25, 2, 13.25], "texture": "#0"}
			}
		},
		{
			"from": [6.8213, 5.8777, 7.2],
			"to": [9.0213, 8.0777, 9.35],
			"rotation": {"angle": 0, "axis": "y", "origin": [7.9713, 6.9787, 8.2]},
			"faces": {
				"north": {"uv": [0, 4.5, 16, 12.5], "rotation": 90, "texture": "#1"},
				"east": {"uv": [0, 4.5, 16, 12.5], "rotation": 270, "texture": "#1"},
				"south": {"uv": [0, 4.25, 16, 12.25], "rotation": 270, "texture": "#1"},
				"west": {"uv": [16, 4.25, 0, 12.25], "rotation": 90, "texture": "#1"},
				"up": {"uv": [2.75, 5.25, 16, 10.5], "rotation": 180, "texture": "#1"},
				"down": {"uv": [3.75, 4.5, 13, 13.75], "rotation": 270, "texture": "#1"}
			}
		},
		{
			"from": [9.3713, 3.3287, 9.85],
			"to": [9.8713, 10.0787, 10.35],
			"rotation": {"angle": 0, "axis": "y", "origin": [9.6213, 4.1787, 10.1]},
			"faces": {
				"north": {"uv": [13, 9, 16, 9.25], "rotation": 270, "texture": "#0"},
				"east": {"uv": [12, 9, 15.5, 9.25], "rotation": 270, "texture": "#0"},
				"south": {"uv": [14.5, 9.25, 11, 9], "rotation": 90, "texture": "#0"},
				"west": {"uv": [8.75, 9, 11.75, 9.25], "rotation": 90, "texture": "#0"},
				"up": {"uv": [1, 12.25, 2, 13.25], "rotation": 90, "texture": "#0"},
				"down": {"uv": [1, 12.25, 2, 13.25], "texture": "#0"}
			}
		},
		{
			"name": "octagon",
			"from": [6.59289, 3.5625, 4],
			"to": [7.00711, 5.9375, 5],
			"rotation": {"angle": 45, "axis": "y", "origin": [6.8, 4.6553, 4.5]},
			"faces": {
				"north": {"uv": [14, 3, 15, 4], "rotation": 180, "texture": "#3"},
				"east": {"uv": [14, 3, 15, 4], "rotation": 90, "texture": "#3"},
				"south": {"uv": [14, 3, 15, 4], "texture": "#3"},
				"west": {"uv": [14, 3, 15, 4], "rotation": 270, "texture": "#3"},
				"up": {"uv": [14, 3, 15, 4], "texture": "#3"},
				"down": {"uv": [14, 3, 15, 4], "rotation": 180, "texture": "#3"}
			}
		},
		{
			"name": "octagon",
			"from": [6.59289, 3.5624, 4],
			"to": [7.00711, 5.9374, 5],
			"rotation": {"angle": 0, "axis": "x", "origin": [6.8, 4.6553, 4.5]},
			"faces": {
				"north": {"uv": [14, 4, 15, 5], "rotation": 180, "texture": "#3"},
				"east": {"uv": [14, 4, 15, 5], "rotation": 90, "texture": "#3"},
				"south": {"uv": [14, 4, 15, 5], "texture": "#3"},
				"west": {"uv": [14, 4, 15, 5], "rotation": 270, "texture": "#3"},
				"up": {"uv": [14, 4, 15, 5], "texture": "#3"},
				"down": {"uv": [14, 4, 15, 5], "rotation": 180, "texture": "#3"}
			}
		},
		{
			"name": "octagon",
			"from": [6.3, 3.5625, 4.29289],
			"to": [7.3, 5.9375, 4.70711],
			"rotation": {"angle": 45, "axis": "y", "origin": [6.8, 4.6553, 4.5]},
			"faces": {
				"north": {"uv": [15, 4, 16, 5], "rotation": 180, "texture": "#3"},
				"east": {"uv": [15, 4, 16, 5], "rotation": 90, "texture": "#3"},
				"south": {"uv": [15, 4, 16, 5], "texture": "#3"},
				"west": {"uv": [15, 4, 16, 5], "rotation": 270, "texture": "#3"},
				"up": {"uv": [15, 4, 16, 5], "texture": "#3"},
				"down": {"uv": [15, 4, 16, 5], "rotation": 180, "texture": "#3"}
			}
		},
		{
			"name": "octagon",
			"from": [6.3, 3.5626, 4.29289],
			"to": [7.3, 5.9376, 4.70711],
			"rotation": {"angle": 0, "axis": "x", "origin": [6.8, 4.6553, 4.5]},
			"faces": {
				"north": {"uv": [15, 3, 16, 4], "rotation": 180, "texture": "#3"},
				"east": {"uv": [15, 3, 16, 4], "rotation": 90, "texture": "#3"},
				"south": {"uv": [15, 3, 16, 4], "texture": "#3"},
				"west": {"uv": [15, 3, 16, 4], "rotation": 270, "texture": "#3"},
				"up": {"uv": [15, 3, 16, 4], "texture": "#3"},
				"down": {"uv": [15, 3, 16, 4], "rotation": 180, "texture": "#3"}
			}
		},
		{
			"name": "octagon",
			"from": [6.48934, 3.4373, 3.75],
			"to": [7.11066, 5.8123, 5.25],
			"rotation": {"angle": 45, "axis": "y", "origin": [6.8, 4.6553, 4.5]},
			"faces": {
				"north": {"uv": [14, 3, 15, 4], "rotation": 180, "texture": "#3"},
				"east": {"uv": [14, 3, 15, 4], "rotation": 90, "texture": "#3"},
				"south": {"uv": [14, 3, 15, 4], "rotation": 90, "texture": "#3"},
				"west": {"uv": [14, 3, 15, 4], "rotation": 270, "texture": "#3"},
				"up": {"uv": [14, 3, 15, 4], "texture": "#3"},
				"down": {"uv": [14, 3, 15, 4], "rotation": 180, "texture": "#3"}
			}
		},
		{
			"name": "octagon",
			"from": [6.48934, 3.4375, 3.75],
			"to": [7.11066, 5.8125, 5.25],
			"rotation": {"angle": 0, "axis": "x", "origin": [6.8, 4.6553, 4.5]},
			"faces": {
				"north": {"uv": [15, 3, 16, 4], "rotation": 180, "texture": "#3"},
				"east": {"uv": [15, 3, 16, 4], "rotation": 90, "texture": "#3"},
				"south": {"uv": [15, 3, 16, 4], "rotation": 90, "texture": "#3"},
				"west": {"uv": [15, 3, 16, 4], "rotation": 270, "texture": "#3"},
				"up": {"uv": [15, 3, 16, 4], "texture": "#3"},
				"down": {"uv": [15, 3, 16, 4], "rotation": 180, "texture": "#3"}
			}
		},
		{
			"name": "octagon",
			"from": [6.05, 3.4374, 4.18934],
			"to": [7.55, 5.8124, 4.81066],
			"rotation": {"angle": 45, "axis": "y", "origin": [6.8, 4.6553, 4.5]},
			"faces": {
				"north": {"uv": [15, 3, 16, 4], "rotation": 180, "texture": "#3"},
				"east": {"uv": [15, 3, 16, 4], "rotation": 90, "texture": "#3"},
				"south": {"uv": [15, 3, 16, 4], "rotation": 90, "texture": "#3"},
				"west": {"uv": [15, 3, 16, 4], "rotation": 270, "texture": "#3"},
				"up": {"uv": [15, 3, 16, 4], "texture": "#3"},
				"down": {"uv": [15, 3, 16, 4], "rotation": 180, "texture": "#3"}
			}
		},
		{
			"name": "octagon",
			"from": [6.05, 3.4375, 4.18934],
			"to": [7.55, 5.8125, 4.81066],
			"rotation": {"angle": 0, "axis": "x", "origin": [6.8, 4.6553, 4.5]},
			"faces": {
				"north": {"uv": [15, 4, 16, 5], "rotation": 180, "texture": "#3"},
				"east": {"uv": [15, 4, 16, 5], "rotation": 90, "texture": "#3"},
				"south": {"uv": [15, 4, 16, 5], "texture": "#3"},
				"west": {"uv": [15, 4, 16, 5], "rotation": 270, "texture": "#3"},
				"up": {"uv": [15, 4, 16, 5], "texture": "#3"},
				"down": {"uv": [15, 4, 16, 5], "rotation": 180, "texture": "#3"}
			}
		},
		{
			"name": "octagon",
			"from": [6.38579, 3.5605, 3.5],
			"to": [7.21421, 5.5605, 5.5],
			"rotation": {"angle": 45, "axis": "y", "origin": [6.8, 4.6553, 4.5]},
			"faces": {
				"north": {"uv": [14, 0, 15, 3], "rotation": 180, "texture": "#3"},
				"east": {"uv": [13, 0, 16, 1], "rotation": 90, "texture": "#3"},
				"south": {"uv": [14, 0, 15, 3], "texture": "#3"},
				"west": {"uv": [13, 0, 16, 1], "rotation": 270, "texture": "#3"},
				"up": {"uv": [13, 2, 14, 3], "texture": "#3"},
				"down": {"uv": [13, 2, 14, 3], "rotation": 180, "texture": "#3"}
			}
		},
		{
			"name": "octagon",
			"from": [6.38579, 3.5625, 3.5],
			"to": [7.21421, 5.5625, 5.5],
			"rotation": {"angle": 0, "axis": "x", "origin": [6.8, 4.6553, 4.5]},
			"faces": {
				"north": {"uv": [13, 0, 14, 3], "rotation": 180, "texture": "#3"},
				"east": {"uv": [13, 0, 16, 1], "rotation": 90, "texture": "#3"},
				"south": {"uv": [13, 0, 14, 3], "texture": "#3"},
				"west": {"uv": [13, 0, 16, 1], "rotation": 270, "texture": "#3"},
				"up": {"uv": [15, 1, 16, 2], "texture": "#3"},
				"down": {"uv": [15, 1, 16, 2], "rotation": 180, "texture": "#3"}
			}
		},
		{
			"name": "octagon",
			"from": [5.8, 3.5615, 4.08579],
			"to": [7.8, 5.5615, 4.91421],
			"rotation": {"angle": 45, "axis": "y", "origin": [6.8, 4.6553, 4.5]},
			"faces": {
				"north": {"uv": [15, 0, 16, 3], "rotation": 180, "texture": "#3"},
				"east": {"uv": [13, 1, 16, 2], "rotation": 90, "texture": "#3"},
				"south": {"uv": [15, 0, 16, 3], "texture": "#3"},
				"west": {"uv": [13, 1, 16, 2], "rotation": 270, "texture": "#3"},
				"up": {"uv": [15, 0, 16, 1], "texture": "#3"},
				"down": {"uv": [15, 0, 16, 1], "rotation": 180, "texture": "#3"}
			}
		},
		{
			"name": "octagon",
			"from": [5.8, 3.5625, 4.08579],
			"to": [7.8, 5.5625, 4.91421],
			"rotation": {"angle": 0, "axis": "x", "origin": [6.8, 4.6553, 4.5]},
			"faces": {
				"north": {"uv": [15, 0, 16, 3], "rotation": 180, "texture": "#3"},
				"east": {"uv": [13, 2, 16, 3], "rotation": 90, "texture": "#3"},
				"south": {"uv": [15, 0, 16, 3], "texture": "#3"},
				"west": {"uv": [13, 2, 16, 3], "rotation": 270, "texture": "#3"},
				"up": {"uv": [13, 0, 14, 1], "texture": "#3"},
				"down": {"uv": [13, 0, 14, 1], "rotation": 180, "texture": "#3"}
			}
		},
		{
			"name": "octagon",
			"from": [8.69289, 3.5625, 4],
			"to": [9.10711, 5.9375, 5],
			"rotation": {"angle": 45, "axis": "y", "origin": [8.9, 4.6553, 4.5]},
			"faces": {
				"north": {"uv": [14, 3, 15, 4], "rotation": 180, "texture": "#3"},
				"east": {"uv": [14, 3, 15, 4], "rotation": 90, "texture": "#3"},
				"south": {"uv": [14, 3, 15, 4], "texture": "#3"},
				"west": {"uv": [14, 3, 15, 4], "rotation": 270, "texture": "#3"},
				"up": {"uv": [14, 3, 15, 4], "texture": "#3"},
				"down": {"uv": [14, 3, 15, 4], "rotation": 180, "texture": "#3"}
			}
		},
		{
			"name": "octagon",
			"from": [8.69289, 3.5624, 4],
			"to": [9.10711, 5.9374, 5],
			"rotation": {"angle": 0, "axis": "y", "origin": [8.9, 4.6553, 4.5]},
			"faces": {
				"north": {"uv": [14, 4, 15, 5], "rotation": 180, "texture": "#3"},
				"east": {"uv": [14, 4, 15, 5], "rotation": 90, "texture": "#3"},
				"south": {"uv": [14, 4, 15, 5], "texture": "#3"},
				"west": {"uv": [14, 4, 15, 5], "rotation": 270, "texture": "#3"},
				"up": {"uv": [14, 4, 15, 5], "texture": "#3"},
				"down": {"uv": [14, 4, 15, 5], "rotation": 180, "texture": "#3"}
			}
		},
		{
			"name": "octagon",
			"from": [8.4, 3.5625, 4.29289],
			"to": [9.4, 5.9375, 4.70711],
			"rotation": {"angle": 45, "axis": "y", "origin": [8.9, 4.6553, 4.5]},
			"faces": {
				"north": {"uv": [15, 4, 16, 5], "rotation": 180, "texture": "#3"},
				"east": {"uv": [15, 4, 16, 5], "rotation": 90, "texture": "#3"},
				"south": {"uv": [15, 4, 16, 5], "texture": "#3"},
				"west": {"uv": [15, 4, 16, 5], "rotation": 270, "texture": "#3"},
				"up": {"uv": [15, 4, 16, 5], "texture": "#3"},
				"down": {"uv": [15, 4, 16, 5], "rotation": 180, "texture": "#3"}
			}
		},
		{
			"name": "octagon",
			"from": [8.4, 3.5626, 4.29289],
			"to": [9.4, 5.9376, 4.70711],
			"rotation": {"angle": 0, "axis": "y", "origin": [8.9, 4.6553, 4.5]},
			"faces": {
				"north": {"uv": [15, 3, 16, 4], "rotation": 180, "texture": "#3"},
				"east": {"uv": [15, 3, 16, 4], "rotation": 90, "texture": "#3"},
				"south": {"uv": [15, 3, 16, 4], "texture": "#3"},
				"west": {"uv": [15, 3, 16, 4], "rotation": 270, "texture": "#3"},
				"up": {"uv": [15, 3, 16, 4], "texture": "#3"},
				"down": {"uv": [15, 3, 16, 4], "rotation": 180, "texture": "#3"}
			}
		},
		{
			"name": "octagon",
			"from": [8.58934, 3.4373, 3.75],
			"to": [9.21066, 5.8123, 5.25],
			"rotation": {"angle": 45, "axis": "y", "origin": [8.9, 4.6553, 4.5]},
			"faces": {
				"north": {"uv": [14, 3, 15, 4], "rotation": 180, "texture": "#3"},
				"east": {"uv": [14, 3, 15, 4], "rotation": 90, "texture": "#3"},
				"south": {"uv": [14, 3, 15, 4], "rotation": 90, "texture": "#3"},
				"west": {"uv": [14, 3, 15, 4], "rotation": 270, "texture": "#3"},
				"up": {"uv": [14, 3, 15, 4], "texture": "#3"},
				"down": {"uv": [14, 3, 15, 4], "rotation": 180, "texture": "#3"}
			}
		},
		{
			"name": "octagon",
			"from": [8.58934, 3.4375, 3.75],
			"to": [9.21066, 5.8125, 5.25],
			"rotation": {"angle": 0, "axis": "y", "origin": [8.9, 4.6553, 4.5]},
			"faces": {
				"north": {"uv": [15, 3, 16, 4], "rotation": 180, "texture": "#3"},
				"east": {"uv": [15, 3, 16, 4], "rotation": 90, "texture": "#3"},
				"south": {"uv": [15, 3, 16, 4], "rotation": 90, "texture": "#3"},
				"west": {"uv": [15, 3, 16, 4], "rotation": 270, "texture": "#3"},
				"up": {"uv": [15, 3, 16, 4], "texture": "#3"},
				"down": {"uv": [15, 3, 16, 4], "rotation": 180, "texture": "#3"}
			}
		},
		{
			"name": "octagon",
			"from": [8.15, 3.4374, 4.18934],
			"to": [9.65, 5.8124, 4.81066],
			"rotation": {"angle": 45, "axis": "y", "origin": [8.9, 4.6553, 4.5]},
			"faces": {
				"north": {"uv": [15, 3, 16, 4], "rotation": 180, "texture": "#3"},
				"east": {"uv": [15, 3, 16, 4], "rotation": 90, "texture": "#3"},
				"south": {"uv": [15, 3, 16, 4], "rotation": 90, "texture": "#3"},
				"west": {"uv": [15, 3, 16, 4], "rotation": 270, "texture": "#3"},
				"up": {"uv": [15, 3, 16, 4], "texture": "#3"},
				"down": {"uv": [15, 3, 16, 4], "rotation": 180, "texture": "#3"}
			}
		},
		{
			"name": "octagon",
			"from": [8.15, 3.4375, 4.18934],
			"to": [9.65, 5.8125, 4.81066],
			"rotation": {"angle": 0, "axis": "y", "origin": [8.9, 4.6553, 4.5]},
			"faces": {
				"north": {"uv": [15, 4, 16, 5], "rotation": 180, "texture": "#3"},
				"east": {"uv": [15, 4, 16, 5], "rotation": 90, "texture": "#3"},
				"south": {"uv": [15, 4, 16, 5], "texture": "#3"},
				"west": {"uv": [15, 4, 16, 5], "rotation": 270, "texture": "#3"},
				"up": {"uv": [15, 4, 16, 5], "texture": "#3"},
				"down": {"uv": [15, 4, 16, 5], "rotation": 180, "texture": "#3"}
			}
		},
		{
			"name": "octagon",
			"from": [8.48579, 3.5605, 3.5],
			"to": [9.31421, 5.5605, 5.5],
			"rotation": {"angle": 45, "axis": "y", "origin": [8.9, 4.6553, 4.5]},
			"faces": {
				"north": {"uv": [14, 0, 15, 3], "rotation": 180, "texture": "#3"},
				"east": {"uv": [13, 0, 16, 1], "rotation": 90, "texture": "#3"},
				"south": {"uv": [14, 0, 15, 3], "texture": "#3"},
				"west": {"uv": [13, 0, 16, 1], "rotation": 270, "texture": "#3"},
				"up": {"uv": [13, 2, 14, 3], "texture": "#3"},
				"down": {"uv": [13, 2, 14, 3], "rotation": 180, "texture": "#3"}
			}
		},
		{
			"name": "octagon",
			"from": [8.48579, 3.5625, 3.5],
			"to": [9.31421, 5.5625, 5.5],
			"rotation": {"angle": 0, "axis": "y", "origin": [8.9, 4.6553, 4.5]},
			"faces": {
				"north": {"uv": [13, 0, 14, 3], "rotation": 180, "texture": "#3"},
				"east": {"uv": [13, 0, 16, 1], "rotation": 90, "texture": "#3"},
				"south": {"uv": [13, 0, 14, 3], "texture": "#3"},
				"west": {"uv": [13, 0, 16, 1], "rotation": 270, "texture": "#3"},
				"up": {"uv": [15, 1, 16, 2], "texture": "#3"},
				"down": {"uv": [15, 1, 16, 2], "rotation": 180, "texture": "#3"}
			}
		},
		{
			"name": "octagon",
			"from": [7.9, 3.5615, 4.08579],
			"to": [9.9, 5.5615, 4.91421],
			"rotation": {"angle": 45, "axis": "y", "origin": [8.9, 4.6553, 4.5]},
			"faces": {
				"north": {"uv": [15, 0, 16, 3], "rotation": 180, "texture": "#3"},
				"east": {"uv": [13, 1, 16, 2], "rotation": 90, "texture": "#3"},
				"south": {"uv": [15, 0, 16, 3], "texture": "#3"},
				"west": {"uv": [13, 1, 16, 2], "rotation": 270, "texture": "#3"},
				"up": {"uv": [15, 0, 16, 1], "texture": "#3"},
				"down": {"uv": [15, 0, 16, 1], "rotation": 180, "texture": "#3"}
			}
		},
		{
			"name": "octagon",
			"from": [7.9, 3.5625, 4.08579],
			"to": [9.9, 5.5625, 4.91421],
			"rotation": {"angle": 0, "axis": "y", "origin": [8.9, 4.6553, 4.5]},
			"faces": {
				"north": {"uv": [15, 0, 16, 3], "rotation": 180, "texture": "#3"},
				"east": {"uv": [13, 2, 16, 3], "rotation": 90, "texture": "#3"},
				"south": {"uv": [15, 0, 16, 3], "texture": "#3"},
				"west": {"uv": [13, 2, 16, 3], "rotation": 270, "texture": "#3"},
				"up": {"uv": [13, 0, 14, 1], "texture": "#3"},
				"down": {"uv": [13, 0, 14, 1], "rotation": 180, "texture": "#3"}
			}
		},
		{
			"name": "octagon",
			"from": [6.59289, 3.5625, 1.9],
			"to": [7.00711, 5.9375, 2.9],
			"rotation": {"angle": 45, "axis": "y", "origin": [6.8, 4.6553, 2.4]},
			"faces": {
				"north": {"uv": [14, 3, 15, 4], "rotation": 180, "texture": "#3"},
				"east": {"uv": [14, 3, 15, 4], "rotation": 90, "texture": "#3"},
				"south": {"uv": [14, 3, 15, 4], "texture": "#3"},
				"west": {"uv": [14, 3, 15, 4], "rotation": 270, "texture": "#3"},
				"up": {"uv": [14, 3, 15, 4], "texture": "#3"},
				"down": {"uv": [14, 3, 15, 4], "rotation": 180, "texture": "#3"}
			}
		},
		{
			"name": "octagon",
			"from": [6.59289, 3.5624, 1.9],
			"to": [7.00711, 5.9374, 2.9],
			"rotation": {"angle": 0, "axis": "y", "origin": [6.8, 4.6553, 2.4]},
			"faces": {
				"north": {"uv": [14, 4, 15, 5], "rotation": 180, "texture": "#3"},
				"east": {"uv": [14, 4, 15, 5], "rotation": 90, "texture": "#3"},
				"south": {"uv": [14, 4, 15, 5], "texture": "#3"},
				"west": {"uv": [14, 4, 15, 5], "rotation": 270, "texture": "#3"},
				"up": {"uv": [14, 4, 15, 5], "texture": "#3"},
				"down": {"uv": [14, 4, 15, 5], "rotation": 180, "texture": "#3"}
			}
		},
		{
			"name": "octagon",
			"from": [6.3, 3.5625, 2.19289],
			"to": [7.3, 5.9375, 2.60711],
			"rotation": {"angle": 45, "axis": "y", "origin": [6.8, 4.6553, 2.4]},
			"faces": {
				"north": {"uv": [15, 4, 16, 5], "rotation": 180, "texture": "#3"},
				"east": {"uv": [15, 4, 16, 5], "rotation": 90, "texture": "#3"},
				"south": {"uv": [15, 4, 16, 5], "texture": "#3"},
				"west": {"uv": [15, 4, 16, 5], "rotation": 270, "texture": "#3"},
				"up": {"uv": [15, 4, 16, 5], "texture": "#3"},
				"down": {"uv": [15, 4, 16, 5], "rotation": 180, "texture": "#3"}
			}
		},
		{
			"name": "octagon",
			"from": [6.3, 3.5626, 2.19289],
			"to": [7.3, 5.9376, 2.60711],
			"rotation": {"angle": 0, "axis": "y", "origin": [6.8, 4.6553, 2.4]},
			"faces": {
				"north": {"uv": [15, 3, 16, 4], "rotation": 180, "texture": "#3"},
				"east": {"uv": [15, 3, 16, 4], "rotation": 90, "texture": "#3"},
				"south": {"uv": [15, 3, 16, 4], "texture": "#3"},
				"west": {"uv": [15, 3, 16, 4], "rotation": 270, "texture": "#3"},
				"up": {"uv": [15, 3, 16, 4], "texture": "#3"},
				"down": {"uv": [15, 3, 16, 4], "rotation": 180, "texture": "#3"}
			}
		},
		{
			"name": "octagon",
			"from": [6.48934, 3.4373, 1.65],
			"to": [7.11066, 5.8123, 3.15],
			"rotation": {"angle": 45, "axis": "y", "origin": [6.8, 4.6553, 2.4]},
			"faces": {
				"north": {"uv": [14, 3, 15, 4], "rotation": 180, "texture": "#3"},
				"east": {"uv": [14, 3, 15, 4], "rotation": 90, "texture": "#3"},
				"south": {"uv": [14, 3, 15, 4], "rotation": 90, "texture": "#3"},
				"west": {"uv": [14, 3, 15, 4], "rotation": 270, "texture": "#3"},
				"up": {"uv": [14, 3, 15, 4], "texture": "#3"},
				"down": {"uv": [14, 3, 15, 4], "rotation": 180, "texture": "#3"}
			}
		},
		{
			"name": "octagon",
			"from": [6.48934, 3.4375, 1.65],
			"to": [7.11066, 5.8125, 3.15],
			"rotation": {"angle": 0, "axis": "y", "origin": [6.8, 4.6553, 2.4]},
			"faces": {
				"north": {"uv": [15, 3, 16, 4], "rotation": 180, "texture": "#3"},
				"east": {"uv": [15, 3, 16, 4], "rotation": 90, "texture": "#3"},
				"south": {"uv": [15, 3, 16, 4], "rotation": 90, "texture": "#3"},
				"west": {"uv": [15, 3, 16, 4], "rotation": 270, "texture": "#3"},
				"up": {"uv": [15, 3, 16, 4], "texture": "#3"},
				"down": {"uv": [15, 3, 16, 4], "rotation": 180, "texture": "#3"}
			}
		},
		{
			"name": "octagon",
			"from": [6.05, 3.4374, 2.08934],
			"to": [7.55, 5.8124, 2.71066],
			"rotation": {"angle": 45, "axis": "y", "origin": [6.8, 4.6553, 2.4]},
			"faces": {
				"north": {"uv": [15, 3, 16, 4], "rotation": 180, "texture": "#3"},
				"east": {"uv": [15, 3, 16, 4], "rotation": 90, "texture": "#3"},
				"south": {"uv": [15, 3, 16, 4], "rotation": 90, "texture": "#3"},
				"west": {"uv": [15, 3, 16, 4], "rotation": 270, "texture": "#3"},
				"up": {"uv": [15, 3, 16, 4], "texture": "#3"},
				"down": {"uv": [15, 3, 16, 4], "rotation": 180, "texture": "#3"}
			}
		},
		{
			"name": "octagon",
			"from": [6.05, 3.4375, 2.08934],
			"to": [7.55, 5.8125, 2.71066],
			"rotation": {"angle": 0, "axis": "y", "origin": [6.8, 4.6553, 2.4]},
			"faces": {
				"north": {"uv": [15, 4, 16, 5], "rotation": 180, "texture": "#3"},
				"east": {"uv": [15, 4, 16, 5], "rotation": 90, "texture": "#3"},
				"south": {"uv": [15, 4, 16, 5], "texture": "#3"},
				"west": {"uv": [15, 4, 16, 5], "rotation": 270, "texture": "#3"},
				"up": {"uv": [15, 4, 16, 5], "texture": "#3"},
				"down": {"uv": [15, 4, 16, 5], "rotation": 180, "texture": "#3"}
			}
		},
		{
			"name": "octagon",
			"from": [6.38579, 3.5605, 1.4],
			"to": [7.21421, 5.5605, 3.4],
			"rotation": {"angle": 45, "axis": "y", "origin": [6.8, 4.6553, 2.4]},
			"faces": {
				"north": {"uv": [14, 0, 15, 3], "rotation": 180, "texture": "#3"},
				"east": {"uv": [13, 0, 16, 1], "rotation": 90, "texture": "#3"},
				"south": {"uv": [14, 0, 15, 3], "texture": "#3"},
				"west": {"uv": [13, 0, 16, 1], "rotation": 270, "texture": "#3"},
				"up": {"uv": [13, 2, 14, 3], "texture": "#3"},
				"down": {"uv": [13, 2, 14, 3], "rotation": 180, "texture": "#3"}
			}
		},
		{
			"name": "octagon",
			"from": [6.38579, 3.5625, 1.4],
			"to": [7.21421, 5.5625, 3.4],
			"rotation": {"angle": 0, "axis": "y", "origin": [6.8, 4.6553, 2.4]},
			"faces": {
				"north": {"uv": [13, 0, 14, 3], "rotation": 180, "texture": "#3"},
				"east": {"uv": [13, 0, 16, 1], "rotation": 90, "texture": "#3"},
				"south": {"uv": [13, 0, 14, 3], "texture": "#3"},
				"west": {"uv": [13, 0, 16, 1], "rotation": 270, "texture": "#3"},
				"up": {"uv": [15, 1, 16, 2], "texture": "#3"},
				"down": {"uv": [15, 1, 16, 2], "rotation": 180, "texture": "#3"}
			}
		},
		{
			"name": "octagon",
			"from": [5.8, 3.5615, 1.98579],
			"to": [7.8, 5.5615, 2.81421],
			"rotation": {"angle": 45, "axis": "y", "origin": [6.8, 4.6553, 2.4]},
			"faces": {
				"north": {"uv": [15, 0, 16, 3], "rotation": 180, "texture": "#3"},
				"east": {"uv": [13, 1, 16, 2], "rotation": 90, "texture": "#3"},
				"south": {"uv": [15, 0, 16, 3], "texture": "#3"},
				"west": {"uv": [13, 1, 16, 2], "rotation": 270, "texture": "#3"},
				"up": {"uv": [15, 0, 16, 1], "texture": "#3"},
				"down": {"uv": [15, 0, 16, 1], "rotation": 180, "texture": "#3"}
			}
		},
		{
			"name": "octagon",
			"from": [5.8, 3.5625, 1.98579],
			"to": [7.8, 5.5625, 2.81421],
			"rotation": {"angle": 0, "axis": "y", "origin": [6.8, 4.6553, 2.4]},
			"faces": {
				"north": {"uv": [15, 0, 16, 3], "rotation": 180, "texture": "#3"},
				"east": {"uv": [13, 2, 16, 3], "rotation": 90, "texture": "#3"},
				"south": {"uv": [15, 0, 16, 3], "texture": "#3"},
				"west": {"uv": [13, 2, 16, 3], "rotation": 270, "texture": "#3"},
				"up": {"uv": [13, 0, 14, 1], "texture": "#3"},
				"down": {"uv": [13, 0, 14, 1], "rotation": 180, "texture": "#3"}
			}
		},
		{
			"name": "octagon",
			"from": [8.69289, 3.5625, 1.9],
			"to": [9.10711, 5.9375, 2.9],
			"rotation": {"angle": 45, "axis": "y", "origin": [8.9, 4.6553, 2.4]},
			"faces": {
				"north": {"uv": [14, 3, 15, 4], "rotation": 180, "texture": "#3"},
				"east": {"uv": [14, 3, 15, 4], "rotation": 90, "texture": "#3"},
				"south": {"uv": [14, 3, 15, 4], "texture": "#3"},
				"west": {"uv": [14, 3, 15, 4], "rotation": 270, "texture": "#3"},
				"up": {"uv": [14, 3, 15, 4], "texture": "#3"},
				"down": {"uv": [14, 3, 15, 4], "rotation": 180, "texture": "#3"}
			}
		},
		{
			"name": "octagon",
			"from": [8.69289, 3.5624, 1.9],
			"to": [9.10711, 5.9374, 2.9],
			"rotation": {"angle": 0, "axis": "y", "origin": [8.9, 4.6553, 2.4]},
			"faces": {
				"north": {"uv": [14, 4, 15, 5], "rotation": 180, "texture": "#3"},
				"east": {"uv": [14, 4, 15, 5], "rotation": 90, "texture": "#3"},
				"south": {"uv": [14, 4, 15, 5], "texture": "#3"},
				"west": {"uv": [14, 4, 15, 5], "rotation": 270, "texture": "#3"},
				"up": {"uv": [14, 4, 15, 5], "texture": "#3"},
				"down": {"uv": [14, 4, 15, 5], "rotation": 180, "texture": "#3"}
			}
		},
		{
			"name": "octagon",
			"from": [8.4, 3.5625, 2.19289],
			"to": [9.4, 5.9375, 2.60711],
			"rotation": {"angle": 45, "axis": "y", "origin": [8.9, 4.6553, 2.4]},
			"faces": {
				"north": {"uv": [15, 4, 16, 5], "rotation": 180, "texture": "#3"},
				"east": {"uv": [15, 4, 16, 5], "rotation": 90, "texture": "#3"},
				"south": {"uv": [15, 4, 16, 5], "texture": "#3"},
				"west": {"uv": [15, 4, 16, 5], "rotation": 270, "texture": "#3"},
				"up": {"uv": [15, 4, 16, 5], "texture": "#3"},
				"down": {"uv": [15, 4, 16, 5], "rotation": 180, "texture": "#3"}
			}
		},
		{
			"name": "octagon",
			"from": [8.4, 3.5626, 2.19289],
			"to": [9.4, 5.9376, 2.60711],
			"rotation": {"angle": 0, "axis": "y", "origin": [8.9, 4.6553, 2.4]},
			"faces": {
				"north": {"uv": [15, 3, 16, 4], "rotation": 180, "texture": "#3"},
				"east": {"uv": [15, 3, 16, 4], "rotation": 90, "texture": "#3"},
				"south": {"uv": [15, 3, 16, 4], "texture": "#3"},
				"west": {"uv": [15, 3, 16, 4], "rotation": 270, "texture": "#3"},
				"up": {"uv": [15, 3, 16, 4], "texture": "#3"},
				"down": {"uv": [15, 3, 16, 4], "rotation": 180, "texture": "#3"}
			}
		},
		{
			"name": "octagon",
			"from": [8.58934, 3.4373, 1.65],
			"to": [9.21066, 5.8123, 3.15],
			"rotation": {"angle": 45, "axis": "y", "origin": [8.9, 4.6553, 2.4]},
			"faces": {
				"north": {"uv": [14, 3, 15, 4], "rotation": 180, "texture": "#3"},
				"east": {"uv": [14, 3, 15, 4], "rotation": 90, "texture": "#3"},
				"south": {"uv": [14, 3, 15, 4], "rotation": 90, "texture": "#3"},
				"west": {"uv": [14, 3, 15, 4], "rotation": 270, "texture": "#3"},
				"up": {"uv": [14, 3, 15, 4], "texture": "#3"},
				"down": {"uv": [14, 3, 15, 4], "rotation": 180, "texture": "#3"}
			}
		},
		{
			"name": "octagon",
			"from": [8.58934, 3.4375, 1.65],
			"to": [9.21066, 5.8125, 3.15],
			"rotation": {"angle": 0, "axis": "y", "origin": [8.9, 4.6553, 2.4]},
			"faces": {
				"north": {"uv": [15, 3, 16, 4], "rotation": 180, "texture": "#3"},
				"east": {"uv": [15, 3, 16, 4], "rotation": 90, "texture": "#3"},
				"south": {"uv": [15, 3, 16, 4], "rotation": 90, "texture": "#3"},
				"west": {"uv": [15, 3, 16, 4], "rotation": 270, "texture": "#3"},
				"up": {"uv": [15, 3, 16, 4], "texture": "#3"},
				"down": {"uv": [15, 3, 16, 4], "rotation": 180, "texture": "#3"}
			}
		},
		{
			"name": "octagon",
			"from": [8.15, 3.4374, 2.08934],
			"to": [9.65, 5.8124, 2.71066],
			"rotation": {"angle": 45, "axis": "y", "origin": [8.9, 4.6553, 2.4]},
			"faces": {
				"north": {"uv": [15, 3, 16, 4], "rotation": 180, "texture": "#3"},
				"east": {"uv": [15, 3, 16, 4], "rotation": 90, "texture": "#3"},
				"south": {"uv": [15, 3, 16, 4], "rotation": 90, "texture": "#3"},
				"west": {"uv": [15, 3, 16, 4], "rotation": 270, "texture": "#3"},
				"up": {"uv": [15, 3, 16, 4], "texture": "#3"},
				"down": {"uv": [15, 3, 16, 4], "rotation": 180, "texture": "#3"}
			}
		},
		{
			"name": "octagon",
			"from": [8.15, 3.4375, 2.08934],
			"to": [9.65, 5.8125, 2.71066],
			"rotation": {"angle": 0, "axis": "y", "origin": [8.9, 4.6553, 2.4]},
			"faces": {
				"north": {"uv": [15, 4, 16, 5], "rotation": 180, "texture": "#3"},
				"east": {"uv": [15, 4, 16, 5], "rotation": 90, "texture": "#3"},
				"south": {"uv": [15, 4, 16, 5], "texture": "#3"},
				"west": {"uv": [15, 4, 16, 5], "rotation": 270, "texture": "#3"},
				"up": {"uv": [15, 4, 16, 5], "texture": "#3"},
				"down": {"uv": [15, 4, 16, 5], "rotation": 180, "texture": "#3"}
			}
		},
		{
			"name": "octagon",
			"from": [8.48579, 3.5605, 1.4],
			"to": [9.31421, 5.5605, 3.4],
			"rotation": {"angle": 45, "axis": "y", "origin": [8.9, 4.6553, 2.4]},
			"faces": {
				"north": {"uv": [14, 0, 15, 3], "rotation": 180, "texture": "#3"},
				"east": {"uv": [13, 0, 16, 1], "rotation": 90, "texture": "#3"},
				"south": {"uv": [14, 0, 15, 3], "texture": "#3"},
				"west": {"uv": [13, 0, 16, 1], "rotation": 270, "texture": "#3"},
				"up": {"uv": [13, 2, 14, 3], "texture": "#3"},
				"down": {"uv": [13, 2, 14, 3], "rotation": 180, "texture": "#3"}
			}
		},
		{
			"name": "octagon",
			"from": [8.48579, 3.5625, 1.4],
			"to": [9.31421, 5.5625, 3.4],
			"rotation": {"angle": 0, "axis": "y", "origin": [8.9, 4.6553, 2.4]},
			"faces": {
				"north": {"uv": [13, 0, 14, 3], "rotation": 180, "texture": "#3"},
				"east": {"uv": [13, 0, 16, 1], "rotation": 90, "texture": "#3"},
				"south": {"uv": [13, 0, 14, 3], "texture": "#3"},
				"west": {"uv": [13, 0, 16, 1], "rotation": 270, "texture": "#3"},
				"up": {"uv": [15, 1, 16, 2], "texture": "#3"},
				"down": {"uv": [15, 1, 16, 2], "rotation": 180, "texture": "#3"}
			}
		},
		{
			"name": "octagon",
			"from": [7.9, 3.5615, 1.98579],
			"to": [9.9, 5.5615, 2.81421],
			"rotation": {"angle": 45, "axis": "y", "origin": [8.9, 4.6553, 2.4]},
			"faces": {
				"north": {"uv": [15, 0, 16, 3], "rotation": 180, "texture": "#3"},
				"east": {"uv": [13, 1, 16, 2], "rotation": 90, "texture": "#3"},
				"south": {"uv": [15, 0, 16, 3], "texture": "#3"},
				"west": {"uv": [13, 1, 16, 2], "rotation": 270, "texture": "#3"},
				"up": {"uv": [15, 0, 16, 1], "texture": "#3"},
				"down": {"uv": [15, 0, 16, 1], "rotation": 180, "texture": "#3"}
			}
		},
		{
			"name": "octagon",
			"from": [7.9, 3.5625, 1.98579],
			"to": [9.9, 5.5625, 2.81421],
			"rotation": {"angle": 0, "axis": "y", "origin": [8.9, 4.6553, 2.4]},
			"faces": {
				"north": {"uv": [15, 0, 16, 3], "rotation": 180, "texture": "#3"},
				"east": {"uv": [13, 2, 16, 3], "rotation": 90, "texture": "#3"},
				"south": {"uv": [15, 0, 16, 3], "texture": "#3"},
				"west": {"uv": [13, 2, 16, 3], "rotation": 270, "texture": "#3"},
				"up": {"uv": [13, 0, 14, 1], "texture": "#3"},
				"down": {"uv": [13, 0, 14, 1], "rotation": 180, "texture": "#3"}
			}
		},
		{
			"name": "octagon",
			"from": [6.59289, 6.0625, 4],
			"to": [7.00711, 8.4375, 5],
			"rotation": {"angle": 45, "axis": "y", "origin": [6.8, 7.1553, 4.5]},
			"faces": {
				"north": {"uv": [14, 3, 15, 4], "rotation": 180, "texture": "#3"},
				"east": {"uv": [14, 3, 15, 4], "rotation": 90, "texture": "#3"},
				"south": {"uv": [14, 3, 15, 4], "texture": "#3"},
				"west": {"uv": [14, 3, 15, 4], "rotation": 270, "texture": "#3"},
				"up": {"uv": [14, 3, 15, 4], "texture": "#3"},
				"down": {"uv": [14, 3, 15, 4], "rotation": 180, "texture": "#3"}
			}
		},
		{
			"name": "octagon",
			"from": [6.59289, 6.0624, 4],
			"to": [7.00711, 8.4374, 5],
			"rotation": {"angle": 0, "axis": "y", "origin": [6.8, 7.1553, 4.5]},
			"faces": {
				"north": {"uv": [14, 4, 15, 5], "rotation": 180, "texture": "#3"},
				"east": {"uv": [14, 4, 15, 5], "rotation": 90, "texture": "#3"},
				"south": {"uv": [14, 4, 15, 5], "texture": "#3"},
				"west": {"uv": [14, 4, 15, 5], "rotation": 270, "texture": "#3"},
				"up": {"uv": [14, 4, 15, 5], "texture": "#3"},
				"down": {"uv": [14, 4, 15, 5], "rotation": 180, "texture": "#3"}
			}
		},
		{
			"name": "octagon",
			"from": [6.3, 6.0625, 4.29289],
			"to": [7.3, 8.4375, 4.70711],
			"rotation": {"angle": 45, "axis": "y", "origin": [6.8, 7.1553, 4.5]},
			"faces": {
				"north": {"uv": [15, 4, 16, 5], "rotation": 180, "texture": "#3"},
				"east": {"uv": [15, 4, 16, 5], "rotation": 90, "texture": "#3"},
				"south": {"uv": [15, 4, 16, 5], "texture": "#3"},
				"west": {"uv": [15, 4, 16, 5], "rotation": 270, "texture": "#3"},
				"up": {"uv": [15, 4, 16, 5], "texture": "#3"},
				"down": {"uv": [15, 4, 16, 5], "rotation": 180, "texture": "#3"}
			}
		},
		{
			"name": "octagon",
			"from": [6.3, 6.0626, 4.29289],
			"to": [7.3, 8.4376, 4.70711],
			"rotation": {"angle": 0, "axis": "y", "origin": [6.8, 7.1553, 4.5]},
			"faces": {
				"north": {"uv": [15, 3, 16, 4], "rotation": 180, "texture": "#3"},
				"east": {"uv": [15, 3, 16, 4], "rotation": 90, "texture": "#3"},
				"south": {"uv": [15, 3, 16, 4], "texture": "#3"},
				"west": {"uv": [15, 3, 16, 4], "rotation": 270, "texture": "#3"},
				"up": {"uv": [15, 3, 16, 4], "texture": "#3"},
				"down": {"uv": [15, 3, 16, 4], "rotation": 180, "texture": "#3"}
			}
		},
		{
			"name": "octagon",
			"from": [6.48934, 5.9373, 3.75],
			"to": [7.11066, 8.3123, 5.25],
			"rotation": {"angle": 45, "axis": "y", "origin": [6.8, 7.1553, 4.5]},
			"faces": {
				"north": {"uv": [14, 3, 15, 4], "rotation": 180, "texture": "#3"},
				"east": {"uv": [14, 3, 15, 4], "rotation": 90, "texture": "#3"},
				"south": {"uv": [14, 3, 15, 4], "rotation": 90, "texture": "#3"},
				"west": {"uv": [14, 3, 15, 4], "rotation": 270, "texture": "#3"},
				"up": {"uv": [14, 3, 15, 4], "texture": "#3"},
				"down": {"uv": [14, 3, 15, 4], "rotation": 180, "texture": "#3"}
			}
		},
		{
			"name": "octagon",
			"from": [6.48934, 5.9375, 3.75],
			"to": [7.11066, 8.3125, 5.25],
			"rotation": {"angle": 0, "axis": "y", "origin": [6.8, 7.1553, 4.5]},
			"faces": {
				"north": {"uv": [15, 3, 16, 4], "rotation": 180, "texture": "#3"},
				"east": {"uv": [15, 3, 16, 4], "rotation": 90, "texture": "#3"},
				"south": {"uv": [15, 3, 16, 4], "rotation": 90, "texture": "#3"},
				"west": {"uv": [15, 3, 16, 4], "rotation": 270, "texture": "#3"},
				"up": {"uv": [15, 3, 16, 4], "texture": "#3"},
				"down": {"uv": [15, 3, 16, 4], "rotation": 180, "texture": "#3"}
			}
		},
		{
			"name": "octagon",
			"from": [6.05, 5.9374, 4.18934],
			"to": [7.55, 8.3124, 4.81066],
			"rotation": {"angle": 45, "axis": "y", "origin": [6.8, 7.1553, 4.5]},
			"faces": {
				"north": {"uv": [15, 3, 16, 4], "rotation": 180, "texture": "#3"},
				"east": {"uv": [15, 3, 16, 4], "rotation": 90, "texture": "#3"},
				"south": {"uv": [15, 3, 16, 4], "rotation": 90, "texture": "#3"},
				"west": {"uv": [15, 3, 16, 4], "rotation": 270, "texture": "#3"},
				"up": {"uv": [15, 3, 16, 4], "texture": "#3"},
				"down": {"uv": [15, 3, 16, 4], "rotation": 180, "texture": "#3"}
			}
		},
		{
			"name": "octagon",
			"from": [6.05, 5.9375, 4.18934],
			"to": [7.55, 8.3125, 4.81066],
			"rotation": {"angle": 0, "axis": "y", "origin": [6.8, 7.1553, 4.5]},
			"faces": {
				"north": {"uv": [15, 4, 16, 5], "rotation": 180, "texture": "#3"},
				"east": {"uv": [15, 4, 16, 5], "rotation": 90, "texture": "#3"},
				"south": {"uv": [15, 4, 16, 5], "texture": "#3"},
				"west": {"uv": [15, 4, 16, 5], "rotation": 270, "texture": "#3"},
				"up": {"uv": [15, 4, 16, 5], "texture": "#3"},
				"down": {"uv": [15, 4, 16, 5], "rotation": 180, "texture": "#3"}
			}
		},
		{
			"name": "octagon",
			"from": [6.38579, 6.0605, 3.5],
			"to": [7.21421, 8.0605, 5.5],
			"rotation": {"angle": 45, "axis": "y", "origin": [6.8, 7.1553, 4.5]},
			"faces": {
				"north": {"uv": [14, 0, 15, 3], "rotation": 180, "texture": "#3"},
				"east": {"uv": [13, 0, 16, 1], "rotation": 90, "texture": "#3"},
				"south": {"uv": [14, 0, 15, 3], "texture": "#3"},
				"west": {"uv": [13, 0, 16, 1], "rotation": 270, "texture": "#3"},
				"up": {"uv": [13, 2, 14, 3], "texture": "#3"},
				"down": {"uv": [13, 2, 14, 3], "rotation": 180, "texture": "#3"}
			}
		},
		{
			"name": "octagon",
			"from": [6.38579, 6.0625, 3.5],
			"to": [7.21421, 8.0625, 5.5],
			"rotation": {"angle": 0, "axis": "y", "origin": [6.8, 7.1553, 4.5]},
			"faces": {
				"north": {"uv": [13, 0, 14, 3], "rotation": 180, "texture": "#3"},
				"east": {"uv": [13, 0, 16, 1], "rotation": 90, "texture": "#3"},
				"south": {"uv": [13, 0, 14, 3], "texture": "#3"},
				"west": {"uv": [13, 0, 16, 1], "rotation": 270, "texture": "#3"},
				"up": {"uv": [15, 1, 16, 2], "texture": "#3"},
				"down": {"uv": [15, 1, 16, 2], "rotation": 180, "texture": "#3"}
			}
		},
		{
			"name": "octagon",
			"from": [5.8, 6.0615, 4.08579],
			"to": [7.8, 8.0615, 4.91421],
			"rotation": {"angle": 45, "axis": "y", "origin": [6.8, 7.1553, 4.5]},
			"faces": {
				"north": {"uv": [15, 0, 16, 3], "rotation": 180, "texture": "#3"},
				"east": {"uv": [13, 1, 16, 2], "rotation": 90, "texture": "#3"},
				"south": {"uv": [15, 0, 16, 3], "texture": "#3"},
				"west": {"uv": [13, 1, 16, 2], "rotation": 270, "texture": "#3"},
				"up": {"uv": [15, 0, 16, 1], "texture": "#3"},
				"down": {"uv": [15, 0, 16, 1], "rotation": 180, "texture": "#3"}
			}
		},
		{
			"name": "octagon",
			"from": [5.8, 6.0625, 4.08579],
			"to": [7.8, 8.0625, 4.91421],
			"rotation": {"angle": 0, "axis": "y", "origin": [6.8, 7.1553, 4.5]},
			"faces": {
				"north": {"uv": [15, 0, 16, 3], "rotation": 180, "texture": "#3"},
				"east": {"uv": [13, 2, 16, 3], "rotation": 90, "texture": "#3"},
				"south": {"uv": [15, 0, 16, 3], "texture": "#3"},
				"west": {"uv": [13, 2, 16, 3], "rotation": 270, "texture": "#3"},
				"up": {"uv": [13, 0, 14, 1], "texture": "#3"},
				"down": {"uv": [13, 0, 14, 1], "rotation": 180, "texture": "#3"}
			}
		},
		{
			"name": "octagon",
			"from": [8.69289, 6.0625, 4],
			"to": [9.10711, 8.4375, 5],
			"rotation": {"angle": 45, "axis": "y", "origin": [8.9, 7.1553, 4.5]},
			"faces": {
				"north": {"uv": [14, 3, 15, 4], "rotation": 180, "texture": "#3"},
				"east": {"uv": [14, 3, 15, 4], "rotation": 90, "texture": "#3"},
				"south": {"uv": [14, 3, 15, 4], "texture": "#3"},
				"west": {"uv": [14, 3, 15, 4], "rotation": 270, "texture": "#3"},
				"up": {"uv": [14, 3, 15, 4], "texture": "#3"},
				"down": {"uv": [14, 3, 15, 4], "rotation": 180, "texture": "#3"}
			}
		},
		{
			"name": "octagon",
			"from": [8.69289, 6.0624, 4],
			"to": [9.10711, 8.4374, 5],
			"rotation": {"angle": 0, "axis": "y", "origin": [8.9, 7.1553, 4.5]},
			"faces": {
				"north": {"uv": [14, 4, 15, 5], "rotation": 180, "texture": "#3"},
				"east": {"uv": [14, 4, 15, 5], "rotation": 90, "texture": "#3"},
				"south": {"uv": [14, 4, 15, 5], "texture": "#3"},
				"west": {"uv": [14, 4, 15, 5], "rotation": 270, "texture": "#3"},
				"up": {"uv": [14, 4, 15, 5], "texture": "#3"},
				"down": {"uv": [14, 4, 15, 5], "rotation": 180, "texture": "#3"}
			}
		},
		{
			"name": "octagon",
			"from": [8.4, 6.0625, 4.29289],
			"to": [9.4, 8.4375, 4.70711],
			"rotation": {"angle": 45, "axis": "y", "origin": [8.9, 7.1553, 4.5]},
			"faces": {
				"north": {"uv": [15, 4, 16, 5], "rotation": 180, "texture": "#3"},
				"east": {"uv": [15, 4, 16, 5], "rotation": 90, "texture": "#3"},
				"south": {"uv": [15, 4, 16, 5], "texture": "#3"},
				"west": {"uv": [15, 4, 16, 5], "rotation": 270, "texture": "#3"},
				"up": {"uv": [15, 4, 16, 5], "texture": "#3"},
				"down": {"uv": [15, 4, 16, 5], "rotation": 180, "texture": "#3"}
			}
		},
		{
			"name": "octagon",
			"from": [8.4, 6.0626, 4.29289],
			"to": [9.4, 8.4376, 4.70711],
			"rotation": {"angle": 0, "axis": "y", "origin": [8.9, 7.1553, 4.5]},
			"faces": {
				"north": {"uv": [15, 3, 16, 4], "rotation": 180, "texture": "#3"},
				"east": {"uv": [15, 3, 16, 4], "rotation": 90, "texture": "#3"},
				"south": {"uv": [15, 3, 16, 4], "texture": "#3"},
				"west": {"uv": [15, 3, 16, 4], "rotation": 270, "texture": "#3"},
				"up": {"uv": [15, 3, 16, 4], "texture": "#3"},
				"down": {"uv": [15, 3, 16, 4], "rotation": 180, "texture": "#3"}
			}
		},
		{
			"name": "octagon",
			"from": [8.58934, 5.9373, 3.75],
			"to": [9.21066, 8.3123, 5.25],
			"rotation": {"angle": 45, "axis": "y", "origin": [8.9, 7.1553, 4.5]},
			"faces": {
				"north": {"uv": [14, 3, 15, 4], "rotation": 180, "texture": "#3"},
				"east": {"uv": [14, 3, 15, 4], "rotation": 90, "texture": "#3"},
				"south": {"uv": [14, 3, 15, 4], "rotation": 90, "texture": "#3"},
				"west": {"uv": [14, 3, 15, 4], "rotation": 270, "texture": "#3"},
				"up": {"uv": [14, 3, 15, 4], "texture": "#3"},
				"down": {"uv": [14, 3, 15, 4], "rotation": 180, "texture": "#3"}
			}
		},
		{
			"name": "octagon",
			"from": [8.58934, 5.9375, 3.75],
			"to": [9.21066, 8.3125, 5.25],
			"rotation": {"angle": 0, "axis": "y", "origin": [8.9, 7.1553, 4.5]},
			"faces": {
				"north": {"uv": [15, 3, 16, 4], "rotation": 180, "texture": "#3"},
				"east": {"uv": [15, 3, 16, 4], "rotation": 90, "texture": "#3"},
				"south": {"uv": [15, 3, 16, 4], "rotation": 90, "texture": "#3"},
				"west": {"uv": [15, 3, 16, 4], "rotation": 270, "texture": "#3"},
				"up": {"uv": [15, 3, 16, 4], "texture": "#3"},
				"down": {"uv": [15, 3, 16, 4], "rotation": 180, "texture": "#3"}
			}
		},
		{
			"name": "octagon",
			"from": [8.15, 5.9374, 4.18934],
			"to": [9.65, 8.3124, 4.81066],
			"rotation": {"angle": 45, "axis": "y", "origin": [8.9, 7.1553, 4.5]},
			"faces": {
				"north": {"uv": [15, 3, 16, 4], "rotation": 180, "texture": "#3"},
				"east": {"uv": [15, 3, 16, 4], "rotation": 90, "texture": "#3"},
				"south": {"uv": [15, 3, 16, 4], "rotation": 90, "texture": "#3"},
				"west": {"uv": [15, 3, 16, 4], "rotation": 270, "texture": "#3"},
				"up": {"uv": [15, 3, 16, 4], "texture": "#3"},
				"down": {"uv": [15, 3, 16, 4], "rotation": 180, "texture": "#3"}
			}
		},
		{
			"name": "octagon",
			"from": [8.15, 5.9375, 4.18934],
			"to": [9.65, 8.3125, 4.81066],
			"rotation": {"angle": 0, "axis": "y", "origin": [8.9, 7.1553, 4.5]},
			"faces": {
				"north": {"uv": [15, 4, 16, 5], "rotation": 180, "texture": "#3"},
				"east": {"uv": [15, 4, 16, 5], "rotation": 90, "texture": "#3"},
				"south": {"uv": [15, 4, 16, 5], "texture": "#3"},
				"west": {"uv": [15, 4, 16, 5], "rotation": 270, "texture": "#3"},
				"up": {"uv": [15, 4, 16, 5], "texture": "#3"},
				"down": {"uv": [15, 4, 16, 5], "rotation": 180, "texture": "#3"}
			}
		},
		{
			"name": "octagon",
			"from": [8.48579, 6.0605, 3.5],
			"to": [9.31421, 8.0605, 5.5],
			"rotation": {"angle": 45, "axis": "y", "origin": [8.9, 7.1553, 4.5]},
			"faces": {
				"north": {"uv": [14, 0, 15, 3], "rotation": 180, "texture": "#3"},
				"east": {"uv": [13, 0, 16, 1], "rotation": 90, "texture": "#3"},
				"south": {"uv": [14, 0, 15, 3], "texture": "#3"},
				"west": {"uv": [13, 0, 16, 1], "rotation": 270, "texture": "#3"},
				"up": {"uv": [13, 2, 14, 3], "texture": "#3"},
				"down": {"uv": [13, 2, 14, 3], "rotation": 180, "texture": "#3"}
			}
		},
		{
			"name": "octagon",
			"from": [8.48579, 6.0625, 3.5],
			"to": [9.31421, 8.0625, 5.5],
			"rotation": {"angle": 0, "axis": "y", "origin": [8.9, 7.1553, 4.5]},
			"faces": {
				"north": {"uv": [13, 0, 14, 3], "rotation": 180, "texture": "#3"},
				"east": {"uv": [13, 0, 16, 1], "rotation": 90, "texture": "#3"},
				"south": {"uv": [13, 0, 14, 3], "texture": "#3"},
				"west": {"uv": [13, 0, 16, 1], "rotation": 270, "texture": "#3"},
				"up": {"uv": [15, 1, 16, 2], "texture": "#3"},
				"down": {"uv": [15, 1, 16, 2], "rotation": 180, "texture": "#3"}
			}
		},
		{
			"name": "octagon",
			"from": [7.9, 6.0615, 4.08579],
			"to": [9.9, 8.0615, 4.91421],
			"rotation": {"angle": 45, "axis": "y", "origin": [8.9, 7.1553, 4.5]},
			"faces": {
				"north": {"uv": [15, 0, 16, 3], "rotation": 180, "texture": "#3"},
				"east": {"uv": [13, 1, 16, 2], "rotation": 90, "texture": "#3"},
				"south": {"uv": [15, 0, 16, 3], "texture": "#3"},
				"west": {"uv": [13, 1, 16, 2], "rotation": 270, "texture": "#3"},
				"up": {"uv": [15, 0, 16, 1], "texture": "#3"},
				"down": {"uv": [15, 0, 16, 1], "rotation": 180, "texture": "#3"}
			}
		},
		{
			"name": "octagon",
			"from": [7.9, 6.0625, 4.08579],
			"to": [9.9, 8.0625, 4.91421],
			"rotation": {"angle": 0, "axis": "y", "origin": [8.9, 7.1553, 4.5]},
			"faces": {
				"north": {"uv": [15, 0, 16, 3], "rotation": 180, "texture": "#3"},
				"east": {"uv": [13, 2, 16, 3], "rotation": 90, "texture": "#3"},
				"south": {"uv": [15, 0, 16, 3], "texture": "#3"},
				"west": {"uv": [13, 2, 16, 3], "rotation": 270, "texture": "#3"},
				"up": {"uv": [13, 0, 14, 1], "texture": "#3"},
				"down": {"uv": [13, 0, 14, 1], "rotation": 180, "texture": "#3"}
			}
		},
		{
			"name": "octagon",
			"from": [6.59289, 6.0625, 1.9],
			"to": [7.00711, 8.4375, 2.9],
			"rotation": {"angle": 45, "axis": "y", "origin": [6.8, 7.1553, 2.4]},
			"faces": {
				"north": {"uv": [14, 3, 15, 4], "rotation": 180, "texture": "#3"},
				"east": {"uv": [14, 3, 15, 4], "rotation": 90, "texture": "#3"},
				"south": {"uv": [14, 3, 15, 4], "texture": "#3"},
				"west": {"uv": [14, 3, 15, 4], "rotation": 270, "texture": "#3"},
				"up": {"uv": [14, 3, 15, 4], "texture": "#3"},
				"down": {"uv": [14, 3, 15, 4], "rotation": 180, "texture": "#3"}
			}
		},
		{
			"name": "octagon",
			"from": [6.59289, 6.0624, 1.9],
			"to": [7.00711, 8.4374, 2.9],
			"rotation": {"angle": 0, "axis": "y", "origin": [6.8, 7.1553, 2.4]},
			"faces": {
				"north": {"uv": [14, 4, 15, 5], "rotation": 180, "texture": "#3"},
				"east": {"uv": [14, 4, 15, 5], "rotation": 90, "texture": "#3"},
				"south": {"uv": [14, 4, 15, 5], "texture": "#3"},
				"west": {"uv": [14, 4, 15, 5], "rotation": 270, "texture": "#3"},
				"up": {"uv": [14, 4, 15, 5], "texture": "#3"},
				"down": {"uv": [14, 4, 15, 5], "rotation": 180, "texture": "#3"}
			}
		},
		{
			"name": "octagon",
			"from": [6.3, 6.0625, 2.19289],
			"to": [7.3, 8.4375, 2.60711],
			"rotation": {"angle": 45, "axis": "y", "origin": [6.8, 7.1553, 2.4]},
			"faces": {
				"north": {"uv": [15, 4, 16, 5], "rotation": 180, "texture": "#3"},
				"east": {"uv": [15, 4, 16, 5], "rotation": 90, "texture": "#3"},
				"south": {"uv": [15, 4, 16, 5], "texture": "#3"},
				"west": {"uv": [15, 4, 16, 5], "rotation": 270, "texture": "#3"},
				"up": {"uv": [15, 4, 16, 5], "texture": "#3"},
				"down": {"uv": [15, 4, 16, 5], "rotation": 180, "texture": "#3"}
			}
		},
		{
			"name": "octagon",
			"from": [6.3, 6.0626, 2.19289],
			"to": [7.3, 8.4376, 2.60711],
			"rotation": {"angle": 0, "axis": "y", "origin": [6.8, 7.1553, 2.4]},
			"faces": {
				"north": {"uv": [15, 3, 16, 4], "rotation": 180, "texture": "#3"},
				"east": {"uv": [15, 3, 16, 4], "rotation": 90, "texture": "#3"},
				"south": {"uv": [15, 3, 16, 4], "texture": "#3"},
				"west": {"uv": [15, 3, 16, 4], "rotation": 270, "texture": "#3"},
				"up": {"uv": [15, 3, 16, 4], "texture": "#3"},
				"down": {"uv": [15, 3, 16, 4], "rotation": 180, "texture": "#3"}
			}
		},
		{
			"name": "octagon",
			"from": [6.48934, 5.9373, 1.65],
			"to": [7.11066, 8.3123, 3.15],
			"rotation": {"angle": 45, "axis": "y", "origin": [6.8, 7.1553, 2.4]},
			"faces": {
				"north": {"uv": [14, 3, 15, 4], "rotation": 180, "texture": "#3"},
				"east": {"uv": [14, 3, 15, 4], "rotation": 90, "texture": "#3"},
				"south": {"uv": [14, 3, 15, 4], "rotation": 90, "texture": "#3"},
				"west": {"uv": [14, 3, 15, 4], "rotation": 270, "texture": "#3"},
				"up": {"uv": [14, 3, 15, 4], "texture": "#3"},
				"down": {"uv": [14, 3, 15, 4], "rotation": 180, "texture": "#3"}
			}
		},
		{
			"name": "octagon",
			"from": [6.48934, 5.9375, 1.65],
			"to": [7.11066, 8.3125, 3.15],
			"rotation": {"angle": 0, "axis": "y", "origin": [6.8, 7.1553, 2.4]},
			"faces": {
				"north": {"uv": [15, 3, 16, 4], "rotation": 180, "texture": "#3"},
				"east": {"uv": [15, 3, 16, 4], "rotation": 90, "texture": "#3"},
				"south": {"uv": [15, 3, 16, 4], "rotation": 90, "texture": "#3"},
				"west": {"uv": [15, 3, 16, 4], "rotation": 270, "texture": "#3"},
				"up": {"uv": [15, 3, 16, 4], "texture": "#3"},
				"down": {"uv": [15, 3, 16, 4], "rotation": 180, "texture": "#3"}
			}
		},
		{
			"name": "octagon",
			"from": [6.05, 5.9374, 2.08934],
			"to": [7.55, 8.3124, 2.71066],
			"rotation": {"angle": 45, "axis": "y", "origin": [6.8, 7.1553, 2.4]},
			"faces": {
				"north": {"uv": [15, 3, 16, 4], "rotation": 180, "texture": "#3"},
				"east": {"uv": [15, 3, 16, 4], "rotation": 90, "texture": "#3"},
				"south": {"uv": [15, 3, 16, 4], "rotation": 90, "texture": "#3"},
				"west": {"uv": [15, 3, 16, 4], "rotation": 270, "texture": "#3"},
				"up": {"uv": [15, 3, 16, 4], "texture": "#3"},
				"down": {"uv": [15, 3, 16, 4], "rotation": 180, "texture": "#3"}
			}
		},
		{
			"name": "octagon",
			"from": [6.05, 5.9375, 2.08934],
			"to": [7.55, 8.3125, 2.71066],
			"rotation": {"angle": 0, "axis": "y", "origin": [6.8, 7.1553, 2.4]},
			"faces": {
				"north": {"uv": [15, 4, 16, 5], "rotation": 180, "texture": "#3"},
				"east": {"uv": [15, 4, 16, 5], "rotation": 90, "texture": "#3"},
				"south": {"uv": [15, 4, 16, 5], "texture": "#3"},
				"west": {"uv": [15, 4, 16, 5], "rotation": 270, "texture": "#3"},
				"up": {"uv": [15, 4, 16, 5], "texture": "#3"},
				"down": {"uv": [15, 4, 16, 5], "rotation": 180, "texture": "#3"}
			}
		},
		{
			"name": "octagon",
			"from": [6.38579, 6.0605, 1.4],
			"to": [7.21421, 8.0605, 3.4],
			"rotation": {"angle": 45, "axis": "y", "origin": [6.8, 7.1553, 2.4]},
			"faces": {
				"north": {"uv": [14, 0, 15, 3], "rotation": 180, "texture": "#3"},
				"east": {"uv": [13, 0, 16, 1], "rotation": 90, "texture": "#3"},
				"south": {"uv": [14, 0, 15, 3], "texture": "#3"},
				"west": {"uv": [13, 0, 16, 1], "rotation": 270, "texture": "#3"},
				"up": {"uv": [13, 2, 14, 3], "texture": "#3"},
				"down": {"uv": [13, 2, 14, 3], "rotation": 180, "texture": "#3"}
			}
		},
		{
			"name": "octagon",
			"from": [6.38579, 6.0625, 1.4],
			"to": [7.21421, 8.0625, 3.4],
			"rotation": {"angle": 0, "axis": "y", "origin": [6.8, 7.1553, 2.4]},
			"faces": {
				"north": {"uv": [13, 0, 14, 3], "rotation": 180, "texture": "#3"},
				"east": {"uv": [13, 0, 16, 1], "rotation": 90, "texture": "#3"},
				"south": {"uv": [13, 0, 14, 3], "texture": "#3"},
				"west": {"uv": [13, 0, 16, 1], "rotation": 270, "texture": "#3"},
				"up": {"uv": [15, 1, 16, 2], "texture": "#3"},
				"down": {"uv": [15, 1, 16, 2], "rotation": 180, "texture": "#3"}
			}
		},
		{
			"name": "octagon",
			"from": [5.8, 6.0615, 1.98579],
			"to": [7.8, 8.0615, 2.81421],
			"rotation": {"angle": 45, "axis": "y", "origin": [6.8, 7.1553, 2.4]},
			"faces": {
				"north": {"uv": [15, 0, 16, 3], "rotation": 180, "texture": "#3"},
				"east": {"uv": [13, 1, 16, 2], "rotation": 90, "texture": "#3"},
				"south": {"uv": [15, 0, 16, 3], "texture": "#3"},
				"west": {"uv": [13, 1, 16, 2], "rotation": 270, "texture": "#3"},
				"up": {"uv": [15, 0, 16, 1], "texture": "#3"},
				"down": {"uv": [15, 0, 16, 1], "rotation": 180, "texture": "#3"}
			}
		},
		{
			"name": "octagon",
			"from": [5.8, 6.0625, 1.98579],
			"to": [7.8, 8.0625, 2.81421],
			"rotation": {"angle": 0, "axis": "y", "origin": [6.8, 7.1553, 2.4]},
			"faces": {
				"north": {"uv": [15, 0, 16, 3], "rotation": 180, "texture": "#3"},
				"east": {"uv": [13, 2, 16, 3], "rotation": 90, "texture": "#3"},
				"south": {"uv": [15, 0, 16, 3], "texture": "#3"},
				"west": {"uv": [13, 2, 16, 3], "rotation": 270, "texture": "#3"},
				"up": {"uv": [13, 0, 14, 1], "texture": "#3"},
				"down": {"uv": [13, 0, 14, 1], "rotation": 180, "texture": "#3"}
			}
		},
		{
			"name": "octagon",
			"from": [8.69289, 6.0625, 1.9],
			"to": [9.10711, 8.4375, 2.9],
			"rotation": {"angle": 45, "axis": "y", "origin": [8.9, 7.1553, 2.4]},
			"faces": {
				"north": {"uv": [14, 3, 15, 4], "rotation": 180, "texture": "#3"},
				"east": {"uv": [14, 3, 15, 4], "rotation": 90, "texture": "#3"},
				"south": {"uv": [14, 3, 15, 4], "texture": "#3"},
				"west": {"uv": [14, 3, 15, 4], "rotation": 270, "texture": "#3"},
				"up": {"uv": [14, 3, 15, 4], "texture": "#3"},
				"down": {"uv": [14, 3, 15, 4], "rotation": 180, "texture": "#3"}
			}
		},
		{
			"name": "octagon",
			"from": [8.69289, 6.0624, 1.9],
			"to": [9.10711, 8.4374, 2.9],
			"rotation": {"angle": 0, "axis": "y", "origin": [8.9, 7.1553, 2.4]},
			"faces": {
				"north": {"uv": [14, 4, 15, 5], "rotation": 180, "texture": "#3"},
				"east": {"uv": [14, 4, 15, 5], "rotation": 90, "texture": "#3"},
				"south": {"uv": [14, 4, 15, 5], "texture": "#3"},
				"west": {"uv": [14, 4, 15, 5], "rotation": 270, "texture": "#3"},
				"up": {"uv": [14, 4, 15, 5], "texture": "#3"},
				"down": {"uv": [14, 4, 15, 5], "rotation": 180, "texture": "#3"}
			}
		},
		{
			"name": "octagon",
			"from": [8.4, 6.0625, 2.19289],
			"to": [9.4, 8.4375, 2.60711],
			"rotation": {"angle": 45, "axis": "y", "origin": [8.9, 7.1553, 2.4]},
			"faces": {
				"north": {"uv": [15, 4, 16, 5], "rotation": 180, "texture": "#3"},
				"east": {"uv": [15, 4, 16, 5], "rotation": 90, "texture": "#3"},
				"south": {"uv": [15, 4, 16, 5], "texture": "#3"},
				"west": {"uv": [15, 4, 16, 5], "rotation": 270, "texture": "#3"},
				"up": {"uv": [15, 4, 16, 5], "texture": "#3"},
				"down": {"uv": [15, 4, 16, 5], "rotation": 180, "texture": "#3"}
			}
		},
		{
			"name": "octagon",
			"from": [8.4, 6.0626, 2.19289],
			"to": [9.4, 8.4376, 2.60711],
			"rotation": {"angle": 0, "axis": "y", "origin": [8.9, 7.1553, 2.4]},
			"faces": {
				"north": {"uv": [15, 3, 16, 4], "rotation": 180, "texture": "#3"},
				"east": {"uv": [15, 3, 16, 4], "rotation": 90, "texture": "#3"},
				"south": {"uv": [15, 3, 16, 4], "texture": "#3"},
				"west": {"uv": [15, 3, 16, 4], "rotation": 270, "texture": "#3"},
				"up": {"uv": [15, 3, 16, 4], "texture": "#3"},
				"down": {"uv": [15, 3, 16, 4], "rotation": 180, "texture": "#3"}
			}
		},
		{
			"name": "octagon",
			"from": [8.58934, 5.9373, 1.65],
			"to": [9.21066, 8.3123, 3.15],
			"rotation": {"angle": 45, "axis": "y", "origin": [8.9, 7.1553, 2.4]},
			"faces": {
				"north": {"uv": [14, 3, 15, 4], "rotation": 180, "texture": "#3"},
				"east": {"uv": [14, 3, 15, 4], "rotation": 90, "texture": "#3"},
				"south": {"uv": [14, 3, 15, 4], "rotation": 90, "texture": "#3"},
				"west": {"uv": [14, 3, 15, 4], "rotation": 270, "texture": "#3"},
				"up": {"uv": [14, 3, 15, 4], "texture": "#3"},
				"down": {"uv": [14, 3, 15, 4], "rotation": 180, "texture": "#3"}
			}
		},
		{
			"name": "octagon",
			"from": [8.58934, 5.9375, 1.65],
			"to": [9.21066, 8.3125, 3.15],
			"rotation": {"angle": 0, "axis": "y", "origin": [8.9, 7.1553, 2.4]},
			"faces": {
				"north": {"uv": [15, 3, 16, 4], "rotation": 180, "texture": "#3"},
				"east": {"uv": [15, 3, 16, 4], "rotation": 90, "texture": "#3"},
				"south": {"uv": [15, 3, 16, 4], "rotation": 90, "texture": "#3"},
				"west": {"uv": [15, 3, 16, 4], "rotation": 270, "texture": "#3"},
				"up": {"uv": [15, 3, 16, 4], "texture": "#3"},
				"down": {"uv": [15, 3, 16, 4], "rotation": 180, "texture": "#3"}
			}
		},
		{
			"name": "octagon",
			"from": [8.15, 5.9374, 2.08934],
			"to": [9.65, 8.3124, 2.71066],
			"rotation": {"angle": 45, "axis": "y", "origin": [8.9, 7.1553, 2.4]},
			"faces": {
				"north": {"uv": [15, 3, 16, 4], "rotation": 180, "texture": "#3"},
				"east": {"uv": [15, 3, 16, 4], "rotation": 90, "texture": "#3"},
				"south": {"uv": [15, 3, 16, 4], "rotation": 90, "texture": "#3"},
				"west": {"uv": [15, 3, 16, 4], "rotation": 270, "texture": "#3"},
				"up": {"uv": [15, 3, 16, 4], "texture": "#3"},
				"down": {"uv": [15, 3, 16, 4], "rotation": 180, "texture": "#3"}
			}
		},
		{
			"name": "octagon",
			"from": [8.15, 5.9375, 2.08934],
			"to": [9.65, 8.3125, 2.71066],
			"rotation": {"angle": 0, "axis": "y", "origin": [8.9, 7.1553, 2.4]},
			"faces": {
				"north": {"uv": [15, 4, 16, 5], "rotation": 180, "texture": "#3"},
				"east": {"uv": [15, 4, 16, 5], "rotation": 90, "texture": "#3"},
				"south": {"uv": [15, 4, 16, 5], "texture": "#3"},
				"west": {"uv": [15, 4, 16, 5], "rotation": 270, "texture": "#3"},
				"up": {"uv": [15, 4, 16, 5], "texture": "#3"},
				"down": {"uv": [15, 4, 16, 5], "rotation": 180, "texture": "#3"}
			}
		},
		{
			"name": "octagon",
			"from": [8.48579, 6.0605, 1.4],
			"to": [9.31421, 8.0605, 3.4],
			"rotation": {"angle": 45, "axis": "y", "origin": [8.9, 7.1553, 2.4]},
			"faces": {
				"north": {"uv": [14, 0, 15, 3], "rotation": 180, "texture": "#3"},
				"east": {"uv": [13, 0, 16, 1], "rotation": 90, "texture": "#3"},
				"south": {"uv": [14, 0, 15, 3], "texture": "#3"},
				"west": {"uv": [13, 0, 16, 1], "rotation": 270, "texture": "#3"},
				"up": {"uv": [13, 2, 14, 3], "texture": "#3"},
				"down": {"uv": [13, 2, 14, 3], "rotation": 180, "texture": "#3"}
			}
		},
		{
			"name": "octagon",
			"from": [8.48579, 6.0625, 1.4],
			"to": [9.31421, 8.0625, 3.4],
			"rotation": {"angle": 0, "axis": "y", "origin": [8.9, 7.1553, 2.4]},
			"faces": {
				"north": {"uv": [13, 0, 14, 3], "rotation": 180, "texture": "#3"},
				"east": {"uv": [13, 0, 16, 1], "rotation": 90, "texture": "#3"},
				"south": {"uv": [13, 0, 14, 3], "texture": "#3"},
				"west": {"uv": [13, 0, 16, 1], "rotation": 270, "texture": "#3"},
				"up": {"uv": [15, 1, 16, 2], "texture": "#3"},
				"down": {"uv": [15, 1, 16, 2], "rotation": 180, "texture": "#3"}
			}
		},
		{
			"name": "octagon",
			"from": [7.9, 6.0615, 1.98579],
			"to": [9.9, 8.0615, 2.81421],
			"rotation": {"angle": 45, "axis": "y", "origin": [8.9, 7.1553, 2.4]},
			"faces": {
				"north": {"uv": [15, 0, 16, 3], "rotation": 180, "texture": "#3"},
				"east": {"uv": [13, 1, 16, 2], "rotation": 90, "texture": "#3"},
				"south": {"uv": [15, 0, 16, 3], "texture": "#3"},
				"west": {"uv": [13, 1, 16, 2], "rotation": 270, "texture": "#3"},
				"up": {"uv": [15, 0, 16, 1], "texture": "#3"},
				"down": {"uv": [15, 0, 16, 1], "rotation": 180, "texture": "#3"}
			}
		},
		{
			"name": "octagon",
			"from": [7.9, 6.0625, 1.98579],
			"to": [9.9, 8.0625, 2.81421],
			"rotation": {"angle": 0, "axis": "y", "origin": [8.9, 7.1553, 2.4]},
			"faces": {
				"north": {"uv": [15, 0, 16, 3], "rotation": 180, "texture": "#3"},
				"east": {"uv": [13, 2, 16, 3], "rotation": 90, "texture": "#3"},
				"south": {"uv": [15, 0, 16, 3], "texture": "#3"},
				"west": {"uv": [13, 2, 16, 3], "rotation": 270, "texture": "#3"},
				"up": {"uv": [13, 0, 14, 1], "texture": "#3"},
				"down": {"uv": [13, 0, 14, 1], "rotation": 180, "texture": "#3"}
			}
		},
		{
			"from": [5.8713, 3.3287, 6.35],
			"to": [6.3713, 10.0787, 6.85],
			"rotation": {"angle": 0, "axis": "y", "origin": [6.1213, 4.1787, 6.6]},
			"faces": {
				"north": {"uv": [13, 9, 16, 9.25], "rotation": 270, "texture": "#0"},
				"east": {"uv": [12, 9, 15.5, 9.25], "rotation": 270, "texture": "#0"},
				"south": {"uv": [14.5, 9.25, 11, 9], "rotation": 90, "texture": "#0"},
				"west": {"uv": [8.75, 9, 11.75, 9.25], "rotation": 90, "texture": "#0"},
				"up": {"uv": [1, 12.25, 2, 13.25], "rotation": 90, "texture": "#0"},
				"down": {"uv": [1, 12.25, 2, 13.25], "texture": "#0"}
			}
		},
		{
			"from": [9.3713, 3.3287, 6.35],
			"to": [9.8713, 10.0787, 6.85],
			"rotation": {"angle": 0, "axis": "y", "origin": [9.6213, 4.1787, 6.6]},
			"faces": {
				"north": {"uv": [13, 9, 16, 9.25], "rotation": 270, "texture": "#0"},
				"east": {"uv": [12, 9, 15.5, 9.25], "rotation": 270, "texture": "#0"},
				"south": {"uv": [14.5, 9.25, 11, 9], "rotation": 90, "texture": "#0"},
				"west": {"uv": [8.75, 9, 11.75, 9.25], "rotation": 90, "texture": "#0"},
				"up": {"uv": [1, 12.25, 2, 13.25], "rotation": 90, "texture": "#0"},
				"down": {"uv": [1, 12.25, 2, 13.25], "texture": "#0"}
			}
		},
		{
			"from": [9.75, 3.5, 7.25],
			"to": [10.5, 5.25, 9.25],
			"rotation": {"angle": 0, "axis": "y", "origin": [10.125, 4, 8.25]},
			"faces": {
				"north": {"uv": [11.25, 0.25, 12.25, 2.75], "texture": "#0"},
				"east": {"uv": [5.75, 4.25, 8.75, 6.75], "texture": "#0"},
				"south": {"uv": [11.25, 0.75, 12.25, 3.25], "texture": "#0"},
				"west": {"uv": [10, 0.5, 12.5, 3.25], "texture": "#0"},
				"up": {"uv": [11.5, 0.25, 12.5, 3.25], "texture": "#0"},
				"down": {"uv": [10, 1.25, 12, 3.25], "texture": "#0"}
			}
		}
	],
	"display": {
		"thirdperson_righthand": {
			"rotation": [67, 91, 0],
			"translation": [-4.25, 2, 4],
			"scale": [0.87, 0.87, 0.87]
		},
		"thirdperson_lefthand": {
			"translation": [-0.5, 7, 1]
		},
		"firstperson_righthand": {
			"rotation": [7, -169, -1],
			"translation": [-1, 7.2, 1.13]
		},
		"firstperson_lefthand": {
			"rotation": [0, -90, 25],
			"translation": [0.25, 8.45, 1.13]
		},
		"ground": {
			"translation": [0, 2.5, 2.25],
			"scale": [1.38, 1.38, 1.38]
		},
		"gui": {
			"rotation": [30, -135, 0],
			"translation": [-2.25, 2.25, 0],
			"scale": [1.38, 1.38, 1.38]
		},
		"head": {
			"rotation": [0, -180, 0],
			"translation": [0, -1.25, -5.75]
		},
		"fixed": {
			"rotation": [0, 90, 0],
			"translation": [5.25, 4.5, -6.5],
			"scale": [2.54, 2.54, 2.54]
		}
	},
	"groups": [
		0,
		1,
		2,
		3,
		4,
		5,
		6,
		7,
		8,
		9,
		10,
		{
			"name": "arcs",
			"origin": [8.1, 8.2287, 9.15],
			"color": 0,
			"children": [11, 12, 13, 14]
		},
		{
			"name": "arcs",
			"origin": [8.1, 8.2287, 9.15],
			"color": 0,
			"children": [15, 16, 17, 18]
		},
		{
			"name": "group",
			"origin": [7.8, 7.7287, 8.15],
			"color": 0,
			"children": [19, 20, 21, 22]
		},
		{
			"name": "coils",
			"origin": [8.9, 5.2, 3.5],
			"color": 0,
			"children": [23, 24, 25, 26, 27]
		},
		{
			"name": "coils",
			"origin": [8.9, 5.2, 3.5],
			"color": 0,
			"children": [28, 29, 30, 31, 32]
		},
		33,
		34,
		35,
		36,
		{
			"name": "battery",
			"origin": [0, 0, 0],
			"color": 0,
			"children": [
				37,
				38,
				39,
				40,
				41,
				42,
				43,
				44,
				45,
				46,
				47,
				48,
				{
					"name": "battery",
					"origin": [0, 0, 0],
					"color": 0,
					"children": [49, 50, 51, 52, 53, 54, 55, 56, 57, 58, 59, 60]
				},
				{
					"name": "battery",
					"origin": [0, 0, 0],
					"color": 0,
					"children": [
						61,
						62,
						63,
						64,
						65,
						66,
						67,
						68,
						69,
						70,
						71,
						72,
						{
							"name": "battery",
							"origin": [0, 0, 0],
							"color": 0,
							"children": [73, 74, 75, 76, 77, 78, 79, 80, 81, 82, 83, 84]
						}
					]
				},
				{
					"name": "battery",
					"origin": [0, 0, 0],
					"color": 0,
					"children": [
						85,
						86,
						87,
						88,
						89,
						90,
						91,
						92,
						93,
						94,
						95,
						96,
						{
							"name": "battery",
							"origin": [0, 0, 0],
							"color": 0,
							"children": [97, 98, 99, 100, 101, 102, 103, 104, 105, 106, 107, 108]
						},
						{
							"name": "battery",
							"origin": [0, 0, 0],
							"color": 0,
							"children": [
								109,
								110,
								111,
								112,
								113,
								114,
								115,
								116,
								117,
								118,
								119,
								120,
								{
									"name": "battery",
									"origin": [0, 0, 0],
									"color": 0,
									"children": [121, 122, 123, 124, 125, 126, 127, 128, 129, 130, 131, 132]
								}
							]
						}
					]
				}
			]
		},
		133,
		134,
		135
	]
}