{
	"format_version": "1.21.6",
	"credit": "Made with Blockbench",
	"textures": {
		"2": "chems_guns:item/gun_ammo/shell",
		"particle": "chems_guns:item/gun_ammo/shell"
	},
	"elements": [
		{
			"from": [5, 6, 3],
			"to": [11, 8.485, 6],
			"rotation": {"angle": -45, "axis": "z", "origin": [8, 7.2425, 4.5]},
			"faces": {
				"north": {"uv": [16, 13.5, 12.5, 11], "rotation": 90, "texture": "#2"},
				"east": {"uv": [12.5, 6, 16, 3], "rotation": 90, "texture": "#2"},
				"south": {"uv": [12.5, 7, 16, 8.5], "texture": "#2"},
				"west": {"uv": [16, 16, 12.5, 13], "rotation": 90, "texture": "#2"},
				"up": {"uv": [3.5, 2.5, 7, 8.5], "rotation": 180, "texture": "#2"},
				"down": {"uv": [0, 7.5, 3.5, 13.5], "rotation": 180, "texture": "#2"}
			}
		},
		{
			"from": [5, 6, 2.8],
			"to": [7, 8.385, 3.8],
			"rotation": {"angle": -45, "axis": "z", "origin": [8, 7.1425, 4.3]},
			"faces": {
				"north": {"uv": [16, 13.5, 12.5, 11], "rotation": 90, "texture": "#2"},
				"east": {"uv": [12.5, 6, 16, 3], "rotation": 90, "texture": "#2"},
				"south": {"uv": [12.5, 7, 16, 8.5], "texture": "#2"},
				"west": {"uv": [16, 13.5, 12.5, 13], "rotation": 90, "texture": "#2"},
				"up": {"uv": [3.5, 2.5, 7, 8.5], "rotation": 180, "texture": "#2"},
				"down": {"uv": [0, 7.5, 3.5, 13.5], "rotation": 180, "texture": "#2"}
			}
		},
		{
			"from": [5, 6, 2.6],
			"to": [7, 8.285, 2.8],
			"rotation": {"angle": -45, "axis": "z", "origin": [8, 7.0425, 3.3]},
			"faces": {
				"north": {"uv": [16, 13.5, 12.5, 11], "rotation": 90, "texture": "#2"},
				"east": {"uv": [12.5, 6, 16, 3], "rotation": 90, "texture": "#2"},
				"south": {"uv": [12.5, 7, 16, 8.5], "texture": "#2"},
				"west": {"uv": [16, 13.5, 12.5, 13], "rotation": 90, "texture": "#2"},
				"up": {"uv": [3.5, 2.5, 7, 8.5], "rotation": 180, "texture": "#2"},
				"down": {"uv": [0, 7.5, 3.5, 13.5], "rotation": 180, "texture": "#2"}
			}
		},
		{
			"from": [5, 6.1, 2.4],
			"to": [7, 8.185, 2.6],
			"rotation": {"angle": -45, "axis": "z", "origin": [8, 6.9425, 3.1]},
			"faces": {
				"north": {"uv": [16, 13.5, 12.5, 11], "rotation": 90, "texture": "#2"},
				"east": {"uv": [12.5, 6, 16, 3], "rotation": 90, "texture": "#2"},
				"south": {"uv": [12.5, 7, 16, 8.5], "texture": "#2"},
				"west": {"uv": [16, 13.5, 12.5, 13], "rotation": 90, "texture": "#2"},
				"up": {"uv": [3.5, 2.5, 7, 8.5], "rotation": 180, "texture": "#2"},
				"down": {"uv": [0, 7.5, 3.5, 13.5], "rotation": 180, "texture": "#2"}
			}
		},
		{
			"from": [5, 6.1, 2.2],
			"to": [7, 8.085, 2.4],
			"rotation": {"angle": -45, "axis": "z", "origin": [8, 6.8425, 2.9]},
			"faces": {
				"north": {"uv": [16, 13.5, 12.5, 11], "rotation": 90, "texture": "#2"},
				"east": {"uv": [12.5, 6, 16, 3], "rotation": 90, "texture": "#2"},
				"south": {"uv": [12.5, 7, 16, 8.5], "texture": "#2"},
				"west": {"uv": [16, 13.5, 12.5, 13], "rotation": 90, "texture": "#2"},
				"up": {"uv": [3.5, 2.5, 7, 8.5], "rotation": 180, "texture": "#2"},
				"down": {"uv": [0, 7.5, 3.5, 13.5], "rotation": 180, "texture": "#2"}
			}
		},
		{
			"from": [5, 6.2, 1.9],
			"to": [7, 7.985, 2.2],
			"rotation": {"angle": -45, "axis": "z", "origin": [8, 6.7425, 2.7]},
			"faces": {
				"north": {"uv": [16, 13.5, 12.5, 11], "rotation": 90, "texture": "#2"},
				"east": {"uv": [12.5, 6, 16, 3], "rotation": 90, "texture": "#2"},
				"south": {"uv": [12.5, 7, 16, 8.5], "texture": "#2"},
				"west": {"uv": [16, 13.5, 12.5, 13], "rotation": 90, "texture": "#2"},
				"up": {"uv": [3.5, 2.5, 7, 8.5], "rotation": 180, "texture": "#2"},
				"down": {"uv": [0, 7.5, 3.5, 13.5], "rotation": 180, "texture": "#2"}
			}
		},
		{
			"from": [5, 6.2, 1.6],
			"to": [7, 7.885, 1.9],
			"rotation": {"angle": -45, "axis": "z", "origin": [8, 6.6425, 2.4]},
			"faces": {
				"north": {"uv": [16, 13.5, 12.5, 11], "rotation": 90, "texture": "#2"},
				"east": {"uv": [12.5, 6, 16, 3], "rotation": 90, "texture": "#2"},
				"south": {"uv": [12.5, 7, 16, 8.5], "texture": "#2"},
				"west": {"uv": [16, 13.5, 12.5, 13], "rotation": 90, "texture": "#2"},
				"up": {"uv": [3.5, 2.5, 7, 8.5], "rotation": 180, "texture": "#2"},
				"down": {"uv": [0, 7.5, 3.5, 13.5], "rotation": 180, "texture": "#2"}
			}
		},
		{
			"from": [5, 6.3, 1.4],
			"to": [7, 7.785, 1.6],
			"rotation": {"angle": -45, "axis": "z", "origin": [8, 6.5425, 2.1]},
			"faces": {
				"north": {"uv": [16, 13.5, 12.5, 11], "rotation": 90, "texture": "#2"},
				"east": {"uv": [12.5, 6, 16, 3], "rotation": 90, "texture": "#2"},
				"south": {"uv": [12.5, 7, 16, 8.5], "texture": "#2"},
				"west": {"uv": [16, 13.5, 12.5, 13], "rotation": 90, "texture": "#2"},
				"up": {"uv": [3.5, 2.5, 7, 8.5], "rotation": 180, "texture": "#2"},
				"down": {"uv": [5, 3, 5.5, 3.5], "rotation": 180, "texture": "#2"}
			}
		},
		{
			"from": [5, 6.3, 1.1],
			"to": [7, 7.685, 1.4],
			"rotation": {"angle": -45, "axis": "z", "origin": [8, 6.4425, 1.9]},
			"faces": {
				"north": {"uv": [16, 13.5, 12.5, 11], "rotation": 90, "texture": "#2"},
				"east": {"uv": [12.5, 6, 16, 3], "rotation": 90, "texture": "#2"},
				"south": {"uv": [12.5, 7, 16, 8.5], "texture": "#2"},
				"west": {"uv": [16, 13.5, 12.5, 13], "rotation": 90, "texture": "#2"},
				"up": {"uv": [3.5, 2.5, 7, 8.5], "rotation": 180, "texture": "#2"},
				"down": {"uv": [5, 4, 5.5, 4.5], "rotation": 180, "texture": "#2"}
			}
		},
		{
			"from": [5, 6.4, 1],
			"to": [7, 7.585, 1.1],
			"rotation": {"angle": -45, "axis": "z", "origin": [8, 6.3425, 1.6]},
			"faces": {
				"north": {"uv": [16, 13.5, 12.5, 11], "rotation": 90, "texture": "#2"},
				"east": {"uv": [12.5, 6, 16, 3], "rotation": 90, "texture": "#2"},
				"south": {"uv": [12.5, 7, 16, 8.5], "texture": "#2"},
				"west": {"uv": [16, 13.5, 12.5, 13], "rotation": 90, "texture": "#2"},
				"up": {"uv": [3.5, 2.5, 7, 8.5], "rotation": 180, "texture": "#2"},
				"down": {"uv": [4.5, 6.5, 5, 7], "rotation": 180, "texture": "#2"}
			}
		},
		{
			"from": [5, 6.4, 0.9],
			"to": [7, 7.485, 1],
			"rotation": {"angle": -45, "axis": "z", "origin": [8, 6.2425, 1.5]},
			"faces": {
				"north": {"uv": [16, 13.5, 12.5, 11], "rotation": 90, "texture": "#2"},
				"east": {"uv": [12.5, 6, 16, 3], "rotation": 90, "texture": "#2"},
				"south": {"uv": [12.5, 7, 16, 8.5], "texture": "#2"},
				"west": {"uv": [16, 13.5, 12.5, 13], "rotation": 90, "texture": "#2"},
				"up": {"uv": [3.5, 2.5, 7, 8.5], "rotation": 180, "texture": "#2"},
				"down": {"uv": [4.5, 6.5, 5, 7], "rotation": 180, "texture": "#2"}
			}
		},
		{
			"from": [5, 6.5, 0.8],
			"to": [7, 7.385, 0.9],
			"rotation": {"angle": -45, "axis": "z", "origin": [8, 6.1425, 1.4]},
			"faces": {
				"north": {"uv": [16, 13.5, 12.5, 11], "rotation": 90, "texture": "#2"},
				"east": {"uv": [12.5, 6, 16, 3], "rotation": 90, "texture": "#2"},
				"south": {"uv": [12.5, 7, 16, 8.5], "texture": "#2"},
				"west": {"uv": [16, 13.5, 12.5, 13], "rotation": 90, "texture": "#2"},
				"up": {"uv": [3.5, 2.5, 7, 8.5], "rotation": 180, "texture": "#2"},
				"down": {"uv": [4.5, 6.5, 5, 7], "rotation": 180, "texture": "#2"}
			}
		},
		{
			"from": [5, 6.5, 0.7],
			"to": [7, 7.285, 0.8],
			"rotation": {"angle": -45, "axis": "z", "origin": [8, 6.0425, 1.3]},
			"faces": {
				"north": {"uv": [16, 13.5, 12.5, 11], "rotation": 90, "texture": "#2"},
				"east": {"uv": [12.5, 6, 16, 3], "rotation": 90, "texture": "#2"},
				"south": {"uv": [12.5, 7, 16, 8.5], "texture": "#2"},
				"west": {"uv": [16, 13.5, 12.5, 13], "rotation": 90, "texture": "#2"},
				"up": {"uv": [3.5, 2.5, 7, 8.5], "rotation": 180, "texture": "#2"},
				"down": {"uv": [4.5, 6.5, 5, 7], "rotation": 180, "texture": "#2"}
			}
		},
		{
			"from": [5, 6.5, 0.6],
			"to": [7, 7.185, 0.7],
			"rotation": {"angle": -45, "axis": "z", "origin": [8, 5.9425, 1.2]},
			"faces": {
				"north": {"uv": [16, 13.5, 12.5, 11], "rotation": 90, "texture": "#2"},
				"east": {"uv": [12.5, 6, 16, 3], "rotation": 90, "texture": "#2"},
				"south": {"uv": [12.5, 7, 16, 8.5], "texture": "#2"},
				"west": {"uv": [16, 13.5, 12.5, 13], "rotation": 90, "texture": "#2"},
				"up": {"uv": [3.5, 2.5, 7, 8.5], "rotation": 180, "texture": "#2"},
				"down": {"uv": [4.5, 6.5, 5, 7], "rotation": 180, "texture": "#2"}
			}
		},
		{
			"from": [5, 6.6, 0.4],
			"to": [6, 6.985, 0.5],
			"rotation": {"angle": -45, "axis": "z", "origin": [8, 5.7425, 1]},
			"faces": {
				"north": {"uv": [16, 13.5, 12.5, 11], "rotation": 90, "texture": "#2"},
				"east": {"uv": [12.5, 6, 16, 3], "rotation": 90, "texture": "#2"},
				"south": {"uv": [12.5, 7, 16, 8.5], "texture": "#2"},
				"west": {"uv": [16, 13.5, 12.5, 13], "rotation": 90, "texture": "#2"},
				"up": {"uv": [3.5, 2.5, 7, 8.5], "rotation": 180, "texture": "#2"},
				"down": {"uv": [4.5, 6.5, 5, 7], "rotation": 180, "texture": "#2"}
			}
		},
		{
			"from": [5, 6.7, 0.3],
			"to": [6, 6.885, 0.4],
			"rotation": {"angle": -45, "axis": "z", "origin": [8, 5.6425, 0.9]},
			"faces": {
				"north": {"uv": [16, 13.5, 12.5, 11], "rotation": 90, "texture": "#2"},
				"east": {"uv": [12.5, 6, 16, 3], "rotation": 90, "texture": "#2"},
				"south": {"uv": [12.5, 7, 16, 8.5], "texture": "#2"},
				"west": {"uv": [16, 13.5, 12.5, 13], "rotation": 90, "texture": "#2"},
				"up": {"uv": [3.5, 2.5, 7, 8.5], "rotation": 180, "texture": "#2"},
				"down": {"uv": [4.5, 6.5, 5, 7], "rotation": 180, "texture": "#2"}
			}
		},
		{
			"from": [5, 6.7, 0.2],
			"to": [6, 6.785, 0.3],
			"rotation": {"angle": -45, "axis": "z", "origin": [8, 5.5425, 0.8]},
			"faces": {
				"north": {"uv": [16, 13.5, 12.5, 11], "rotation": 90, "texture": "#2"},
				"east": {"uv": [12.5, 6, 16, 3], "rotation": 90, "texture": "#2"},
				"south": {"uv": [12.5, 7, 16, 8.5], "texture": "#2"},
				"west": {"uv": [16, 13.5, 12.5, 13], "rotation": 90, "texture": "#2"},
				"up": {"uv": [3.5, 2.5, 7, 8.5], "rotation": 180, "texture": "#2"},
				"down": {"uv": [4.5, 6.5, 5, 7], "rotation": 180, "texture": "#2"}
			}
		},
		{
			"from": [5, 6.6, 0.5],
			"to": [7, 7.085, 0.6],
			"rotation": {"angle": -45, "axis": "z", "origin": [8, 5.8425, 1.1]},
			"faces": {
				"north": {"uv": [16, 13.5, 12.5, 11], "rotation": 90, "texture": "#2"},
				"east": {"uv": [12.5, 6, 16, 3], "rotation": 90, "texture": "#2"},
				"south": {"uv": [12.5, 7, 16, 8.5], "texture": "#2"},
				"west": {"uv": [16, 13.5, 12.5, 13], "rotation": 90, "texture": "#2"},
				"up": {"uv": [3.5, 2.5, 7, 8.5], "rotation": 180, "texture": "#2"},
				"down": {"uv": [4.5, 6.5, 5, 7], "rotation": 180, "texture": "#2"}
			}
		},
		{
			"from": [5, 6, 3],
			"to": [11, 8.485, 6],
			"rotation": {"angle": 0, "axis": "y", "origin": [8, 7.2425, 4.5]},
			"faces": {
				"north": {"uv": [3.5, 7, 7, 8.5], "texture": "#2"},
				"east": {"uv": [12.5, 6, 16, 3], "rotation": 90, "texture": "#2"},
				"south": {"uv": [12.5, 7, 16, 8.5], "texture": "#2"},
				"west": {"uv": [16, 6, 12.5, 3], "rotation": 90, "texture": "#2"},
				"up": {"uv": [3.5, 2.5, 7, 8.5], "rotation": 180, "texture": "#2"},
				"down": {"uv": [12.5, 0, 16, 2.5], "rotation": 180, "texture": "#2"}
			}
		},
		{
			"from": [6.75, 6, 0.15],
			"to": [9.25, 8.485, 3.15],
			"rotation": {"angle": 0, "axis": "y", "origin": [8, 7.2425, 1.6]},
			"faces": {
				"north": {"uv": [3.5, 6, 7, 9.5], "texture": "#2"},
				"east": {"uv": [12.5, 6, 16, 3], "rotation": 90, "texture": "#2"},
				"south": {"uv": [12.5, 7, 16, 8.5], "texture": "#2"},
				"west": {"uv": [16, 6, 12.5, 3], "rotation": 90, "texture": "#2"},
				"up": {"uv": [3.5, 2.5, 7, 8.5], "rotation": 180, "texture": "#2"},
				"down": {"uv": [12.5, 0, 16, 2.5], "rotation": 180, "texture": "#2"}
			}
		},
		{
			"from": [5.27123, 6, 1.65571],
			"to": [6.87123, 8.485, 3.65571],
			"rotation": {"angle": -22.5, "axis": "y", "origin": [6.77123, 7.2425, 2.65571]},
			"faces": {
				"north": {"uv": [3.5, 7, 7, 8.5], "texture": "#2"},
				"east": {"uv": [12.5, 6, 16, 3], "rotation": 90, "texture": "#2"},
				"south": {"uv": [12.5, 7, 16, 8.5], "texture": "#2"},
				"west": {"uv": [12.5, 1, 16, 4], "rotation": 90, "texture": "#2"},
				"up": {"uv": [16, 14.5, 12.5, 11.5], "rotation": 180, "texture": "#2"},
				"down": {"uv": [12.5, 1, 16, 4], "rotation": 180, "texture": "#2"}
			}
		},
		{
			"from": [5.8552, 6, 1.03415],
			"to": [7.2552, 8.485, 2.43415],
			"rotation": {"angle": -45, "axis": "y", "origin": [7.3552, 7.2425, 1.68415]},
			"faces": {
				"north": {"uv": [3.5, 7, 7, 8.5], "texture": "#2"},
				"east": {"uv": [12.5, 6, 16, 3], "rotation": 90, "texture": "#2"},
				"south": {"uv": [12.5, 7, 16, 8.5], "texture": "#2"},
				"west": {"uv": [12.5, 0.5, 16, 2.5], "rotation": 90, "texture": "#2"},
				"up": {"uv": [16, 11, 12.5, 14], "rotation": 180, "texture": "#2"},
				"down": {"uv": [12.5, 1, 16, 4], "rotation": 180, "texture": "#2"}
			}
		},
		{
			"from": [7.1448, 6, 1.03415],
			"to": [10.1448, 8.485, 2.43415],
			"rotation": {"angle": 45, "axis": "y", "origin": [8.6448, 7.2425, 1.68415]},
			"faces": {
				"north": {"uv": [7, 7, 3.5, 8.5], "texture": "#2"},
				"east": {"uv": [12.5, 2.5, 16, 0.5], "rotation": 90, "texture": "#2"},
				"south": {"uv": [16, 7, 12.5, 8.5], "texture": "#2"},
				"west": {"uv": [12.5, 3, 16, 6], "rotation": 90, "texture": "#2"},
				"up": {"uv": [16, 1.5, 12.5, 4.5], "rotation": 180, "texture": "#2"},
				"down": {"uv": [16, 1, 12.5, 4], "rotation": 180, "texture": "#2"}
			}
		},
		{
			"from": [6.75, 6.375, 1.06],
			"to": [9.235, 9.375, 2.46],
			"rotation": {"angle": -45, "axis": "x", "origin": [7.9552, 7.8425, 1.68415]},
			"faces": {
				"north": {"uv": [3.5, 7, 7, 8.5], "rotation": 270, "texture": "#2"},
				"east": {"uv": [12.5, 1.5, 16, 4.5], "rotation": 270, "texture": "#2"},
				"south": {"uv": [12.5, 7, 16, 8.5], "rotation": 90, "texture": "#2"},
				"west": {"uv": [12.5, 11, 16, 14], "rotation": 270, "texture": "#2"},
				"up": {"uv": [12.5, 0.5, 16, 2.5], "rotation": 180, "texture": "#2"},
				"down": {"uv": [12.5, 6, 16, 3], "rotation": 180, "texture": "#2"}
			}
		},
		{
			"from": [6.75, 5.125, 1.06],
			"to": [9.235, 8.125, 2.46],
			"rotation": {"angle": 45, "axis": "x", "origin": [7.9552, 6.6575, 1.68415]},
			"faces": {
				"north": {"uv": [7, 7, 3.5, 8.5], "rotation": 270, "texture": "#2"},
				"east": {"uv": [16, 1.5, 12.5, 4.5], "rotation": 270, "texture": "#2"},
				"south": {"uv": [16, 7, 12.5, 8.5], "rotation": 90, "texture": "#2"},
				"west": {"uv": [16, 1, 12.5, 4], "rotation": 270, "texture": "#2"},
				"up": {"uv": [12.5, 3, 16, 6], "rotation": 180, "texture": "#2"},
				"down": {"uv": [12.5, 2.5, 16, 0.5], "rotation": 180, "texture": "#2"}
			}
		},
		{
			"from": [7.72877, 6, 1.65571],
			"to": [10.72877, 8.485, 3.65571],
			"rotation": {"angle": 22.5, "axis": "y", "origin": [9.22877, 7.2425, 2.65571]},
			"faces": {
				"north": {"uv": [7, 7, 3.5, 8.5], "texture": "#2"},
				"east": {"uv": [12.5, 4, 16, 1], "rotation": 90, "texture": "#2"},
				"south": {"uv": [16, 7, 12.5, 8.5], "texture": "#2"},
				"west": {"uv": [12.5, 3, 16, 6], "rotation": 90, "texture": "#2"},
				"up": {"uv": [16, 1.5, 12.5, 4.5], "rotation": 180, "texture": "#2"},
				"down": {"uv": [16, 1, 12.5, 4], "rotation": 180, "texture": "#2"}
			}
		},
		{
			"from": [6.7575, 6.9025, 2.29],
			"to": [9.2425, 9.9025, 4.29],
			"rotation": {"angle": -22.5, "axis": "x", "origin": [8, 6.8425, 2.8]},
			"faces": {
				"north": {"uv": [3.5, 7, 7, 8.5], "rotation": 270, "texture": "#2"},
				"east": {"uv": [12.5, 1.5, 16, 4.5], "rotation": 270, "texture": "#2"},
				"south": {"uv": [12.5, 7, 16, 8.5], "rotation": 90, "texture": "#2"},
				"west": {"uv": [12.5, 10.5, 16, 13.5], "rotation": 270, "texture": "#2"},
				"up": {"uv": [12.5, 11, 16, 14], "rotation": 180, "texture": "#2"},
				"down": {"uv": [12.5, 6, 16, 3], "rotation": 180, "texture": "#2"}
			}
		},
		{
			"from": [6.7575, 4.5975, 2.29],
			"to": [9.2425, 7.5975, 4.29],
			"rotation": {"angle": 22.5, "axis": "x", "origin": [8, 7.6575, 2.8]},
			"faces": {
				"north": {"uv": [7, 7, 3.5, 8.5], "rotation": 270, "texture": "#2"},
				"east": {"uv": [16, 1.5, 12.5, 4.5], "rotation": 270, "texture": "#2"},
				"south": {"uv": [16, 7, 12.5, 8.5], "rotation": 90, "texture": "#2"},
				"west": {"uv": [16, 1, 12.5, 4], "rotation": 270, "texture": "#2"},
				"up": {"uv": [12.5, 3, 16, 6], "rotation": 180, "texture": "#2"},
				"down": {"uv": [12.5, 4, 16, 1], "rotation": 180, "texture": "#2"}
			}
		},
		{
			"from": [6.7575, 4.2425, 3],
			"to": [9.2425, 10.2425, 6],
			"rotation": {"angle": 0, "axis": "y", "origin": [8, 7.2425, 4.5]},
			"faces": {
				"north": {"uv": [3.5, 7, 7, 8.5], "rotation": 270, "texture": "#2"},
				"east": {"uv": [3.5, 0, 7, 6], "rotation": 270, "texture": "#2"},
				"south": {"uv": [12.5, 7, 16, 8.5], "rotation": 90, "texture": "#2"},
				"west": {"uv": [0, 7.5, 3.5, 13.5], "rotation": 270, "texture": "#2"},
				"up": {"uv": [12.5, 10, 16, 16], "rotation": 180, "texture": "#2"},
				"down": {"uv": [16, 6, 12.5, 3], "rotation": 180, "texture": "#2"}
			}
		},
		{
			"from": [6.7575, 4.2425, 3],
			"to": [9.2425, 10.2425, 6],
			"rotation": {"angle": -45, "axis": "z", "origin": [8, 7.2425, 4.5]},
			"faces": {
				"north": {"uv": [3.5, 7, 7, 8.5], "rotation": 270, "texture": "#2"},
				"east": {"uv": [3.5, 0, 7, 6], "rotation": 270, "texture": "#2"},
				"south": {"uv": [12.5, 7, 16, 8.5], "rotation": 90, "texture": "#2"},
				"west": {"uv": [0, 7.5, 3.5, 13.5], "rotation": 270, "texture": "#2"},
				"up": {"uv": [12.5, 3, 16, 6], "rotation": 180, "texture": "#2"},
				"down": {"uv": [12.5, 6, 16, 3], "rotation": 180, "texture": "#2"}
			}
		},
		{
			"from": [5, 6, 6],
			"to": [11, 8.485, 9],
			"rotation": {"angle": -45, "axis": "z", "origin": [8, 7.2425, 3]},
			"faces": {
				"north": {"uv": [3.5, 7, 7, 8.5], "texture": "#2"},
				"east": {"uv": [7, 9.5, 4.5, 11.5], "texture": "#2"},
				"south": {"uv": [12.5, 7, 16, 8.5], "texture": "#2"},
				"west": {"uv": [0, 16, 3.5, 13.5], "rotation": 90, "texture": "#2"},
				"up": {"uv": [3.5, 2.5, 7, 8.5], "rotation": 180, "texture": "#2"},
				"down": {"uv": [0, 7.5, 3.5, 13.5], "rotation": 180, "texture": "#2"}
			}
		},
		{
			"from": [5, 6, 6],
			"to": [11, 8.485, 9],
			"rotation": {"angle": 0, "axis": "y", "origin": [8, 7.2425, 3]},
			"faces": {
				"north": {"uv": [3.5, 7, 7, 8.5], "texture": "#2"},
				"east": {"uv": [7, 11.5, 4.5, 9.5], "texture": "#2"},
				"south": {"uv": [12.5, 7, 16, 8.5], "texture": "#2"},
				"west": {"uv": [4.5, 9.5, 7, 11.5], "texture": "#2"},
				"up": {"uv": [3.5, 2.5, 7, 8.5], "rotation": 180, "texture": "#2"},
				"down": {"uv": [12.5, 0, 16, 2.5], "rotation": 180, "texture": "#2"}
			}
		},
		{
			"from": [4.75, 5.9, 6.25],
			"to": [11.25, 8.59208, 8.75],
			"rotation": {"angle": 0, "axis": "y", "origin": [8, 7.24604, 7.5]},
			"faces": {
				"north": {"uv": [4, 9.5, 5.5, 11.5], "texture": "#2"},
				"east": {"uv": [7, 11.5, 4.5, 9.5], "texture": "#2"},
				"south": {"uv": [4, 9.5, 6.5, 11.5], "texture": "#2"},
				"west": {"uv": [4.5, 9.5, 7, 11.5], "texture": "#2"},
				"up": {"uv": [4, 9.5, 6.5, 11.5], "rotation": 90, "texture": "#2"},
				"down": {"uv": [4, 9.5, 6.5, 11.5], "rotation": 90, "texture": "#2"}
			}
		},
		{
			"from": [6.65396, 3.99604, 6.25],
			"to": [9.34604, 10.49604, 8.75],
			"rotation": {"angle": 45, "axis": "z", "origin": [8, 7.24604, 7.5]},
			"faces": {
				"north": {"uv": [4, 9.5, 5.5, 11.5], "rotation": 270, "texture": "#2"},
				"east": {"uv": [4, 9.5, 6.5, 11.5], "rotation": 180, "texture": "#2"},
				"south": {"uv": [4, 9.5, 6.5, 11.5], "rotation": 90, "texture": "#2"},
				"west": {"uv": [4, 9.5, 6.5, 11.5], "rotation": 180, "texture": "#2"},
				"up": {"uv": [3.5, 16, 0, 13.5], "texture": "#2"},
				"down": {"uv": [7, 11.5, 4.5, 9.5], "rotation": 90, "texture": "#2"}
			}
		},
		{
			"from": [6.65396, 3.99604, 6.25],
			"to": [9.34604, 10.49604, 8.75],
			"rotation": {"angle": 0, "axis": "z", "origin": [8, 7.24604, 7.5]},
			"faces": {
				"north": {"uv": [4, 9.5, 5.5, 11.5], "rotation": 270, "texture": "#2"},
				"east": {"uv": [4, 9.5, 6.5, 11.5], "rotation": 180, "texture": "#2"},
				"south": {"uv": [4, 9.5, 6.5, 11.5], "rotation": 90, "texture": "#2"},
				"west": {"uv": [4, 9.5, 6.5, 11.5], "rotation": 180, "texture": "#2"},
				"up": {"uv": [0, 13.5, 3.5, 16], "texture": "#2"},
				"down": {"uv": [7, 11.5, 4.5, 9.5], "rotation": 90, "texture": "#2"}
			}
		},
		{
			"from": [6.65396, 3.99604, 6.25],
			"to": [9.34604, 10.49604, 8.75],
			"rotation": {"angle": -45, "axis": "z", "origin": [8, 7.24604, 7.5]},
			"faces": {
				"north": {"uv": [4, 9.5, 5.5, 11.5], "rotation": 270, "texture": "#2"},
				"east": {"uv": [4, 9.5, 6.5, 11.5], "rotation": 180, "texture": "#2"},
				"south": {"uv": [4, 9.5, 6.5, 11.5], "rotation": 90, "texture": "#2"},
				"west": {"uv": [4, 9.5, 6.5, 11.5], "rotation": 180, "texture": "#2"},
				"up": {"uv": [4.5, 9.5, 7, 11.5], "rotation": 90, "texture": "#2"},
				"down": {"uv": [7, 11.5, 4.5, 9.5], "rotation": 90, "texture": "#2"}
			}
		},
		{
			"from": [6.7575, 4.2425, 6],
			"to": [9.2425, 10.2425, 9],
			"rotation": {"angle": 0, "axis": "y", "origin": [8, 7.2425, 3]},
			"faces": {
				"north": {"uv": [3.5, 7, 7, 8.5], "rotation": 270, "texture": "#2"},
				"east": {"uv": [3.5, 0, 7, 6], "rotation": 270, "texture": "#2"},
				"south": {"uv": [12.5, 7, 16, 8.5], "rotation": 90, "texture": "#2"},
				"west": {"uv": [0, 7.5, 3.5, 13.5], "rotation": 270, "texture": "#2"},
				"up": {"uv": [3.5, 13.5, 0, 16], "rotation": 180, "texture": "#2"},
				"down": {"uv": [7, 11.5, 4.5, 9.5], "rotation": 90, "texture": "#2"}
			}
		},
		{
			"from": [6.7575, 4.2425, 6],
			"to": [9.2425, 10.2425, 9],
			"rotation": {"angle": -45, "axis": "z", "origin": [8, 7.2425, 3]},
			"faces": {
				"north": {"uv": [3.5, 7, 7, 8.5], "rotation": 270, "texture": "#2"},
				"east": {"uv": [3.5, 0, 7, 6], "rotation": 270, "texture": "#2"},
				"south": {"uv": [12.5, 7, 16, 8.5], "rotation": 90, "texture": "#2"},
				"west": {"uv": [0, 7.5, 3.5, 13.5], "rotation": 270, "texture": "#2"},
				"up": {"uv": [7, 11.5, 4.5, 9.5], "rotation": 90, "texture": "#2"},
				"down": {"uv": [7, 9.5, 4.5, 11.5], "rotation": 90, "texture": "#2"}
			}
		},
		{
			"from": [5, 6, 9],
			"to": [11, 8.485, 17],
			"rotation": {"angle": 0, "axis": "y", "origin": [8, 7.2425, 12]},
			"faces": {
				"north": {"uv": [12.5, 7, 16, 8.5], "texture": "#2"},
				"east": {"uv": [1, 7.5, 2.5, 13.5], "rotation": 90, "texture": "#2"},
				"south": {"uv": [12.5, 7, 16, 8.5], "texture": "#2"},
				"west": {"uv": [10, 10, 11.5, 16], "rotation": 90, "texture": "#2"},
				"up": {"uv": [9, 10, 12.5, 16], "rotation": 180, "texture": "#2"},
				"down": {"uv": [0, 7.5, 3.5, 13.5], "rotation": 180, "texture": "#2"}
			}
		},
		{
			"from": [-2, 6.7, 0.2],
			"to": [-1, 6.785, 0.3],
			"rotation": {"angle": -45, "axis": "z", "origin": [1, 5.5425, 0.8]},
			"faces": {
				"north": {"uv": [16, 13.5, 12.5, 11], "rotation": 90, "texture": "#2"},
				"east": {"uv": [12.5, 6, 16, 3], "rotation": 90, "texture": "#2"},
				"south": {"uv": [12.5, 7, 16, 8.5], "texture": "#2"},
				"west": {"uv": [16, 13.5, 12.5, 13], "rotation": 90, "texture": "#2"},
				"up": {"uv": [3.5, 2.5, 7, 8.5], "rotation": 180, "texture": "#2"},
				"down": {"uv": [4.5, 6.5, 5, 7], "rotation": 180, "texture": "#2"}
			}
		},
		{
			"from": [-2, 6.7, 0.3],
			"to": [-1, 6.885, 0.4],
			"rotation": {"angle": -45, "axis": "z", "origin": [1, 5.6425, 0.9]},
			"faces": {
				"north": {"uv": [16, 13.5, 12.5, 11], "rotation": 90, "texture": "#2"},
				"east": {"uv": [12.5, 6, 16, 3], "rotation": 90, "texture": "#2"},
				"south": {"uv": [12.5, 7, 16, 8.5], "texture": "#2"},
				"west": {"uv": [16, 13.5, 12.5, 13], "rotation": 90, "texture": "#2"},
				"up": {"uv": [3.5, 2.5, 7, 8.5], "rotation": 180, "texture": "#2"},
				"down": {"uv": [4.5, 6.5, 5, 7], "rotation": 180, "texture": "#2"}
			}
		},
		{
			"from": [-2, 6.6, 0.5],
			"to": [0, 7.085, 0.6],
			"rotation": {"angle": -45, "axis": "z", "origin": [1, 5.8425, 1.1]},
			"faces": {
				"north": {"uv": [16, 13.5, 12.5, 11], "rotation": 90, "texture": "#2"},
				"east": {"uv": [12.5, 6, 16, 3], "rotation": 90, "texture": "#2"},
				"south": {"uv": [12.5, 7, 16, 8.5], "texture": "#2"},
				"west": {"uv": [16, 13.5, 12.5, 13], "rotation": 90, "texture": "#2"},
				"up": {"uv": [3.5, 2.5, 7, 8.5], "rotation": 180, "texture": "#2"},
				"down": {"uv": [4.5, 6.5, 5, 7], "rotation": 180, "texture": "#2"}
			}
		},
		{
			"from": [-2, 6.6, 0.4],
			"to": [-1, 6.985, 0.5],
			"rotation": {"angle": -45, "axis": "z", "origin": [1, 5.7425, 1]},
			"faces": {
				"north": {"uv": [16, 13.5, 12.5, 11], "rotation": 90, "texture": "#2"},
				"east": {"uv": [12.5, 6, 16, 3], "rotation": 90, "texture": "#2"},
				"south": {"uv": [12.5, 7, 16, 8.5], "texture": "#2"},
				"west": {"uv": [16, 13.5, 12.5, 13], "rotation": 90, "texture": "#2"},
				"up": {"uv": [3.5, 2.5, 7, 8.5], "rotation": 180, "texture": "#2"},
				"down": {"uv": [4.5, 6.5, 5, 7], "rotation": 180, "texture": "#2"}
			}
		},
		{
			"from": [-2, 6.5, 0.6],
			"to": [0, 7.185, 0.7],
			"rotation": {"angle": -45, "axis": "z", "origin": [1, 5.9425, 1.2]},
			"faces": {
				"north": {"uv": [16, 13.5, 12.5, 11], "rotation": 90, "texture": "#2"},
				"east": {"uv": [12.5, 6, 16, 3], "rotation": 90, "texture": "#2"},
				"south": {"uv": [12.5, 7, 16, 8.5], "texture": "#2"},
				"west": {"uv": [16, 13.5, 12.5, 13], "rotation": 90, "texture": "#2"},
				"up": {"uv": [3.5, 2.5, 7, 8.5], "rotation": 180, "texture": "#2"},
				"down": {"uv": [4.5, 6.5, 5, 7], "rotation": 180, "texture": "#2"}
			}
		},
		{
			"from": [-2, 6.5, 0.7],
			"to": [0, 7.285, 0.8],
			"rotation": {"angle": -45, "axis": "z", "origin": [1, 6.0425, 1.3]},
			"faces": {
				"north": {"uv": [16, 13.5, 12.5, 11], "rotation": 90, "texture": "#2"},
				"east": {"uv": [12.5, 6, 16, 3], "rotation": 90, "texture": "#2"},
				"south": {"uv": [12.5, 7, 16, 8.5], "texture": "#2"},
				"west": {"uv": [16, 13.5, 12.5, 13], "rotation": 90, "texture": "#2"},
				"up": {"uv": [3.5, 2.5, 7, 8.5], "rotation": 180, "texture": "#2"},
				"down": {"uv": [4.5, 6.5, 5, 7], "rotation": 180, "texture": "#2"}
			}
		},
		{
			"from": [-2, 6.5, 0.8],
			"to": [0, 7.385, 0.9],
			"rotation": {"angle": -45, "axis": "z", "origin": [1, 6.1425, 1.4]},
			"faces": {
				"north": {"uv": [16, 13.5, 12.5, 11], "rotation": 90, "texture": "#2"},
				"east": {"uv": [12.5, 6, 16, 3], "rotation": 90, "texture": "#2"},
				"south": {"uv": [12.5, 7, 16, 8.5], "texture": "#2"},
				"west": {"uv": [16, 13.5, 12.5, 13], "rotation": 90, "texture": "#2"},
				"up": {"uv": [3.5, 2.5, 7, 8.5], "rotation": 180, "texture": "#2"},
				"down": {"uv": [4.5, 6.5, 5, 7], "rotation": 180, "texture": "#2"}
			}
		},
		{
			"from": [-2, 6.4, 0.9],
			"to": [0, 7.485, 1],
			"rotation": {"angle": -45, "axis": "z", "origin": [1, 6.2425, 1.5]},
			"faces": {
				"north": {"uv": [16, 13.5, 12.5, 11], "rotation": 90, "texture": "#2"},
				"east": {"uv": [12.5, 6, 16, 3], "rotation": 90, "texture": "#2"},
				"south": {"uv": [12.5, 7, 16, 8.5], "texture": "#2"},
				"west": {"uv": [16, 13.5, 12.5, 13], "rotation": 90, "texture": "#2"},
				"up": {"uv": [3.5, 2.5, 7, 8.5], "rotation": 180, "texture": "#2"},
				"down": {"uv": [4.5, 6.5, 5, 7], "rotation": 180, "texture": "#2"}
			}
		},
		{
			"from": [-2, 6.4, 1],
			"to": [0, 7.585, 1.1],
			"rotation": {"angle": -45, "axis": "z", "origin": [1, 6.3425, 1.6]},
			"faces": {
				"north": {"uv": [16, 13.5, 12.5, 11], "rotation": 90, "texture": "#2"},
				"east": {"uv": [12.5, 6, 16, 3], "rotation": 90, "texture": "#2"},
				"south": {"uv": [12.5, 7, 16, 8.5], "texture": "#2"},
				"west": {"uv": [16, 13.5, 12.5, 13], "rotation": 90, "texture": "#2"},
				"up": {"uv": [3.5, 2.5, 7, 8.5], "rotation": 180, "texture": "#2"},
				"down": {"uv": [4.5, 6.5, 5, 7], "rotation": 180, "texture": "#2"}
			}
		},
		{
			"from": [-2, 6.3, 1.1],
			"to": [0, 7.685, 1.4],
			"rotation": {"angle": -45, "axis": "z", "origin": [1, 6.4425, 1.9]},
			"faces": {
				"north": {"uv": [16, 13.5, 12.5, 11], "rotation": 90, "texture": "#2"},
				"east": {"uv": [12.5, 6, 16, 3], "rotation": 90, "texture": "#2"},
				"south": {"uv": [12.5, 7, 16, 8.5], "texture": "#2"},
				"west": {"uv": [16, 13.5, 12.5, 13], "rotation": 90, "texture": "#2"},
				"up": {"uv": [3.5, 2.5, 7, 8.5], "rotation": 180, "texture": "#2"},
				"down": {"uv": [5, 4, 5.5, 4.5], "rotation": 180, "texture": "#2"}
			}
		},
		{
			"from": [-2, 6.3, 1.4],
			"to": [0, 7.785, 1.6],
			"rotation": {"angle": -45, "axis": "z", "origin": [1, 6.5425, 2.1]},
			"faces": {
				"north": {"uv": [16, 13.5, 12.5, 11], "rotation": 90, "texture": "#2"},
				"east": {"uv": [12.5, 6, 16, 3], "rotation": 90, "texture": "#2"},
				"south": {"uv": [12.5, 7, 16, 8.5], "texture": "#2"},
				"west": {"uv": [16, 13.5, 12.5, 13], "rotation": 90, "texture": "#2"},
				"up": {"uv": [3.5, 2.5, 7, 8.5], "rotation": 180, "texture": "#2"},
				"down": {"uv": [5, 3, 5.5, 3.5], "rotation": 180, "texture": "#2"}
			}
		},
		{
			"from": [-2, 6.2, 1.6],
			"to": [0, 7.885, 1.9],
			"rotation": {"angle": -45, "axis": "z", "origin": [1, 6.6425, 2.4]},
			"faces": {
				"north": {"uv": [16, 13.5, 12.5, 11], "rotation": 90, "texture": "#2"},
				"east": {"uv": [12.5, 6, 16, 3], "rotation": 90, "texture": "#2"},
				"south": {"uv": [12.5, 7, 16, 8.5], "texture": "#2"},
				"west": {"uv": [16, 13.5, 12.5, 13], "rotation": 90, "texture": "#2"},
				"up": {"uv": [3.5, 2.5, 7, 8.5], "rotation": 180, "texture": "#2"},
				"down": {"uv": [0, 7.5, 3.5, 13.5], "rotation": 180, "texture": "#2"}
			}
		},
		{
			"from": [-2, 6.2, 1.9],
			"to": [0, 7.985, 2.2],
			"rotation": {"angle": -45, "axis": "z", "origin": [1, 6.7425, 2.7]},
			"faces": {
				"north": {"uv": [16, 13.5, 12.5, 11], "rotation": 90, "texture": "#2"},
				"east": {"uv": [12.5, 6, 16, 3], "rotation": 90, "texture": "#2"},
				"south": {"uv": [12.5, 7, 16, 8.5], "texture": "#2"},
				"west": {"uv": [16, 13.5, 12.5, 13], "rotation": 90, "texture": "#2"},
				"up": {"uv": [3.5, 2.5, 7, 8.5], "rotation": 180, "texture": "#2"},
				"down": {"uv": [0, 7.5, 3.5, 13.5], "rotation": 180, "texture": "#2"}
			}
		},
		{
			"from": [-2, 6.1, 2.2],
			"to": [0, 8.085, 2.4],
			"rotation": {"angle": -45, "axis": "z", "origin": [1, 6.8425, 2.9]},
			"faces": {
				"north": {"uv": [16, 13.5, 12.5, 11], "rotation": 90, "texture": "#2"},
				"east": {"uv": [12.5, 6, 16, 3], "rotation": 90, "texture": "#2"},
				"south": {"uv": [12.5, 7, 16, 8.5], "texture": "#2"},
				"west": {"uv": [16, 13.5, 12.5, 13], "rotation": 90, "texture": "#2"},
				"up": {"uv": [3.5, 2.5, 7, 8.5], "rotation": 180, "texture": "#2"},
				"down": {"uv": [0, 7.5, 3.5, 13.5], "rotation": 180, "texture": "#2"}
			}
		},
		{
			"from": [-2, 6.1, 2.4],
			"to": [0, 8.185, 2.6],
			"rotation": {"angle": -45, "axis": "z", "origin": [1, 6.9425, 3.1]},
			"faces": {
				"north": {"uv": [16, 13.5, 12.5, 11], "rotation": 90, "texture": "#2"},
				"east": {"uv": [12.5, 6, 16, 3], "rotation": 90, "texture": "#2"},
				"south": {"uv": [12.5, 7, 16, 8.5], "texture": "#2"},
				"west": {"uv": [16, 13.5, 12.5, 13], "rotation": 90, "texture": "#2"},
				"up": {"uv": [3.5, 2.5, 7, 8.5], "rotation": 180, "texture": "#2"},
				"down": {"uv": [0, 7.5, 3.5, 13.5], "rotation": 180, "texture": "#2"}
			}
		},
		{
			"from": [-2, 6, 2.6],
			"to": [0, 8.285, 2.8],
			"rotation": {"angle": -45, "axis": "z", "origin": [1, 7.0425, 3.3]},
			"faces": {
				"north": {"uv": [16, 13.5, 12.5, 11], "rotation": 90, "texture": "#2"},
				"east": {"uv": [12.5, 6, 16, 3], "rotation": 90, "texture": "#2"},
				"south": {"uv": [12.5, 7, 16, 8.5], "texture": "#2"},
				"west": {"uv": [16, 13.5, 12.5, 13], "rotation": 90, "texture": "#2"},
				"up": {"uv": [3.5, 2.5, 7, 8.5], "rotation": 180, "texture": "#2"},
				"down": {"uv": [0, 7.5, 3.5, 13.5], "rotation": 180, "texture": "#2"}
			}
		},
		{
			"from": [-2, 6, 2.8],
			"to": [0, 8.385, 3.8],
			"rotation": {"angle": -45, "axis": "z", "origin": [1, 7.1425, 4.3]},
			"faces": {
				"north": {"uv": [16, 13.5, 12.5, 11], "rotation": 90, "texture": "#2"},
				"east": {"uv": [12.5, 6, 16, 3], "rotation": 90, "texture": "#2"},
				"south": {"uv": [12.5, 7, 16, 8.5], "texture": "#2"},
				"west": {"uv": [16, 13.5, 12.5, 13], "rotation": 90, "texture": "#2"},
				"up": {"uv": [3.5, 2.5, 7, 8.5], "rotation": 180, "texture": "#2"},
				"down": {"uv": [0, 7.5, 3.5, 13.5], "rotation": 180, "texture": "#2"}
			}
		},
		{
			"from": [-0.25, 6, 0.15],
			"to": [2.25, 8.485, 3.15],
			"rotation": {"angle": 0, "axis": "y", "origin": [1, 7.2425, 1.6]},
			"faces": {
				"north": {"uv": [3.5, 6, 7, 9.5], "texture": "#2"},
				"east": {"uv": [12.5, 6, 16, 3], "rotation": 90, "texture": "#2"},
				"south": {"uv": [12.5, 7, 16, 8.5], "texture": "#2"},
				"west": {"uv": [16, 6, 12.5, 3], "rotation": 90, "texture": "#2"},
				"up": {"uv": [3.5, 2.5, 7, 8.5], "rotation": 180, "texture": "#2"},
				"down": {"uv": [12.5, 0, 16, 2.5], "rotation": 180, "texture": "#2"}
			}
		},
		{
			"from": [0.1448, 6, 1.03415],
			"to": [3.1448, 8.485, 2.43415],
			"rotation": {"angle": 45, "axis": "y", "origin": [1.6448, 7.2425, 1.68415]},
			"faces": {
				"north": {"uv": [7, 7, 3.5, 8.5], "texture": "#2"},
				"east": {"uv": [12.5, 2.5, 16, 0.5], "rotation": 90, "texture": "#2"},
				"south": {"uv": [16, 7, 12.5, 8.5], "texture": "#2"},
				"west": {"uv": [12.5, 3, 16, 6], "rotation": 90, "texture": "#2"},
				"up": {"uv": [16, 1.5, 12.5, 4.5], "rotation": 180, "texture": "#2"},
				"down": {"uv": [16, 1, 12.5, 4], "rotation": 180, "texture": "#2"}
			}
		},
		{
			"from": [-0.25, 5.125, 1.06],
			"to": [2.235, 8.125, 2.46],
			"rotation": {"angle": 45, "axis": "x", "origin": [0.9552, 6.6575, 1.68415]},
			"faces": {
				"north": {"uv": [7, 7, 3.5, 8.5], "rotation": 270, "texture": "#2"},
				"east": {"uv": [16, 1.5, 12.5, 4.5], "rotation": 270, "texture": "#2"},
				"south": {"uv": [16, 7, 12.5, 8.5], "rotation": 90, "texture": "#2"},
				"west": {"uv": [16, 1, 12.5, 4], "rotation": 270, "texture": "#2"},
				"up": {"uv": [12.5, 3, 16, 6], "rotation": 180, "texture": "#2"},
				"down": {"uv": [12.5, 2.5, 16, 0.5], "rotation": 180, "texture": "#2"}
			}
		},
		{
			"from": [-0.25, 6.375, 1.06],
			"to": [2.235, 9.375, 2.46],
			"rotation": {"angle": -45, "axis": "x", "origin": [0.9552, 7.8425, 1.68415]},
			"faces": {
				"north": {"uv": [3.5, 7, 7, 8.5], "rotation": 270, "texture": "#2"},
				"east": {"uv": [12.5, 1.5, 16, 4.5], "rotation": 270, "texture": "#2"},
				"south": {"uv": [12.5, 7, 16, 8.5], "rotation": 90, "texture": "#2"},
				"west": {"uv": [12.5, 11, 16, 14], "rotation": 270, "texture": "#2"},
				"up": {"uv": [12.5, 0.5, 16, 2.5], "rotation": 180, "texture": "#2"},
				"down": {"uv": [12.5, 6, 16, 3], "rotation": 180, "texture": "#2"}
			}
		},
		{
			"from": [-1.1448, 6, 1.03415],
			"to": [0.2552, 8.485, 2.43415],
			"rotation": {"angle": -45, "axis": "y", "origin": [0.3552, 7.2425, 1.68415]},
			"faces": {
				"north": {"uv": [3.5, 7, 7, 8.5], "texture": "#2"},
				"east": {"uv": [12.5, 6, 16, 3], "rotation": 90, "texture": "#2"},
				"south": {"uv": [12.5, 7, 16, 8.5], "texture": "#2"},
				"west": {"uv": [12.5, 0.5, 16, 2.5], "rotation": 90, "texture": "#2"},
				"up": {"uv": [16, 11, 12.5, 14], "rotation": 180, "texture": "#2"},
				"down": {"uv": [12.5, 1, 16, 4], "rotation": 180, "texture": "#2"}
			}
		},
		{
			"from": [-0.2425, 4.5975, 2.29],
			"to": [2.2425, 7.5975, 4.29],
			"rotation": {"angle": 22.5, "axis": "x", "origin": [1, 7.6575, 2.8]},
			"faces": {
				"north": {"uv": [7, 7, 3.5, 8.5], "rotation": 270, "texture": "#2"},
				"east": {"uv": [16, 1.5, 12.5, 4.5], "rotation": 270, "texture": "#2"},
				"south": {"uv": [16, 7, 12.5, 8.5], "rotation": 90, "texture": "#2"},
				"west": {"uv": [16, 1, 12.5, 4], "rotation": 270, "texture": "#2"},
				"up": {"uv": [12.5, 3, 16, 6], "rotation": 180, "texture": "#2"},
				"down": {"uv": [12.5, 4, 16, 1], "rotation": 180, "texture": "#2"}
			}
		},
		{
			"from": [0.72877, 6, 1.65571],
			"to": [3.72877, 8.485, 3.65571],
			"rotation": {"angle": 22.5, "axis": "y", "origin": [2.22877, 7.2425, 2.65571]},
			"faces": {
				"north": {"uv": [7, 7, 3.5, 8.5], "texture": "#2"},
				"east": {"uv": [12.5, 4, 16, 1], "rotation": 90, "texture": "#2"},
				"south": {"uv": [16, 7, 12.5, 8.5], "texture": "#2"},
				"west": {"uv": [12.5, 3, 16, 6], "rotation": 90, "texture": "#2"},
				"up": {"uv": [16, 1.5, 12.5, 4.5], "rotation": 180, "texture": "#2"},
				"down": {"uv": [16, 1, 12.5, 4], "rotation": 180, "texture": "#2"}
			}
		},
		{
			"from": [-0.2425, 6.9025, 2.29],
			"to": [2.2425, 9.9025, 4.29],
			"rotation": {"angle": -22.5, "axis": "x", "origin": [1, 6.8425, 2.8]},
			"faces": {
				"north": {"uv": [3.5, 7, 7, 8.5], "rotation": 270, "texture": "#2"},
				"east": {"uv": [12.5, 1.5, 16, 4.5], "rotation": 270, "texture": "#2"},
				"south": {"uv": [12.5, 7, 16, 8.5], "rotation": 90, "texture": "#2"},
				"west": {"uv": [12.5, 10.5, 16, 13.5], "rotation": 270, "texture": "#2"},
				"up": {"uv": [12.5, 11, 16, 14], "rotation": 180, "texture": "#2"},
				"down": {"uv": [12.5, 6, 16, 3], "rotation": 180, "texture": "#2"}
			}
		},
		{
			"from": [-1.72877, 6, 1.65571],
			"to": [-0.12877, 8.485, 3.65571],
			"rotation": {"angle": -22.5, "axis": "y", "origin": [-0.22877, 7.2425, 2.65571]},
			"faces": {
				"north": {"uv": [3.5, 7, 7, 8.5], "texture": "#2"},
				"east": {"uv": [12.5, 6, 16, 3], "rotation": 90, "texture": "#2"},
				"south": {"uv": [12.5, 7, 16, 8.5], "texture": "#2"},
				"west": {"uv": [12.5, 1, 16, 4], "rotation": 90, "texture": "#2"},
				"up": {"uv": [16, 14.5, 12.5, 11.5], "rotation": 180, "texture": "#2"},
				"down": {"uv": [12.5, 1, 16, 4], "rotation": 180, "texture": "#2"}
			}
		},
		{
			"from": [-0.34604, 3.99604, 6.25],
			"to": [2.34604, 10.49604, 8.75],
			"rotation": {"angle": -45, "axis": "z", "origin": [1, 7.24604, 7.5]},
			"faces": {
				"north": {"uv": [4, 9.5, 5.5, 11.5], "rotation": 270, "texture": "#2"},
				"east": {"uv": [4, 9.5, 6.5, 11.5], "rotation": 180, "texture": "#2"},
				"south": {"uv": [4, 9.5, 6.5, 11.5], "rotation": 90, "texture": "#2"},
				"west": {"uv": [4, 9.5, 6.5, 11.5], "rotation": 180, "texture": "#2"},
				"up": {"uv": [4.5, 9.5, 7, 11.5], "rotation": 90, "texture": "#2"},
				"down": {"uv": [7, 11.5, 4.5, 9.5], "rotation": 90, "texture": "#2"}
			}
		},
		{
			"from": [-0.34604, 3.99604, 6.25],
			"to": [2.34604, 10.49604, 8.75],
			"rotation": {"angle": 0, "axis": "y", "origin": [1, 7.24604, 7.5]},
			"faces": {
				"north": {"uv": [4, 9.5, 5.5, 11.5], "rotation": 270, "texture": "#2"},
				"east": {"uv": [4, 9.5, 6.5, 11.5], "rotation": 180, "texture": "#2"},
				"south": {"uv": [4, 9.5, 6.5, 11.5], "rotation": 90, "texture": "#2"},
				"west": {"uv": [4, 9.5, 6.5, 11.5], "rotation": 180, "texture": "#2"},
				"up": {"uv": [0, 13.5, 3.5, 16], "texture": "#2"},
				"down": {"uv": [7, 11.5, 4.5, 9.5], "rotation": 90, "texture": "#2"}
			}
		},
		{
			"from": [-0.34604, 3.99604, 6.25],
			"to": [2.34604, 10.49604, 8.75],
			"rotation": {"angle": 45, "axis": "z", "origin": [1, 7.24604, 7.5]},
			"faces": {
				"north": {"uv": [4, 9.5, 5.5, 11.5], "rotation": 270, "texture": "#2"},
				"east": {"uv": [4, 9.5, 6.5, 11.5], "rotation": 180, "texture": "#2"},
				"south": {"uv": [4, 9.5, 6.5, 11.5], "rotation": 90, "texture": "#2"},
				"west": {"uv": [4, 9.5, 6.5, 11.5], "rotation": 180, "texture": "#2"},
				"up": {"uv": [3.5, 16, 0, 13.5], "texture": "#2"},
				"down": {"uv": [7, 11.5, 4.5, 9.5], "rotation": 90, "texture": "#2"}
			}
		},
		{
			"from": [-2.25, 5.9, 6.25],
			"to": [4.25, 8.59208, 8.75],
			"rotation": {"angle": 0, "axis": "y", "origin": [1, 7.24604, 7.5]},
			"faces": {
				"north": {"uv": [4, 9.5, 5.5, 11.5], "texture": "#2"},
				"east": {"uv": [7, 11.5, 4.5, 9.5], "texture": "#2"},
				"south": {"uv": [4, 9.5, 6.5, 11.5], "texture": "#2"},
				"west": {"uv": [4.5, 9.5, 7, 11.5], "texture": "#2"},
				"up": {"uv": [4, 9.5, 6.5, 11.5], "rotation": 90, "texture": "#2"},
				"down": {"uv": [4, 9.5, 6.5, 11.5], "rotation": 90, "texture": "#2"}
			}
		},
		{
			"from": [-0.34604, 3.99604, 16.601],
			"to": [2.34604, 10.49604, 17.001],
			"rotation": {"angle": -45, "axis": "z", "origin": [1, 7.24604, 16.8]},
			"faces": {
				"north": {"uv": [12.5, 7, 16, 8.5], "rotation": 270, "texture": "#2"},
				"east": {"uv": [9, 10, 12.5, 16], "rotation": 270, "texture": "#2"},
				"south": {"uv": [12.5, 7, 16, 8.5], "rotation": 90, "texture": "#2"},
				"west": {"uv": [0, 7.5, 3.5, 13.5], "rotation": 270, "texture": "#2"},
				"up": {"uv": [10, 10, 11.5, 10.5], "rotation": 180, "texture": "#2"},
				"down": {"uv": [10, 15.5, 11.5, 16], "rotation": 180, "texture": "#2"}
			}
		},
		{
			"from": [-0.34604, 3.99604, 16.602],
			"to": [2.34604, 10.49604, 17.002],
			"rotation": {"angle": 0, "axis": "y", "origin": [1, 7.24604, 16.8]},
			"faces": {
				"north": {"uv": [12.5, 7, 16, 8.5], "rotation": 270, "texture": "#2"},
				"east": {"uv": [9, 10, 12.5, 16], "rotation": 270, "texture": "#2"},
				"south": {"uv": [12.5, 7, 16, 8.5], "rotation": 90, "texture": "#2"},
				"west": {"uv": [0, 7.5, 3.5, 13.5], "rotation": 270, "texture": "#2"},
				"up": {"uv": [10, 10, 11.5, 10.5], "rotation": 180, "texture": "#2"},
				"down": {"uv": [10, 15.5, 11.5, 16], "rotation": 180, "texture": "#2"}
			}
		},
		{
			"from": [-0.34604, 3.99604, 16.601],
			"to": [2.34604, 10.49604, 17.001],
			"rotation": {"angle": 45, "axis": "z", "origin": [1, 7.24604, 16.8]},
			"faces": {
				"north": {"uv": [12.5, 7, 16, 8.5], "rotation": 270, "texture": "#2"},
				"east": {"uv": [9, 10, 12.5, 16], "rotation": 270, "texture": "#2"},
				"south": {"uv": [12.5, 7, 16, 8.5], "rotation": 90, "texture": "#2"},
				"west": {"uv": [0, 7.5, 3.5, 13.5], "rotation": 270, "texture": "#2"},
				"up": {"uv": [10, 10, 11.5, 10.5], "rotation": 180, "texture": "#2"},
				"down": {"uv": [10, 15.5, 11.5, 16], "rotation": 180, "texture": "#2"}
			}
		},
		{
			"from": [-2.25, 5.9, 16.602],
			"to": [4.25, 8.59208, 17.002],
			"rotation": {"angle": 0, "axis": "y", "origin": [1, 7.24604, 16.8]},
			"faces": {
				"north": {"uv": [12.5, 7, 16, 8.5], "texture": "#2"},
				"east": {"uv": [10, 15.5, 11.5, 16], "rotation": 90, "texture": "#2"},
				"south": {"uv": [12.5, 7, 16, 8.5], "texture": "#2"},
				"west": {"uv": [10, 10, 11.5, 10.5], "rotation": 90, "texture": "#2"},
				"up": {"uv": [9, 10, 12.5, 16], "rotation": 180, "texture": "#2"},
				"down": {"uv": [0, 7.5, 3.5, 13.5], "rotation": 180, "texture": "#2"}
			}
		},
		{
			"from": [-0.2425, 4.2425, 6],
			"to": [2.2425, 10.2425, 9],
			"rotation": {"angle": -45, "axis": "z", "origin": [1, 7.2425, 3]},
			"faces": {
				"north": {"uv": [3.5, 7, 7, 8.5], "rotation": 270, "texture": "#2"},
				"east": {"uv": [3.5, 0, 7, 6], "rotation": 270, "texture": "#2"},
				"south": {"uv": [12.5, 7, 16, 8.5], "rotation": 90, "texture": "#2"},
				"west": {"uv": [0, 7.5, 3.5, 13.5], "rotation": 270, "texture": "#2"},
				"up": {"uv": [7, 11.5, 4.5, 9.5], "rotation": 90, "texture": "#2"},
				"down": {"uv": [7, 9.5, 4.5, 11.5], "rotation": 90, "texture": "#2"}
			}
		},
		{
			"from": [-0.2425, 4.2425, 6],
			"to": [2.2425, 10.2425, 9],
			"rotation": {"angle": 0, "axis": "y", "origin": [1, 7.2425, 3]},
			"faces": {
				"north": {"uv": [3.5, 7, 7, 8.5], "rotation": 270, "texture": "#2"},
				"east": {"uv": [3.5, 0, 7, 6], "rotation": 270, "texture": "#2"},
				"south": {"uv": [12.5, 7, 16, 8.5], "rotation": 90, "texture": "#2"},
				"west": {"uv": [0, 7.5, 3.5, 13.5], "rotation": 270, "texture": "#2"},
				"up": {"uv": [3.5, 13.5, 0, 16], "rotation": 180, "texture": "#2"},
				"down": {"uv": [7, 11.5, 4.5, 9.5], "rotation": 90, "texture": "#2"}
			}
		},
		{
			"from": [-2, 6, 6],
			"to": [4, 8.485, 9],
			"rotation": {"angle": 0, "axis": "y", "origin": [1, 7.2425, 3]},
			"faces": {
				"north": {"uv": [3.5, 7, 7, 8.5], "texture": "#2"},
				"east": {"uv": [7, 11.5, 4.5, 9.5], "texture": "#2"},
				"south": {"uv": [12.5, 7, 16, 8.5], "texture": "#2"},
				"west": {"uv": [4.5, 9.5, 7, 11.5], "texture": "#2"},
				"up": {"uv": [3.5, 2.5, 7, 8.5], "rotation": 180, "texture": "#2"},
				"down": {"uv": [12.5, 0, 16, 2.5], "rotation": 180, "texture": "#2"}
			}
		},
		{
			"from": [-2, 6, 6],
			"to": [4, 8.485, 9],
			"rotation": {"angle": -45, "axis": "z", "origin": [1, 7.2425, 3]},
			"faces": {
				"north": {"uv": [3.5, 7, 7, 8.5], "texture": "#2"},
				"east": {"uv": [7, 9.5, 4.5, 11.5], "texture": "#2"},
				"south": {"uv": [12.5, 7, 16, 8.5], "texture": "#2"},
				"west": {"uv": [0, 16, 3.5, 13.5], "rotation": 90, "texture": "#2"},
				"up": {"uv": [3.5, 2.5, 7, 8.5], "rotation": 180, "texture": "#2"},
				"down": {"uv": [0, 7.5, 3.5, 13.5], "rotation": 180, "texture": "#2"}
			}
		},
		{
			"from": [-0.2425, 4.2425, 3],
			"to": [2.2425, 10.2425, 6],
			"rotation": {"angle": -45, "axis": "z", "origin": [1, 7.2425, 4.5]},
			"faces": {
				"north": {"uv": [3.5, 7, 7, 8.5], "rotation": 270, "texture": "#2"},
				"east": {"uv": [3.5, 0, 7, 6], "rotation": 270, "texture": "#2"},
				"south": {"uv": [12.5, 7, 16, 8.5], "rotation": 90, "texture": "#2"},
				"west": {"uv": [0, 7.5, 3.5, 13.5], "rotation": 270, "texture": "#2"},
				"up": {"uv": [12.5, 3, 16, 6], "rotation": 180, "texture": "#2"},
				"down": {"uv": [12.5, 6, 16, 3], "rotation": 180, "texture": "#2"}
			}
		},
		{
			"from": [-0.2425, 4.2425, 3],
			"to": [2.2425, 10.2425, 6],
			"rotation": {"angle": 0, "axis": "y", "origin": [1, 7.2425, 4.5]},
			"faces": {
				"north": {"uv": [3.5, 7, 7, 8.5], "rotation": 270, "texture": "#2"},
				"east": {"uv": [3.5, 0, 7, 6], "rotation": 270, "texture": "#2"},
				"south": {"uv": [12.5, 7, 16, 8.5], "rotation": 90, "texture": "#2"},
				"west": {"uv": [0, 7.5, 3.5, 13.5], "rotation": 270, "texture": "#2"},
				"up": {"uv": [12.5, 10, 16, 16], "rotation": 180, "texture": "#2"},
				"down": {"uv": [16, 6, 12.5, 3], "rotation": 180, "texture": "#2"}
			}
		},
		{
			"from": [-2, 6, 3],
			"to": [4, 8.485, 6],
			"rotation": {"angle": -45, "axis": "z", "origin": [1, 7.2425, 4.5]},
			"faces": {
				"north": {"uv": [16, 13.5, 12.5, 11], "rotation": 90, "texture": "#2"},
				"east": {"uv": [12.5, 6, 16, 3], "rotation": 90, "texture": "#2"},
				"south": {"uv": [12.5, 7, 16, 8.5], "texture": "#2"},
				"west": {"uv": [16, 16, 12.5, 13], "rotation": 90, "texture": "#2"},
				"up": {"uv": [3.5, 2.5, 7, 8.5], "rotation": 180, "texture": "#2"},
				"down": {"uv": [0, 7.5, 3.5, 13.5], "rotation": 180, "texture": "#2"}
			}
		},
		{
			"from": [-2, 6, 3],
			"to": [4, 8.485, 6],
			"rotation": {"angle": 0, "axis": "y", "origin": [1, 7.2425, 4.5]},
			"faces": {
				"north": {"uv": [3.5, 7, 7, 8.5], "texture": "#2"},
				"east": {"uv": [12.5, 6, 16, 3], "rotation": 90, "texture": "#2"},
				"south": {"uv": [12.5, 7, 16, 8.5], "texture": "#2"},
				"west": {"uv": [16, 6, 12.5, 3], "rotation": 90, "texture": "#2"},
				"up": {"uv": [3.5, 2.5, 7, 8.5], "rotation": 180, "texture": "#2"},
				"down": {"uv": [12.5, 0, 16, 2.5], "rotation": 180, "texture": "#2"}
			}
		},
		{
			"from": [-0.2425, 4.2425, 9],
			"to": [2.2425, 10.2425, 17],
			"rotation": {"angle": -45, "axis": "z", "origin": [1, 7.2425, 12]},
			"faces": {
				"north": {"uv": [12.5, 7, 16, 8.5], "rotation": 270, "texture": "#2"},
				"east": {"uv": [9, 10, 12.5, 16], "rotation": 270, "texture": "#2"},
				"south": {"uv": [12.5, 7, 16, 8.5], "rotation": 90, "texture": "#2"},
				"west": {"uv": [0, 7.5, 3.5, 13.5], "rotation": 270, "texture": "#2"},
				"up": {"uv": [11, 10, 12.5, 16], "rotation": 180, "texture": "#2"},
				"down": {"uv": [10.5, 10, 12, 16], "rotation": 180, "texture": "#2"}
			}
		},
		{
			"from": [-0.2425, 4.2425, 9],
			"to": [2.2425, 10.2425, 17],
			"rotation": {"angle": 0, "axis": "y", "origin": [1, 7.2425, 12]},
			"faces": {
				"north": {"uv": [12.5, 7, 16, 8.5], "rotation": 270, "texture": "#2"},
				"east": {"uv": [9, 10, 12.5, 16], "rotation": 270, "texture": "#2"},
				"south": {"uv": [12.5, 7, 16, 8.5], "rotation": 90, "texture": "#2"},
				"west": {"uv": [0, 7.5, 3.5, 13.5], "rotation": 270, "texture": "#2"},
				"up": {"uv": [3.5, 7.5, 0, 13.5], "rotation": 180, "texture": "#2"},
				"down": {"uv": [1.5, 7.5, 3, 13.5], "rotation": 180, "texture": "#2"}
			}
		},
		{
			"from": [-2, 6, 9],
			"to": [4, 8.485, 17],
			"rotation": {"angle": -45, "axis": "z", "origin": [1, 7.2425, 12]},
			"faces": {
				"north": {"uv": [12.5, 7, 16, 8.5], "texture": "#2"},
				"east": {"uv": [1, 7.5, 2.5, 13.5], "rotation": 90, "texture": "#2"},
				"south": {"uv": [12.5, 7, 16, 8.5], "texture": "#2"},
				"west": {"uv": [0, 13.5, 3.5, 7.5], "rotation": 90, "texture": "#2"},
				"up": {"uv": [9, 10, 12.5, 16], "rotation": 180, "texture": "#2"},
				"down": {"uv": [0, 7.5, 3.5, 13.5], "rotation": 180, "texture": "#2"}
			}
		},
		{
			"from": [-2, 6, 9],
			"to": [4, 8.485, 17],
			"rotation": {"angle": 0, "axis": "y", "origin": [1, 7.2425, 12]},
			"faces": {
				"north": {"uv": [12.5, 7, 16, 8.5], "texture": "#2"},
				"east": {"uv": [1, 7.5, 2.5, 13.5], "rotation": 90, "texture": "#2"},
				"south": {"uv": [12.5, 7, 16, 8.5], "texture": "#2"},
				"west": {"uv": [10, 10, 11.5, 16], "rotation": 90, "texture": "#2"},
				"up": {"uv": [9, 10, 12.5, 16], "rotation": 180, "texture": "#2"},
				"down": {"uv": [0, 7.5, 3.5, 13.5], "rotation": 180, "texture": "#2"}
			}
		},
		{
			"from": [12, 6.7, 0.2],
			"to": [13, 6.785, 0.3],
			"rotation": {"angle": -45, "axis": "z", "origin": [15, 5.5425, 0.8]},
			"faces": {
				"north": {"uv": [16, 13.5, 12.5, 11], "rotation": 90, "texture": "#2"},
				"east": {"uv": [12.5, 6, 16, 3], "rotation": 90, "texture": "#2"},
				"south": {"uv": [12.5, 7, 16, 8.5], "texture": "#2"},
				"west": {"uv": [16, 13.5, 12.5, 13], "rotation": 90, "texture": "#2"},
				"up": {"uv": [3.5, 2.5, 7, 8.5], "rotation": 180, "texture": "#2"},
				"down": {"uv": [4.5, 6.5, 5, 7], "rotation": 180, "texture": "#2"}
			}
		},
		{
			"from": [12, 6.7, 0.3],
			"to": [13, 6.885, 0.4],
			"rotation": {"angle": -45, "axis": "z", "origin": [15, 5.6425, 0.9]},
			"faces": {
				"north": {"uv": [16, 13.5, 12.5, 11], "rotation": 90, "texture": "#2"},
				"east": {"uv": [12.5, 6, 16, 3], "rotation": 90, "texture": "#2"},
				"south": {"uv": [12.5, 7, 16, 8.5], "texture": "#2"},
				"west": {"uv": [16, 13.5, 12.5, 13], "rotation": 90, "texture": "#2"},
				"up": {"uv": [3.5, 2.5, 7, 8.5], "rotation": 180, "texture": "#2"},
				"down": {"uv": [4.5, 6.5, 5, 7], "rotation": 180, "texture": "#2"}
			}
		},
		{
			"from": [12, 6.6, 0.5],
			"to": [14, 7.085, 0.6],
			"rotation": {"angle": -45, "axis": "z", "origin": [15, 5.8425, 1.1]},
			"faces": {
				"north": {"uv": [16, 13.5, 12.5, 11], "rotation": 90, "texture": "#2"},
				"east": {"uv": [12.5, 6, 16, 3], "rotation": 90, "texture": "#2"},
				"south": {"uv": [12.5, 7, 16, 8.5], "texture": "#2"},
				"west": {"uv": [16, 13.5, 12.5, 13], "rotation": 90, "texture": "#2"},
				"up": {"uv": [3.5, 2.5, 7, 8.5], "rotation": 180, "texture": "#2"},
				"down": {"uv": [4.5, 6.5, 5, 7], "rotation": 180, "texture": "#2"}
			}
		},
		{
			"from": [12, 6.6, 0.4],
			"to": [13, 6.985, 0.5],
			"rotation": {"angle": -45, "axis": "z", "origin": [15, 5.7425, 1]},
			"faces": {
				"north": {"uv": [16, 13.5, 12.5, 11], "rotation": 90, "texture": "#2"},
				"east": {"uv": [12.5, 6, 16, 3], "rotation": 90, "texture": "#2"},
				"south": {"uv": [12.5, 7, 16, 8.5], "texture": "#2"},
				"west": {"uv": [16, 13.5, 12.5, 13], "rotation": 90, "texture": "#2"},
				"up": {"uv": [3.5, 2.5, 7, 8.5], "rotation": 180, "texture": "#2"},
				"down": {"uv": [4.5, 6.5, 5, 7], "rotation": 180, "texture": "#2"}
			}
		},
		{
			"from": [12, 6.5, 0.6],
			"to": [14, 7.185, 0.7],
			"rotation": {"angle": -45, "axis": "z", "origin": [15, 5.9425, 1.2]},
			"faces": {
				"north": {"uv": [16, 13.5, 12.5, 11], "rotation": 90, "texture": "#2"},
				"east": {"uv": [12.5, 6, 16, 3], "rotation": 90, "texture": "#2"},
				"south": {"uv": [12.5, 7, 16, 8.5], "texture": "#2"},
				"west": {"uv": [16, 13.5, 12.5, 13], "rotation": 90, "texture": "#2"},
				"up": {"uv": [3.5, 2.5, 7, 8.5], "rotation": 180, "texture": "#2"},
				"down": {"uv": [4.5, 6.5, 5, 7], "rotation": 180, "texture": "#2"}
			}
		},
		{
			"from": [12, 6.5, 0.7],
			"to": [14, 7.285, 0.8],
			"rotation": {"angle": -45, "axis": "z", "origin": [15, 6.0425, 1.3]},
			"faces": {
				"north": {"uv": [16, 13.5, 12.5, 11], "rotation": 90, "texture": "#2"},
				"east": {"uv": [12.5, 6, 16, 3], "rotation": 90, "texture": "#2"},
				"south": {"uv": [12.5, 7, 16, 8.5], "texture": "#2"},
				"west": {"uv": [16, 13.5, 12.5, 13], "rotation": 90, "texture": "#2"},
				"up": {"uv": [3.5, 2.5, 7, 8.5], "rotation": 180, "texture": "#2"},
				"down": {"uv": [4.5, 6.5, 5, 7], "rotation": 180, "texture": "#2"}
			}
		},
		{
			"from": [12, 6.5, 0.8],
			"to": [14, 7.385, 0.9],
			"rotation": {"angle": -45, "axis": "z", "origin": [15, 6.1425, 1.4]},
			"faces": {
				"north": {"uv": [16, 13.5, 12.5, 11], "rotation": 90, "texture": "#2"},
				"east": {"uv": [12.5, 6, 16, 3], "rotation": 90, "texture": "#2"},
				"south": {"uv": [12.5, 7, 16, 8.5], "texture": "#2"},
				"west": {"uv": [16, 13.5, 12.5, 13], "rotation": 90, "texture": "#2"},
				"up": {"uv": [3.5, 2.5, 7, 8.5], "rotation": 180, "texture": "#2"},
				"down": {"uv": [4.5, 6.5, 5, 7], "rotation": 180, "texture": "#2"}
			}
		},
		{
			"from": [12, 6.4, 0.9],
			"to": [14, 7.485, 1],
			"rotation": {"angle": -45, "axis": "z", "origin": [15, 6.2425, 1.5]},
			"faces": {
				"north": {"uv": [16, 13.5, 12.5, 11], "rotation": 90, "texture": "#2"},
				"east": {"uv": [12.5, 6, 16, 3], "rotation": 90, "texture": "#2"},
				"south": {"uv": [12.5, 7, 16, 8.5], "texture": "#2"},
				"west": {"uv": [16, 13.5, 12.5, 13], "rotation": 90, "texture": "#2"},
				"up": {"uv": [3.5, 2.5, 7, 8.5], "rotation": 180, "texture": "#2"},
				"down": {"uv": [4.5, 6.5, 5, 7], "rotation": 180, "texture": "#2"}
			}
		},
		{
			"from": [12, 6.4, 1],
			"to": [14, 7.585, 1.1],
			"rotation": {"angle": -45, "axis": "z", "origin": [15, 6.3425, 1.6]},
			"faces": {
				"north": {"uv": [16, 13.5, 12.5, 11], "rotation": 90, "texture": "#2"},
				"east": {"uv": [12.5, 6, 16, 3], "rotation": 90, "texture": "#2"},
				"south": {"uv": [12.5, 7, 16, 8.5], "texture": "#2"},
				"west": {"uv": [16, 13.5, 12.5, 13], "rotation": 90, "texture": "#2"},
				"up": {"uv": [3.5, 2.5, 7, 8.5], "rotation": 180, "texture": "#2"},
				"down": {"uv": [4.5, 6.5, 5, 7], "rotation": 180, "texture": "#2"}
			}
		},
		{
			"from": [12, 6.3, 1.1],
			"to": [14, 7.685, 1.4],
			"rotation": {"angle": -45, "axis": "z", "origin": [15, 6.4425, 1.9]},
			"faces": {
				"north": {"uv": [16, 13.5, 12.5, 11], "rotation": 90, "texture": "#2"},
				"east": {"uv": [12.5, 6, 16, 3], "rotation": 90, "texture": "#2"},
				"south": {"uv": [12.5, 7, 16, 8.5], "texture": "#2"},
				"west": {"uv": [16, 13.5, 12.5, 13], "rotation": 90, "texture": "#2"},
				"up": {"uv": [3.5, 2.5, 7, 8.5], "rotation": 180, "texture": "#2"},
				"down": {"uv": [5, 4, 5.5, 4.5], "rotation": 180, "texture": "#2"}
			}
		},
		{
			"from": [12, 6.3, 1.4],
			"to": [14, 7.785, 1.6],
			"rotation": {"angle": -45, "axis": "z", "origin": [15, 6.5425, 2.1]},
			"faces": {
				"north": {"uv": [16, 13.5, 12.5, 11], "rotation": 90, "texture": "#2"},
				"east": {"uv": [12.5, 6, 16, 3], "rotation": 90, "texture": "#2"},
				"south": {"uv": [12.5, 7, 16, 8.5], "texture": "#2"},
				"west": {"uv": [16, 13.5, 12.5, 13], "rotation": 90, "texture": "#2"},
				"up": {"uv": [3.5, 2.5, 7, 8.5], "rotation": 180, "texture": "#2"},
				"down": {"uv": [5, 3, 5.5, 3.5], "rotation": 180, "texture": "#2"}
			}
		},
		{
			"from": [12, 6.2, 1.6],
			"to": [14, 7.885, 1.9],
			"rotation": {"angle": -45, "axis": "z", "origin": [15, 6.6425, 2.4]},
			"faces": {
				"north": {"uv": [16, 13.5, 12.5, 11], "rotation": 90, "texture": "#2"},
				"east": {"uv": [12.5, 6, 16, 3], "rotation": 90, "texture": "#2"},
				"south": {"uv": [12.5, 7, 16, 8.5], "texture": "#2"},
				"west": {"uv": [16, 13.5, 12.5, 13], "rotation": 90, "texture": "#2"},
				"up": {"uv": [3.5, 2.5, 7, 8.5], "rotation": 180, "texture": "#2"},
				"down": {"uv": [0, 7.5, 3.5, 13.5], "rotation": 180, "texture": "#2"}
			}
		},
		{
			"from": [12, 6.2, 1.9],
			"to": [14, 7.985, 2.2],
			"rotation": {"angle": -45, "axis": "z", "origin": [15, 6.7425, 2.7]},
			"faces": {
				"north": {"uv": [16, 13.5, 12.5, 11], "rotation": 90, "texture": "#2"},
				"east": {"uv": [12.5, 6, 16, 3], "rotation": 90, "texture": "#2"},
				"south": {"uv": [12.5, 7, 16, 8.5], "texture": "#2"},
				"west": {"uv": [16, 13.5, 12.5, 13], "rotation": 90, "texture": "#2"},
				"up": {"uv": [3.5, 2.5, 7, 8.5], "rotation": 180, "texture": "#2"},
				"down": {"uv": [0, 7.5, 3.5, 13.5], "rotation": 180, "texture": "#2"}
			}
		},
		{
			"from": [12, 6.1, 2.2],
			"to": [14, 8.085, 2.4],
			"rotation": {"angle": -45, "axis": "z", "origin": [15, 6.8425, 2.9]},
			"faces": {
				"north": {"uv": [16, 13.5, 12.5, 11], "rotation": 90, "texture": "#2"},
				"east": {"uv": [12.5, 6, 16, 3], "rotation": 90, "texture": "#2"},
				"south": {"uv": [12.5, 7, 16, 8.5], "texture": "#2"},
				"west": {"uv": [16, 13.5, 12.5, 13], "rotation": 90, "texture": "#2"},
				"up": {"uv": [3.5, 2.5, 7, 8.5], "rotation": 180, "texture": "#2"},
				"down": {"uv": [0, 7.5, 3.5, 13.5], "rotation": 180, "texture": "#2"}
			}
		},
		{
			"from": [12, 6.1, 2.4],
			"to": [14, 8.185, 2.6],
			"rotation": {"angle": -45, "axis": "z", "origin": [15, 6.9425, 3.1]},
			"faces": {
				"north": {"uv": [16, 13.5, 12.5, 11], "rotation": 90, "texture": "#2"},
				"east": {"uv": [12.5, 6, 16, 3], "rotation": 90, "texture": "#2"},
				"south": {"uv": [12.5, 7, 16, 8.5], "texture": "#2"},
				"west": {"uv": [16, 13.5, 12.5, 13], "rotation": 90, "texture": "#2"},
				"up": {"uv": [3.5, 2.5, 7, 8.5], "rotation": 180, "texture": "#2"},
				"down": {"uv": [0, 7.5, 3.5, 13.5], "rotation": 180, "texture": "#2"}
			}
		},
		{
			"from": [12, 6, 2.6],
			"to": [14, 8.285, 2.8],
			"rotation": {"angle": -45, "axis": "z", "origin": [15, 7.0425, 3.3]},
			"faces": {
				"north": {"uv": [16, 13.5, 12.5, 11], "rotation": 90, "texture": "#2"},
				"east": {"uv": [12.5, 6, 16, 3], "rotation": 90, "texture": "#2"},
				"south": {"uv": [12.5, 7, 16, 8.5], "texture": "#2"},
				"west": {"uv": [16, 13.5, 12.5, 13], "rotation": 90, "texture": "#2"},
				"up": {"uv": [3.5, 2.5, 7, 8.5], "rotation": 180, "texture": "#2"},
				"down": {"uv": [0, 7.5, 3.5, 13.5], "rotation": 180, "texture": "#2"}
			}
		},
		{
			"from": [12, 6, 2.8],
			"to": [14, 8.385, 3.8],
			"rotation": {"angle": -45, "axis": "z", "origin": [15, 7.1425, 4.3]},
			"faces": {
				"north": {"uv": [16, 13.5, 12.5, 11], "rotation": 90, "texture": "#2"},
				"east": {"uv": [12.5, 6, 16, 3], "rotation": 90, "texture": "#2"},
				"south": {"uv": [12.5, 7, 16, 8.5], "texture": "#2"},
				"west": {"uv": [16, 13.5, 12.5, 13], "rotation": 90, "texture": "#2"},
				"up": {"uv": [3.5, 2.5, 7, 8.5], "rotation": 180, "texture": "#2"},
				"down": {"uv": [0, 7.5, 3.5, 13.5], "rotation": 180, "texture": "#2"}
			}
		},
		{
			"from": [13.75, 6, 0.15],
			"to": [16.25, 8.485, 3.15],
			"rotation": {"angle": 0, "axis": "y", "origin": [15, 7.2425, 1.6]},
			"faces": {
				"north": {"uv": [3.5, 6, 7, 9.5], "texture": "#2"},
				"east": {"uv": [12.5, 6, 16, 3], "rotation": 90, "texture": "#2"},
				"south": {"uv": [12.5, 7, 16, 8.5], "texture": "#2"},
				"west": {"uv": [16, 6, 12.5, 3], "rotation": 90, "texture": "#2"},
				"up": {"uv": [3.5, 2.5, 7, 8.5], "rotation": 180, "texture": "#2"},
				"down": {"uv": [12.5, 0, 16, 2.5], "rotation": 180, "texture": "#2"}
			}
		},
		{
			"from": [14.1448, 6, 1.03415],
			"to": [17.1448, 8.485, 2.43415],
			"rotation": {"angle": 45, "axis": "y", "origin": [15.6448, 7.2425, 1.68415]},
			"faces": {
				"north": {"uv": [7, 7, 3.5, 8.5], "texture": "#2"},
				"east": {"uv": [12.5, 2.5, 16, 0.5], "rotation": 90, "texture": "#2"},
				"south": {"uv": [16, 7, 12.5, 8.5], "texture": "#2"},
				"west": {"uv": [12.5, 3, 16, 6], "rotation": 90, "texture": "#2"},
				"up": {"uv": [16, 1.5, 12.5, 4.5], "rotation": 180, "texture": "#2"},
				"down": {"uv": [16, 1, 12.5, 4], "rotation": 180, "texture": "#2"}
			}
		},
		{
			"from": [13.75, 5.125, 1.06],
			"to": [16.235, 8.125, 2.46],
			"rotation": {"angle": 45, "axis": "x", "origin": [14.9552, 6.6575, 1.68415]},
			"faces": {
				"north": {"uv": [7, 7, 3.5, 8.5], "rotation": 270, "texture": "#2"},
				"east": {"uv": [16, 1.5, 12.5, 4.5], "rotation": 270, "texture": "#2"},
				"south": {"uv": [16, 7, 12.5, 8.5], "rotation": 90, "texture": "#2"},
				"west": {"uv": [16, 1, 12.5, 4], "rotation": 270, "texture": "#2"},
				"up": {"uv": [12.5, 3, 16, 6], "rotation": 180, "texture": "#2"},
				"down": {"uv": [12.5, 2.5, 16, 0.5], "rotation": 180, "texture": "#2"}
			}
		},
		{
			"from": [13.75, 6.375, 1.06],
			"to": [16.235, 9.375, 2.46],
			"rotation": {"angle": -45, "axis": "x", "origin": [14.9552, 7.8425, 1.68415]},
			"faces": {
				"north": {"uv": [3.5, 7, 7, 8.5], "rotation": 270, "texture": "#2"},
				"east": {"uv": [12.5, 1.5, 16, 4.5], "rotation": 270, "texture": "#2"},
				"south": {"uv": [12.5, 7, 16, 8.5], "rotation": 90, "texture": "#2"},
				"west": {"uv": [12.5, 11, 16, 14], "rotation": 270, "texture": "#2"},
				"up": {"uv": [12.5, 0.5, 16, 2.5], "rotation": 180, "texture": "#2"},
				"down": {"uv": [12.5, 6, 16, 3], "rotation": 180, "texture": "#2"}
			}
		},
		{
			"from": [12.8552, 6, 1.03415],
			"to": [14.2552, 8.485, 2.43415],
			"rotation": {"angle": -45, "axis": "y", "origin": [14.3552, 7.2425, 1.68415]},
			"faces": {
				"north": {"uv": [3.5, 7, 7, 8.5], "texture": "#2"},
				"east": {"uv": [12.5, 6, 16, 3], "rotation": 90, "texture": "#2"},
				"south": {"uv": [12.5, 7, 16, 8.5], "texture": "#2"},
				"west": {"uv": [12.5, 0.5, 16, 2.5], "rotation": 90, "texture": "#2"},
				"up": {"uv": [16, 11, 12.5, 14], "rotation": 180, "texture": "#2"},
				"down": {"uv": [12.5, 1, 16, 4], "rotation": 180, "texture": "#2"}
			}
		},
		{
			"from": [13.7575, 4.5975, 2.29],
			"to": [16.2425, 7.5975, 4.29],
			"rotation": {"angle": 22.5, "axis": "x", "origin": [15, 7.6575, 2.8]},
			"faces": {
				"north": {"uv": [7, 7, 3.5, 8.5], "rotation": 270, "texture": "#2"},
				"east": {"uv": [16, 1.5, 12.5, 4.5], "rotation": 270, "texture": "#2"},
				"south": {"uv": [16, 7, 12.5, 8.5], "rotation": 90, "texture": "#2"},
				"west": {"uv": [16, 1, 12.5, 4], "rotation": 270, "texture": "#2"},
				"up": {"uv": [12.5, 3, 16, 6], "rotation": 180, "texture": "#2"},
				"down": {"uv": [12.5, 4, 16, 1], "rotation": 180, "texture": "#2"}
			}
		},
		{
			"from": [14.72877, 6, 1.65571],
			"to": [17.72877, 8.485, 3.65571],
			"rotation": {"angle": 22.5, "axis": "y", "origin": [16.22877, 7.2425, 2.65571]},
			"faces": {
				"north": {"uv": [7, 7, 3.5, 8.5], "texture": "#2"},
				"east": {"uv": [12.5, 4, 16, 1], "rotation": 90, "texture": "#2"},
				"south": {"uv": [16, 7, 12.5, 8.5], "texture": "#2"},
				"west": {"uv": [12.5, 3, 16, 6], "rotation": 90, "texture": "#2"},
				"up": {"uv": [16, 1.5, 12.5, 4.5], "rotation": 180, "texture": "#2"},
				"down": {"uv": [16, 1, 12.5, 4], "rotation": 180, "texture": "#2"}
			}
		},
		{
			"from": [13.7575, 6.9025, 2.29],
			"to": [16.2425, 9.9025, 4.29],
			"rotation": {"angle": -22.5, "axis": "x", "origin": [15, 6.8425, 2.8]},
			"faces": {
				"north": {"uv": [3.5, 7, 7, 8.5], "rotation": 270, "texture": "#2"},
				"east": {"uv": [12.5, 1.5, 16, 4.5], "rotation": 270, "texture": "#2"},
				"south": {"uv": [12.5, 7, 16, 8.5], "rotation": 90, "texture": "#2"},
				"west": {"uv": [12.5, 10.5, 16, 13.5], "rotation": 270, "texture": "#2"},
				"up": {"uv": [12.5, 11, 16, 14], "rotation": 180, "texture": "#2"},
				"down": {"uv": [12.5, 6, 16, 3], "rotation": 180, "texture": "#2"}
			}
		},
		{
			"from": [12.27123, 6, 1.65571],
			"to": [13.87123, 8.485, 3.65571],
			"rotation": {"angle": -22.5, "axis": "y", "origin": [13.77123, 7.2425, 2.65571]},
			"faces": {
				"north": {"uv": [3.5, 7, 7, 8.5], "texture": "#2"},
				"east": {"uv": [12.5, 6, 16, 3], "rotation": 90, "texture": "#2"},
				"south": {"uv": [12.5, 7, 16, 8.5], "texture": "#2"},
				"west": {"uv": [12.5, 1, 16, 4], "rotation": 90, "texture": "#2"},
				"up": {"uv": [16, 14.5, 12.5, 11.5], "rotation": 180, "texture": "#2"},
				"down": {"uv": [12.5, 1, 16, 4], "rotation": 180, "texture": "#2"}
			}
		},
		{
			"from": [13.65396, 3.99604, 6.25],
			"to": [16.34604, 10.49604, 8.75],
			"rotation": {"angle": -45, "axis": "z", "origin": [15, 7.24604, 7.5]},
			"faces": {
				"north": {"uv": [4, 9.5, 5.5, 11.5], "rotation": 270, "texture": "#2"},
				"east": {"uv": [4, 9.5, 6.5, 11.5], "rotation": 180, "texture": "#2"},
				"south": {"uv": [4, 9.5, 6.5, 11.5], "rotation": 90, "texture": "#2"},
				"west": {"uv": [4, 9.5, 6.5, 11.5], "rotation": 180, "texture": "#2"},
				"up": {"uv": [4.5, 9.5, 7, 11.5], "rotation": 90, "texture": "#2"},
				"down": {"uv": [7, 11.5, 4.5, 9.5], "rotation": 90, "texture": "#2"}
			}
		},
		{
			"from": [13.65396, 3.99604, 6.25],
			"to": [16.34604, 10.49604, 8.75],
			"rotation": {"angle": 0, "axis": "y", "origin": [15, 7.24604, 7.5]},
			"faces": {
				"north": {"uv": [4, 9.5, 5.5, 11.5], "rotation": 270, "texture": "#2"},
				"east": {"uv": [4, 9.5, 6.5, 11.5], "rotation": 180, "texture": "#2"},
				"south": {"uv": [4, 9.5, 6.5, 11.5], "rotation": 90, "texture": "#2"},
				"west": {"uv": [4, 9.5, 6.5, 11.5], "rotation": 180, "texture": "#2"},
				"up": {"uv": [0, 13.5, 3.5, 16], "texture": "#2"},
				"down": {"uv": [7, 11.5, 4.5, 9.5], "rotation": 90, "texture": "#2"}
			}
		},
		{
			"from": [13.65396, 3.99604, 6.25],
			"to": [16.34604, 10.49604, 8.75],
			"rotation": {"angle": 45, "axis": "z", "origin": [15, 7.24604, 7.5]},
			"faces": {
				"north": {"uv": [4, 9.5, 5.5, 11.5], "rotation": 270, "texture": "#2"},
				"east": {"uv": [4, 9.5, 6.5, 11.5], "rotation": 180, "texture": "#2"},
				"south": {"uv": [4, 9.5, 6.5, 11.5], "rotation": 90, "texture": "#2"},
				"west": {"uv": [4, 9.5, 6.5, 11.5], "rotation": 180, "texture": "#2"},
				"up": {"uv": [3.5, 16, 0, 13.5], "texture": "#2"},
				"down": {"uv": [7, 11.5, 4.5, 9.5], "rotation": 90, "texture": "#2"}
			}
		},
		{
			"from": [11.75, 5.9, 6.25],
			"to": [18.25, 8.59208, 8.75],
			"rotation": {"angle": 0, "axis": "y", "origin": [15, 7.24604, 7.5]},
			"faces": {
				"north": {"uv": [4, 9.5, 5.5, 11.5], "texture": "#2"},
				"east": {"uv": [7, 11.5, 4.5, 9.5], "texture": "#2"},
				"south": {"uv": [4, 9.5, 6.5, 11.5], "texture": "#2"},
				"west": {"uv": [4.5, 9.5, 7, 11.5], "texture": "#2"},
				"up": {"uv": [4, 9.5, 6.5, 11.5], "rotation": 90, "texture": "#2"},
				"down": {"uv": [4, 9.5, 6.5, 11.5], "rotation": 90, "texture": "#2"}
			}
		},
		{
			"from": [13.65396, 3.99604, 16.601],
			"to": [16.34604, 10.49604, 17.001],
			"rotation": {"angle": -45, "axis": "z", "origin": [15, 7.24604, 16.8]},
			"faces": {
				"north": {"uv": [12.5, 7, 16, 8.5], "rotation": 270, "texture": "#2"},
				"east": {"uv": [9, 10, 12.5, 16], "rotation": 270, "texture": "#2"},
				"south": {"uv": [12.5, 7, 16, 8.5], "rotation": 90, "texture": "#2"},
				"west": {"uv": [0, 7.5, 3.5, 13.5], "rotation": 270, "texture": "#2"},
				"up": {"uv": [10, 10, 11.5, 10.5], "rotation": 180, "texture": "#2"},
				"down": {"uv": [10, 15.5, 11.5, 16], "rotation": 180, "texture": "#2"}
			}
		},
		{
			"from": [13.65396, 3.99604, 16.602],
			"to": [16.34604, 10.49604, 17.002],
			"rotation": {"angle": 0, "axis": "y", "origin": [15, 7.24604, 16.8]},
			"faces": {
				"north": {"uv": [12.5, 7, 16, 8.5], "rotation": 270, "texture": "#2"},
				"east": {"uv": [9, 10, 12.5, 16], "rotation": 270, "texture": "#2"},
				"south": {"uv": [12.5, 7, 16, 8.5], "rotation": 90, "texture": "#2"},
				"west": {"uv": [0, 7.5, 3.5, 13.5], "rotation": 270, "texture": "#2"},
				"up": {"uv": [10, 10, 11.5, 10.5], "rotation": 180, "texture": "#2"},
				"down": {"uv": [10, 15.5, 11.5, 16], "rotation": 180, "texture": "#2"}
			}
		},
		{
			"from": [13.65396, 3.99604, 16.601],
			"to": [16.34604, 10.49604, 17.001],
			"rotation": {"angle": 45, "axis": "z", "origin": [15, 7.24604, 16.8]},
			"faces": {
				"north": {"uv": [12.5, 7, 16, 8.5], "rotation": 270, "texture": "#2"},
				"east": {"uv": [9, 10, 12.5, 16], "rotation": 270, "texture": "#2"},
				"south": {"uv": [12.5, 7, 16, 8.5], "rotation": 90, "texture": "#2"},
				"west": {"uv": [0, 7.5, 3.5, 13.5], "rotation": 270, "texture": "#2"},
				"up": {"uv": [10, 10, 11.5, 10.5], "rotation": 180, "texture": "#2"},
				"down": {"uv": [10, 15.5, 11.5, 16], "rotation": 180, "texture": "#2"}
			}
		},
		{
			"from": [11.75, 5.9, 16.602],
			"to": [18.25, 8.59208, 17.002],
			"rotation": {"angle": 0, "axis": "y", "origin": [15, 7.24604, 16.8]},
			"faces": {
				"north": {"uv": [12.5, 7, 16, 8.5], "texture": "#2"},
				"east": {"uv": [10, 15.5, 11.5, 16], "rotation": 90, "texture": "#2"},
				"south": {"uv": [12.5, 7, 16, 8.5], "texture": "#2"},
				"west": {"uv": [10, 10, 11.5, 10.5], "rotation": 90, "texture": "#2"},
				"up": {"uv": [9, 10, 12.5, 16], "rotation": 180, "texture": "#2"},
				"down": {"uv": [0, 7.5, 3.5, 13.5], "rotation": 180, "texture": "#2"}
			}
		},
		{
			"from": [13.7575, 4.2425, 6],
			"to": [16.2425, 10.2425, 9],
			"rotation": {"angle": -45, "axis": "z", "origin": [15, 7.2425, 3]},
			"faces": {
				"north": {"uv": [3.5, 7, 7, 8.5], "rotation": 270, "texture": "#2"},
				"east": {"uv": [3.5, 0, 7, 6], "rotation": 270, "texture": "#2"},
				"south": {"uv": [12.5, 7, 16, 8.5], "rotation": 90, "texture": "#2"},
				"west": {"uv": [0, 7.5, 3.5, 13.5], "rotation": 270, "texture": "#2"},
				"up": {"uv": [7, 11.5, 4.5, 9.5], "rotation": 90, "texture": "#2"},
				"down": {"uv": [7, 9.5, 4.5, 11.5], "rotation": 90, "texture": "#2"}
			}
		},
		{
			"from": [13.7575, 4.2425, 6],
			"to": [16.2425, 10.2425, 9],
			"rotation": {"angle": 0, "axis": "y", "origin": [15, 7.2425, 3]},
			"faces": {
				"north": {"uv": [3.5, 7, 7, 8.5], "rotation": 270, "texture": "#2"},
				"east": {"uv": [3.5, 0, 7, 6], "rotation": 270, "texture": "#2"},
				"south": {"uv": [12.5, 7, 16, 8.5], "rotation": 90, "texture": "#2"},
				"west": {"uv": [0, 7.5, 3.5, 13.5], "rotation": 270, "texture": "#2"},
				"up": {"uv": [3.5, 13.5, 0, 16], "rotation": 180, "texture": "#2"},
				"down": {"uv": [7, 11.5, 4.5, 9.5], "rotation": 90, "texture": "#2"}
			}
		},
		{
			"from": [12, 6, 6],
			"to": [18, 8.485, 9],
			"rotation": {"angle": 0, "axis": "y", "origin": [15, 7.2425, 3]},
			"faces": {
				"north": {"uv": [3.5, 7, 7, 8.5], "texture": "#2"},
				"east": {"uv": [7, 11.5, 4.5, 9.5], "texture": "#2"},
				"south": {"uv": [12.5, 7, 16, 8.5], "texture": "#2"},
				"west": {"uv": [4.5, 9.5, 7, 11.5], "texture": "#2"},
				"up": {"uv": [3.5, 2.5, 7, 8.5], "rotation": 180, "texture": "#2"},
				"down": {"uv": [12.5, 0, 16, 2.5], "rotation": 180, "texture": "#2"}
			}
		},
		{
			"from": [12, 6, 6],
			"to": [18, 8.485, 9],
			"rotation": {"angle": -45, "axis": "z", "origin": [15, 7.2425, 3]},
			"faces": {
				"north": {"uv": [3.5, 7, 7, 8.5], "texture": "#2"},
				"east": {"uv": [7, 9.5, 4.5, 11.5], "texture": "#2"},
				"south": {"uv": [12.5, 7, 16, 8.5], "texture": "#2"},
				"west": {"uv": [0, 16, 3.5, 13.5], "rotation": 90, "texture": "#2"},
				"up": {"uv": [3.5, 2.5, 7, 8.5], "rotation": 180, "texture": "#2"},
				"down": {"uv": [0, 7.5, 3.5, 13.5], "rotation": 180, "texture": "#2"}
			}
		},
		{
			"from": [13.7575, 4.2425, 3],
			"to": [16.2425, 10.2425, 6],
			"rotation": {"angle": -45, "axis": "z", "origin": [15, 7.2425, 4.5]},
			"faces": {
				"north": {"uv": [3.5, 7, 7, 8.5], "rotation": 270, "texture": "#2"},
				"east": {"uv": [3.5, 0, 7, 6], "rotation": 270, "texture": "#2"},
				"south": {"uv": [12.5, 7, 16, 8.5], "rotation": 90, "texture": "#2"},
				"west": {"uv": [0, 7.5, 3.5, 13.5], "rotation": 270, "texture": "#2"},
				"up": {"uv": [12.5, 3, 16, 6], "rotation": 180, "texture": "#2"},
				"down": {"uv": [12.5, 6, 16, 3], "rotation": 180, "texture": "#2"}
			}
		},
		{
			"from": [13.7575, 4.2425, 3],
			"to": [16.2425, 10.2425, 6],
			"rotation": {"angle": 0, "axis": "y", "origin": [15, 7.2425, 4.5]},
			"faces": {
				"north": {"uv": [3.5, 7, 7, 8.5], "rotation": 270, "texture": "#2"},
				"east": {"uv": [3.5, 0, 7, 6], "rotation": 270, "texture": "#2"},
				"south": {"uv": [12.5, 7, 16, 8.5], "rotation": 90, "texture": "#2"},
				"west": {"uv": [0, 7.5, 3.5, 13.5], "rotation": 270, "texture": "#2"},
				"up": {"uv": [12.5, 10, 16, 16], "rotation": 180, "texture": "#2"},
				"down": {"uv": [16, 6, 12.5, 3], "rotation": 180, "texture": "#2"}
			}
		},
		{
			"from": [12, 6, 3],
			"to": [18, 8.485, 6],
			"rotation": {"angle": -45, "axis": "z", "origin": [15, 7.2425, 4.5]},
			"faces": {
				"north": {"uv": [16, 13.5, 12.5, 11], "rotation": 90, "texture": "#2"},
				"east": {"uv": [12.5, 6, 16, 3], "rotation": 90, "texture": "#2"},
				"south": {"uv": [12.5, 7, 16, 8.5], "texture": "#2"},
				"west": {"uv": [16, 16, 12.5, 13], "rotation": 90, "texture": "#2"},
				"up": {"uv": [3.5, 2.5, 7, 8.5], "rotation": 180, "texture": "#2"},
				"down": {"uv": [0, 7.5, 3.5, 13.5], "rotation": 180, "texture": "#2"}
			}
		},
		{
			"from": [12, 6, 3],
			"to": [18, 8.485, 6],
			"rotation": {"angle": 0, "axis": "y", "origin": [15, 7.2425, 4.5]},
			"faces": {
				"north": {"uv": [3.5, 7, 7, 8.5], "texture": "#2"},
				"east": {"uv": [12.5, 6, 16, 3], "rotation": 90, "texture": "#2"},
				"south": {"uv": [12.5, 7, 16, 8.5], "texture": "#2"},
				"west": {"uv": [16, 6, 12.5, 3], "rotation": 90, "texture": "#2"},
				"up": {"uv": [3.5, 2.5, 7, 8.5], "rotation": 180, "texture": "#2"},
				"down": {"uv": [12.5, 0, 16, 2.5], "rotation": 180, "texture": "#2"}
			}
		},
		{
			"from": [13.7575, 4.2425, 9],
			"to": [16.2425, 10.2425, 17],
			"rotation": {"angle": -45, "axis": "z", "origin": [15, 7.2425, 12]},
			"faces": {
				"north": {"uv": [12.5, 7, 16, 8.5], "rotation": 270, "texture": "#2"},
				"east": {"uv": [9, 10, 12.5, 16], "rotation": 270, "texture": "#2"},
				"south": {"uv": [12.5, 7, 16, 8.5], "rotation": 90, "texture": "#2"},
				"west": {"uv": [0, 7.5, 3.5, 13.5], "rotation": 270, "texture": "#2"},
				"up": {"uv": [11, 10, 12.5, 16], "rotation": 180, "texture": "#2"},
				"down": {"uv": [10.5, 10, 12, 16], "rotation": 180, "texture": "#2"}
			}
		},
		{
			"from": [13.7575, 4.2425, 9],
			"to": [16.2425, 10.2425, 17],
			"rotation": {"angle": 0, "axis": "y", "origin": [15, 7.2425, 12]},
			"faces": {
				"north": {"uv": [12.5, 7, 16, 8.5], "rotation": 270, "texture": "#2"},
				"east": {"uv": [9, 10, 12.5, 16], "rotation": 270, "texture": "#2"},
				"south": {"uv": [12.5, 7, 16, 8.5], "rotation": 90, "texture": "#2"},
				"west": {"uv": [0, 7.5, 3.5, 13.5], "rotation": 270, "texture": "#2"},
				"up": {"uv": [3.5, 7.5, 0, 13.5], "rotation": 180, "texture": "#2"},
				"down": {"uv": [1.5, 7.5, 3, 13.5], "rotation": 180, "texture": "#2"}
			}
		},
		{
			"from": [12, 6, 9],
			"to": [18, 8.485, 17],
			"rotation": {"angle": -45, "axis": "z", "origin": [15, 7.2425, 12]},
			"faces": {
				"north": {"uv": [12.5, 7, 16, 8.5], "texture": "#2"},
				"east": {"uv": [1, 7.5, 2.5, 13.5], "rotation": 90, "texture": "#2"},
				"south": {"uv": [12.5, 7, 16, 8.5], "texture": "#2"},
				"west": {"uv": [0, 13.5, 3.5, 7.5], "rotation": 90, "texture": "#2"},
				"up": {"uv": [9, 10, 12.5, 16], "rotation": 180, "texture": "#2"},
				"down": {"uv": [0, 7.5, 3.5, 13.5], "rotation": 180, "texture": "#2"}
			}
		},
		{
			"from": [12, 6, 9],
			"to": [18, 8.485, 17],
			"rotation": {"angle": 0, "axis": "y", "origin": [15, 7.2425, 12]},
			"faces": {
				"north": {"uv": [12.5, 7, 16, 8.5], "texture": "#2"},
				"east": {"uv": [1, 7.5, 2.5, 13.5], "rotation": 90, "texture": "#2"},
				"south": {"uv": [12.5, 7, 16, 8.5], "texture": "#2"},
				"west": {"uv": [10, 10, 11.5, 16], "rotation": 90, "texture": "#2"},
				"up": {"uv": [9, 10, 12.5, 16], "rotation": 180, "texture": "#2"},
				"down": {"uv": [0, 7.5, 3.5, 13.5], "rotation": 180, "texture": "#2"}
			}
		},
		{
			"from": [4.75, 5.9, 16.602],
			"to": [11.25, 8.59208, 17.002],
			"rotation": {"angle": 0, "axis": "y", "origin": [8, 7.24604, 16.8]},
			"faces": {
				"north": {"uv": [12.5, 7, 16, 8.5], "texture": "#2"},
				"east": {"uv": [10, 15.5, 11.5, 16], "rotation": 90, "texture": "#2"},
				"south": {"uv": [12.5, 7, 16, 8.5], "texture": "#2"},
				"west": {"uv": [10, 10, 11.5, 10.5], "rotation": 90, "texture": "#2"},
				"up": {"uv": [9, 10, 12.5, 16], "rotation": 180, "texture": "#2"},
				"down": {"uv": [0, 7.5, 3.5, 13.5], "rotation": 180, "texture": "#2"}
			}
		},
		{
			"from": [6.65396, 3.99604, 16.601],
			"to": [9.34604, 10.49604, 17.001],
			"rotation": {"angle": 45, "axis": "z", "origin": [8, 7.24604, 16.8]},
			"faces": {
				"north": {"uv": [12.5, 7, 16, 8.5], "rotation": 270, "texture": "#2"},
				"east": {"uv": [9, 10, 12.5, 16], "rotation": 270, "texture": "#2"},
				"south": {"uv": [12.5, 7, 16, 8.5], "rotation": 90, "texture": "#2"},
				"west": {"uv": [0, 7.5, 3.5, 13.5], "rotation": 270, "texture": "#2"},
				"up": {"uv": [10, 10, 11.5, 10.5], "rotation": 180, "texture": "#2"},
				"down": {"uv": [10, 15.5, 11.5, 16], "rotation": 180, "texture": "#2"}
			}
		},
		{
			"from": [6.65396, 3.99604, 16.602],
			"to": [9.34604, 10.49604, 17.002],
			"rotation": {"angle": 0, "axis": "z", "origin": [8, 7.24604, 16.8]},
			"faces": {
				"north": {"uv": [12.5, 7, 16, 8.5], "rotation": 270, "texture": "#2"},
				"east": {"uv": [9, 10, 12.5, 16], "rotation": 270, "texture": "#2"},
				"south": {"uv": [12.5, 7, 16, 8.5], "rotation": 90, "texture": "#2"},
				"west": {"uv": [0, 7.5, 3.5, 13.5], "rotation": 270, "texture": "#2"},
				"up": {"uv": [10, 10, 11.5, 10.5], "rotation": 180, "texture": "#2"},
				"down": {"uv": [10, 15.5, 11.5, 16], "rotation": 180, "texture": "#2"}
			}
		},
		{
			"from": [6.65396, 3.99604, 16.601],
			"to": [9.34604, 10.49604, 17.001],
			"rotation": {"angle": -45, "axis": "z", "origin": [8, 7.24604, 16.8]},
			"faces": {
				"north": {"uv": [12.5, 7, 16, 8.5], "rotation": 270, "texture": "#2"},
				"east": {"uv": [9, 10, 12.5, 16], "rotation": 270, "texture": "#2"},
				"south": {"uv": [12.5, 7, 16, 8.5], "rotation": 90, "texture": "#2"},
				"west": {"uv": [0, 7.5, 3.5, 13.5], "rotation": 270, "texture": "#2"},
				"up": {"uv": [10, 10, 11.5, 10.5], "rotation": 180, "texture": "#2"},
				"down": {"uv": [10, 15.5, 11.5, 16], "rotation": 180, "texture": "#2"}
			}
		},
		{
			"from": [5, 6, 9],
			"to": [11, 8.485, 17],
			"rotation": {"angle": -45, "axis": "z", "origin": [8, 7.2425, 12]},
			"faces": {
				"north": {"uv": [12.5, 7, 16, 8.5], "texture": "#2"},
				"east": {"uv": [1, 7.5, 2.5, 13.5], "rotation": 90, "texture": "#2"},
				"south": {"uv": [12.5, 7, 16, 8.5], "texture": "#2"},
				"west": {"uv": [0, 13.5, 3.5, 7.5], "rotation": 90, "texture": "#2"},
				"up": {"uv": [9, 10, 12.5, 16], "rotation": 180, "texture": "#2"},
				"down": {"uv": [0, 7.5, 3.5, 13.5], "rotation": 180, "texture": "#2"}
			}
		},
		{
			"from": [6.7575, 4.2425, 9],
			"to": [9.2425, 10.2425, 17],
			"rotation": {"angle": 0, "axis": "z", "origin": [8, 7.2425, 12]},
			"faces": {
				"north": {"uv": [12.5, 7, 16, 8.5], "rotation": 270, "texture": "#2"},
				"east": {"uv": [9, 10, 12.5, 16], "rotation": 270, "texture": "#2"},
				"south": {"uv": [12.5, 7, 16, 8.5], "rotation": 90, "texture": "#2"},
				"west": {"uv": [0, 7.5, 3.5, 13.5], "rotation": 270, "texture": "#2"},
				"up": {"uv": [3.5, 7.5, 0, 13.5], "rotation": 180, "texture": "#2"},
				"down": {"uv": [1.5, 7.5, 3, 13.5], "rotation": 180, "texture": "#2"}
			}
		},
		{
			"from": [6.7575, 4.2425, 9],
			"to": [9.2425, 10.2425, 17],
			"rotation": {"angle": -45, "axis": "z", "origin": [8, 7.2425, 12]},
			"faces": {
				"north": {"uv": [12.5, 7, 16, 8.5], "rotation": 270, "texture": "#2"},
				"east": {"uv": [9, 10, 12.5, 16], "rotation": 270, "texture": "#2"},
				"south": {"uv": [12.5, 7, 16, 8.5], "rotation": 90, "texture": "#2"},
				"west": {"uv": [0, 7.5, 3.5, 13.5], "rotation": 270, "texture": "#2"},
				"up": {"uv": [11, 10, 12.5, 16], "rotation": 180, "texture": "#2"},
				"down": {"uv": [10.5, 10, 12, 16], "rotation": 180, "texture": "#2"}
			}
		}
	],
	"display": {
		"thirdperson_righthand": {
			"rotation": [130, 0, 0],
			"translation": [0, 2.25, 2.25],
			"scale": [0.29, 0.29, 0.29]
		},
		"thirdperson_lefthand": {
			"rotation": [130, 0, 3],
			"translation": [0, 2.25, 2.25],
			"scale": [0.29, 0.29, 0.29]
		},
		"firstperson_righthand": {
			"rotation": [67, 5, 3],
			"translation": [7.5, 0.75, -5.25],
			"scale": [0.52, 0.52, 0.52]
		},
		"firstperson_lefthand": {
			"rotation": [67, 5, 3],
			"translation": [7.5, 0.75, -5.25],
			"scale": [0.52, 0.52, 0.52]
		},
		"ground": {
			"translation": [0.25, -0.75, -1],
			"scale": [0.75, 0.75, 0.75]
		},
		"gui": {
			"rotation": [51, 50, 0],
			"translation": [-0.75, 1, 0],
			"scale": [0.64, 0.64, 0.64]
		},
		"head": {
			"rotation": [26, 0, 0],
			"translation": [0, 11.75, -7.25]
		},
		"fixed": {
			"rotation": [-90, -125, 0],
			"translation": [0.25, 0.75, -3],
			"scale": [0.95, 0.95, 0.95]
		}
	},
	"groups": [
		{
			"name": "group",
			"origin": [6, 7.2425, 2],
			"color": 0,
			"children": []
		},
		{
			"name": "group",
			"origin": [6, 7.2425, 2],
			"color": 0,
			"children": [0, 1, 2, 3, 4, 5, 6, 7, 8, 9, 10, 11, 12, 13, 14, 15, 16, 17, 18, 19, 20, 21, 22, 23, 24, 25, 26, 27, 28, 29]
		},
		{
			"name": "group",
			"origin": [6, 7.2425, 2],
			"color": 0,
			"children": [30, 31, 32, 33, 34, 35, 36, 37]
		},
		{
			"name": "group",
			"origin": [6, 7.2425, 12],
			"color": 0,
			"children": [
				38,
				39,
				40,
				41,
				42,
				43,
				44,
				45,
				46,
				47,
				48,
				49,
				50,
				51,
				52,
				53,
				54,
				55,
				56,
				57,
				58,
				59,
				60,
				61,
				62,
				63,
				64,
				65,
				66,
				67,
				68,
				69,
				70,
				71,
				72,
				73,
				74,
				75,
				76,
				77,
				78,
				79,
				80,
				81,
				82,
				83,
				84,
				85,
				86,
				87,
				88,
				89,
				90,
				91,
				92,
				93,
				94,
				95,
				96,
				97,
				98,
				99,
				100,
				101,
				102,
				103,
				104,
				105,
				106,
				107,
				108,
				109,
				110,
				111,
				112,
				113,
				114,
				115,
				116,
				117,
				118,
				119,
				120,
				121,
				122,
				123,
				124,
				125,
				126,
				127,
				128,
				129,
				130,
				131,
				132,
				133,
				134,
				135,
				136,
				137
			]
		}
	]
}