{
    "generic_grenade_launcher_fire": {
        "sounds": [
            {
                "name": "chems_guns:gun/shoot/generic_grenade_launcher_fire",
                "stream": false
            }
        ]
    },
    "generic_grenade_launcher_fire_distant": {
        "sounds": [
            {
                "name": "chems_guns:gun/shoot/generic_grenade_launcher_fire_distant",
                "stream": false
            }
        ]
    },
    "generic_grenade_launcher_reload": {
        "sounds": [
            {
                "name": "chems_guns:gun/reload/generic_grenade_launcher_reload",
                "stream": false
            }
        ]
    },
    "ray_gun_fire": {
        "sounds": [
            {
                "name": "chems_guns:gun/shoot/gbg/ray_gun_fire",
                "stream": true
            }
        ]
    },
    "pistol_reload": {
        "sounds": [
            {
                "name": "chems_guns:gun/reload/gbg/pistol_reload",
                "stream": true
            }
        ]
    },
    "assault_rifle_reload": {
        "sounds": [
            {
                "name": "chems_guns:gun/reload/gbg/assault_rifle_reload",
                "stream": true
            }
        ]
    },
    "shotgun_reload": {
        "sounds": [
            {
                "name": "chems_guns:gun/reload/gbg/shotgun_reload",
                "stream": true
            }
        ]
    },
    "sniper_rifle_reload": {
        "sounds": [
            {
                "name": "chems_guns:gun/reload/gbg/sniper_rifle_reload",
                "stream": true
            }
        ]
    },
    "laser_cannon_reload": {
        "sounds": [
            {
                "name": "chems_guns:gun/reload/gbg/laser_cannon_reload",
                "stream": true
            }
        ]
    },
    "laser_pistol_reload": {
        "sounds": [
            {
                "name": "chems_guns:gun/reload/gbg/laser_pistol_reload",
                "stream": true
            }
        ]
    },
    "beep": {
        "sounds": [
            {
                "name": "chems_guns:equipment/beep",
                "stream": false
            }
        ]
    },
    "assault_rifle_fire": {
        "sounds": [
            {
                "name": "chems_guns:gun/shoot/gbg/assault_rifle_fire",
                "stream": false
            }
        ]
    },
    "laser_cannon_fire": {
        "sounds": [
            {
                "name": "chems_guns:gun/shoot/gbg/laser_cannon_fire",
                "stream": false
            }
        ]
    },
    "laser_pistol_fire": {
        "sounds": [
            {
                "name": "chems_guns:gun/shoot/gbg/laser_pistol_fire",
                "stream": false
            }
        ]
    },
    "pistol_fire": {
        "sounds": [
            {
                "name": "chems_guns:gun/shoot/gbg/pistol_fire",
                "stream": false
            }
        ]
    },
    "shotgun_fire": {
        "sounds": [
            {
                "name": "chems_guns:gun/shoot/gbg/shotgun_fire",
                "stream": false
            }
        ]
    },
    "sniper_rifle_fire": {
        "sounds": [
            {
                "name": "chems_guns:gun/shoot/gbg/sniper_rifle_fire",
                "stream": false
            }
        ]
    },
    "laser_rifle_fire": {
        "sounds": [
            {
                "name": "chems_guns:gun/shoot/gbg/laser_rifle_fire",
                "stream": false
            }
        ]
    },
    "shotgun_cocking": {
        "sounds": [
            {
                "name": "chems_guns:gun/reload/gbg/shotgun_cocking",
                "stream": false
            }
        ]
    },
    "bandage_use": {
        "sounds": [
            {
                "name": "chems_guns:medical/bandage_use",
                "stream": true
            }
        ]
    },
    "syringe_use": {
        "sounds": [
            {
                "name": "chems_guns:medical/syringe_use",
                "stream": false
            }
        ]
    },
    "turret_explode": {
        "sounds": [
            "chems_guns:turret/explode1",
            "chems_guns:turret/explode1",
            "chems_guns:turret/explode2"
        ]
    },
    "turret_lower": {
        "sounds": [
            "chems_guns:turret/lower1",
            "chems_guns:turret/lower2",
            "chems_guns:turret/lower3"
        ]
    },
    "turret_raise": {
        "sounds": [
            "chems_guns:turret/raise1",
            "chems_guns:turret/raise2",
            "chems_guns:turret/raise3"
        ]
    },
    "auto_shot": {
        "sounds": [
            "chems_guns:turret/auto_shot"
        ]
    },
    "sentry_shot": {
        "sounds": [
            "chems_guns:turret/sentry_shot"
        ]
    },
    "perdition_shot": {
        "sounds": [
            "chems_guns:turret/perdition_shot1",
            "chems_guns:turret/perdition_shot2",
            "chems_guns:turret/perdition_shot3",
            "chems_guns:turret/perdition_shot4"
        ]
    },
    "turret_destroy": {
        "sounds": [
            "chems_guns:turret/destroy"
        ]
    },
    "turret_place": {
        "sounds": [
            "chems_guns:turret/place"
        ]
    },
    "auto_setup": {
        "sounds": [
            "chems_guns:turret/auto_setup"
        ]
    },
    "perdition_setup": {
        "sounds": [
            "chems_guns:turret/perdition_setup"
        ]
    },
    "gbg_duck_quack": {
        "sounds": [
            "chems_guns:gbg_duck_quack"
        ]
    },
    "bazooka_fire": {
        "sounds": [
            "chems_guns:gun/shoot/gbg/bazooka_fire"
        ]
    },
    "flamethrower_reload": {
        "sounds": [
            "chems_guns:gun/reload/gbg/flamethrower_reload"
        ]
    },
    "minigun_fire": {
        "sounds": [
            "chems_guns:gun/shoot/gbg/minigun_fire"
        ]
    },
    "uzi_fire": {
        "sounds": [
            "chems_guns:gun/shoot/gbg/uzi_fire"
        ]
    },
    "uzi_reload": {
        "sounds": [
            "chems_guns:gun/reload/gbg/uzi_reload"
        ]
    },
    "lmg_fire": {
        "sounds": [
            "chems_guns:gun/shoot/gbg/lmg_fire"
        ]
    },
    "lmg_reload": {
        "sounds": [
            "chems_guns:gun/reload/gbg/lmg_reload"
        ]
    },
    "pipe_pistol_fire": {
        "sounds": [
            "chems_guns:gun/shoot/pipe/pistol"
        ]
    },
    "pipe_pistol_reload": {
        "sounds": [
            "chems_guns:gun/reload/pipe/pistol"
        ]
    },
    "pipe_assault_rifle_fire": {
        "sounds": [
            "chems_guns:gun/shoot/pipe/assault_rifle"
        ]
    },
    "pipe_assault_rifle_reload": {
        "sounds": [
            "chems_guns:gun/reload/pipe/assault_rifle"
        ]
    },
    "pipe_sniper_rifle_fire": {
        "sounds": [
            "chems_guns:gun/shoot/pipe/sniper_rifle"
        ]
    },
    "pipe_sniper_rifle_reload": {
        "sounds": [
            "chems_guns:gun/reload/pipe/sniper_rifle"
        ]
    },
    "pipe_shotgun_fire": {
        "sounds": [
            "chems_guns:gun/shoot/pipe/shotgun"
        ]
    },
    "pipe_shotgun_reload": {
        "sounds": [
            "chems_guns:gun/reload/pipe/shotgun"
        ]
    },
    "glock_17_fire": {
        "sounds": [
            "chems_guns:gun/shoot/modern/glock_17_fire"
        ]
    },
    "glock_17_reload": {
        "sounds": [
            "chems_guns:gun/reload/modern/glock_17_reload"
        ]
    },
    "desert_eagle_fire": {
        "sounds": [
            "chems_guns:gun/shoot/modern/desert_eagle_fire"
        ]
    },
    "desert_eagle_reload": {
        "sounds": [
            "chems_guns:gun/reload/modern/desert_eagle_reload"
        ]
    },
    "m4_carabine_fire": {
        "sounds": [
            "chems_guns:gun/shoot/modern/m4_carabine_fire"
        ]
    },
    "m4_carabine_reload": {
        "sounds": [
            "chems_guns:gun/reload/modern/m4_carabine_reload"
        ]
    },
    "mp5_fire": {
        "sounds": [
            "chems_guns:gun/shoot/modern/mp5_fire"
        ]
    },
    "mp5_reload": {
        "sounds": [
            "chems_guns:gun/reload/modern/mp5_reload"
        ]
    },
    "ak47_fire": {
        "sounds": [
            "chems_guns:gun/shoot/modern/ak47_fire"
        ]
    },
    "ak47_reload": {
        "sounds": [
            "chems_guns:gun/reload/modern/ak47_reload"
        ]
    },
    "thompson_machine_gun_fire": {
        "sounds": [
            "chems_guns:gun/shoot/modern/thompson_machine_gun_fire"
        ]
    },
    "thompson_machine_gun_reload": {
        "sounds": [
            "chems_guns:gun/reload/modern/thompson_machine_gun_reload"
        ]
    },
    "remington_870_fire": {
        "sounds": [
            "chems_guns:gun/shoot/modern/remington_870_fire"
        ]
    },
    "remington_870_reload": {
        "sounds": [
            "chems_guns:gun/reload/modern/remington_870_reload"
        ]
    },
    "spas_12_fire": {
        "sounds": [
            "chems_guns:gun/shoot/modern/spas_12_fire"
        ]
    },
    "spas_12_reload": {
        "sounds": [
            "chems_guns:gun/reload/modern/spas_12_reload"
        ]
    },
    "m1a_fire": {
        "sounds": [
            "chems_guns:gun/shoot/modern/m1a_fire"
        ]
    },
    "m1a_reload": {
        "sounds": [
            "chems_guns:gun/reload/modern/m1a_reload"
        ]
    },
    "barrett_m82_fire": {
        "sounds": [
            "chems_guns:gun/shoot/modern/barrett_m82_fire"
        ]
    },
    "barrett_m82_reload": {
        "sounds": [
            "chems_guns:gun/reload/modern/barrett_m82_reload"
        ]
    },
    "20mm": {
        "sounds": [
            "chems_guns:gun/shoot/chems/20mm"
        ]
    },
    "dshk": {
        "sounds": [
            "chems_guns:gun/shoot/chems/dshk"
        ]
    },
    "20mmaa": {
        "sounds": [
            "chems_guns:gun/shoot/chems/20mmaa"
        ]
    },
    "csr50": {
        "sounds": [
            "chems_guns:gun/shoot/chems/csr50"
        ]
    },
    "m61_fire": {
        "sounds": [
            "chems_guns:gun/shoot/chems/m61"
        ]
    },
    "m61_reload": {
        "sounds": [
            "chems_guns:gun/reload/chems/m61"
        ]
    },
    "45supressed": {
        "sounds": [
            "chems_guns:gun/shoot/chems/45supressed"
        ]
    },
    "m134": {
        "sounds": [
            "chems_guns:gun/shoot/chems/m134"
        ]
    },
    "retcher": {
        "sounds": [
            "chems_guns:gun/shoot/chems/retcher"
        ]
    },
    "m32a1_shoot": {
        "sounds": [
            "chems_guns:gun/shoot/chems/m32a1"
        ]
    },
    "m32a1_reload": {
        "sounds": [
            "chems_guns:gun/reload/chems/m32a1"
        ]
    },
    "cannon": {
        "sounds": [
            "chems_guns:gun/shoot/chems/cannon"
        ]
    },
    "m202a1_reload": {
        "sounds": [
            "chems_guns:gun/reload/chems/m202a1_reload"
        ]
    },
    "m202a1_shoot": {
        "sounds": [
            "chems_guns:gun/shoot/chems/m202a1"
        ]
    },
    "aa12": {
        "sounds": [
            "chems_guns:gun/shoot/chems/aa12"
        ]
    },
    "flammenwerfer35_reload": {
        "sounds": [
            "chems_guns:gun/reload/chems/flammenwerfer35"
        ]
    },
    "m2_shoot": {
        "sounds": [
            "chems_guns:gun/shoot/chems/m2"
        ]
    },
    "m2_reload": {
        "sounds": [
            "chems_guns:gun/reload/chems/m2"
        ]
    },
    "flammenwerfer35_shoot": {
        "sounds": [
            "chems_guns:gun/shoot/chems/flammenwerfer35"
        ]
    },
    "tec9": {
        "sounds": [
            "chems_guns:gun/shoot/chems/tec9"
        ]
    },
    "dp12": {
        "sounds": [
            "chems_guns:gun/shoot/chems/dp12"
        ]
    },
    "ksk": {
        "sounds": [
            "chems_guns:gun/shoot/chems/ksk"
        ]
    },
    "bm50_reload": {
        "sounds": [
            "chems_guns:gun/reload/chems/bm50"
        ]
    },
    "bm50_shoot": {
        "sounds": [
            "chems_guns:gun/shoot/chems/bm50"
        ]
    },
    "bm50_impact": {
        "sounds": [
            "chems_guns:gun/shoot/chems/bm50_impact"
        ]
    },
    "20mm_boltaction": {
        "sounds": [
            "chems_guns:gun/shoot/chems/20mm_boltaction1",
            "chems_guns:gun/shoot/chems/20mm_boltaction2",
            "chems_guns:gun/shoot/chems/20mm_boltaction3"
        ]
    },
    "retcher_reload": {
        "sounds": [
            "chems_guns:gun/reload/chems/retcher_reload"
        ]
    },
    "rpg7_reload": {
        "sounds": [
            "chems_guns:gun/reload/chems/rpg7"
        ]
    },
    "tos1_reload": {
        "sounds": [
            "chems_guns:gun/reload/chems/tos1_reload"
        ]
    },
    "tesla_sparks": {
        "sounds": [
            "chems_guns:gun/shoot/chems/sparks1",
            "chems_guns:gun/shoot/chems/sparks2",
            "chems_guns:gun/shoot/chems/sparks3",
            "chems_guns:gun/shoot/chems/sparks4"
        ]
    },
    "entity_zapped": {
        "sounds": [
            "chems_guns:gun/shoot/chems/zapped1",
            "chems_guns:gun/shoot/chems/zapped2",
            "chems_guns:gun/shoot/chems/zapped3",
            "chems_guns:gun/shoot/chems/zapped4"
        ]
    },
    "tesla_reload": {
        "sounds": [
            "chems_guns:gun/reload/chems/tesla_reload"
        ]
    },
    "bullet_impact": {
        "sounds": [
            "chems_guns:impact/00000000-mg_whiz1",
            "chems_guns:impact/00000000-mg_whiz2",
            "chems_guns:impact/00000000-mg_whiz3",
            "chems_guns:impact/00000000-mg_whiz4",
            "chems_guns:impact/00000000-mg_whiz5",
            "chems_guns:impact/00000000-mg_whiz6",
            "chems_guns:impact/00000000-mg_whiz7",
            "chems_guns:impact/00000000-mg_whiz8",
            "chems_guns:impact/00000000-mg_whiz9",
            "chems_guns:impact/00000000-mg_whiz10",
            "chems_guns:impact/00000000-mg_whiz11",
            "chems_guns:impact/00000000-mg_whiz12",
            "chems_guns:impact/00000000-mg_whiz13",
            "chems_guns:impact/00000000-mg_whiz14",
            "chems_guns:impact/00000000-mg_whiz15",
            "chems_guns:impact/00000000-mg_whiz16",
            "chems_guns:impact/00000000-mg_whiz17",
            "chems_guns:impact/00000000-mg_bullet_crack1",
            "chems_guns:impact/00000000-mg_bullet_crack2",
            "chems_guns:impact/00000000-mg_bullet_crack3",
            "chems_guns:impact/00000000-mg_bullet_crack4",
            "chems_guns:impact/00000000-mg_bullet_crack5",
            "chems_guns:impact/00000000-mg_bullet_crack6",
            "chems_guns:impact/00000000-mg_bullet_crack7",
            "chems_guns:impact/00000000-mg_bullet_crack8"
        ]
    },
    "sgtc_shoot": {
        "sounds": [
            "chems_guns:gun/shoot/chems/sgtc"
        ]
    },
    "sgtc_reload": {
        "sounds": [
            "chems_guns:gun/reload/chems/sgtc"
        ]
    },
    "vttc_shoot": {
        "sounds": [
            "chems_guns:gun/shoot/chems/pulse1",
            "chems_guns:gun/shoot/chems/pulse2",
            "chems_guns:gun/shoot/chems/pulse3"
        ]
    },
    "ak50_shoot": {
        "sounds": [
            "chems_guns:gun/shoot/chems/50bmg_auto",
            "chems_guns:gun/shoot/chems/50bmg_auto_2",
            "chems_guns:gun/shoot/chems/50bmg_auto_3"
        ]
    },
    "ak50_reload": {
        "sounds": [
            "chems_guns:gun/reload/chems/ak50"
        ]
    },
    "ak50_shoot_old": {
        "sounds": [
            "chems_guns:gun/shoot/chems/ak50_1",
            "chems_guns:gun/shoot/chems/ak50_2",
            "chems_guns:gun/shoot/chems/ak50_3"
        ]
    },
    "lich_intro": {
        "sounds": [
            {
                "name": "chems_guns:bossmusic/lich/intro",
                "stream": true
            }
        ]
    },
    "lich_loop": {
        "sounds": [
            {
                "name": "chems_guns:bossmusic/lich/loop",
                "stream": true
            }
        ]
    },
    "lich_outro": {
        "sounds": [
            {
                "name": "chems_guns:bossmusic/lich/outro",
                "stream": true
            }
        ]
    },
    "mg42_shoot": {
        "sounds": [
            "chems_guns:gun/shoot/chems/mg42"
        ]
    },
    "m60_shoot": {
        "sounds": [
            "chems_guns:gun/shoot/chems/m60"
        ]
    },
    "40mm": {
        "sounds": [
            "chems_guns:gun/shoot/chems/40mm_1",
            "chems_guns:gun/shoot/chems/40mm_2",
            "chems_guns:gun/shoot/chems/40mm_3"
        ]
    },
    "m16a2_shoot": {
        "sounds": [
            "chems_guns:gun/shoot/chems/m16a2"
        ]
    },
    "m16_shoot": {
        "sounds": [
            "chems_guns:gun/shoot/chems/m16"
        ]
    },
    "ppsh41_shoot": {
        "sounds": [
            "chems_guns:gun/shoot/chems/ppsh41"
        ]
    },
    "gl183_shoot": {
        "sounds": [
            "chems_guns:gun/shoot/chems/gl183"
        ]
    },
    "gl183_reload": {
        "sounds": [
            "chems_guns:gun/reload/chems/gl183"
        ]
    },
    "remington700_reload": {
        "sounds": [
            "chems_guns:gun/reload/chems/remington700"
        ]
    },
    "remington700_shoot": {
        "sounds": [
            "chems_guns:gun/shoot/chems/remington700"
        ]
    },
    "m82_reload": {
        "sounds": [
            "chems_guns:gun/reload/chems/m82"
        ]
    },
    "m82_shoot": {
        "sounds": [
            "chems_guns:gun/shoot/chems/m82",
            "chems_guns:gun/shoot/chems/m82_2"
        ]
    },
    "moonraker_shoot": {
        "sounds": [
            "chems_guns:gun/shoot/chems/moonraker"
        ]
    },
    "laser_impact": {
        "sounds": [
            "chems_guns:impact/moonraker_impact"
        ]
    },
    "luger_shoot": {
        "sounds": [
            "chems_guns:gun/shoot/chems/luger"
        ]
    },
    "luger_reload": {
        "sounds": [
            "chems_guns:gun/reload/chems/luger"
        ]
    },
    "airstrike_call": {
        "sounds": [
            "chems_guns:gun/reload/chems/radio_call"
        ]
    },
    "airstrike_fire": {
        "sounds": [
            "chems_guns:gun/shoot/chems/airstrike_call"
        ]
    },
    "soflam_fire": {
        "sounds": [
            "chems_guns:gun/shoot/chems/soflam_fire"
        ]
    },
    "distant_explosion": {
        "sounds": [
            "chems_guns:impact/distant_explosion_1",
            "chems_guns:impact/distant_explosion_2",
            "chems_guns:impact/distant_explosion_3",
            "chems_guns:impact/distant_explosion_4"
        ]
    },
    "distant_medium_explosion": {
        "sounds": [
            "chems_guns:impact/distant_explosion_medium_1",
            "chems_guns:impact/distant_explosion_medium_2",
            "chems_guns:impact/distant_explosion_medium_3",
            "chems_guns:impact/distant_explosion_medium_4"
        ]
    },
    "distant_gl_explosion": {
        "sounds": [
            "chems_guns:impact/gl_burst_shot_far1",
            "chems_guns:impact/gl_burst_shot_far2",
            "chems_guns:impact/gl_burst_shot_far3",
            "chems_guns:impact/gl_burst_shot_far4"
        ]
    },
    "swoosh": {
        "sounds": [
            "chems_guns:impact/swoosh"
        ]
    },
    "antimatter_fire": {
        "sounds": [
            "chems_guns:gun/shoot/chems/antimatter_fire"
        ]
    },
    "antimatter_reload": {
        "sounds": [
            "chems_guns:gun/reload/chems/antimatter_reload"
        ]
    },
    "m203_reload": {
        "sounds": [
            "chems_guns:gun/reload/chems/m203"
        ]
    },
    "aa12_shoot": {
        "sounds": [
            "chems_guns:gun/shoot/chems/aa12_1",
            "chems_guns:gun/shoot/chems/aa12_2"
        ]
    },
    "aa12_reload": {
        "sounds": [
            "chems_guns:gun/reload/chems/aa12"
        ]
    },
    "saiga12_shoot": {
        "sounds": [
            "chems_guns:gun/shoot/chems/saiga_1",
            "chems_guns:gun/shoot/chems/saiga_2"
        ]
    },
    "reload": {
        "sounds": [
            "chems_guns:gun/goldeneye/reload"
        ]
    },
    "d5k": {
        "sounds": [
            "chems_guns:gun/goldeneye/d5k"
        ]
    },
    "supressed": {
        "sounds": [
            "chems_guns:gun/goldeneye/supressed"
        ]
    },
    "kf7": {
        "sounds": [
            "chems_guns:gun/goldeneye/kf7"
        ]
    },
    "zmg": {
        "sounds": [
            "chems_guns:gun/goldeneye/zmg"
        ]
    },
    "rcp90": {
        "sounds": [
            "chems_guns:gun/goldeneye/rcp90_1",
            "chems_guns:gun/goldeneye/rcp90_2"
        ]
    },
    "pp7": {
        "sounds": [
            "chems_guns:gun/goldeneye/pp7"
        ]
    },
    "klobb": {
        "sounds": [
            "chems_guns:gun/goldeneye/klobb"
        ]
    },
    "klobb_dual": {
        "sounds": [
            "chems_guns:gun/goldeneye/klobb_dual"
        ]
    },
    "shot_far": {
        "sounds": [
            "chems_guns:gun/distant_shoot/shot_far1",
            "chems_guns:gun/distant_shoot/shot_far2",
            "chems_guns:gun/distant_shoot/shot_far3"
        ]
    },
    "deagle_csgo": {
        "sounds": [
            "chems_guns:gun/shoot/chems/deagle"
        ]
    },
    "1911": {
        "sounds": [
            "chems_guns:gun/shoot/chems/1911_1",
            "chems_guns:gun/shoot/chems/1911_2",
            "chems_guns:gun/shoot/chems/1911_3",
            "chems_guns:gun/shoot/chems/1911_4"
        ]
    },
    "9mm_supressed": {
        "sounds": [
            "chems_guns:gun/shoot/chems/9mm_supressed_1",
            "chems_guns:gun/shoot/chems/9mm_supressed_2",
            "chems_guns:gun/shoot/chems/9mm_supressed_3"
        ]
    },
    "awm_shoot": {
        "sounds": [
            "chems_guns:gun/shoot/chems/awm"
        ]
    },
    "awm_reload": {
        "sounds": [
            "chems_guns:gun/reload/chems/awm"
        ]
    },
    "large_impact": {
        "sounds": [
            "chems_guns:impact/00000000-mortar_hit_explosion1",
            "chems_guns:impact/00000000-mortar_hit_explosion2",
            "chems_guns:impact/00000000-mortar_hit_explosion3",
            "chems_guns:impact/00000000-mortar_hit_explosion4",
            "chems_guns:impact/00000000-mortar_hit_explosion5",
            "chems_guns:impact/00000000-mortar_hit_explosion6",
            "chems_guns:impact/00000000-mortar_hit_explosion7",
            "chems_guns:impact/00000000-mortar_hit_explosion8"
        ]
    },
    "556": {
        "sounds": [
            "chems_guns:gun/shoot/chems/556",
            "chems_guns:gun/shoot/chems/556_1",
            "chems_guns:gun/shoot/chems/556_2"
        ]
    },
    "9mm": {
        "sounds": [
            "chems_guns:gun/shoot/chems/9mm"
        ]
    },
    "hitmarker": {
        "sounds": [
            "chems_guns:impact/hitmarker"
        ]
    },
    "mp5_reload_2": {
        "sounds": [
            "chems_guns:gun/reload/chems/mp5"
        ]
    },
    "five7": {
        "sounds": [
            "chems_guns:gun/shoot/chems/five7_1",
            "chems_guns:gun/shoot/chems/five7_2",
            "chems_guns:gun/shoot/chems/five7_3"
        ]
    },
    "m16a3": {
        "sounds": [
            "chems_guns:gun/shoot/chems/m16a3_1",
            "chems_guns:gun/shoot/chems/m16a3_2",
            "chems_guns:gun/shoot/chems/m16a3_3"
        ]
    },
    "wt_shoot": {
        "sounds": [
            "chems_guns:gun/shoot/chems/wt"
        ]
    },
    "wt_reload": {
        "sounds": [
            "chems_guns:gun/reload/chems/wt"
        ]
    }
}