{
	"credit": "Made with Blockbench",
	"textures": {
		"0": "pipe_guns:item/exposed_copper",
		"particle": "pipe_guns:item/exposed_copper"
	},
	"elements": [
		{
			"from": [7.299, 5.5, 6.6],
			"to": [8.599, 7, 9.6],
			"rotation": {"angle": 0, "axis": "y", "origin": [0, 0, -1]},
			"faces": {
				"north": {"uv": [1, 3, 2.5, 4.3], "rotation": 90, "texture": "#0"},
				"east": {"uv": [1, 3, 2.5, 6], "rotation": 270, "texture": "#0"},
				"south": {"uv": [1, 3, 2.5, 4.3], "rotation": 270, "texture": "#0"},
				"west": {"uv": [1, 3, 2.5, 6], "rotation": 270, "texture": "#0"},
				"up": {"uv": [1, 3, 4, 4.3], "rotation": 270, "texture": "#0"},
				"down": {"uv": [1, 3, 4, 4.3], "rotation": 270, "texture": "#0"}
			}
		},
		{
			"from": [7.499, 7, 6.8],
			"to": [8.399, 7, 9.4],
			"rotation": {"angle": 0, "axis": "y", "origin": [0, 0, -1]},
			"faces": {
				"north": {"uv": [1, 3, 2.5, 4.3], "rotation": 90, "texture": "#0"},
				"east": {"uv": [1, 3, 2.5, 6], "rotation": 270, "texture": "#0"},
				"south": {"uv": [1, 3, 2.5, 4.3], "rotation": 270, "texture": "#0"},
				"west": {"uv": [1, 3, 2.5, 6], "rotation": 270, "texture": "#0"},
				"up": {"uv": [14, 7, 15, 7.3], "rotation": 270, "texture": "#0"},
				"down": {"uv": [1, 3, 4, 4.3], "rotation": 270, "texture": "#0"}
			}
		},
		{
			"from": [7.45, 0, 6.85],
			"to": [8.45, 5.5, 9.35],
			"rotation": {"angle": 0, "axis": "y", "origin": [0, 0, -1]},
			"faces": {
				"north": {"uv": [4, 4, 9.5, 5], "rotation": 90, "texture": "#0"},
				"east": {"uv": [4, 2, 9.5, 4.5], "rotation": 270, "texture": "#0"},
				"south": {"uv": [4, 1, 9.5, 2], "rotation": 270, "texture": "#0"},
				"west": {"uv": [4, 1, 9.5, 3.5], "rotation": 270, "texture": "#0"},
				"up": {"uv": [7, 4, 9.5, 5], "rotation": 270, "texture": "#0"},
				"down": {"uv": [4, 1, 6.5, 2], "rotation": 270, "texture": "#0"}
			}
		}
	],
	"display": {
		"thirdperson_righthand": {
			"translation": [-1, 5.75, 0.75]
		},
		"thirdperson_lefthand": {
			"translation": [-1, 5.75, 0.75]
		},
		"firstperson_righthand": {
			"translation": [-1.25, 8, 4.25]
		},
		"firstperson_lefthand": {
			"translation": [-1.25, 8, 4.25]
		},
		"ground": {
			"translation": [0, 3, 0],
			"scale": [0.85, 0.85, 0.85]
		},
		"gui": {
			"rotation": [19, 43, 0],
			"translation": [0, 5.75, 0],
			"scale": [1.4, 1.4, 1.4]
		},
		"head": {
			"translation": [0, 0.75, -6]
		},
		"fixed": {
			"rotation": [0, -90, 0],
			"translation": [-0.25, 5.5, 0.75],
			"scale": [1.2, 1.2, 1.2]
		}
	}
}