{
	"credit": "Made with Blockbench",
	"textures": {
		"0": "pipe_guns:item/exposed_copper",
		"particle": "pipe_guns:item/exposed_copper"
	},
	"elements": [
		{
			"name": "octagon",
			"from": [7.37868, 0.01, 8.4],
			"to": [8.62132, 3.01, 9.4],
			"rotation": {"angle": -45, "axis": "y", "origin": [8, 0, 7.9]},
			"faces": {
				"north": {"uv": [4, 2, 5, 5], "rotation": 180, "texture": "#0"},
				"east": {"uv": [0, 0, 1, 1], "rotation": 270, "texture": "#0"},
				"south": {"uv": [3, 2, 4, 5], "texture": "#0"},
				"west": {"uv": [0, 0, 1, 1], "rotation": 90, "texture": "#0"},
				"up": {"uv": [3, 3, 4, 4], "rotation": 180, "texture": "#0"},
				"down": {"uv": [2, 3, 3, 4], "texture": "#0"}
			}
		},
		{
			"name": "octagon",
			"from": [7.37868, 0.01, 6.4],
			"to": [8.62132, 3.01, 7.4],
			"rotation": {"angle": -45, "axis": "y", "origin": [8, 0, 7.9]},
			"faces": {
				"north": {"uv": [4, 2, 5, 5], "rotation": 180, "texture": "#0"},
				"east": {"uv": [0, 0, 1, 1], "rotation": 270, "texture": "#0"},
				"south": {"uv": [3, 2, 4, 5], "texture": "#0"},
				"west": {"uv": [0, 0, 1, 1], "rotation": 90, "texture": "#0"},
				"up": {"uv": [7, 2, 8, 3], "rotation": 180, "texture": "#0"},
				"down": {"uv": [2, 3, 3, 4], "texture": "#0"}
			}
		},
		{
			"name": "octagon",
			"from": [7.37868, 0, 6.4],
			"to": [8.62132, 3, 7.4],
			"rotation": {"angle": 0, "axis": "z", "origin": [8, 0, 7.9]},
			"faces": {
				"north": {"uv": [2, 4, 3, 7], "rotation": 180, "texture": "#0"},
				"east": {"uv": [0, 0, 1, 1], "rotation": 270, "texture": "#0"},
				"south": {"uv": [3, 4, 4, 7], "texture": "#0"},
				"west": {"uv": [0, 0, 1, 1], "rotation": 90, "texture": "#0"},
				"up": {"uv": [0, 0, 1, 1], "rotation": 180, "texture": "#0"},
				"down": {"uv": [0, 0, 1, 1], "texture": "#0"}
			}
		},
		{
			"name": "octagon",
			"from": [7.37868, 0, 8.4],
			"to": [8.62132, 3, 9.4],
			"rotation": {"angle": 0, "axis": "y", "origin": [8, 0, 7.9]},
			"faces": {
				"north": {"uv": [2, 4, 3, 7], "rotation": 180, "texture": "#0"},
				"east": {"uv": [0, 0, 1, 1], "rotation": 270, "texture": "#0"},
				"south": {"uv": [3, 4, 4, 7], "texture": "#0"},
				"west": {"uv": [0, 0, 1, 1], "rotation": 90, "texture": "#0"},
				"up": {"uv": [6, 8, 7, 9], "rotation": 180, "texture": "#0"},
				"down": {"uv": [1, 4, 2, 5], "texture": "#0"}
			}
		},
		{
			"name": "octagon",
			"from": [6.5, 0.02, 7.27868],
			"to": [7.5, 3.02, 8.52132],
			"rotation": {"angle": -45, "axis": "y", "origin": [8, 0, 7.9]},
			"faces": {
				"north": {"uv": [0, 0, 1, 1], "rotation": 180, "texture": "#0"},
				"east": {"uv": [3, 4, 6, 5], "rotation": 270, "texture": "#0"},
				"south": {"uv": [0, 0, 1, 1], "texture": "#0"},
				"west": {"uv": [3, 3, 6, 4], "rotation": 90, "texture": "#0"},
				"up": {"uv": [1, 2, 2, 3], "rotation": 180, "texture": "#0"},
				"down": {"uv": [1, 2, 2, 3], "texture": "#0"}
			}
		},
		{
			"name": "octagon",
			"from": [8.5, 0.02, 7.27868],
			"to": [9.5, 3.02, 8.52132],
			"rotation": {"angle": -45, "axis": "y", "origin": [8, 0, 7.9]},
			"faces": {
				"north": {"uv": [0, 0, 1, 1], "rotation": 180, "texture": "#0"},
				"east": {"uv": [3, 4, 6, 5], "rotation": 270, "texture": "#0"},
				"south": {"uv": [0, 0, 1, 1], "texture": "#0"},
				"west": {"uv": [3, 3, 6, 4], "rotation": 90, "texture": "#0"},
				"up": {"uv": [10, 3, 11, 4], "rotation": 180, "texture": "#0"},
				"down": {"uv": [1, 2, 2, 3], "texture": "#0"}
			}
		},
		{
			"name": "octagon",
			"from": [6.5, 0, 7.27868],
			"to": [7.5, 3, 8.52132],
			"rotation": {"angle": 0, "axis": "z", "origin": [8, 0, 7.9]},
			"faces": {
				"north": {"uv": [0, 0, 1, 1], "rotation": 180, "texture": "#0"},
				"east": {"uv": [6, 2, 9, 3], "rotation": 270, "texture": "#0"},
				"south": {"uv": [0, 0, 1, 1], "texture": "#0"},
				"west": {"uv": [4, 1, 7, 2], "rotation": 90, "texture": "#0"},
				"up": {"uv": [2, 3, 3, 4], "rotation": 180, "texture": "#0"},
				"down": {"uv": [2, 3, 3, 4], "texture": "#0"}
			}
		},
		{
			"name": "octagon",
			"from": [8.5, 0, 7.27868],
			"to": [9.5, 3, 8.52132],
			"rotation": {"angle": 0, "axis": "y", "origin": [8, 0, 7.9]},
			"faces": {
				"north": {"uv": [0, 0, 1, 1], "rotation": 180, "texture": "#0"},
				"east": {"uv": [6, 2, 9, 3], "rotation": 270, "texture": "#0"},
				"south": {"uv": [0, 0, 1, 1], "texture": "#0"},
				"west": {"uv": [4, 1, 7, 2], "rotation": 90, "texture": "#0"},
				"up": {"uv": [2, 3, 3, 4], "rotation": 180, "texture": "#0"},
				"down": {"uv": [2, 3, 3, 4], "texture": "#0"}
			}
		}
	],
	"display": {
		"thirdperson_righthand": {
			"translation": [0, 5.5, 0],
			"scale": [0.75, 0.75, 0.75]
		},
		"thirdperson_lefthand": {
			"translation": [0, 5.5, 0],
			"scale": [0.75, 0.75, 0.75]
		},
		"firstperson_righthand": {
			"translation": [0.25, 9, 2.75]
		},
		"firstperson_lefthand": {
			"translation": [0.25, 9, 2.75]
		},
		"ground": {
			"translation": [0.25, 2, 0.25],
			"scale": [0.7, 0.7, 0.7]
		},
		"gui": {
			"rotation": [26, 74, 0],
			"translation": [0, 8.25, 0],
			"scale": [1.5, 1.5, 1.5]
		},
		"head": {
			"translation": [0, 28.75, -2.75],
			"scale": [1, 3, 1]
		},
		"fixed": {
			"rotation": [0, -90, 0],
			"translation": [-0.5, 7.25, 0.5],
			"scale": [1.1, 1.1, 1.1]
		}
	},
	"groups": [
		{
			"name": "octagon",
			"origin": [8, 8, 8],
			"color": 0,
			"children": [0, 1, 2, 3, 4, 5, 6, 7]
		},
		{
			"name": "octagon",
			"origin": [8, 8, 8],
			"color": 0,
			"children": []
		}
	]
}