{
	"credit": "Made with Blockbench",
	"textures": {
		"0": "pipe_guns:item/exposed_copper",
		"particle": "pipe_guns:item/exposed_copper"
	},
	"elements": [
		{
			"from": [7.5, 0.5, 6.25],
			"to": [8.5, 3.5, 8.25],
			"faces": {
				"north": {"uv": [5, 1, 6, 4], "texture": "#0"},
				"east": {"uv": [4, 1, 6, 4], "texture": "#0"},
				"south": {"uv": [4, 1, 5, 4], "texture": "#0"},
				"west": {"uv": [4, 1, 6, 4], "texture": "#0"},
				"up": {"uv": [5, 1, 6, 3], "texture": "#0"},
				"down": {"uv": [4, 1, 5, 3], "texture": "#0"}
			}
		},
		{
			"from": [7.25, 0, 6.15],
			"to": [8.75, 0.5, 8.35],
			"faces": {
				"north": {"uv": [2, 4, 3.5, 4.5], "texture": "#0"},
				"east": {"uv": [2, 4, 4.2, 4.5], "texture": "#0"},
				"south": {"uv": [2, 4, 3.5, 4.5], "texture": "#0"},
				"west": {"uv": [2, 4, 4.2, 4.5], "texture": "#0"},
				"up": {"uv": [2, 4, 3.5, 6.2], "texture": "#0"},
				"down": {"uv": [2, 4, 3.5, 6.2], "texture": "#0"}
			}
		},
		{
			"from": [7.65, 3.501, 6.45],
			"to": [8.35, 3.501, 8.05],
			"faces": {
				"north": {"uv": [0, 0, 0.7, 0], "texture": "#0"},
				"east": {"uv": [0, 0, 1.6, 0], "texture": "#0"},
				"south": {"uv": [0, 0, 0.7, 0], "texture": "#0"},
				"west": {"uv": [0, 0, 1.6, 0], "texture": "#0"},
				"up": {"uv": [14, 7, 14.7, 7.6], "texture": "#0"},
				"down": {"uv": [0, 0, 0.7, 1.6], "texture": "#0"}
			}
		}
	],
	"display": {
		"thirdperson_righthand": {
			"translation": [-0.75, 6.75, 1]
		},
		"thirdperson_lefthand": {
			"translation": [-0.75, 6.75, 1]
		},
		"firstperson_righthand": {
			"translation": [-1.25, 10.5, 5.25]
		},
		"firstperson_lefthand": {
			"translation": [-1.25, 10.5, 5.25]
		},
		"ground": {
			"translation": [-0.25, 4.25, 1]
		},
		"gui": {
			"rotation": [20, 44, 0],
			"translation": [1.5, 9.75, 0],
			"scale": [1.8, 1.8, 1.8]
		},
		"head": {
			"translation": [0, 5.75, -5.5]
		},
		"fixed": {
			"rotation": [0, -89, 0],
			"translation": [-1.5, 8.25, 0.75],
			"scale": [1.25, 1.25, 1.25]
		}
	},
	"groups": [
		{
			"name": "octagon",
			"origin": [8, 8, 8],
			"color": 0,
			"children": []
		},
		0,
		1,
		{
			"name": "octagon",
			"origin": [8, 8, 8],
			"color": 0,
			"children": []
		},
		2
	]
}