{
	"format_version": "1.21.6",
	"credit": "Made with Blockbench",
	"textures": {
		"0": "chems_guns:item/equiptment/grenade",
		"particle": "chems_guns:item/equiptment/grenade"
	},
	"elements": [
		{
			"from": [6.5, 6.25, 6.5],
			"to": [9.5, 7.75, 9.5],
			"rotation": {"angle": 0, "axis": "y", "origin": [6, 0, 6]},
			"faces": {
				"north": {"uv": [0, 0, 3, 1.5], "texture": "#0"},
				"east": {"uv": [0, 0, 3, 1.5], "texture": "#0"},
				"south": {"uv": [0, 0, 3, 1.5], "texture": "#0"},
				"west": {"uv": [0, 0, 3, 1.5], "texture": "#0"},
				"up": {"uv": [0, 0, 3, 3], "texture": "#0"},
				"down": {"uv": [0, 0, 3, 3], "texture": "#0"}
			}
		},
		{
			"from": [6.5, 0.25, 6.5],
			"to": [9.5, 1.75, 9.5],
			"rotation": {"angle": 0, "axis": "y", "origin": [6, 0, 6]},
			"faces": {
				"north": {"uv": [0, 4, 3, 5.5], "texture": "#0"},
				"east": {"uv": [0, 4, 3, 5.5], "texture": "#0"},
				"south": {"uv": [0, 4, 3, 5.5], "texture": "#0"},
				"west": {"uv": [0, 4, 3, 5.5], "texture": "#0"},
				"up": {"uv": [0, 3, 3, 6], "texture": "#0"},
				"down": {"uv": [0, 3, 3, 6], "texture": "#0"}
			}
		},
		{
			"from": [6, 1, 6],
			"to": [10, 7, 10],
			"rotation": {"angle": 0, "axis": "y", "origin": [6, 0, 6]},
			"faces": {
				"north": {"uv": [0, 0, 4, 6], "texture": "#0"},
				"east": {"uv": [0, 0, 4, 6], "texture": "#0"},
				"south": {"uv": [0, 0, 4, 6], "texture": "#0"},
				"west": {"uv": [0, 0, 4, 6], "texture": "#0"},
				"up": {"uv": [0, 0, 4, 4], "texture": "#0"},
				"down": {"uv": [0, 0, 4, 4], "texture": "#0"}
			}
		},
		{
			"from": [7.25, 7.75, 7.25],
			"to": [8.75, 9.25, 8.75],
			"rotation": {"angle": 0, "axis": "y", "origin": [6, 0, 6]},
			"faces": {
				"north": {"uv": [14.5, 0, 16, 1.5], "texture": "#0"},
				"east": {"uv": [14.5, 0, 16, 1.5], "texture": "#0"},
				"south": {"uv": [14.5, 0, 16, 1.5], "texture": "#0"},
				"west": {"uv": [14.5, 0, 16, 1.5], "texture": "#0"},
				"up": {"uv": [14.5, 0, 16, 1.5], "texture": "#0"},
				"down": {"uv": [14.5, 0, 16, 1.5], "texture": "#0"}
			}
		},
		{
			"from": [8.75, 8.5, 7.25],
			"to": [10.25, 9.25, 8.75],
			"rotation": {"angle": 0, "axis": "y", "origin": [6, 0, 6]},
			"faces": {
				"north": {"uv": [14.5, 0, 16, 0.75], "texture": "#0"},
				"east": {"uv": [14.5, 0, 16, 0.75], "texture": "#0"},
				"south": {"uv": [14.5, 0, 16, 0.75], "texture": "#0"},
				"west": {"uv": [14.5, 0, 16, 0.75], "texture": "#0"},
				"up": {"uv": [14.5, 0, 16, 1.5], "texture": "#0"},
				"down": {"uv": [14.5, 0, 16, 1.5], "texture": "#0"}
			}
		},
		{
			"from": [10.55, 2.44, 7.25],
			"to": [11.315, 8.19, 8.75],
			"rotation": {"angle": 0, "axis": "y", "origin": [6, 0, 6]},
			"faces": {
				"north": {"uv": [15.235, 0, 16, 5.75], "texture": "#0"},
				"east": {"uv": [14.5, 0, 16, 5.75], "texture": "#0"},
				"south": {"uv": [15.235, 0, 16, 5.75], "texture": "#0"},
				"west": {"uv": [14.5, 0, 16, 5.75], "texture": "#0"},
				"up": {"uv": [15.235, 0, 16, 1.5], "texture": "#0"},
				"down": {"uv": [15.235, 0, 16, 1.5], "texture": "#0"}
			}
		},
		{
			"from": [10, 8.17, 7.25],
			"to": [10.75, 9.67, 8.75],
			"rotation": {"angle": 45, "axis": "z", "origin": [11, 8.875, 8]},
			"faces": {
				"north": {"uv": [13, 0, 14.5, 0.75], "rotation": 270, "texture": "#0"},
				"east": {"uv": [13, 0, 14.5, 1.5], "rotation": 90, "texture": "#0"},
				"south": {"uv": [13, 0, 14.5, 0.75], "rotation": 90, "texture": "#0"},
				"west": {"uv": [13, 0, 14.5, 1.5], "rotation": 90, "texture": "#0"},
				"up": {"uv": [13, 0, 14.5, 0.75], "rotation": 90, "texture": "#0"},
				"down": {"uv": [13, 0, 14.5, 0.75], "rotation": 90, "texture": "#0"}
			}
		},
		{
			"name": "octagon",
			"from": [8, 8.83579, 8],
			"to": [8.5, 9.66421, 8.5],
			"rotation": {"angle": 45, "axis": "x", "origin": [14, 9.25, 9]},
			"faces": {
				"north": {"uv": [14, 1, 15, 2], "texture": "#0"},
				"east": {"uv": [14, 1, 15, 2], "texture": "#0"},
				"south": {"uv": [14, 1, 15, 2], "texture": "#0"},
				"west": {"uv": [14, 1, 15, 2], "texture": "#0"},
				"up": {"uv": [14, 1, 15, 2], "texture": "#0"},
				"down": {"uv": [14, 1, 15, 2], "texture": "#0"}
			}
		},
		{
			"name": "octagon",
			"from": [7.999, 8.83579, 8],
			"to": [8.499, 9.66421, 8.5],
			"rotation": {"angle": 0, "axis": "x", "origin": [14, 9.25, 9]},
			"faces": {
				"north": {"uv": [15, 0, 16, 1], "texture": "#0"},
				"east": {"uv": [15, 0, 16, 1], "texture": "#0"},
				"south": {"uv": [15, 0, 16, 1], "texture": "#0"},
				"west": {"uv": [15, 0, 16, 1], "texture": "#0"},
				"up": {"uv": [15, 0, 16, 1], "texture": "#0"},
				"down": {"uv": [15, 0, 16, 1], "texture": "#0"}
			}
		},
		{
			"name": "octagon",
			"from": [8, 8.83579, 9.5],
			"to": [8.5, 9.66421, 10],
			"rotation": {"angle": 45, "axis": "x", "origin": [14, 9.25, 9]},
			"faces": {
				"north": {"uv": [15, 1, 16, 2], "texture": "#0"},
				"east": {"uv": [15, 1, 16, 2], "texture": "#0"},
				"south": {"uv": [15, 1, 16, 2], "texture": "#0"},
				"west": {"uv": [15, 1, 16, 2], "texture": "#0"},
				"up": {"uv": [15, 1, 16, 2], "texture": "#0"},
				"down": {"uv": [15, 1, 16, 2], "texture": "#0"}
			}
		},
		{
			"name": "octagon",
			"from": [7.999, 8.83579, 9.5],
			"to": [8.499, 9.66421, 10],
			"rotation": {"angle": 0, "axis": "x", "origin": [14, 9.25, 9]},
			"faces": {
				"north": {"uv": [13, 1, 14, 2], "texture": "#0"},
				"east": {"uv": [13, 1, 14, 2], "texture": "#0"},
				"south": {"uv": [13, 1, 14, 2], "texture": "#0"},
				"west": {"uv": [13, 1, 14, 2], "texture": "#0"},
				"up": {"uv": [13, 1, 14, 2], "texture": "#0"},
				"down": {"uv": [13, 1, 14, 2], "texture": "#0"}
			}
		},
		{
			"name": "octagon",
			"from": [8, 8.25, 8.58579],
			"to": [8.5, 8.75, 9.41421],
			"rotation": {"angle": 45, "axis": "x", "origin": [14, 9.25, 9]},
			"faces": {
				"north": {"uv": [15, 0, 16, 1], "texture": "#0"},
				"east": {"uv": [15, 0, 16, 1], "texture": "#0"},
				"south": {"uv": [15, 0, 16, 1], "texture": "#0"},
				"west": {"uv": [15, 0, 16, 1], "texture": "#0"},
				"up": {"uv": [15, 0, 16, 1], "texture": "#0"},
				"down": {"uv": [15, 0, 16, 1], "texture": "#0"}
			}
		},
		{
			"name": "octagon",
			"from": [7.999, 8.25, 8.58579],
			"to": [8.499, 8.75, 9.41421],
			"rotation": {"angle": 0, "axis": "x", "origin": [14, 9.25, 9]},
			"faces": {
				"north": {"uv": [14, 1, 15, 2], "texture": "#0"},
				"east": {"uv": [14, 1, 15, 2], "texture": "#0"},
				"south": {"uv": [14, 1, 15, 2], "texture": "#0"},
				"west": {"uv": [14, 1, 15, 2], "texture": "#0"},
				"up": {"uv": [14, 1, 15, 2], "texture": "#0"},
				"down": {"uv": [14, 1, 15, 2], "texture": "#0"}
			}
		},
		{
			"name": "octagon",
			"from": [8, 9.75, 8.58579],
			"to": [8.5, 10.25, 9.41421],
			"rotation": {"angle": 45, "axis": "x", "origin": [14, 9.25, 9]},
			"faces": {
				"north": {"uv": [15, 0, 16, 1], "texture": "#0"},
				"east": {"uv": [15, 0, 16, 1], "texture": "#0"},
				"south": {"uv": [15, 0, 16, 1], "texture": "#0"},
				"west": {"uv": [15, 0, 16, 1], "texture": "#0"},
				"up": {"uv": [15, 0, 16, 1], "texture": "#0"},
				"down": {"uv": [15, 0, 16, 1], "texture": "#0"}
			}
		},
		{
			"name": "octagon",
			"from": [7.999, 9.75, 8.58579],
			"to": [8.499, 10.25, 9.41421],
			"rotation": {"angle": 0, "axis": "x", "origin": [14, 9.25, 9]},
			"faces": {
				"north": {"uv": [13, 0, 14, 1], "texture": "#0"},
				"east": {"uv": [13, 0, 14, 1], "texture": "#0"},
				"south": {"uv": [13, 0, 14, 1], "texture": "#0"},
				"west": {"uv": [13, 0, 14, 1], "texture": "#0"},
				"up": {"uv": [13, 0, 14, 1], "texture": "#0"},
				"down": {"uv": [13, 0, 14, 1], "texture": "#0"}
			}
		}
	],
	"gui_light": "front",
	"display": {
		"thirdperson_righthand": {
			"translation": [0, 3, 1],
			"scale": [0.55, 0.55, 0.55]
		},
		"thirdperson_lefthand": {
			"translation": [0, 3, 1],
			"scale": [0.55, 0.55, 0.55]
		},
		"firstperson_righthand": {
			"rotation": [0, -90, -15],
			"translation": [0.63, 5.7, 2.63],
			"scale": [0.68, 0.68, 0.68]
		},
		"firstperson_lefthand": {
			"rotation": [0, -90, -8],
			"translation": [1.13, 5.45, 2.13],
			"scale": [0.68, 0.68, 0.68]
		},
		"ground": {
			"rotation": [90, 0, 0],
			"translation": [0, -2.75, 1.5],
			"scale": [0.5, 0.5, 0.5]
		},
		"gui": {
			"rotation": [30, -45, 0],
			"translation": [0.25, 2.75, 0]
		},
		"head": {
			"rotation": [0, -180, 0],
			"translation": [0, 3, -7]
		},
		"fixed": {
			"rotation": [0, -180, 0],
			"translation": [0, 3.25, 0]
		}
	},
	"groups": [
		0,
		1,
		2,
		3,
		4,
		5,
		6,
		{
			"name": "octagon",
			"origin": [8, 8, 8],
			"color": 0,
			"children": [7, 8, 9, 10, 11, 12, 13, 14]
		}
	]
}