{
	"format_version": "1.21.6",
	"credit": "Made with Blockbench",
	"textures": {
		"0": "chems_guns:item/gun_ammo/ray_green",
		"1": "chems_guns:item/gun_ammo/tesla",
		"particle": "chems_guns:item/gun_ammo/ray_green"
	},
	"elements": [
		{
			"from": [6.15, 5.2, 10.1],
			"to": [6.65, 7.8, 13.5],
			"rotation": {"angle": 0, "axis": "y", "origin": [6.4, 6.5, 11.8]},
			"faces": {
				"north": {"uv": [12.5, 14, 13, 16], "texture": "#1"},
				"east": {"uv": [9, 14, 13, 16], "texture": "#1"},
				"south": {"uv": [12.5, 14, 13, 16], "texture": "#1"},
				"west": {"uv": [5.75, 4.25, 8.75, 6.75], "texture": "#1"},
				"up": {"uv": [12.5, 13.75, 13, 16], "texture": "#1"},
				"down": {"uv": [12.5, 13.75, 13, 16], "texture": "#1"}
			}
		},
		{
			"from": [9.25, 5.2, 10.1],
			"to": [9.75, 7.8, 13.5],
			"rotation": {"angle": 0, "axis": "y", "origin": [9.5, 6.5, 11.8]},
			"faces": {
				"north": {"uv": [12.5, 14, 13, 16], "texture": "#1"},
				"east": {"uv": [5.75, 4.25, 8.75, 6.75], "texture": "#1"},
				"south": {"uv": [12.5, 14, 13, 16], "texture": "#1"},
				"west": {"uv": [9, 14, 13, 16], "texture": "#1"},
				"up": {"uv": [12.5, 13.75, 13, 16], "rotation": 180, "texture": "#1"},
				"down": {"uv": [12.5, 13.75, 13, 16], "rotation": 180, "texture": "#1"}
			}
		},
		{
			"from": [7.251, -1.7, 10.88],
			"to": [8.498, 5.3, 13.13],
			"rotation": {"angle": -22.5, "axis": "x", "origin": [8, 4.5, 10]},
			"faces": {
				"north": {"uv": [13.003, 6, 15, 13], "texture": "#0"},
				"east": {"uv": [13, 6, 16, 13], "texture": "#0"},
				"south": {"uv": [14.003, 6, 16, 13], "texture": "#0"},
				"west": {"uv": [13, 6, 16, 13], "texture": "#0"},
				"up": {"uv": [13.003, 10, 16, 13], "texture": "#0"},
				"down": {"uv": [13.003, 10, 15, 13], "texture": "#0"}
			}
		},
		{
			"from": [6.5, 6, 2],
			"to": [7.5, 7, 7],
			"rotation": {"angle": 22.5, "axis": "y", "origin": [7, 6.5, 4.5]},
			"faces": {
				"north": {"uv": [4, 8, 5, 9], "texture": "#1"},
				"east": {"uv": [0, 8, 5, 9], "texture": "#1"},
				"south": {"uv": [4, 8, 5, 9], "texture": "#1"},
				"west": {"uv": [0, 8, 5, 9], "texture": "#1"},
				"up": {"uv": [0, 8, 5, 9], "rotation": 90, "texture": "#1"},
				"down": {"uv": [0, 8, 5, 9], "rotation": 90, "texture": "#1"}
			}
		},
		{
			"from": [7.5, 7, 2],
			"to": [8.5, 8, 7],
			"rotation": {"angle": 22.5, "axis": "x", "origin": [8, 7.5, 4.5]},
			"faces": {
				"north": {"uv": [4, 8, 5, 9], "texture": "#1"},
				"east": {"uv": [0, 8, 5, 9], "texture": "#1"},
				"south": {"uv": [4, 8, 5, 9], "texture": "#1"},
				"west": {"uv": [0, 8, 5, 9], "texture": "#1"},
				"up": {"uv": [0, 8, 5, 9], "rotation": 90, "texture": "#1"},
				"down": {"uv": [0, 8, 5, 9], "rotation": 90, "texture": "#1"}
			}
		},
		{
			"from": [7.5, 5, 2],
			"to": [8.5, 6, 7],
			"rotation": {"angle": -22.5, "axis": "x", "origin": [8, 5.5, 4.5]},
			"faces": {
				"north": {"uv": [4, 8, 5, 9], "texture": "#1"},
				"east": {"uv": [0, 8, 5, 9], "texture": "#1"},
				"south": {"uv": [4, 8, 5, 9], "texture": "#1"},
				"west": {"uv": [0, 8, 5, 9], "texture": "#1"},
				"up": {"uv": [0, 8, 5, 9], "rotation": 90, "texture": "#1"},
				"down": {"uv": [0, 8, 5, 9], "rotation": 90, "texture": "#1"}
			}
		},
		{
			"from": [6, 7.5, 1.5],
			"to": [10, 8.5, 2.5],
			"rotation": {"angle": 45, "axis": "z", "origin": [8, 6.55, 2]},
			"faces": {
				"north": {"uv": [0, 8, 3.75, 9], "texture": "#1"},
				"east": {"uv": [4, 8, 5, 9], "texture": "#1"},
				"south": {"uv": [0, 8, 3.75, 9], "texture": "#1"},
				"west": {"uv": [4, 8, 5, 9], "texture": "#1"},
				"up": {"uv": [0, 8, 3.75, 9], "rotation": 180, "texture": "#1"},
				"down": {"uv": [0, 8, 3.75, 9], "texture": "#1"}
			}
		},
		{
			"from": [6, 4.6, 1.5],
			"to": [10, 5.6, 2.5],
			"rotation": {"angle": 45, "axis": "z", "origin": [8, 6.55, 2]},
			"faces": {
				"north": {"uv": [0, 8, 3.75, 9], "texture": "#1"},
				"east": {"uv": [4, 8, 5, 9], "texture": "#1"},
				"south": {"uv": [0, 8, 3.75, 9], "texture": "#1"},
				"west": {"uv": [4, 8, 5, 9], "texture": "#1"},
				"up": {"uv": [0, 8, 3.75, 9], "rotation": 180, "texture": "#1"},
				"down": {"uv": [0, 8, 3.75, 9], "texture": "#1"}
			}
		},
		{
			"from": [9, 5.6, 1.5],
			"to": [10, 7.5, 2.5],
			"rotation": {"angle": 45, "axis": "z", "origin": [8, 6.55, 2]},
			"faces": {
				"north": {"uv": [0, 8, 1.75, 9], "rotation": 270, "texture": "#1"},
				"east": {"uv": [0, 8, 1.75, 9], "rotation": 270, "texture": "#1"},
				"south": {"uv": [0, 8, 1.75, 9], "rotation": 90, "texture": "#1"},
				"west": {"uv": [0, 8, 1.75, 9], "rotation": 90, "texture": "#1"},
				"up": {"uv": [4, 8, 5, 9], "rotation": 90, "texture": "#1"},
				"down": {"uv": [4, 8, 5, 9], "rotation": 90, "texture": "#1"}
			}
		},
		{
			"from": [6, 5.6, 1.5],
			"to": [7, 7.5, 2.5],
			"rotation": {"angle": 45, "axis": "z", "origin": [8, 6.55, 2]},
			"faces": {
				"north": {"uv": [0, 8, 1.75, 9], "rotation": 270, "texture": "#1"},
				"east": {"uv": [0, 8, 1.75, 9], "rotation": 270, "texture": "#1"},
				"south": {"uv": [0, 8, 1.75, 9], "rotation": 90, "texture": "#1"},
				"west": {"uv": [0, 8, 1.75, 9], "rotation": 90, "texture": "#1"},
				"up": {"uv": [4, 8, 5, 9], "rotation": 90, "texture": "#1"},
				"down": {"uv": [4, 8, 5, 9], "rotation": 90, "texture": "#1"}
			}
		},
		{
			"from": [8.4, 6, 2],
			"to": [9.4, 7, 7],
			"rotation": {"angle": -22.5, "axis": "y", "origin": [8.9, 6.5, 4.5]},
			"faces": {
				"north": {"uv": [4, 8, 5, 9], "texture": "#1"},
				"east": {"uv": [0, 8, 5, 9], "texture": "#1"},
				"south": {"uv": [4, 8, 5, 9], "texture": "#1"},
				"west": {"uv": [0, 8, 5, 9], "texture": "#1"},
				"up": {"uv": [0, 8, 5, 9], "rotation": 90, "texture": "#1"},
				"down": {"uv": [0, 8, 5, 9], "rotation": 90, "texture": "#1"}
			}
		},
		{
			"from": [6.25, 6, 7.75],
			"to": [6.5, 6.25, 10.75],
			"rotation": {"angle": 0, "axis": "y", "origin": [-1, 1, -0.25]},
			"faces": {
				"north": {"uv": [0, 12.25, 1, 13.25], "texture": "#1"},
				"east": {"uv": [0, 13.75, 12.5, 14.75], "texture": "#1"},
				"south": {"uv": [0, 12.25, 1, 13.25], "texture": "#1"},
				"west": {"uv": [0, 13.75, 12.5, 14.75], "texture": "#1"},
				"up": {"uv": [0, 13.75, 12.25, 14.75], "rotation": 90, "texture": "#1"},
				"down": {"uv": [0, 13.75, 12.5, 14.75], "rotation": 90, "texture": "#1"}
			}
		},
		{
			"from": [6.25, 6.5, 7.75],
			"to": [6.5, 6.75, 10.75],
			"rotation": {"angle": 0, "axis": "y", "origin": [6.375, 6.625, 9.25]},
			"faces": {
				"north": {"uv": [0, 12.25, 1, 13.25], "texture": "#1"},
				"east": {"uv": [0, 13.75, 12.5, 14.75], "texture": "#1"},
				"south": {"uv": [0, 12.25, 1, 13.25], "texture": "#1"},
				"west": {"uv": [0, 13.75, 12.5, 14.75], "texture": "#1"},
				"up": {"uv": [0, 13.75, 12.25, 14.75], "rotation": 90, "texture": "#1"},
				"down": {"uv": [0, 13.75, 12.5, 14.75], "rotation": 90, "texture": "#1"}
			}
		},
		{
			"from": [6.475, 6.5, 7.725],
			"to": [7.475, 6.75, 7.975],
			"rotation": {"angle": 0, "axis": "y", "origin": [7.975, 6.625, 7.85]},
			"faces": {
				"north": {"uv": [0, 13.75, 4.75, 14.75], "texture": "#1"},
				"east": {"uv": [0, 12.25, 1, 13.25], "texture": "#1"},
				"south": {"uv": [0, 13.75, 4.75, 14.75], "texture": "#1"},
				"west": {"uv": [0, 12.25, 1, 13.25], "texture": "#1"},
				"up": {"uv": [2, 13.75, 6.5, 14.75], "texture": "#1"},
				"down": {"uv": [0, 13.75, 4.75, 14.75], "rotation": 180, "texture": "#1"}
			}
		},
		{
			"from": [6.475, 6, 7.725],
			"to": [7.475, 6.25, 7.975],
			"rotation": {"angle": 0, "axis": "y", "origin": [7.975, 6.125, 7.85]},
			"faces": {
				"north": {"uv": [0, 13.75, 4.75, 14.75], "texture": "#1"},
				"east": {"uv": [0, 12.25, 1, 13.25], "texture": "#1"},
				"south": {"uv": [0, 13.75, 4.75, 14.75], "texture": "#1"},
				"west": {"uv": [0, 12.25, 1, 13.25], "texture": "#1"},
				"up": {"uv": [2, 13.75, 6.5, 14.75], "texture": "#1"},
				"down": {"uv": [0, 13.75, 4.75, 14.75], "rotation": 180, "texture": "#1"}
			}
		},
		{
			"from": [9.45, 6, 7.75],
			"to": [9.7, 6.25, 10.75],
			"rotation": {"angle": 0, "axis": "y", "origin": [2.2, 1, -0.25]},
			"faces": {
				"north": {"uv": [0, 12.25, 1, 13.25], "texture": "#1"},
				"east": {"uv": [0, 13.75, 12.5, 14.75], "texture": "#1"},
				"south": {"uv": [0, 12.25, 1, 13.25], "texture": "#1"},
				"west": {"uv": [0, 13.75, 12.5, 14.75], "texture": "#1"},
				"up": {"uv": [0, 13.75, 12.25, 14.75], "rotation": 90, "texture": "#1"},
				"down": {"uv": [0, 13.75, 12.5, 14.75], "rotation": 90, "texture": "#1"}
			}
		},
		{
			"from": [9.45, 6.5, 7.75],
			"to": [9.7, 6.75, 10.75],
			"rotation": {"angle": 0, "axis": "y", "origin": [9.575, 6.625, 9.25]},
			"faces": {
				"north": {"uv": [0, 12.25, 1, 13.25], "texture": "#1"},
				"east": {"uv": [0, 13.75, 12.5, 14.75], "texture": "#1"},
				"south": {"uv": [0, 12.25, 1, 13.25], "texture": "#1"},
				"west": {"uv": [0, 13.75, 12.5, 14.75], "texture": "#1"},
				"up": {"uv": [0, 13.75, 12.25, 14.75], "rotation": 90, "texture": "#1"},
				"down": {"uv": [0, 13.75, 12.5, 14.75], "rotation": 90, "texture": "#1"}
			}
		},
		{
			"from": [8.475, 6.5, 7.725],
			"to": [9.475, 6.75, 7.975],
			"rotation": {"angle": 0, "axis": "y", "origin": [9.975, 6.625, 7.85]},
			"faces": {
				"north": {"uv": [0, 13.75, 4.75, 14.75], "texture": "#1"},
				"east": {"uv": [0, 12.25, 1, 13.25], "texture": "#1"},
				"south": {"uv": [0, 13.75, 4.75, 14.75], "texture": "#1"},
				"west": {"uv": [0, 12.25, 1, 13.25], "texture": "#1"},
				"up": {"uv": [2, 13.75, 6.5, 14.75], "texture": "#1"},
				"down": {"uv": [0, 13.75, 4.75, 14.75], "rotation": 180, "texture": "#1"}
			}
		},
		{
			"from": [8.475, 6, 7.725],
			"to": [9.475, 6.25, 7.975],
			"rotation": {"angle": 0, "axis": "y", "origin": [9.975, 6.125, 7.85]},
			"faces": {
				"north": {"uv": [0, 13.75, 4.75, 14.75], "texture": "#1"},
				"east": {"uv": [0, 12.25, 1, 13.25], "texture": "#1"},
				"south": {"uv": [0, 13.75, 4.75, 14.75], "texture": "#1"},
				"west": {"uv": [0, 12.25, 1, 13.25], "texture": "#1"},
				"up": {"uv": [2, 13.75, 6.5, 14.75], "texture": "#1"},
				"down": {"uv": [0, 13.75, 4.75, 14.75], "rotation": 180, "texture": "#1"}
			}
		},
		{
			"from": [6.5, 5, 8],
			"to": [9.5, 8, 14],
			"faces": {
				"north": {"uv": [8.75, 7.75, 10, 9], "texture": "#1"},
				"east": {"uv": [8.75, 7.75, 11.25, 9], "texture": "#1"},
				"south": {"uv": [9, 8, 10.25, 9.25], "texture": "#1"},
				"west": {"uv": [8.75, 7.75, 11.25, 9], "texture": "#1"},
				"up": {"uv": [8.75, 7.75, 11.25, 9], "rotation": 90, "texture": "#1"},
				"down": {"uv": [8.75, 7.75, 13, 9], "rotation": 90, "texture": "#1"}
			}
		},
		{
			"from": [7.1, 5.5, 6],
			"to": [8.85, 7.5, 8],
			"rotation": {"angle": 0, "axis": "y", "origin": [0.1, 0, 0]},
			"faces": {
				"north": {"uv": [0, 0, 1, 1.25], "texture": "#1"},
				"east": {"uv": [0, 0, 1.25, 1.25], "texture": "#1"},
				"south": {"uv": [0, 0, 1, 1.25], "texture": "#1"},
				"west": {"uv": [0, 0, 1.25, 1.25], "texture": "#1"},
				"up": {"uv": [0, 0, 1, 1.25], "texture": "#1"},
				"down": {"uv": [0, 0, 1, 1.25], "texture": "#1"}
			}
		}
	],
	"display": {
		"thirdperson_righthand": {
			"translation": [0, 3, -1.75]
		},
		"thirdperson_lefthand": {
			"translation": [-12, 3, -1.75]
		},
		"firstperson_righthand": {
			"translation": [1.5, 5, -4.5]
		},
		"firstperson_lefthand": {
			"translation": [2, 4.75, -4.75]
		},
		"ground": {
			"rotation": [0, 0, -90],
			"translation": [2.25, -2.5, 0],
			"scale": [0.7, 0.7, 0.7]
		},
		"gui": {
			"rotation": [20, 128, 0],
			"translation": [0.25, 3.5, 0],
			"scale": [1.29, 1.29, 1.29]
		},
		"fixed": {
			"rotation": [0, -90, 0],
			"translation": [0, 2.5, 0]
		}
	}
}