{
	"format_version": "1.21.6",
	"credit": "Made with Blockbench",
	"texture_size": [4, 4],
	"textures": {
		"0": "chems_guns:item/gun_ammo/soflam",
		"particle": "chems_guns:item/gun_ammo/soflam"
	},
	"elements": [
		{
			"from": [5.4, 2.5, 4],
			"to": [13.5, 4.5, 10],
			"rotation": {"angle": 0, "axis": "y", "origin": [8, 3, 8.5]},
			"faces": {
				"north": {"uv": [2.5, 5, 8.5, 6.5], "texture": "#0"},
				"east": {"uv": [8, 6, 10, 10.5], "rotation": 90, "texture": "#0"},
				"south": {"uv": [4, 4.5, 8.5, 6.5], "texture": "#0"},
				"west": {"uv": [1, 6, 3, 10.5], "rotation": 90, "texture": "#0"},
				"up": {"uv": [2.5, 6, 8.5, 10.5], "texture": "#0"},
				"down": {"uv": [2.5, 0, 8.5, 4.5], "texture": "#0"}
			}
		},
		{
			"from": [5.4, 4.5, 4],
			"to": [8.5, 5.5, 10],
			"rotation": {"angle": 0, "axis": "y", "origin": [8, 5, 8.5]},
			"faces": {
				"north": {"uv": [6, 4.5, 8.5, 5.5], "texture": "#0"},
				"east": {"uv": [8, 6, 10, 10.5], "rotation": 90, "texture": "#0"},
				"south": {"uv": [4, 4.5, 8.5, 6.5], "texture": "#0"},
				"west": {"uv": [1, 6, 3, 10.5], "rotation": 90, "texture": "#0"},
				"up": {"uv": [2.5, 6, 5, 10.5], "texture": "#0"},
				"down": {"uv": [2.5, 0, 8.5, 4.5], "texture": "#0"}
			}
		},
		{
			"from": [10.4, 4.5, 4],
			"to": [13.5, 5.5, 10],
			"rotation": {"angle": 0, "axis": "y", "origin": [8, 5, 8.5]},
			"faces": {
				"north": {"uv": [2.5, 4.5, 5, 5.5], "texture": "#0"},
				"east": {"uv": [8, 6, 10, 10.5], "rotation": 90, "texture": "#0"},
				"south": {"uv": [4, 4.5, 8.5, 6.5], "texture": "#0"},
				"west": {"uv": [1, 6, 3, 10.5], "rotation": 90, "texture": "#0"},
				"up": {"uv": [6, 6, 8.5, 10.5], "texture": "#0"},
				"down": {"uv": [2.5, 0, 8.5, 4.5], "texture": "#0"}
			}
		},
		{
			"from": [8.15, 4.5, 5.75],
			"to": [10.75, 7.25, 8],
			"rotation": {"angle": 0, "axis": "y", "origin": [9.45, 5.875, 7]},
			"faces": {
				"north": {"uv": [6.5, 9, 4, 6.5], "rotation": 90, "texture": "#0"},
				"east": {"uv": [10, 10.5, 7.5, 8.5], "rotation": 90, "texture": "#0"},
				"south": {"uv": [4, 4.5, 8.5, 6.5], "texture": "#0"},
				"west": {"uv": [1, 8.5, 3.5, 10.5], "rotation": 90, "texture": "#0"},
				"up": {"uv": [5, 10.5, 2.5, 8.5], "texture": "#0"},
				"down": {"uv": [2.5, 0, 8.5, 4.5], "texture": "#0"}
			}
		},
		{
			"from": [10.55, 4.5, 12.55],
			"to": [13.15, 9.25, 12.55],
			"rotation": {"angle": 0, "axis": "y", "origin": [11.85, 5.875, 12.8]},
			"faces": {
				"north": {"uv": [11, 4, 10.5, 3.5], "rotation": 90, "texture": "#0"}
			}
		},
		{
			"from": [5.8, 4.5, 12.55],
			"to": [8.4, 9.25, 12.55],
			"rotation": {"angle": 0, "axis": "y", "origin": [7.1, 5.875, 12.8]},
			"faces": {
				"north": {"uv": [11, 4, 10.5, 3.5], "rotation": 90, "texture": "#0"}
			}
		},
		{
			"from": [8.4, 6.5, 12.55],
			"to": [10.6, 9.25, 12.55],
			"rotation": {"angle": 0, "axis": "y", "origin": [9.3, 7.875, 12.8]},
			"faces": {
				"north": {"uv": [11, 4, 10.5, 3.5], "rotation": 90, "texture": "#0"}
			}
		},
		{
			"from": [8.4, 2.6, 12.55],
			"to": [10.6, 5.35, 12.55],
			"rotation": {"angle": 0, "axis": "y", "origin": [9.3, 3.975, 12.8]},
			"faces": {
				"north": {"uv": [11, 4, 10.5, 3.5], "rotation": 90, "texture": "#0"}
			}
		},
		{
			"from": [8.1499, 3.99, 4.41],
			"to": [10.7479, 6.74, 6.66],
			"rotation": {"angle": 45, "axis": "x", "origin": [9.45, 5.375, 5.7]},
			"faces": {
				"north": {"uv": [6.5, 9, 4, 6.5], "rotation": 90, "texture": "#0"},
				"east": {"uv": [10, 10.5, 7.5, 8.5], "rotation": 90, "texture": "#0"},
				"south": {"uv": [4, 4.5, 8.5, 6.5], "texture": "#0"},
				"west": {"uv": [1, 8.5, 3.5, 10.5], "rotation": 90, "texture": "#0"},
				"up": {"uv": [5, 10.5, 2.5, 8.5], "texture": "#0"},
				"down": {"uv": [2.5, 0, 8.5, 4.5], "texture": "#0"}
			}
		},
		{
			"from": [10.3, 3.35, 2.75],
			"to": [11.8, 4.75, 6.75],
			"rotation": {"angle": 0, "axis": "x", "origin": [11.5, 4.55, 4.75]},
			"faces": {
				"north": {"uv": [9, 0.5, 12.5, 4], "texture": "#0"},
				"east": {"uv": [0, 0, 2.5, 6], "rotation": 90, "texture": "#0"},
				"south": {"uv": [8.5, 0, 13, 4.5], "texture": "#0"},
				"west": {"uv": [0, 0, 2.5, 6], "rotation": 90, "texture": "#0"},
				"up": {"uv": [0, 0, 2.5, 6], "texture": "#0"},
				"down": {"uv": [0, 0, 2.5, 6], "texture": "#0"}
			}
		},
		{
			"from": [9.45, 5.17, 12.65],
			"to": [10.45, 5.92, 12.65],
			"rotation": {"angle": 0, "axis": "y", "origin": [9.45, 5.92, 12.65]},
			"faces": {
				"north": {"uv": [7.5, 12, 4, 15.5], "texture": "#0"},
				"east": {"uv": [0, 0, 0, 0], "texture": "#0"},
				"south": {"uv": [4, 12, 7.5, 15.5], "texture": "#0"},
				"west": {"uv": [0, 0, 0, 0], "texture": "#0"},
				"up": {"uv": [0, 0, 0, 0], "texture": "#0"},
				"down": {"uv": [0, 0, 0, 0], "texture": "#0"}
			}
		},
		{
			"from": [8.45, 5.17, 12.65],
			"to": [9.45, 5.92, 12.65],
			"rotation": {"angle": 0, "axis": "y", "origin": [9.45, 5.92, 12.65]},
			"faces": {
				"north": {"uv": [7.5, 12, 4, 15.5], "rotation": 270, "texture": "#0"},
				"east": {"uv": [0, 0, 0, 0], "texture": "#0"},
				"south": {"uv": [4, 12, 7.5, 15.5], "rotation": 90, "texture": "#0"},
				"west": {"uv": [0, 0, 0, 0], "texture": "#0"},
				"up": {"uv": [0, 0, 0, 0], "texture": "#0"},
				"down": {"uv": [0, 0, 0, 0], "texture": "#0"}
			}
		},
		{
			"from": [9.45, 5.92, 12.65],
			"to": [10.45, 6.42, 12.65],
			"rotation": {"angle": 0, "axis": "y", "origin": [9.45, 5.92, 12.65]},
			"faces": {
				"north": {"uv": [7.5, 12, 4, 15.5], "rotation": 90, "texture": "#0"},
				"east": {"uv": [0, 0, 0, 0], "texture": "#0"},
				"south": {"uv": [4, 12, 7.5, 15.5], "rotation": 270, "texture": "#0"},
				"west": {"uv": [0, 0, 0, 0], "texture": "#0"},
				"up": {"uv": [0, 0, 0, 0], "texture": "#0"},
				"down": {"uv": [0, 0, 0, 0], "texture": "#0"}
			}
		},
		{
			"from": [8.45, 5.92, 12.65],
			"to": [9.45, 6.42, 12.65],
			"rotation": {"angle": 0, "axis": "y", "origin": [9.45, 5.92, 12.65]},
			"faces": {
				"north": {"uv": [7.5, 12, 4, 15.5], "rotation": 180, "texture": "#0"},
				"east": {"uv": [0, 0, 0, 0], "texture": "#0"},
				"south": {"uv": [4, 12, 7.5, 15.5], "rotation": 180, "texture": "#0"},
				"west": {"uv": [0, 0, 0, 0], "texture": "#0"},
				"up": {"uv": [0, 0, 0, 0], "texture": "#0"},
				"down": {"uv": [0, 0, 0, 0], "texture": "#0"}
			}
		},
		{
			"from": [8.7, 4.92, 12.65],
			"to": [10.2, 5.17, 12.65],
			"rotation": {"angle": 0, "axis": "y", "origin": [9.45, 4.92, 12.65]},
			"faces": {
				"north": {"uv": [7.5, 12, 4, 15.5], "rotation": 180, "texture": "#0"},
				"east": {"uv": [0, 0, 0, 0], "texture": "#0"},
				"south": {"uv": [4, 12, 7.5, 15.5], "rotation": 180, "texture": "#0"},
				"west": {"uv": [0, 0, 0, 0], "texture": "#0"},
				"up": {"uv": [0, 0, 0, 0], "texture": "#0"},
				"down": {"uv": [0, 0, 0, 0], "texture": "#0"}
			}
		},
		{
			"from": [8.45, 6.42, 12.65],
			"to": [10.45, 6.67, 12.65],
			"rotation": {"angle": 0, "axis": "y", "origin": [9.45, 6.42, 12.65]},
			"faces": {
				"north": {"uv": [7.5, 12, 4, 15.5], "rotation": 180, "texture": "#0"},
				"east": {"uv": [0, 0, 0, 0], "texture": "#0"},
				"south": {"uv": [4, 12, 7.5, 15.5], "rotation": 180, "texture": "#0"},
				"west": {"uv": [0, 0, 0, 0], "texture": "#0"},
				"up": {"uv": [0, 0, 0, 0], "texture": "#0"},
				"down": {"uv": [0, 0, 0, 0], "texture": "#0"}
			}
		},
		{
			"from": [8.7, 6.67, 12.65],
			"to": [10.2, 6.92, 12.65],
			"rotation": {"angle": 0, "axis": "y", "origin": [9.45, 6.67, 12.65]},
			"faces": {
				"north": {"uv": [7.5, 12, 4, 15.5], "rotation": 180, "texture": "#0"},
				"east": {"uv": [0, 0, 0, 0], "texture": "#0"},
				"south": {"uv": [4, 12, 7.5, 15.5], "rotation": 180, "texture": "#0"},
				"west": {"uv": [0, 0, 0, 0], "texture": "#0"},
				"up": {"uv": [0, 0, 0, 0], "texture": "#0"},
				"down": {"uv": [0, 0, 0, 0], "texture": "#0"}
			}
		},
		{
			"from": [8.93225, 6.91775, 7.75],
			"to": [9.96775, 7.16775, 12.75],
			"rotation": {"angle": -45, "axis": "z", "origin": [9.45, 5.91775, 10.75]},
			"faces": {
				"north": {"uv": [8.5, 0, 9.5, 1], "rotation": 270, "texture": "#0"},
				"east": {"uv": [0, 0, 2.5, 5], "rotation": 270, "texture": "#0"},
				"south": {"uv": [0, 6, 1, 6.5], "rotation": 180, "texture": "#0"},
				"west": {"uv": [0, 0, 2.5, 5], "rotation": 270, "texture": "#0"},
				"up": {"uv": [1, 0, 2, 5], "rotation": 180, "texture": "#0"},
				"down": {"uv": [0.5, 0, 1.5, 5], "rotation": 180, "texture": "#0"}
			}
		},
		{
			"from": [8.93225, 6.91775, 7.75],
			"to": [9.96775, 7.16775, 12.75],
			"rotation": {"angle": 0, "axis": "y", "origin": [9.45, 5.91775, 10.75]},
			"faces": {
				"north": {"uv": [8.5, 0, 9.5, 1], "rotation": 270, "texture": "#0"},
				"east": {"uv": [0, 0, 2.5, 5], "rotation": 270, "texture": "#0"},
				"south": {"uv": [0, 6, 1, 6.5], "rotation": 180, "texture": "#0"},
				"west": {"uv": [0, 0, 2.5, 5], "rotation": 270, "texture": "#0"},
				"up": {"uv": [1, 0, 2, 5], "rotation": 180, "texture": "#0"},
				"down": {"uv": [0.5, 0, 1.5, 5], "rotation": 180, "texture": "#0"}
			}
		},
		{
			"from": [8.2, 5.4, 7.75],
			"to": [8.45, 6.4355, 12.75],
			"rotation": {"angle": -45, "axis": "z", "origin": [9.45, 5.91775, 10.75]},
			"faces": {
				"north": {"uv": [8.5, 0, 9.5, 1], "texture": "#0"},
				"east": {"uv": [0.5, 0, 1.5, 5], "rotation": 90, "texture": "#0"},
				"south": {"uv": [0, 6, 1, 6.5], "rotation": 90, "texture": "#0"},
				"west": {"uv": [1, 0, 2, 5], "rotation": 90, "texture": "#0"},
				"up": {"uv": [0, 0, 2.5, 5], "rotation": 180, "texture": "#0"},
				"down": {"uv": [0, 0, 2.5, 5], "rotation": 180, "texture": "#0"}
			}
		},
		{
			"from": [10.45, 5.4, 7.75],
			"to": [10.7, 6.4355, 12.75],
			"rotation": {"angle": 0, "axis": "y", "origin": [9.45, 5.91775, 10.75]},
			"faces": {
				"north": {"uv": [8.5, 0, 9.5, 1], "rotation": 180, "texture": "#0"},
				"east": {"uv": [1, 0, 2, 5], "rotation": 270, "texture": "#0"},
				"south": {"uv": [0, 6, 1, 6.5], "rotation": 270, "texture": "#0"},
				"west": {"uv": [0.5, 0, 1.5, 5], "rotation": 270, "texture": "#0"},
				"up": {"uv": [0, 0, 2.5, 5], "texture": "#0"},
				"down": {"uv": [0, 0, 2.5, 5], "texture": "#0"}
			}
		},
		{
			"from": [8.93225, 4.66775, 7.75],
			"to": [9.96775, 4.91775, 12.75],
			"rotation": {"angle": 45, "axis": "z", "origin": [9.45, 5.91775, 10.75]},
			"faces": {
				"north": {"uv": [8.5, 0, 9.5, 1], "rotation": 90, "texture": "#0"},
				"east": {"uv": [0, 0, 2.5, 5], "rotation": 90, "texture": "#0"},
				"south": {"uv": [0, 6, 1, 6.5], "texture": "#0"},
				"west": {"uv": [0, 0, 2.5, 5], "rotation": 90, "texture": "#0"},
				"up": {"uv": [0.5, 0, 1.5, 5], "texture": "#0"},
				"down": {"uv": [1, 0, 2, 5], "texture": "#0"}
			}
		},
		{
			"from": [8.93225, 4.66775, 7.75],
			"to": [9.96775, 4.91775, 12.75],
			"rotation": {"angle": 0, "axis": "y", "origin": [9.45, 5.91775, 10.75]},
			"faces": {
				"north": {"uv": [8.5, 0, 9.5, 1], "rotation": 90, "texture": "#0"},
				"east": {"uv": [0, 0, 2.5, 5], "rotation": 90, "texture": "#0"},
				"south": {"uv": [0, 6, 1, 6.5], "texture": "#0"},
				"west": {"uv": [0, 0, 2.5, 5], "rotation": 90, "texture": "#0"},
				"up": {"uv": [0.5, 0, 1.5, 5], "texture": "#0"},
				"down": {"uv": [1, 0, 2, 5], "texture": "#0"}
			}
		},
		{
			"from": [8.2, 5.4, 7.75],
			"to": [8.45, 6.4355, 12.75],
			"rotation": {"angle": 45, "axis": "z", "origin": [9.45, 5.91775, 10.75]},
			"faces": {
				"north": {"uv": [8.5, 0, 9.5, 1], "texture": "#0"},
				"east": {"uv": [0.5, 0, 1.5, 5], "rotation": 90, "texture": "#0"},
				"south": {"uv": [0, 6, 1, 6.5], "rotation": 90, "texture": "#0"},
				"west": {"uv": [1, 0, 2, 5], "rotation": 90, "texture": "#0"},
				"up": {"uv": [0, 0, 2.5, 5], "rotation": 180, "texture": "#0"},
				"down": {"uv": [0, 0, 2.5, 5], "rotation": 180, "texture": "#0"}
			}
		},
		{
			"from": [8.2, 5.4, 7.75],
			"to": [8.45, 6.4355, 12.75],
			"rotation": {"angle": 0, "axis": "y", "origin": [9.45, 5.91775, 10.75]},
			"faces": {
				"north": {"uv": [8.5, 0, 9.5, 1], "texture": "#0"},
				"east": {"uv": [0.5, 0, 1.5, 5], "rotation": 90, "texture": "#0"},
				"south": {"uv": [0, 6, 1, 6.5], "rotation": 90, "texture": "#0"},
				"west": {"uv": [1, 0, 2, 5], "rotation": 90, "texture": "#0"},
				"up": {"uv": [0, 0, 2.5, 5], "rotation": 180, "texture": "#0"},
				"down": {"uv": [0, 0, 2.5, 5], "rotation": 180, "texture": "#0"}
			}
		},
		{
			"from": [7.05, 3.35, 2.75],
			"to": [8.55, 4.75, 6.75],
			"rotation": {"angle": 0, "axis": "y", "origin": [8.25, 4.55, 4.75]},
			"faces": {
				"north": {"uv": [9, 0.5, 12.5, 4], "texture": "#0"},
				"east": {"uv": [0, 0, 2.5, 6], "rotation": 90, "texture": "#0"},
				"south": {"uv": [8.5, 0, 13, 4.5], "texture": "#0"},
				"west": {"uv": [0, 0, 2.5, 6], "rotation": 90, "texture": "#0"},
				"up": {"uv": [0, 0, 2.5, 6], "texture": "#0"},
				"down": {"uv": [0, 0, 2.5, 6], "texture": "#0"}
			}
		},
		{
			"from": [5.45, 3.3, 9.75],
			"to": [5.8, 4.5426, 13.75],
			"rotation": {"angle": 0, "axis": "y", "origin": [6.95, 3.9213, 11.75]},
			"faces": {
				"north": {"uv": [8.5, 0, 13, 4.5], "texture": "#0"},
				"east": {"uv": [0.5, 0, 1.5, 5], "rotation": 90, "texture": "#0"},
				"south": {"uv": [1, 5.5, 2.5, 6.5], "rotation": 90, "texture": "#0"},
				"west": {"uv": [1, 6, 2.5, 10.5], "rotation": 90, "texture": "#0"},
				"up": {"uv": [0, 0, 2.5, 5], "rotation": 180, "texture": "#0"},
				"down": {"uv": [0, 0, 2.5, 5], "rotation": 180, "texture": "#0"}
			}
		},
		{
			"from": [6.3037, 2.6463, 11.75],
			"to": [7.5463, 5.1963, 13.05],
			"rotation": {"angle": 0, "axis": "z", "origin": [6.925, 3.9213, 12.4]},
			"faces": {
				"north": {"uv": [8.5, 0, 13, 4.5], "rotation": 270, "texture": "#0"},
				"east": {"uv": [0, 0, 2.5, 5], "rotation": 270, "texture": "#0"},
				"south": {"uv": [0, 14, 4, 16], "rotation": 90, "texture": "#0"},
				"west": {"uv": [0, 0, 2.5, 5], "rotation": 270, "texture": "#0"},
				"up": {"uv": [1, 0, 2, 5], "rotation": 180, "texture": "#0"},
				"down": {"uv": [0.5, 0, 1.5, 5], "rotation": 180, "texture": "#0"}
			}
		},
		{
			"from": [6.3037, 2.6463, 11.7501],
			"to": [7.5463, 5.1963, 13.0501],
			"rotation": {"angle": 45, "axis": "z", "origin": [6.925, 3.9213, 12.4]},
			"faces": {
				"south": {"uv": [0, 14, 4, 16], "rotation": 90, "texture": "#0"}
			}
		},
		{
			"from": [5.65, 3.3, 11.7501],
			"to": [8.2, 4.5426, 13.0501],
			"rotation": {"angle": 45, "axis": "z", "origin": [6.925, 3.9213, 12.4]},
			"faces": {
				"north": {"uv": [8.5, 0, 13, 4.5], "rotation": 180, "texture": "#0"},
				"east": {"uv": [1, 0, 2, 5], "rotation": 270, "texture": "#0"},
				"south": {"uv": [0, 14, 4, 16], "rotation": 180, "texture": "#0"},
				"west": {"uv": [0.5, 0, 1.5, 5], "rotation": 270, "texture": "#0"},
				"up": {"uv": [0, 0, 2.5, 5], "texture": "#0"},
				"down": {"uv": [0, 0, 2.5, 5], "texture": "#0"}
			}
		},
		{
			"from": [5.65, 3.3, 11.75],
			"to": [8.2, 4.5426, 13.05],
			"rotation": {"angle": 0, "axis": "y", "origin": [6.925, 3.9213, 12.4]},
			"faces": {
				"north": {"uv": [8.5, 0, 13, 4.5], "texture": "#0"},
				"east": {"uv": [0.5, 0, 1.5, 5], "rotation": 90, "texture": "#0"},
				"south": {"uv": [0, 14, 4, 16], "texture": "#0"},
				"west": {"uv": [1, 0, 2, 5], "rotation": 90, "texture": "#0"},
				"up": {"uv": [0, 0, 2.5, 5], "rotation": 180, "texture": "#0"},
				"down": {"uv": [0, 0, 2.5, 5], "rotation": 180, "texture": "#0"}
			}
		},
		{
			"from": [6.3287, 2.4213, 9.749],
			"to": [7.5713, 2.7713, 13.749],
			"rotation": {"angle": -45, "axis": "z", "origin": [6.95, 3.9213, 11.75]},
			"faces": {
				"north": {"uv": [8.5, 0, 13, 4.5], "rotation": 90, "texture": "#0"},
				"east": {"uv": [0, 0, 2.5, 5], "rotation": 90, "texture": "#0"},
				"south": {"uv": [1, 5.5, 2.5, 6.5], "texture": "#0"},
				"west": {"uv": [0, 0, 2.5, 5], "rotation": 90, "texture": "#0"},
				"up": {"uv": [0.5, 0, 1.5, 5], "texture": "#0"},
				"down": {"uv": [2.5, 6, 1, 10.5], "texture": "#0"}
			}
		},
		{
			"from": [6.3287, 2.4213, 9.75],
			"to": [7.5713, 2.7713, 13.75],
			"rotation": {"angle": 0, "axis": "z", "origin": [6.95, 3.9213, 11.75]},
			"faces": {
				"north": {"uv": [8.5, 0, 13, 4.5], "rotation": 90, "texture": "#0"},
				"east": {"uv": [0, 0, 2.5, 5], "rotation": 90, "texture": "#0"},
				"south": {"uv": [1, 5.5, 2.5, 6.5], "texture": "#0"},
				"west": {"uv": [0, 0, 2.5, 5], "rotation": 90, "texture": "#0"},
				"up": {"uv": [0.5, 0, 1.5, 5], "texture": "#0"},
				"down": {"uv": [1, 6, 2.5, 10.5], "texture": "#0"}
			}
		},
		{
			"from": [8.1, 3.3, 9.749],
			"to": [8.45, 4.5426, 13.749],
			"rotation": {"angle": -45, "axis": "z", "origin": [6.95, 3.9213, 11.75]},
			"faces": {
				"north": {"uv": [8.5, 0, 13, 4.5], "rotation": 180, "texture": "#0"},
				"east": {"uv": [2.5, 6, 1, 10.5], "rotation": 270, "texture": "#0"},
				"south": {"uv": [1, 5.5, 2.5, 6.5], "rotation": 270, "texture": "#0"},
				"west": {"uv": [0.5, 0, 1.5, 5], "rotation": 270, "texture": "#0"},
				"up": {"uv": [0, 0, 2.5, 5], "texture": "#0"},
				"down": {"uv": [0, 0, 2.5, 5], "texture": "#0"}
			}
		},
		{
			"from": [8.1, 3.3, 9.75],
			"to": [8.45, 4.5426, 13.75],
			"rotation": {"angle": 0, "axis": "z", "origin": [6.95, 3.9213, 11.75]},
			"faces": {
				"north": {"uv": [8.5, 0, 13, 4.5], "rotation": 180, "texture": "#0"},
				"east": {"uv": [1, 6, 2.5, 10.5], "rotation": 270, "texture": "#0"},
				"south": {"uv": [1, 5.5, 2.5, 6.5], "rotation": 270, "texture": "#0"},
				"west": {"uv": [0.5, 0, 1.5, 5], "rotation": 270, "texture": "#0"},
				"up": {"uv": [0, 0, 2.5, 5], "texture": "#0"},
				"down": {"uv": [0, 0, 2.5, 5], "texture": "#0"}
			}
		},
		{
			"from": [6.3287, 5.0713, 9.749],
			"to": [7.5713, 5.4213, 13.749],
			"rotation": {"angle": 45, "axis": "z", "origin": [6.95, 3.9213, 11.75]},
			"faces": {
				"north": {"uv": [8.5, 0, 13, 4.5], "rotation": 270, "texture": "#0"},
				"east": {"uv": [0, 0, 2.5, 5], "rotation": 270, "texture": "#0"},
				"south": {"uv": [1, 5.5, 2.5, 6.5], "rotation": 180, "texture": "#0"},
				"west": {"uv": [0, 0, 2.5, 5], "rotation": 270, "texture": "#0"},
				"up": {"uv": [2.5, 6, 1, 10.5], "rotation": 180, "texture": "#0"},
				"down": {"uv": [0.5, 0, 1.5, 5], "rotation": 180, "texture": "#0"}
			}
		},
		{
			"from": [6.3287, 5.0713, 9.75],
			"to": [7.5713, 5.4213, 13.75],
			"rotation": {"angle": 0, "axis": "z", "origin": [6.95, 3.9213, 11.75]},
			"faces": {
				"north": {"uv": [8.5, 0, 13, 4.5], "rotation": 270, "texture": "#0"},
				"east": {"uv": [0, 0, 2.5, 5], "rotation": 270, "texture": "#0"},
				"south": {"uv": [1, 5.5, 2.5, 6.5], "rotation": 180, "texture": "#0"},
				"west": {"uv": [0, 0, 2.5, 5], "rotation": 270, "texture": "#0"},
				"up": {"uv": [1, 6, 2.5, 10.5], "rotation": 180, "texture": "#0"},
				"down": {"uv": [0.5, 0, 1.5, 5], "rotation": 180, "texture": "#0"}
			}
		},
		{
			"from": [8.1, 3.3, 9.749],
			"to": [8.45, 4.5426, 13.749],
			"rotation": {"angle": 45, "axis": "z", "origin": [6.95, 3.9213, 11.75]},
			"faces": {
				"north": {"uv": [8.5, 0, 13, 4.5], "rotation": 180, "texture": "#0"},
				"east": {"uv": [2.5, 6, 1, 10.5], "rotation": 270, "texture": "#0"},
				"south": {"uv": [1, 5.5, 2.5, 6.5], "rotation": 270, "texture": "#0"},
				"west": {"uv": [0.5, 0, 1.5, 5], "rotation": 270, "texture": "#0"},
				"up": {"uv": [0, 0, 2.5, 5], "texture": "#0"},
				"down": {"uv": [0, 0, 2.5, 5], "texture": "#0"}
			}
		},
		{
			"from": [10.45, 3.3, 9.75],
			"to": [10.8, 4.5426, 13.75],
			"rotation": {"angle": 0, "axis": "y", "origin": [11.95, 3.9213, 11.75]},
			"faces": {
				"north": {"uv": [8.5, 0, 13, 4.5], "texture": "#0"},
				"east": {"uv": [0.5, 0, 1.5, 5], "rotation": 90, "texture": "#0"},
				"south": {"uv": [1, 5.5, 2.5, 6.5], "rotation": 90, "texture": "#0"},
				"west": {"uv": [1, 6, 2.5, 10.5], "rotation": 90, "texture": "#0"},
				"up": {"uv": [0, 0, 2.5, 5], "rotation": 180, "texture": "#0"},
				"down": {"uv": [0, 0, 2.5, 5], "rotation": 180, "texture": "#0"}
			}
		},
		{
			"from": [11.3037, 2.6463, 11.75],
			"to": [12.5463, 5.1963, 13.05],
			"rotation": {"angle": 0, "axis": "y", "origin": [11.925, 3.9213, 12.4]},
			"faces": {
				"north": {"uv": [0, 8.5, 1, 10.5], "rotation": 270, "texture": "#0"},
				"east": {"uv": [0, 9, 1, 10], "rotation": 270, "texture": "#0"},
				"south": {"uv": [0, 8.5, 1, 10.5], "rotation": 90, "texture": "#0"},
				"west": {"uv": [0, 9, 1, 10], "rotation": 270, "texture": "#0"},
				"up": {"uv": [1, 9, 0.5, 10], "rotation": 180, "texture": "#0"},
				"down": {"uv": [0.5, 9, 0, 10], "rotation": 180, "texture": "#0"}
			}
		},
		{
			"from": [11.3037, 2.6463, 11.7501],
			"to": [12.5463, 5.1963, 13.0501],
			"rotation": {"angle": 45, "axis": "z", "origin": [11.925, 3.9213, 12.4]},
			"faces": {
				"south": {"uv": [0, 8.5, 1, 10.5], "rotation": 90, "texture": "#0"}
			}
		},
		{
			"from": [10.65, 3.3, 11.7501],
			"to": [13.2, 4.5426, 13.0501],
			"rotation": {"angle": 45, "axis": "z", "origin": [11.925, 3.9213, 12.4]},
			"faces": {
				"north": {"uv": [0, 8.5, 1, 10.5], "rotation": 180, "texture": "#0"},
				"east": {"uv": [1, 9, 0.5, 10], "rotation": 270, "texture": "#0"},
				"south": {"uv": [0, 8.5, 1, 10.5], "rotation": 180, "texture": "#0"},
				"west": {"uv": [0.5, 9, 0, 10], "rotation": 270, "texture": "#0"},
				"up": {"uv": [0, 9, 1, 10], "texture": "#0"},
				"down": {"uv": [0, 9, 1, 10], "texture": "#0"}
			}
		},
		{
			"from": [10.65, 3.3, 11.75],
			"to": [13.2, 4.5426, 13.05],
			"rotation": {"angle": 0, "axis": "y", "origin": [11.925, 3.9213, 12.4]},
			"faces": {
				"north": {"uv": [0, 8.5, 1, 10.5], "texture": "#0"},
				"east": {"uv": [0.5, 9, 0, 10], "rotation": 90, "texture": "#0"},
				"south": {"uv": [0, 8.5, 1, 10.5], "texture": "#0"},
				"west": {"uv": [1, 9, 0.5, 10], "rotation": 90, "texture": "#0"},
				"up": {"uv": [0, 9, 1, 10], "rotation": 180, "texture": "#0"},
				"down": {"uv": [0, 9, 1, 10], "rotation": 180, "texture": "#0"}
			}
		},
		{
			"from": [11.3287, 2.4213, 9.749],
			"to": [12.5713, 2.7713, 13.749],
			"rotation": {"angle": -45, "axis": "z", "origin": [11.95, 3.9213, 11.75]},
			"faces": {
				"north": {"uv": [8.5, 0, 13, 4.5], "rotation": 90, "texture": "#0"},
				"east": {"uv": [0, 0, 2.5, 5], "rotation": 90, "texture": "#0"},
				"south": {"uv": [1, 5.5, 2.5, 6.5], "texture": "#0"},
				"west": {"uv": [0, 0, 2.5, 5], "rotation": 90, "texture": "#0"},
				"up": {"uv": [0.5, 0, 1.5, 5], "texture": "#0"},
				"down": {"uv": [2.5, 6, 1, 10.5], "texture": "#0"}
			}
		},
		{
			"from": [11.3287, 2.4213, 9.75],
			"to": [12.5713, 2.7713, 13.75],
			"rotation": {"angle": 0, "axis": "y", "origin": [11.95, 3.9213, 11.75]},
			"faces": {
				"north": {"uv": [8.5, 0, 13, 4.5], "rotation": 90, "texture": "#0"},
				"east": {"uv": [0, 0, 2.5, 5], "rotation": 90, "texture": "#0"},
				"south": {"uv": [1, 5.5, 2.5, 6.5], "texture": "#0"},
				"west": {"uv": [0, 0, 2.5, 5], "rotation": 90, "texture": "#0"},
				"up": {"uv": [0.5, 0, 1.5, 5], "texture": "#0"},
				"down": {"uv": [1, 6, 2.5, 10.5], "texture": "#0"}
			}
		},
		{
			"from": [13.1, 3.3, 9.749],
			"to": [13.45, 4.5426, 13.749],
			"rotation": {"angle": -45, "axis": "z", "origin": [11.95, 3.9213, 11.75]},
			"faces": {
				"north": {"uv": [8.5, 0, 13, 4.5], "rotation": 180, "texture": "#0"},
				"east": {"uv": [2.5, 6, 1, 10.5], "rotation": 270, "texture": "#0"},
				"south": {"uv": [1, 5.5, 2.5, 6.5], "rotation": 270, "texture": "#0"},
				"west": {"uv": [0.5, 0, 1.5, 5], "rotation": 270, "texture": "#0"},
				"up": {"uv": [0, 0, 2.5, 5], "texture": "#0"},
				"down": {"uv": [0, 0, 2.5, 5], "texture": "#0"}
			}
		},
		{
			"from": [13.1, 3.3, 9.75],
			"to": [13.45, 4.5426, 13.75],
			"rotation": {"angle": 0, "axis": "y", "origin": [11.95, 3.9213, 11.75]},
			"faces": {
				"north": {"uv": [8.5, 0, 13, 4.5], "rotation": 180, "texture": "#0"},
				"east": {"uv": [1, 6, 2.5, 10.5], "rotation": 270, "texture": "#0"},
				"south": {"uv": [1, 5.5, 2.5, 6.5], "rotation": 270, "texture": "#0"},
				"west": {"uv": [0.5, 0, 1.5, 5], "rotation": 270, "texture": "#0"},
				"up": {"uv": [0, 0, 2.5, 5], "texture": "#0"},
				"down": {"uv": [0, 0, 2.5, 5], "texture": "#0"}
			}
		},
		{
			"from": [11.3287, 5.0713, 9.749],
			"to": [12.5713, 5.4213, 13.749],
			"rotation": {"angle": 45, "axis": "z", "origin": [11.95, 3.9213, 11.75]},
			"faces": {
				"north": {"uv": [8.5, 0, 13, 4.5], "rotation": 270, "texture": "#0"},
				"east": {"uv": [0, 0, 2.5, 5], "rotation": 270, "texture": "#0"},
				"south": {"uv": [1, 5.5, 2.5, 6.5], "rotation": 180, "texture": "#0"},
				"west": {"uv": [0, 0, 2.5, 5], "rotation": 270, "texture": "#0"},
				"up": {"uv": [2.5, 6, 1, 10.5], "rotation": 180, "texture": "#0"},
				"down": {"uv": [0.5, 0, 1.5, 5], "rotation": 180, "texture": "#0"}
			}
		},
		{
			"from": [11.3287, 5.0713, 9.75],
			"to": [12.5713, 5.4213, 13.75],
			"rotation": {"angle": 0, "axis": "y", "origin": [11.95, 3.9213, 11.75]},
			"faces": {
				"north": {"uv": [8.5, 0, 13, 4.5], "rotation": 270, "texture": "#0"},
				"east": {"uv": [0, 0, 2.5, 5], "rotation": 270, "texture": "#0"},
				"south": {"uv": [1, 5.5, 2.5, 6.5], "rotation": 180, "texture": "#0"},
				"west": {"uv": [0, 0, 2.5, 5], "rotation": 270, "texture": "#0"},
				"up": {"uv": [1, 6, 2.5, 10.5], "rotation": 180, "texture": "#0"},
				"down": {"uv": [0.5, 0, 1.5, 5], "rotation": 180, "texture": "#0"}
			}
		},
		{
			"from": [13.1, 3.3, 9.749],
			"to": [13.45, 4.5426, 13.749],
			"rotation": {"angle": 45, "axis": "z", "origin": [11.95, 3.9213, 11.75]},
			"faces": {
				"north": {"uv": [8.5, 0, 13, 4.5], "rotation": 180, "texture": "#0"},
				"east": {"uv": [2.5, 6, 1, 10.5], "rotation": 270, "texture": "#0"},
				"south": {"uv": [1, 5.5, 2.5, 6.5], "rotation": 270, "texture": "#0"},
				"west": {"uv": [0.5, 0, 1.5, 5], "rotation": 270, "texture": "#0"},
				"up": {"uv": [0, 0, 2.5, 5], "texture": "#0"},
				"down": {"uv": [0, 0, 2.5, 5], "texture": "#0"}
			}
		}
	],
	"display": {
		"thirdperson_righthand": {
			"rotation": [69, -180, 0],
			"translation": [-5, 7.75, 15.25],
			"scale": [0.75, 0.75, 0.75]
		},
		"thirdperson_lefthand": {
			"translation": [-12, 2.25, -1.25],
			"scale": [0.75, 0.75, 0.75]
		},
		"firstperson_righthand": {
			"rotation": [0, -180, 0],
			"translation": [-7, 20.75, 13],
			"scale": [1.4, 1.4, 0.73]
		},
		"firstperson_lefthand": {
			"translation": [0, -80, 0]
		},
		"ground": {
			"translation": [0, 1.75, -0.25],
			"scale": [0.75, 0.75, 0.75]
		},
		"gui": {
			"rotation": [40, -36, -1],
			"translation": [-0.5, 4.5, 0],
			"scale": [1.11, 1.11, 1.11]
		},
		"head": {
			"rotation": [-90, -1, 0],
			"translation": [0, -6.25, -13.75]
		},
		"fixed": {
			"rotation": [0, -90, 90],
			"translation": [0, -0.25, -8.25],
			"scale": [1.51, 1.51, 1.51]
		}
	},
	"groups": [
		{
			"name": "controls",
			"origin": [11.5, 4, 3.599],
			"color": 0,
			"children": []
		},
		{
			"name": "body",
			"origin": [8, 3, 8.5],
			"color": 0,
			"children": [0, 1, 2, 3, 4, 5, 6, 7, 8]
		},
		{
			"name": "laser",
			"origin": [11.1, 5.9, 8.5],
			"color": 0,
			"children": []
		},
		{
			"name": "viewport",
			"origin": [3.5, 5.25, 4.75],
			"color": 0,
			"children": [9, 10, 11, 12, 13, 14, 15, 16, 17, 18, 19, 20, 21, 22, 23, 24, 25]
		},
		{
			"name": "plastic",
			"origin": [10.97662, 4.275, 12.9],
			"color": 0,
			"children": []
		},
		{
			"name": "plastic",
			"origin": [10.97662, 4.075, 13.25],
			"color": 0,
			"children": []
		},
		{
			"name": "IR",
			"origin": [3.45, 4.31775, 10.75],
			"color": 0,
			"children": [
				26,
				27,
				28,
				29,
				30,
				31,
				32,
				33,
				34,
				35,
				36,
				37,
				{
					"name": "IR",
					"origin": [3.45, 4.31775, 10.75],
					"color": 0,
					"children": [38, 39, 40, 41, 42, 43, 44, 45, 46, 47, 48, 49]
				}
			]
		},
		{
			"name": "crosshair",
			"origin": [3.15, 4.31775, 10.75],
			"color": 0,
			"children": []
		},
		{
			"name": "optic",
			"origin": [3.45, 4.31775, 10.75],
			"color": 0,
			"children": []
		}
	]
}