{
	"format_version": "1.21.6",
	"credit": "Made with Blockbench",
	"textures": {
		"0": "chems_guns:item/gun_ammo/white_wool",
		"1": "chems_guns:item/gun_ammo/oak_log",
		"particle": "chems_guns:item/gun_ammo/white_wool"
	},
	"elements": [
		{
			"from": [7.5, 19, -13],
			"to": [8.5, 31, 7],
			"rotation": {"angle": 0, "axis": "y", "origin": [8, 28, 1]},
			"faces": {
				"north": {"uv": [0, 0, 1, 12], "texture": "#0"},
				"east": {"uv": [0, 0, 16, 12], "texture": "#0"},
				"south": {"uv": [0, 0, 1, 12], "texture": "#0"},
				"west": {"uv": [0, 0, 16, 12], "texture": "#0"},
				"up": {"uv": [0, 0, 1, 16], "texture": "#0"},
				"down": {"uv": [0, 0, 1, 16], "texture": "#0"}
			}
		},
		{
			"from": [7, 0, 7],
			"to": [9, 32, 9],
			"rotation": {"angle": 0, "axis": "y", "origin": [8, 0, 8]},
			"faces": {
				"north": {"uv": [2, 0, 4, 16], "texture": "#1"},
				"east": {"uv": [4, 0, 6, 16], "texture": "#1"},
				"south": {"uv": [6, 0, 8, 16], "texture": "#1"},
				"west": {"uv": [0, 0, 2, 16], "texture": "#1"},
				"up": {"uv": [0, 0, 2, 2], "texture": "#1"},
				"down": {"uv": [0, 0, 2, 2], "texture": "#1"}
			}
		}
	],
	"display": {
		"thirdperson_righthand": {
			"rotation": [60, 0, 0],
			"translation": [0, 3.5, 7.5]
		},
		"thirdperson_lefthand": {
			"rotation": [60, 0, 0],
			"translation": [0, 3.5, 7.5]
		},
		"firstperson_righthand": {
			"rotation": [-9, 11, -9],
			"translation": [6.25, -2, -5.75],
			"scale": [1.35, 1.35, 1.35]
		},
		"firstperson_lefthand": {
			"translation": [0, -80, 0]
		},
		"ground": {
			"rotation": [0, 0, -90],
			"translation": [2.25, -3.5, -1.5],
			"scale": [0.9, 0.9, 0.9]
		},
		"gui": {
			"rotation": [48, 126, -16],
			"translation": [5, -3.75, 0],
			"scale": [0.59, 0.59, 0.59]
		},
		"fixed": {
			"rotation": [-90, -90, 0],
			"translation": [0, 0.75, -17.5],
			"scale": [2.43, 2.43, 2.43]
		}
	},
	"groups": [
		{
			"name": "muzzle",
			"origin": [7.5, 6.0221, 4.75],
			"color": 0,
			"children": []
		},
		{
			"name": "barrel",
			"origin": [7.5, 6.11568, 6.95],
			"color": 0,
			"children": []
		},
		0,
		1
	]
}