{
	"format_version": "1.21.6",
	"credit": "Made with Blockbench",
	"texture_size": [8, 8],
	"textures": {
		"0": "modern_guns:item/ak47",
		"particle": "modern_guns:item/ak47"
	},
	"elements": [
		{
			"from": [7.246, 7, 13.33],
			"to": [8.754, 9.32, 23.77],
			"rotation": {"angle": 0, "axis": "y", "origin": [6.84, 7, 6.95]},
			"faces": {
				"north": {"uv": [14.7, 14, 16, 16], "texture": "#0"},
				"east": {"uv": [7, 14, 16, 16], "texture": "#0"},
				"south": {"uv": [14.7, 14, 16, 16], "texture": "#0"},
				"west": {"uv": [7, 14, 16, 16], "texture": "#0"},
				"up": {"uv": [14.7, 7, 16, 16], "texture": "#0"},
				"down": {"uv": [14.7, 7, 16, 16], "texture": "#0"}
			}
		},
		{
			"from": [7.246, 6.072, 21.45],
			"to": [8.754, 7, 23.77],
			"rotation": {"angle": 0, "axis": "y", "origin": [6.84, 7, 6.95]},
			"faces": {
				"north": {"uv": [14.7, 15.2, 16, 16], "texture": "#0"},
				"east": {"uv": [14, 15.2, 16, 16], "texture": "#0"},
				"south": {"uv": [14.7, 15.2, 16, 16], "texture": "#0"},
				"west": {"uv": [14, 15.2, 16, 16], "texture": "#0"},
				"up": {"uv": [14.7, 14, 16, 16], "texture": "#0"},
				"down": {"uv": [14.7, 14, 16, 16], "texture": "#0"}
			}
		},
		{
			"from": [7.24716, 5.84, 15.6036],
			"to": [8.75284, 8.16, 23.7236],
			"rotation": {"angle": 22.5, "axis": "x", "origin": [8, 7, 18.55]},
			"faces": {
				"north": {"uv": [14.702, 14, 16, 16], "texture": "#0"},
				"east": {"uv": [9, 14, 16, 16], "texture": "#0"},
				"south": {"uv": [14.702, 14, 16, 16], "texture": "#0"},
				"west": {"uv": [9, 14, 16, 16], "texture": "#0"},
				"up": {"uv": [14.702, 9, 16, 16], "texture": "#0"},
				"down": {"uv": [14.702, 9, 16, 16], "texture": "#0"}
			}
		},
		{
			"from": [7.246, 8.74, 0.28],
			"to": [8.754, 11.06, 2.6],
			"rotation": {"angle": 0, "axis": "y", "origin": [6.84, 7, 10.72]},
			"faces": {
				"north": {"uv": [0, 0, 1.3, 2], "texture": "#0"},
				"east": {"uv": [0, 0, 2, 2], "texture": "#0"},
				"south": {"uv": [0, 0, 1.3, 2], "texture": "#0"},
				"west": {"uv": [0, 0, 2, 2], "texture": "#0"},
				"up": {"uv": [0, 0, 1.3, 2], "texture": "#0"},
				"down": {"uv": [0, 0, 1.3, 2], "texture": "#0"}
			}
		},
		{
			"from": [7.246, 10.48, 2.6],
			"to": [8.754, 11.06, 5.79],
			"rotation": {"angle": 0, "axis": "y", "origin": [6.84, 7, 10.72]},
			"faces": {
				"north": {"uv": [0, 0, 1.3, 0.5], "texture": "#0"},
				"east": {"uv": [0, 0, 2.75, 0.5], "texture": "#0"},
				"south": {"uv": [0, 0, 1.3, 0.5], "texture": "#0"},
				"west": {"uv": [0, 0, 2.75, 0.5], "texture": "#0"},
				"up": {"uv": [0, 0, 1.3, 2.75], "texture": "#0"},
				"down": {"uv": [0, 0, 1.3, 2.75], "texture": "#0"}
			}
		},
		{
			"from": [7.246, 9.32, 2.6],
			"to": [8.754, 10.48, 12.17],
			"rotation": {"angle": 0, "axis": "y", "origin": [6.84, 7, 10.72]},
			"faces": {
				"north": {"uv": [2, 2, 3.3, 3], "texture": "#0"},
				"east": {"uv": [10.25, 2, 2, 3], "texture": "#0"},
				"south": {"uv": [2, 2, 3.3, 3], "texture": "#0"},
				"west": {"uv": [2, 2, 10.25, 3], "texture": "#0"},
				"up": {"uv": [2, 3, 3.3, 11.25], "texture": "#0"},
				"down": {"uv": [2, 3, 3.3, 11.25], "texture": "#0"}
			}
		},
		{
			"from": [7.246, 7, 2.6],
			"to": [8.754, 9.32, 13.33],
			"rotation": {"angle": 0, "axis": "y", "origin": [6.84, 7, 10.72]},
			"faces": {
				"north": {"uv": [0, 0, 1.3, 2], "texture": "#0"},
				"east": {"uv": [9.25, 0, 0, 2], "texture": "#0"},
				"south": {"uv": [0, 0, 1.3, 2], "texture": "#0"},
				"west": {"uv": [0, 0, 9.25, 2], "texture": "#0"},
				"up": {"uv": [0, 2, 1.3, 11.25], "texture": "#0"},
				"down": {"uv": [0, 2, 1.3, 11.25], "texture": "#0"}
			}
		},
		{
			"from": [7.24716, 8.392, 11.3116],
			"to": [8.75284, 9.552, 12.9472],
			"rotation": {"angle": 45, "axis": "x", "origin": [8, 8.972, 12.866]},
			"faces": {
				"north": {"uv": [0, 0, 1.3, 1], "texture": "#0"},
				"east": {"uv": [0, 0, 1.41, 1], "texture": "#0"},
				"south": {"uv": [0, 0, 1.3, 1], "texture": "#0"},
				"west": {"uv": [0, 0, 1.41, 1], "texture": "#0"},
				"up": {"uv": [0, 0, 1.3, 1.41], "texture": "#0"},
				"down": {"uv": [0, 0, 1.3, 1.41], "texture": "#0"}
			}
		},
		{
			"from": [7.24716, 1.78, 9.27],
			"to": [8.75284, 7.58, 11.59],
			"rotation": {"angle": -22.5, "axis": "x", "origin": [8, 7, 10.43]},
			"faces": {
				"north": {"uv": [14.702, 11, 16, 16], "texture": "#0"},
				"east": {"uv": [14, 11, 16, 16], "texture": "#0"},
				"south": {"uv": [14.702, 11, 16, 16], "texture": "#0"},
				"west": {"uv": [14, 11, 16, 16], "texture": "#0"},
				"up": {"uv": [14.702, 14, 16, 16], "texture": "#0"},
				"down": {"uv": [14.702, 14, 16, 16], "texture": "#0"}
			}
		},
		{
			"from": [7.768, 5.26, 8.516],
			"to": [8.232, 7, 9.966],
			"rotation": {"angle": 0, "axis": "y", "origin": [6.84, 4.68, 7.066]},
			"faces": {
				"north": {"uv": [10, 0, 10.4, 1.5], "texture": "#0"},
				"east": {"uv": [10, 0, 11.25, 1.5], "texture": "#0"},
				"south": {"uv": [10, 0, 10.4, 1.5], "texture": "#0"},
				"west": {"uv": [10, 0, 11.25, 1.5], "texture": "#0"},
				"up": {"uv": [10, 0, 10.4, 1.25], "texture": "#0"},
				"down": {"uv": [10, 0, 10.4, 1.25], "texture": "#0"}
			}
		},
		{
			"from": [7.362, 4.506, 6.66],
			"to": [8.638, 7.116, 7.356],
			"rotation": {"angle": 0, "axis": "y", "origin": [6.84, 7, 8.284]},
			"faces": {
				"north": {"uv": [0, 0, 1.1, 2.25], "texture": "#0"},
				"east": {"uv": [0, 0, 0.6, 2.25], "texture": "#0"},
				"south": {"uv": [0, 0, 1.1, 2.25], "texture": "#0"},
				"west": {"uv": [0, 0, 0.6, 2.25], "texture": "#0"},
				"up": {"uv": [0, 0, 1.1, 0.6], "texture": "#0"},
				"down": {"uv": [0, 0, 1.1, 0.6], "texture": "#0"}
			}
		},
		{
			"from": [7.652, 4.1, 7.066],
			"to": [8.348, 4.97, 10.43],
			"rotation": {"angle": 0, "axis": "y", "origin": [6.84, 7, 8.11]},
			"faces": {
				"north": {"uv": [0, 0, 0.6, 0.75], "texture": "#0"},
				"east": {"uv": [0, 0, 2.9, 0.75], "texture": "#0"},
				"south": {"uv": [0, 0, 0.6, 0.75], "texture": "#0"},
				"west": {"uv": [0, 0, 2.9, 0.75], "texture": "#0"},
				"up": {"uv": [0, 0, 0.6, 2.9], "texture": "#0"},
				"down": {"uv": [0, 0, 0.6, 2.9], "texture": "#0"}
			}
		},
		{
			"from": [7.42, 4.1, 3.47],
			"to": [8.58, 7, 6.37],
			"rotation": {"angle": 0, "axis": "y", "origin": [6.84, 8.16, 8.11]},
			"faces": {
				"north": {"uv": [4, 7, 5, 9.5], "texture": "#0"},
				"east": {"uv": [4, 7, 6.5, 9.5], "texture": "#0"},
				"south": {"uv": [5, 7, 6, 9.5], "texture": "#0"},
				"west": {"uv": [4, 7, 6.5, 9.5], "texture": "#0"},
				"up": {"uv": [5, 7, 6, 9.5], "texture": "#0"},
				"down": {"uv": [4, 7, 5, 9.5], "texture": "#0"}
			}
		},
		{
			"from": [7.42116, 0.2604, 2.4782],
			"to": [8.58116, 4.9004, 5.3782],
			"rotation": {"angle": 22.5, "axis": "x", "origin": [8, 2.012, 3.876]},
			"faces": {
				"north": {"uv": [5, 7, 6, 11], "texture": "#0"},
				"east": {"uv": [4, 7, 6.5, 11], "texture": "#0"},
				"south": {"uv": [4, 7, 5, 11], "texture": "#0"},
				"west": {"uv": [4, 7, 6.5, 11], "texture": "#0"},
				"up": {"uv": [5, 7, 6, 9.5], "texture": "#0"},
				"down": {"uv": [4, 7, 5, 9.5], "texture": "#0"}
			}
		},
		{
			"from": [7.478, 9.262, -0.01],
			"to": [8.522, 10.828, 0.28],
			"rotation": {"angle": 0, "axis": "y", "origin": [6.84, 7, 10.43]},
			"faces": {
				"north": {"uv": [0, 0, 0.9, 1.35], "texture": "#0"},
				"east": {"uv": [0, 0, 0.25, 1.35], "texture": "#0"},
				"south": {"uv": [0, 0, 0.9, 1.35], "texture": "#0"},
				"west": {"uv": [0, 0, 0.25, 1.35], "texture": "#0"},
				"up": {"uv": [0, 0, 0.9, 0.25], "texture": "#0"},
				"down": {"uv": [0, 0, 0.9, 0.25], "texture": "#0"}
			}
		},
		{
			"name": "octagon",
			"from": [7.68768, 10.712, -5.81],
			"to": [8.31232, 11.06, -5.52],
			"rotation": {"angle": 45, "axis": "z", "origin": [8, 10.306, -3.49]},
			"faces": {
				"north": {"uv": [4, 3, 4.53848, 3.3], "texture": "#0"},
				"east": {"uv": [4, 3, 4.25, 3.3], "texture": "#0"},
				"south": {"uv": [4, 3, 4.53848, 3.3], "texture": "#0"},
				"west": {"uv": [4, 3, 4.25, 3.3], "texture": "#0"},
				"up": {"uv": [4, 3, 4.53848, 3.25], "texture": "#0"},
				"down": {"uv": [4, 3, 4.53848, 3.25], "texture": "#0"}
			}
		},
		{
			"name": "octagon",
			"from": [7.68768, 7, -5.81],
			"to": [8.31232, 7.348, -5.52],
			"rotation": {"angle": 45, "axis": "z", "origin": [8, 7.754, -3.49]},
			"faces": {
				"north": {"uv": [4, 3, 4.53848, 3.3], "texture": "#0"},
				"east": {"uv": [4, 3, 4.25, 3.3], "texture": "#0"},
				"south": {"uv": [4, 3, 4.53848, 3.3], "texture": "#0"},
				"west": {"uv": [4, 3, 4.25, 3.3], "texture": "#0"},
				"up": {"uv": [4, 3, 4.53848, 3.25], "texture": "#0"},
				"down": {"uv": [4, 3, 4.53848, 3.25], "texture": "#0"}
			}
		},
		{
			"name": "octagon",
			"from": [7.68768, 7, -5.81],
			"to": [8.31232, 11.06, -5.52],
			"rotation": {"angle": 0, "axis": "y", "origin": [8, 7.754, -3.49]},
			"faces": {
				"north": {"uv": [4, 3, 4.53848, 6.5], "texture": "#0"},
				"east": {"uv": [4, 3, 4.25, 6.5], "texture": "#0"},
				"south": {"uv": [4, 3, 4.53848, 6.5], "texture": "#0"},
				"west": {"uv": [4, 3, 4.25, 6.5], "texture": "#0"},
				"up": {"uv": [4, 3, 4.53848, 3.25], "texture": "#0"},
				"down": {"uv": [4, 3, 4.53848, 3.25], "texture": "#0"}
			}
		},
		{
			"name": "octagon",
			"from": [7.246, 7.44168, -5.81],
			"to": [7.594, 8.06632, -5.52],
			"rotation": {"angle": 45, "axis": "z", "origin": [8, 7.754, -3.49]},
			"faces": {
				"north": {"uv": [4, 3, 4.3, 3.53848], "texture": "#0"},
				"east": {"uv": [4, 3, 4.25, 3.53848], "texture": "#0"},
				"south": {"uv": [4, 3, 4.3, 3.53848], "texture": "#0"},
				"west": {"uv": [4, 3, 4.25, 3.53848], "texture": "#0"},
				"up": {"uv": [4, 3, 4.3, 3.25], "texture": "#0"},
				"down": {"uv": [4, 3, 4.3, 3.25], "texture": "#0"}
			}
		},
		{
			"name": "octagon",
			"from": [8.406, 9.99368, -5.81],
			"to": [8.754, 10.61832, -5.52],
			"rotation": {"angle": 45, "axis": "z", "origin": [8, 10.306, -3.49]},
			"faces": {
				"north": {"uv": [4, 3, 4.3, 3.53848], "texture": "#0"},
				"east": {"uv": [4, 3, 4.25, 3.53848], "texture": "#0"},
				"south": {"uv": [4, 3, 4.3, 3.53848], "texture": "#0"},
				"west": {"uv": [4, 3, 4.25, 3.53848], "texture": "#0"},
				"up": {"uv": [4, 3, 4.3, 3.25], "texture": "#0"},
				"down": {"uv": [4, 3, 4.3, 3.25], "texture": "#0"}
			}
		},
		{
			"name": "octagon",
			"from": [7.246, 7.44168, -5.81],
			"to": [8.754, 10.61832, -5.52],
			"rotation": {"angle": 0, "axis": "y", "origin": [8, 7.754, -3.49]},
			"faces": {
				"north": {"uv": [4, 3, 5.3, 5.73848], "texture": "#0"},
				"east": {"uv": [4, 3, 4.25, 5.73848], "texture": "#0"},
				"south": {"uv": [4, 3, 5.3, 5.73848], "texture": "#0"},
				"west": {"uv": [4, 3, 4.25, 5.73848], "texture": "#0"},
				"up": {"uv": [4, 3, 5.3, 3.25], "texture": "#0"},
				"down": {"uv": [4, 3, 5.3, 3.25], "texture": "#0"}
			}
		},
		{
			"name": "octagon",
			"from": [7.246, 9.00768, -0.3],
			"to": [8.754, 10.61832, -0.01],
			"rotation": {"angle": 0, "axis": "y", "origin": [8, 7.754, -3.2]},
			"faces": {
				"north": {"uv": [0, 0, 1.3, 1.38848], "texture": "#0"},
				"east": {"uv": [0, 0, 0.25, 1.38848], "texture": "#0"},
				"south": {"uv": [0, 0, 1.3, 1.38848], "texture": "#0"},
				"west": {"uv": [0, 0, 0.25, 1.38848], "texture": "#0"},
				"up": {"uv": [0, 0, 1.3, 0.25], "texture": "#0"},
				"down": {"uv": [0, 0, 1.3, 0.25], "texture": "#0"}
			}
		},
		{
			"name": "octagon",
			"from": [8.406, 9.99368, -0.3],
			"to": [8.754, 10.61832, -0.01],
			"rotation": {"angle": 45, "axis": "z", "origin": [8, 10.306, -3.2]},
			"faces": {
				"north": {"uv": [0, 0, 0.3, 0.53848], "texture": "#0"},
				"east": {"uv": [0, 0, 0.25, 0.53848], "texture": "#0"},
				"south": {"uv": [0, 0, 0.3, 0.53848], "texture": "#0"},
				"west": {"uv": [0, 0, 0.25, 0.53848], "texture": "#0"},
				"up": {"uv": [0, 0, 0.3, 0.25], "texture": "#0"},
				"down": {"uv": [0, 0, 0.3, 0.25], "texture": "#0"}
			}
		},
		{
			"name": "octagon",
			"from": [7.68768, 10.48, -0.3],
			"to": [8.31232, 11.06, -0.01],
			"rotation": {"angle": 0, "axis": "y", "origin": [8, 7.754, -3.2]},
			"faces": {
				"north": {"uv": [0, 0, 0.53848, 0.5], "texture": "#0"},
				"east": {"uv": [0, 0, 0.25, 0.5], "texture": "#0"},
				"south": {"uv": [0, 0, 0.53848, 0.5], "texture": "#0"},
				"west": {"uv": [0, 0, 0.25, 0.5], "texture": "#0"},
				"up": {"uv": [0, 0, 0.53848, 0.25], "texture": "#0"},
				"down": {"uv": [0, 0, 0.53848, 0.25], "texture": "#0"}
			}
		},
		{
			"name": "octagon",
			"from": [7.68768, 10.712, -0.3],
			"to": [8.31232, 11.06, -0.01],
			"rotation": {"angle": 45, "axis": "z", "origin": [8, 10.306, -3.2]},
			"faces": {
				"north": {"uv": [0, 0, 0.53848, 0.3], "texture": "#0"},
				"east": {"uv": [0, 0, 0.25, 0.3], "texture": "#0"},
				"south": {"uv": [0, 0, 0.53848, 0.3], "texture": "#0"},
				"west": {"uv": [0, 0, 0.25, 0.3], "texture": "#0"},
				"up": {"uv": [0, 0, 0.53848, 0.25], "texture": "#0"},
				"down": {"uv": [0, 0, 0.53848, 0.25], "texture": "#0"}
			}
		},
		{
			"name": "octagon",
			"from": [7.246, 7.44168, 2.31],
			"to": [8.754, 8.76232, 2.6],
			"rotation": {"angle": 0, "axis": "y", "origin": [8, 10.306, -0.59]},
			"faces": {
				"north": {"uv": [0, 1.13848, 1.3, 0], "texture": "#0"},
				"east": {"uv": [0, 1.13848, 0.25, 0], "texture": "#0"},
				"south": {"uv": [0, 1.13848, 1.3, 0], "texture": "#0"},
				"west": {"uv": [0, 1.13848, 0.25, 0], "texture": "#0"},
				"up": {"uv": [0, 0.25, 1.3, 0], "texture": "#0"},
				"down": {"uv": [0, 0.25, 1.3, 0], "texture": "#0"}
			}
		},
		{
			"name": "octagon",
			"from": [8.406, 7.44168, 2.31],
			"to": [8.754, 8.06632, 2.6],
			"rotation": {"angle": -45, "axis": "z", "origin": [8, 7.754, -0.59]},
			"faces": {
				"north": {"uv": [0, 0.53848, 0.3, 0], "texture": "#0"},
				"east": {"uv": [0, 0.53848, 0.25, 0], "texture": "#0"},
				"south": {"uv": [0, 0.53848, 0.3, 0], "texture": "#0"},
				"west": {"uv": [0, 0.53848, 0.25, 0], "texture": "#0"},
				"up": {"uv": [0, 0.25, 0.3, 0], "texture": "#0"},
				"down": {"uv": [0, 0.25, 0.3, 0], "texture": "#0"}
			}
		},
		{
			"name": "octagon",
			"from": [7.68768, 7, 2.31],
			"to": [8.31232, 7.58, 2.6],
			"rotation": {"angle": 0, "axis": "y", "origin": [8, 10.306, -0.59]},
			"faces": {
				"north": {"uv": [0, 0.5, 0.53848, 0], "texture": "#0"},
				"east": {"uv": [0, 0.5, 0.25, 0], "texture": "#0"},
				"south": {"uv": [0, 0.5, 0.53848, 0], "texture": "#0"},
				"west": {"uv": [0, 0.5, 0.25, 0], "texture": "#0"},
				"up": {"uv": [0, 0.25, 0.53848, 0], "texture": "#0"},
				"down": {"uv": [0, 0.25, 0.53848, 0], "texture": "#0"}
			}
		},
		{
			"name": "octagon",
			"from": [7.68768, 7, 2.31],
			"to": [8.31232, 7.348, 2.6],
			"rotation": {"angle": -45, "axis": "z", "origin": [8, 7.754, -0.59]},
			"faces": {
				"north": {"uv": [0, 0.3, 0.53848, 0], "texture": "#0"},
				"east": {"uv": [0, 0.3, 0.25, 0], "texture": "#0"},
				"south": {"uv": [0, 0.3, 0.53848, 0], "texture": "#0"},
				"west": {"uv": [0, 0.3, 0.25, 0], "texture": "#0"},
				"up": {"uv": [0, 0.25, 0.53848, 0], "texture": "#0"},
				"down": {"uv": [0, 0.25, 0.53848, 0], "texture": "#0"}
			}
		},
		{
			"name": "octagon",
			"from": [7.68768, 10.712, -5.52],
			"to": [8.31232, 11.06, -0.3],
			"rotation": {"angle": 45, "axis": "z", "origin": [8, 10.306, -3.2]},
			"faces": {
				"north": {"uv": [14.7, 14.61152, 15.23848, 14.91152], "texture": "#0"},
				"east": {"uv": [9.25, 14.61152, 13.75, 14.91152], "texture": "#0"},
				"south": {"uv": [14.7, 14.61152, 15.23848, 14.91152], "texture": "#0"},
				"west": {"uv": [9.25, 14.61152, 13.75, 14.91152], "texture": "#0"},
				"up": {"uv": [14.7, 9.25, 15.23848, 13.75], "texture": "#0"},
				"down": {"uv": [14.7, 9.25, 15.23848, 13.75], "texture": "#0"}
			}
		},
		{
			"name": "octagon",
			"from": [7.68768, 10.48, -5.52],
			"to": [8.31232, 11.06, -0.3],
			"rotation": {"angle": 0, "axis": "y", "origin": [8, 7.754, -3.2]},
			"faces": {
				"north": {"uv": [14.7, 14.61152, 15.23848, 15.11152], "texture": "#0"},
				"east": {"uv": [9.25, 14.61152, 13.75, 15.11152], "texture": "#0"},
				"south": {"uv": [14.7, 14.61152, 15.23848, 15.11152], "texture": "#0"},
				"west": {"uv": [9.25, 14.61152, 13.75, 15.11152], "texture": "#0"},
				"up": {"uv": [14.7, 9.25, 15.23848, 13.75], "texture": "#0"},
				"down": {"uv": [14.7, 9.25, 15.23848, 13.75], "texture": "#0"}
			}
		},
		{
			"name": "octagon",
			"from": [8.406, 9.99368, -5.52],
			"to": [8.754, 10.61832, -0.3],
			"rotation": {"angle": 45, "axis": "z", "origin": [8, 10.306, -3.2]},
			"faces": {
				"north": {"uv": [14.7, 14.61152, 15, 15.15], "texture": "#0"},
				"east": {"uv": [9.25, 14.61152, 13.75, 15.15], "texture": "#0"},
				"south": {"uv": [14.7, 14.61152, 15, 15.15], "texture": "#0"},
				"west": {"uv": [9.25, 14.61152, 13.75, 15.15], "texture": "#0"},
				"up": {"uv": [14.7, 9.25, 15, 13.75], "texture": "#0"},
				"down": {"uv": [14.7, 9.25, 15, 13.75], "texture": "#0"}
			}
		},
		{
			"name": "octagon",
			"from": [7.246, 9.00768, -5.52],
			"to": [8.754, 10.61832, -0.3],
			"rotation": {"angle": 0, "axis": "y", "origin": [8, 7.754, -3.2]},
			"faces": {
				"north": {"uv": [14.7, 14.61152, 16, 16], "texture": "#0"},
				"east": {"uv": [9.25, 14.61152, 13.75, 16], "texture": "#0"},
				"south": {"uv": [14.7, 14.61152, 16, 16], "texture": "#0"},
				"west": {"uv": [9.25, 14.61152, 13.75, 16], "texture": "#0"},
				"up": {"uv": [14.7, 9.25, 16, 13.75], "texture": "#0"},
				"down": {"uv": [14.7, 9.25, 16, 13.75], "texture": "#0"}
			}
		},
		{
			"name": "octagon",
			"from": [7.68768, 7, -5.52],
			"to": [8.31232, 7.348, 2.31],
			"rotation": {"angle": -45, "axis": "z", "origin": [8, 7.754, -3.2]},
			"faces": {
				"north": {"uv": [14.7, 14.91152, 15.23848, 14.61152], "texture": "#0"},
				"east": {"uv": [9.25, 14.91152, 16, 14.61152], "texture": "#0"},
				"south": {"uv": [14.7, 14.91152, 15.23848, 14.61152], "texture": "#0"},
				"west": {"uv": [9.25, 14.91152, 16, 14.61152], "texture": "#0"},
				"up": {"uv": [14.7, 16, 15.23848, 9.25], "texture": "#0"},
				"down": {"uv": [14.7, 16, 15.23848, 9.25], "texture": "#0"}
			}
		},
		{
			"name": "octagon",
			"from": [7.68768, 7, -5.52],
			"to": [8.31232, 7.58, 2.31],
			"rotation": {"angle": 0, "axis": "y", "origin": [8, 10.306, -3.2]},
			"faces": {
				"north": {"uv": [14.7, 15.11152, 15.23848, 14.61152], "texture": "#0"},
				"east": {"uv": [9.25, 15.11152, 16, 14.61152], "texture": "#0"},
				"south": {"uv": [14.7, 15.11152, 15.23848, 14.61152], "texture": "#0"},
				"west": {"uv": [9.25, 15.11152, 16, 14.61152], "texture": "#0"},
				"up": {"uv": [14.7, 16, 15.23848, 9.25], "texture": "#0"},
				"down": {"uv": [14.7, 16, 15.23848, 9.25], "texture": "#0"}
			}
		},
		{
			"name": "octagon",
			"from": [8.406, 7.44168, -5.52],
			"to": [8.754, 8.06632, 2.31],
			"rotation": {"angle": -45, "axis": "z", "origin": [8, 7.754, -3.2]},
			"faces": {
				"north": {"uv": [14.7, 15.15, 15, 14.61152], "texture": "#0"},
				"east": {"uv": [9.25, 15.15, 16, 14.61152], "texture": "#0"},
				"south": {"uv": [14.7, 15.15, 15, 14.61152], "texture": "#0"},
				"west": {"uv": [9.25, 15.15, 16, 14.61152], "texture": "#0"},
				"up": {"uv": [14.7, 16, 15, 9.25], "texture": "#0"},
				"down": {"uv": [14.7, 16, 15, 9.25], "texture": "#0"}
			}
		},
		{
			"name": "octagon",
			"from": [7.246, 7.44168, -5.52],
			"to": [8.754, 8.76232, 2.31],
			"rotation": {"angle": 0, "axis": "y", "origin": [8, 10.306, -3.2]},
			"faces": {
				"north": {"uv": [14.7, 15.75, 16, 14.61152], "texture": "#0"},
				"east": {"uv": [9.25, 15.75, 16, 14.61152], "texture": "#0"},
				"south": {"uv": [14.7, 15.75, 16, 14.61152], "texture": "#0"},
				"west": {"uv": [9.25, 15.75, 16, 14.61152], "texture": "#0"},
				"up": {"uv": [14.7, 16, 16, 9.25], "texture": "#0"},
				"down": {"uv": [14.7, 16, 16, 9.25], "texture": "#0"}
			}
		},
		{
			"name": "octagon",
			"from": [7.72372, 7.319, -15.67],
			"to": [8.27628, 7.609, -5.81],
			"rotation": {"angle": 45, "axis": "z", "origin": [8, 7.986, -5.81]},
			"faces": {
				"north": {"uv": [2, 2, 2.47634, 2.25], "texture": "#0"},
				"east": {"uv": [2, 2, 10.5, 2.25], "texture": "#0"},
				"south": {"uv": [2, 2, 2.47634, 2.25], "texture": "#0"},
				"west": {"uv": [2, 2, 10.5, 2.25], "texture": "#0"},
				"up": {"uv": [2, 2, 10.5, 2.47634], "rotation": 90, "texture": "#0"},
				"down": {"uv": [2, 2, 10.5, 2.47634], "rotation": 90, "texture": "#0"}
			}
		},
		{
			"name": "octagon",
			"from": [7.72372, 7.319, -15.67],
			"to": [8.27628, 7.609, -5.81],
			"rotation": {"angle": 0, "axis": "y", "origin": [8, 7.986, -5.81]},
			"faces": {
				"north": {"uv": [2, 2, 2.47634, 2.25], "texture": "#0"},
				"east": {"uv": [2, 2, 10.5, 2.25], "texture": "#0"},
				"south": {"uv": [2, 2, 2.47634, 2.25], "texture": "#0"},
				"west": {"uv": [2, 2, 10.5, 2.25], "texture": "#0"},
				"up": {"uv": [2, 2, 10.5, 2.47634], "rotation": 90, "texture": "#0"},
				"down": {"uv": [2, 2, 10.5, 2.47634], "rotation": 90, "texture": "#0"}
			}
		},
		{
			"name": "octagon",
			"from": [7.72372, 8.363, -15.67],
			"to": [8.27628, 8.653, -5.81],
			"rotation": {"angle": 45, "axis": "z", "origin": [8, 7.986, -5.81]},
			"faces": {
				"north": {"uv": [2, 2, 2.47634, 2.25], "texture": "#0"},
				"east": {"uv": [2, 2, 10.5, 2.25], "texture": "#0"},
				"south": {"uv": [2, 2, 2.47634, 2.25], "texture": "#0"},
				"west": {"uv": [2, 2, 10.5, 2.25], "texture": "#0"},
				"up": {"uv": [2, 2, 10.5, 2.47634], "rotation": 90, "texture": "#0"},
				"down": {"uv": [2, 2, 10.5, 2.47634], "rotation": 90, "texture": "#0"}
			}
		},
		{
			"name": "octagon",
			"from": [7.72372, 8.363, -15.67],
			"to": [8.27628, 8.653, -5.81],
			"rotation": {"angle": 0, "axis": "y", "origin": [8, 7.986, -5.81]},
			"faces": {
				"north": {"uv": [2, 2, 2.47634, 2.25], "texture": "#0"},
				"east": {"uv": [2, 2, 10.5, 2.25], "texture": "#0"},
				"south": {"uv": [2, 2, 2.47634, 2.25], "texture": "#0"},
				"west": {"uv": [2, 2, 10.5, 2.25], "texture": "#0"},
				"up": {"uv": [2, 2, 10.5, 2.47634], "rotation": 90, "texture": "#0"},
				"down": {"uv": [2, 2, 10.5, 2.47634], "rotation": 90, "texture": "#0"}
			}
		},
		{
			"name": "octagon",
			"from": [7.333, 7.70972, -15.67],
			"to": [7.623, 8.26228, -5.81],
			"rotation": {"angle": 45, "axis": "z", "origin": [8, 7.986, -5.81]},
			"faces": {
				"north": {"uv": [2, 2, 2.25, 2.47634], "texture": "#0"},
				"east": {"uv": [2, 2, 10.5, 2.47634], "texture": "#0"},
				"south": {"uv": [2, 2, 2.25, 2.47634], "texture": "#0"},
				"west": {"uv": [2, 2, 10.5, 2.47634], "texture": "#0"},
				"up": {"uv": [2, 2, 10.5, 2.25], "rotation": 90, "texture": "#0"},
				"down": {"uv": [2, 2, 10.5, 2.25], "rotation": 90, "texture": "#0"}
			}
		},
		{
			"name": "octagon",
			"from": [7.333, 7.70972, -15.67],
			"to": [7.623, 8.26228, -5.81],
			"rotation": {"angle": 0, "axis": "y", "origin": [8, 7.986, -5.81]},
			"faces": {
				"north": {"uv": [2, 2, 2.25, 2.47634], "texture": "#0"},
				"east": {"uv": [2, 2, 10.5, 2.47634], "texture": "#0"},
				"south": {"uv": [2, 2, 2.25, 2.47634], "texture": "#0"},
				"west": {"uv": [2, 2, 10.5, 2.47634], "texture": "#0"},
				"up": {"uv": [2, 2, 10.5, 2.25], "rotation": 90, "texture": "#0"},
				"down": {"uv": [2, 2, 10.5, 2.25], "rotation": 90, "texture": "#0"}
			}
		},
		{
			"name": "octagon",
			"from": [8.377, 7.70972, -15.67],
			"to": [8.667, 8.26228, -5.81],
			"rotation": {"angle": 45, "axis": "z", "origin": [8, 7.986, -5.81]},
			"faces": {
				"north": {"uv": [2, 2, 2.25, 2.47634], "texture": "#0"},
				"east": {"uv": [2, 2, 10.5, 2.47634], "texture": "#0"},
				"south": {"uv": [2, 2, 2.25, 2.47634], "texture": "#0"},
				"west": {"uv": [2, 2, 10.5, 2.47634], "texture": "#0"},
				"up": {"uv": [2, 2, 10.5, 2.25], "rotation": 90, "texture": "#0"},
				"down": {"uv": [2, 2, 10.5, 2.25], "rotation": 90, "texture": "#0"}
			}
		},
		{
			"name": "octagon",
			"from": [8.377, 7.70972, -15.67],
			"to": [8.667, 8.26228, -5.81],
			"rotation": {"angle": 0, "axis": "y", "origin": [8, 7.986, -5.81]},
			"faces": {
				"north": {"uv": [2, 2, 2.25, 2.47634], "texture": "#0"},
				"east": {"uv": [2, 2, 10.5, 2.47634], "texture": "#0"},
				"south": {"uv": [2, 2, 2.25, 2.47634], "texture": "#0"},
				"west": {"uv": [2, 2, 10.5, 2.47634], "texture": "#0"},
				"up": {"uv": [2, 2, 10.5, 2.25], "rotation": 90, "texture": "#0"},
				"down": {"uv": [2, 2, 10.5, 2.25], "rotation": 90, "texture": "#0"}
			}
		},
		{
			"name": "octagon",
			"from": [7.72372, 9.233, -9.29],
			"to": [8.27628, 10.567, -5.81],
			"rotation": {"angle": 45, "axis": "z", "origin": [8, 9.9, -5.81]},
			"faces": {
				"north": {"uv": [6, 3, 6.47634, 4.15], "texture": "#0"},
				"east": {"uv": [6, 3, 9, 4.15], "texture": "#0"},
				"south": {"uv": [6, 3, 6.47634, 4.15], "texture": "#0"},
				"west": {"uv": [6, 3, 9, 4.15], "texture": "#0"},
				"up": {"uv": [6, 4, 6.47634, 7], "texture": "#0"},
				"down": {"uv": [6, 4, 6.47634, 7], "texture": "#0"}
			}
		},
		{
			"name": "octagon",
			"from": [7.72372, 9.233, -9.29],
			"to": [8.27628, 10.567, -5.81],
			"rotation": {"angle": 0, "axis": "y", "origin": [8, 9.9, -5.81]},
			"faces": {
				"north": {"uv": [6, 3, 6.47634, 4.15], "texture": "#0"},
				"east": {"uv": [6, 3, 9, 4.15], "texture": "#0"},
				"south": {"uv": [6, 3, 6.47634, 4.15], "texture": "#0"},
				"west": {"uv": [6, 3, 9, 4.15], "texture": "#0"},
				"up": {"uv": [6, 4, 6.47634, 7], "texture": "#0"},
				"down": {"uv": [6, 4, 6.47634, 7], "texture": "#0"}
			}
		},
		{
			"name": "octagon",
			"from": [7.333, 9.62372, -9.29],
			"to": [8.667, 10.17628, -5.81],
			"rotation": {"angle": 45, "axis": "z", "origin": [8, 9.9, -5.81]},
			"faces": {
				"north": {"uv": [6, 3, 7.15, 3.47634], "texture": "#0"},
				"east": {"uv": [6, 3, 9, 3.47634], "texture": "#0"},
				"south": {"uv": [6, 3, 7.15, 3.47634], "texture": "#0"},
				"west": {"uv": [6, 3, 9, 3.47634], "texture": "#0"},
				"up": {"uv": [6, 4, 7.15, 7], "texture": "#0"},
				"down": {"uv": [6, 4, 7.15, 7], "texture": "#0"}
			}
		},
		{
			"name": "octagon",
			"from": [7.333, 9.62372, -9.29],
			"to": [8.667, 10.17628, -5.81],
			"rotation": {"angle": 0, "axis": "y", "origin": [8, 9.9, -5.81]},
			"faces": {
				"north": {"uv": [6, 3, 7.15, 3.47634], "texture": "#0"},
				"east": {"uv": [6, 3, 9, 3.47634], "texture": "#0"},
				"south": {"uv": [6, 3, 7.15, 3.47634], "texture": "#0"},
				"west": {"uv": [6, 3, 9, 3.47634], "texture": "#0"},
				"up": {"uv": [6, 4, 7.15, 7], "texture": "#0"},
				"down": {"uv": [6, 4, 7.15, 7], "texture": "#0"}
			}
		},
		{
			"name": "octagon",
			"from": [7.449, 8.17372, -14.8],
			"to": [8.551, 8.90028, -13.234],
			"rotation": {"angle": 0, "axis": "y", "origin": [8, 9.9, -10.74]},
			"faces": {
				"north": {"uv": [8, 1, 8.95, 1.62634], "texture": "#0"},
				"east": {"uv": [8, 1, 9.35, 1.62634], "texture": "#0"},
				"south": {"uv": [8, 1, 8.95, 1.62634], "texture": "#0"},
				"west": {"uv": [8, 1, 9.35, 1.62634], "texture": "#0"},
				"up": {"uv": [8, 1, 8.95, 2.35], "texture": "#0"},
				"down": {"uv": [8, 1, 8.95, 2.35], "texture": "#0"}
			}
		},
		{
			"name": "octagon",
			"from": [7.449, 8.90028, -14.8],
			"to": [8.551, 10.64028, -13.93],
			"rotation": {"angle": 0, "axis": "y", "origin": [8, 9.9, -10.74]},
			"faces": {
				"north": {"uv": [8, 1, 8.95, 2.5], "texture": "#0"},
				"east": {"uv": [8, 1, 8.75, 2.5], "texture": "#0"},
				"south": {"uv": [8, 1, 8.95, 2.5], "texture": "#0"},
				"west": {"uv": [8, 1, 8.75, 2.5], "texture": "#0"},
				"up": {"uv": [8, 1, 8.95, 1.75], "texture": "#0"},
				"down": {"uv": [8, 1, 8.95, 1.75], "texture": "#0"}
			}
		},
		{
			"name": "octagon",
			"from": [7.449, 8.7574, -14.307],
			"to": [8.551, 10.6134, -13.611],
			"rotation": {"angle": -22.5, "axis": "x", "origin": [8, 9.77028, -13.785]},
			"faces": {
				"north": {"uv": [8, 1, 8.95, 2.6], "texture": "#0"},
				"east": {"uv": [8, 1, 8.6, 2.6], "texture": "#0"},
				"south": {"uv": [8, 1, 8.95, 2.6], "texture": "#0"},
				"west": {"uv": [8, 1, 8.6, 2.6], "texture": "#0"},
				"up": {"uv": [8, 1, 8.95, 1.6], "texture": "#0"},
				"down": {"uv": [8, 1, 8.95, 1.6], "texture": "#0"}
			}
		},
		{
			"name": "octagon",
			"from": [7.72372, 10.103, -9.87],
			"to": [8.27628, 10.567, -9.29],
			"rotation": {"angle": 45, "axis": "z", "origin": [8, 9.9, -5.81]},
			"faces": {
				"north": {"uv": [0, 0, 0.47634, 0.4], "texture": "#0"},
				"east": {"uv": [0, 0, 0.5, 0.4], "texture": "#0"},
				"south": {"uv": [0, 0, 0.47634, 0.4], "texture": "#0"},
				"west": {"uv": [0, 0, 0.5, 0.4], "texture": "#0"},
				"up": {"uv": [0, 0, 0.47634, 0.5], "texture": "#0"},
				"down": {"uv": [0, 0, 0.47634, 0.5], "texture": "#0"}
			}
		},
		{
			"name": "octagon",
			"from": [7.72372, 10.103, -9.87],
			"to": [8.27628, 10.567, -9.29],
			"rotation": {"angle": 0, "axis": "y", "origin": [8, 9.9, -5.81]},
			"faces": {
				"north": {"uv": [0, 0, 0.47634, 0.4], "texture": "#0"},
				"east": {"uv": [0, 0, 0.5, 0.4], "texture": "#0"},
				"south": {"uv": [0, 0, 0.47634, 0.4], "texture": "#0"},
				"west": {"uv": [0, 0, 0.5, 0.4], "texture": "#0"},
				"up": {"uv": [0, 0, 0.47634, 0.5], "texture": "#0"},
				"down": {"uv": [0, 0, 0.47634, 0.5], "texture": "#0"}
			}
		},
		{
			"name": "octagon",
			"from": [8.203, 9.62372, -9.87],
			"to": [8.667, 10.17628, -9.29],
			"rotation": {"angle": 45, "axis": "z", "origin": [8, 9.9, -5.81]},
			"faces": {
				"north": {"uv": [0, 0, 0.4, 0.47634], "texture": "#0"},
				"east": {"uv": [0, 0, 0.5, 0.47634], "texture": "#0"},
				"south": {"uv": [0, 0, 0.4, 0.47634], "texture": "#0"},
				"west": {"uv": [0, 0, 0.5, 0.47634], "texture": "#0"},
				"up": {"uv": [0, 0, 0.4, 0.5], "texture": "#0"},
				"down": {"uv": [0, 0, 0.4, 0.5], "texture": "#0"}
			}
		},
		{
			"name": "octagon",
			"from": [7.333, 8.17372, -9.87],
			"to": [8.667, 10.17628, -9.29],
			"rotation": {"angle": 0, "axis": "y", "origin": [8, 9.9, -5.81]},
			"faces": {
				"north": {"uv": [4, 4, 5.15, 5.72634], "texture": "#0"},
				"east": {"uv": [4, 4, 4.5, 5.72634], "texture": "#0"},
				"south": {"uv": [4, 4, 5.15, 5.72634], "texture": "#0"},
				"west": {"uv": [4, 4, 4.5, 5.72634], "texture": "#0"},
				"up": {"uv": [4, 4, 5.15, 4.5], "texture": "#0"},
				"down": {"uv": [4, 4, 5.15, 4.5], "texture": "#0"}
			}
		},
		{
			"name": "octagon",
			"from": [7.6997, 10.335, -14.8],
			"to": [8.3003, 10.625, -13.872],
			"rotation": {"angle": 45, "axis": "z", "origin": [8, 11.06, -13.06]},
			"faces": {
				"north": {"uv": [8, 1, 8.51776, 1.25], "texture": "#0"},
				"east": {"uv": [8, 1, 8.8, 1.25], "texture": "#0"},
				"south": {"uv": [8, 1, 8.51776, 1.25], "texture": "#0"},
				"west": {"uv": [8, 1, 8.8, 1.25], "texture": "#0"},
				"up": {"uv": [8, 1, 8.51776, 1.8], "texture": "#0"},
				"down": {"uv": [8, 1, 8.51776, 1.8], "texture": "#0"}
			}
		},
		{
			"name": "octagon",
			"from": [7.6997, 10.335, -14.8],
			"to": [8.3003, 10.625, -13.872],
			"rotation": {"angle": 0, "axis": "y", "origin": [8, 11.06, -13.06]},
			"faces": {
				"north": {"uv": [8, 1, 8.51776, 1.25], "texture": "#0"},
				"east": {"uv": [8, 1, 8.8, 1.25], "texture": "#0"},
				"south": {"uv": [8, 1, 8.51776, 1.25], "texture": "#0"},
				"west": {"uv": [8, 1, 8.8, 1.25], "texture": "#0"},
				"up": {"uv": [8, 1, 8.51776, 1.8], "texture": "#0"},
				"down": {"uv": [8, 1, 8.51776, 1.8], "texture": "#0"}
			}
		},
		{
			"name": "octagon",
			"from": [7.275, 10.7597, -14.8],
			"to": [7.565, 11.3603, -13.872],
			"rotation": {"angle": 45, "axis": "z", "origin": [8, 11.06, -13.06]},
			"faces": {
				"north": {"uv": [8, 1, 8.25, 1.51776], "texture": "#0"},
				"east": {"uv": [8, 1, 8.8, 1.51776], "texture": "#0"},
				"south": {"uv": [8, 1, 8.25, 1.51776], "texture": "#0"},
				"west": {"uv": [8, 1, 8.8, 1.51776], "texture": "#0"},
				"up": {"uv": [8, 1, 8.25, 1.8], "texture": "#0"},
				"down": {"uv": [8, 1, 8.25, 1.8], "texture": "#0"}
			}
		},
		{
			"name": "octagon",
			"from": [7.275, 10.7597, -14.8],
			"to": [7.565, 11.4763, -13.872],
			"rotation": {"angle": 0, "axis": "y", "origin": [8, 11.06, -13.06]},
			"faces": {
				"north": {"uv": [8, 1, 8.25, 1.61776], "texture": "#0"},
				"east": {"uv": [8, 1, 8.8, 1.61776], "texture": "#0"},
				"south": {"uv": [8, 1, 8.25, 1.61776], "texture": "#0"},
				"west": {"uv": [8, 1, 8.8, 1.61776], "texture": "#0"},
				"up": {"uv": [8, 1, 8.25, 1.8], "texture": "#0"},
				"down": {"uv": [8, 1, 8.25, 1.8], "texture": "#0"}
			}
		},
		{
			"name": "octagon",
			"from": [8.435, 10.7597, -14.8],
			"to": [8.725, 11.4763, -13.872],
			"rotation": {"angle": 0, "axis": "y", "origin": [8, 11.06, -13.06]},
			"faces": {
				"north": {"uv": [8, 1, 8.25, 1.61776], "texture": "#0"},
				"east": {"uv": [8, 1, 8.8, 1.61776], "texture": "#0"},
				"south": {"uv": [8, 1, 8.25, 1.61776], "texture": "#0"},
				"west": {"uv": [8, 1, 8.8, 1.61776], "texture": "#0"},
				"up": {"uv": [8, 1, 8.25, 1.8], "texture": "#0"},
				"down": {"uv": [8, 1, 8.25, 1.8], "texture": "#0"}
			}
		},
		{
			"name": "octagon",
			"from": [7.75975, 7.464, -15.206],
			"to": [8.24025, 8.624, -15.206],
			"rotation": {"angle": 45, "axis": "z", "origin": [8, 8.044, -12.886]},
			"faces": {
				"north": {"uv": [0, 12, 1, 13], "texture": "#0"},
				"east": {"uv": [0, 12, 1, 13], "texture": "#0"},
				"south": {"uv": [0, 12, 1, 13], "texture": "#0"},
				"west": {"uv": [0, 12, 1, 13], "texture": "#0"},
				"up": {"uv": [0, 12, 1, 13], "texture": "#0"},
				"down": {"uv": [0, 12, 1, 13], "texture": "#0"}
			}
		},
		{
			"name": "octagon",
			"from": [7.75975, 7.464, -15.206],
			"to": [8.24025, 8.624, -15.206],
			"rotation": {"angle": 0, "axis": "y", "origin": [8, 8.044, -12.886]},
			"faces": {
				"north": {"uv": [0, 12, 1, 13], "texture": "#0"},
				"east": {"uv": [0, 12, 1, 13], "texture": "#0"},
				"south": {"uv": [0, 12, 1, 13], "texture": "#0"},
				"west": {"uv": [0, 12, 1, 13], "texture": "#0"},
				"up": {"uv": [0, 12, 1, 13], "texture": "#0"},
				"down": {"uv": [0, 12, 1, 13], "texture": "#0"}
			}
		},
		{
			"name": "octagon",
			"from": [7.42, 7.80375, -15.206],
			"to": [8.58, 8.28425, -15.206],
			"rotation": {"angle": 45, "axis": "z", "origin": [8, 8.044, -12.886]},
			"faces": {
				"north": {"uv": [0, 12, 1, 13], "texture": "#0"},
				"east": {"uv": [0, 12, 1, 13], "texture": "#0"},
				"south": {"uv": [0, 12, 1, 13], "texture": "#0"},
				"west": {"uv": [0, 12, 1, 13], "texture": "#0"},
				"up": {"uv": [0, 12, 1, 13], "texture": "#0"},
				"down": {"uv": [0, 12, 1, 13], "texture": "#0"}
			}
		},
		{
			"name": "octagon",
			"from": [7.42, 7.80375, -15.206],
			"to": [8.58, 8.28425, -15.206],
			"rotation": {"angle": 0, "axis": "y", "origin": [8, 8.044, -12.886]},
			"faces": {
				"north": {"uv": [0, 12, 1, 13], "texture": "#0"},
				"east": {"uv": [0, 12, 1, 13], "texture": "#0"},
				"south": {"uv": [0, 12, 1, 13], "texture": "#0"},
				"west": {"uv": [0, 12, 1, 13], "texture": "#0"},
				"up": {"uv": [0, 12, 1, 13], "texture": "#0"},
				"down": {"uv": [0, 12, 1, 13], "texture": "#0"}
			}
		}
	],
	"gui_light": "front",
	"display": {
		"thirdperson_righthand": {
			"translation": [0, 0, 1],
			"scale": [0.9, 0.9, 0.9]
		},
		"thirdperson_lefthand": {
			"translation": [0, 0, 1],
			"scale": [0.9, 0.9, 0.9]
		},
		"firstperson_righthand": {
			"rotation": [0, -15, 0],
			"translation": [11, 1.75, 3.5]
		},
		"firstperson_lefthand": {
			"rotation": [0, -15, 0],
			"translation": [11, 1.75, 3.5]
		},
		"ground": {
			"rotation": [0, 0, -90],
			"translation": [0, -1, 1.75],
			"scale": [0.7, 0.7, 0.7]
		},
		"gui": {
			"rotation": [21, 128, 0],
			"translation": [24.5, -20, 0],
			"scale": [4, 4, 4]
		},
		"head": {
			"scale": [0.26, 0.83, 4]
		},
		"fixed": {
			"rotation": [0, -90, 0],
			"translation": [-2, 0, 0],
			"scale": [0.85, 0.85, 0.85]
		}
	},
	"groups": [
		{
			"name": "Stock",
			"origin": [8, 7, 20],
			"color": 3,
			"children": [0, 1, 2]
		},
		{
			"name": "Base",
			"origin": [8, 8.7, 15.1],
			"color": 0,
			"children": [
				3,
				4,
				5,
				6,
				7,
				{
					"name": "Below",
					"origin": [8, 1.7, 6.1],
					"color": 0,
					"children": [8, 9, 10, 11, 12, 13]
				}
			]
		},
		{
			"name": "Barrel",
			"origin": [7, 7, 9.75],
			"color": 0,
			"children": [
				14,
				{
					"name": "octagon",
					"origin": [8, 8, 8],
					"color": 0,
					"children": [15, 16, 17, 18, 19, 20]
				},
				{
					"name": "group",
					"origin": [8, 9.85, -2],
					"color": 0,
					"children": [21, 22, 23, 24]
				},
				{
					"name": "group",
					"origin": [8, 9.85, -2],
					"color": 0,
					"children": [25, 26, 27, 28]
				},
				{
					"name": "octagon",
					"origin": [8, 8, 8],
					"color": 3,
					"children": [29, 30, 31, 32]
				},
				{
					"name": "octagon",
					"origin": [8, 8, 8],
					"color": 3,
					"children": [33, 34, 35, 36]
				},
				{
					"name": "octagon",
					"origin": [8, 8, 8],
					"color": 0,
					"children": [37, 38, 39, 40, 41, 42, 43, 44]
				},
				{
					"name": "octagon",
					"origin": [8, 8, 8],
					"color": 0,
					"children": [45, 46, 47, 48]
				},
				{
					"name": "octagon",
					"origin": [8, 8, 8],
					"color": 0,
					"children": [49, 50, 51]
				},
				{
					"name": "group",
					"origin": [8, 9.5, -4.25],
					"color": 0,
					"children": [52, 53, 54, 55]
				},
				{
					"name": "octagon",
					"origin": [8, 8, 8],
					"color": 0,
					"children": [56, 57, 58, 59, 60]
				}
			]
		},
		{
			"name": "Hole",
			"origin": [8, 8, 8],
			"color": 9,
			"children": [61, 62, 63, 64]
		}
	]
}