{
	"format_version": "1.21.6",
	"credit": "Made with Blockbench",
	"textures": {
		"0": "modern_guns:item/beretta_486",
		"particle": "modern_guns:item/beretta_486"
	},
	"elements": [
		{
			"from": [7.35, 4.5, 11.75],
			"to": [8.65, 6.5, 26.75],
			"rotation": {"angle": 20, "axis": "x", "origin": [8, 6, 13.25]},
			"faces": {
				"north": {"uv": [0, 0, 1.3, 2], "texture": "#0"},
				"east": {"uv": [15, 0, 0, 2], "texture": "#0"},
				"south": {"uv": [0, 0, 1.3, 2], "texture": "#0"},
				"west": {"uv": [0, 0, 15, 2], "texture": "#0"},
				"up": {"uv": [0, 0, 1.3, 15], "texture": "#0"},
				"down": {"uv": [0, 0, 1.3, 15], "texture": "#0"}
			}
		},
		{
			"from": [7.351, 0.57803, 25.71715],
			"to": [8.641, 5.47803, 27.21715],
			"rotation": {"angle": 5, "axis": "x", "origin": [8, 3.47803, 18.71715]},
			"faces": {
				"north": {"uv": [0, 0, 1.3, 4.9], "texture": "#0"},
				"east": {"uv": [0, 0, 1.5, 4.9], "texture": "#0"},
				"south": {"uv": [0, 0, 1.3, 4.9], "texture": "#0"},
				"west": {"uv": [1.5, 0, 0, 4.9], "texture": "#0"},
				"up": {"uv": [0, 0, 1.3, 1.5], "texture": "#0"},
				"down": {"uv": [0, 0, 1.3, 1.5], "texture": "#0"}
			}
		},
		{
			"from": [7.351, 2.57803, 18.71715],
			"to": [8.641, 5.47803, 25.71715],
			"rotation": {"angle": 5, "axis": "x", "origin": [8, 3.47803, 18.71715]},
			"faces": {
				"north": {"uv": [0, 0, 1.3, 2.9], "texture": "#0"},
				"east": {"uv": [7, 0, 0, 2.9], "texture": "#0"},
				"south": {"uv": [0, 0, 1.3, 2.9], "texture": "#0"},
				"west": {"uv": [0, 0, 7, 2.9], "texture": "#0"},
				"up": {"uv": [0, 0, 1.3, 7], "texture": "#0"},
				"down": {"uv": [0, 0, 1.3, 7], "texture": "#0"}
			}
		},
		{
			"from": [7.352, 3.66024, 17.33425],
			"to": [8.642, 5.06024, 19.33425],
			"rotation": {"angle": -30, "axis": "x", "origin": [8, 4.36024, 18.33425]},
			"faces": {
				"north": {"uv": [0, 0, 1.3, 1.4], "texture": "#0"},
				"east": {"uv": [0, 0, 2, 1.4], "texture": "#0"},
				"south": {"uv": [0, 0, 1.3, 1.4], "texture": "#0"},
				"west": {"uv": [0, 0, 2, 1.4], "texture": "#0"},
				"up": {"uv": [0, 0, 1.3, 2], "texture": "#0"},
				"down": {"uv": [0, 0, 1.3, 2], "texture": "#0"}
			}
		},
		{
			"from": [7.351, 5, 10],
			"to": [8.641, 7, 12],
			"rotation": {"angle": 0, "axis": "y", "origin": [7, 5, 9]},
			"faces": {
				"north": {"uv": [0, 0, 1.3, 2], "texture": "#0"},
				"east": {"uv": [0, 0, 2, 2], "texture": "#0"},
				"south": {"uv": [0, 0, 1.3, 2], "texture": "#0"},
				"west": {"uv": [0, 0, 2, 2], "texture": "#0"},
				"up": {"uv": [0, 0, 1.3, 2], "texture": "#0"},
				"down": {"uv": [0, 0, 1.3, 2], "texture": "#0"}
			}
		},
		{
			"from": [7.7, 6.14377, 11.87724],
			"to": [8.3, 6.89377, 13.87724],
			"rotation": {"angle": 5, "axis": "x", "origin": [8, 6.51877, 12.87724]},
			"faces": {
				"north": {"uv": [7, 7, 7.6, 7.75], "texture": "#0"},
				"east": {"uv": [6, 6, 8, 6.75], "texture": "#0"},
				"south": {"uv": [6, 6, 6.6, 6.75], "texture": "#0"},
				"west": {"uv": [5, 6, 7, 6.75], "texture": "#0"},
				"up": {"uv": [6, 6, 6.6, 8], "texture": "#0"},
				"down": {"uv": [5, 6, 5.6, 8], "texture": "#0"}
			}
		},
		{
			"name": "octagon",
			"from": [7.6, 3.73223, 9.15],
			"to": [8.4, 4.76777, 9.35],
			"rotation": {"angle": 45, "axis": "x", "origin": [8, 4.25, 10.4]},
			"faces": {
				"north": {"uv": [6, 6, 6.8, 7.03554], "texture": "#0"},
				"east": {"uv": [6, 6, 6.2, 7.03554], "texture": "#0"},
				"south": {"uv": [6, 6, 6.8, 7.03554], "texture": "#0"},
				"west": {"uv": [6, 6, 6.2, 7.03554], "texture": "#0"},
				"up": {"uv": [6, 6, 6.8, 6.2], "texture": "#0"},
				"down": {"uv": [6, 6, 6.8, 6.2], "texture": "#0"}
			}
		},
		{
			"name": "octagon",
			"from": [7.6, 3.73223, 9.15],
			"to": [8.4, 4.76777, 9.35],
			"rotation": {"angle": 0, "axis": "y", "origin": [8, 4.25, 10.4]},
			"faces": {
				"north": {"uv": [6, 6, 6.8, 7.03554], "texture": "#0"},
				"east": {"uv": [6, 6, 6.2, 7.03554], "texture": "#0"},
				"south": {"uv": [6, 6, 6.8, 7.03554], "texture": "#0"},
				"west": {"uv": [6, 6, 6.2, 7.03554], "texture": "#0"},
				"up": {"uv": [6, 6, 6.8, 6.2], "texture": "#0"},
				"down": {"uv": [6, 6, 6.8, 6.2], "texture": "#0"}
			}
		},
		{
			"name": "octagon",
			"from": [7.6, 3.73223, 11.45],
			"to": [8.4, 4.76777, 11.65],
			"rotation": {"angle": 45, "axis": "x", "origin": [8, 4.25, 10.4]},
			"faces": {
				"north": {"uv": [6, 6, 6.8, 7.03554], "texture": "#0"},
				"east": {"uv": [6, 6, 6.2, 7.03554], "texture": "#0"},
				"south": {"uv": [6, 6, 6.8, 7.03554], "texture": "#0"},
				"west": {"uv": [6, 6, 6.2, 7.03554], "texture": "#0"},
				"up": {"uv": [6, 6, 6.8, 6.2], "texture": "#0"},
				"down": {"uv": [6, 6, 6.8, 6.2], "texture": "#0"}
			}
		},
		{
			"name": "octagon",
			"from": [7.6, 3.73223, 11.45],
			"to": [8.4, 4.76777, 11.65],
			"rotation": {"angle": 0, "axis": "y", "origin": [8, 4.25, 10.4]},
			"faces": {
				"north": {"uv": [6, 6, 6.8, 7.03554], "texture": "#0"},
				"east": {"uv": [6, 6, 6.2, 7.03554], "texture": "#0"},
				"south": {"uv": [6, 6, 6.8, 7.03554], "texture": "#0"},
				"west": {"uv": [6, 6, 6.2, 7.03554], "texture": "#0"},
				"up": {"uv": [6, 6, 6.8, 6.2], "texture": "#0"},
				"down": {"uv": [6, 6, 6.8, 6.2], "texture": "#0"}
			}
		},
		{
			"name": "octagon",
			"from": [7.6, 3, 9.88223],
			"to": [8.4, 3.2, 10.91777],
			"rotation": {"angle": 45, "axis": "x", "origin": [8, 4.25, 10.4]},
			"faces": {
				"north": {"uv": [6, 6, 6.8, 6.2], "texture": "#0"},
				"east": {"uv": [6, 6, 7.03554, 6.2], "texture": "#0"},
				"south": {"uv": [6, 6, 6.8, 6.2], "texture": "#0"},
				"west": {"uv": [6, 6, 7.03554, 6.2], "texture": "#0"},
				"up": {"uv": [6, 6, 6.8, 7.03554], "texture": "#0"},
				"down": {"uv": [6, 6, 6.8, 7.03554], "texture": "#0"}
			}
		},
		{
			"name": "octagon",
			"from": [7.6, 3, 9.88223],
			"to": [8.4, 3.2, 10.91777],
			"rotation": {"angle": 0, "axis": "y", "origin": [8, 4.25, 10.4]},
			"faces": {
				"north": {"uv": [6, 6, 6.8, 6.2], "texture": "#0"},
				"east": {"uv": [6, 6, 7.03554, 6.2], "texture": "#0"},
				"south": {"uv": [6, 6, 6.8, 6.2], "texture": "#0"},
				"west": {"uv": [6, 6, 7.03554, 6.2], "texture": "#0"},
				"up": {"uv": [6, 6, 6.8, 7.03554], "texture": "#0"},
				"down": {"uv": [6, 6, 6.8, 7.03554], "texture": "#0"}
			}
		},
		{
			"name": "octagon",
			"from": [7.6, 5.3, 9.88223],
			"to": [8.4, 5.5, 10.91777],
			"rotation": {"angle": 45, "axis": "x", "origin": [8, 4.25, 10.4]},
			"faces": {
				"north": {"uv": [6, 6, 6.8, 6.2], "texture": "#0"},
				"east": {"uv": [6, 6, 7.03554, 6.2], "texture": "#0"},
				"south": {"uv": [6, 6, 6.8, 6.2], "texture": "#0"},
				"west": {"uv": [6, 6, 7.03554, 6.2], "texture": "#0"},
				"up": {"uv": [6, 6, 6.8, 7.03554], "texture": "#0"},
				"down": {"uv": [6, 6, 6.8, 7.03554], "texture": "#0"}
			}
		},
		{
			"from": [7.8, 3.5, 10.6],
			"to": [8.2, 5, 11.1],
			"rotation": {"angle": -12.5, "axis": "x", "origin": [8, 4.25, 10.85]},
			"faces": {
				"north": {"uv": [6, 6, 6.4, 7.5], "texture": "#0"},
				"east": {"uv": [6, 6, 6.5, 7.5], "texture": "#0"},
				"south": {"uv": [6, 6, 6.4, 7.5], "texture": "#0"},
				"west": {"uv": [6, 6, 6.5, 7.5], "texture": "#0"},
				"up": {"uv": [6, 6, 6.4, 6.5], "texture": "#0"},
				"down": {"uv": [6, 6, 6.4, 6.5], "texture": "#0"}
			}
		},
		{
			"from": [7.35, 5, 6.5],
			"to": [8.65, 6, 10],
			"rotation": {"angle": 0, "axis": "y", "origin": [7, 5, 9]},
			"faces": {
				"north": {"uv": [5, 5, 6.3, 6], "texture": "#0"},
				"east": {"uv": [5, 5, 8.5, 6], "texture": "#0"},
				"south": {"uv": [6, 6, 7.3, 7], "texture": "#0"},
				"west": {"uv": [5, 5, 8.5, 6], "texture": "#0"},
				"up": {"uv": [5, 5, 6.3, 8.5], "texture": "#0"},
				"down": {"uv": [5, 5, 6.3, 8.5], "texture": "#0"}
			}
		},
		{
			"from": [7.35, 5, 5.5],
			"to": [8.65, 6, 6.5],
			"rotation": {"angle": 0, "axis": "y", "origin": [7, 5, 9]},
			"faces": {
				"north": {"uv": [0, 0, 1.3, 1], "texture": "#0"},
				"east": {"uv": [0, 0, 1, 1], "texture": "#0"},
				"south": {"uv": [0, 0, 1.3, 1], "texture": "#0"},
				"west": {"uv": [0, 0, 1, 1], "texture": "#0"},
				"up": {"uv": [0, 0, 1.3, 1], "texture": "#0"},
				"down": {"uv": [0, 0, 1.3, 1], "texture": "#0"}
			}
		},
		{
			"from": [7.35, 5.212, 0.552],
			"to": [8.65, 6.212, 5.552],
			"rotation": {"angle": 5, "axis": "x", "origin": [8, 5.7, 3.1]},
			"faces": {
				"north": {"uv": [0, 0, 1.3, 1], "texture": "#0"},
				"east": {"uv": [0, 0, 5, 1], "texture": "#0"},
				"south": {"uv": [0, 0, 1.3, 1], "texture": "#0"},
				"west": {"uv": [0, 0, 5, 1], "texture": "#0"},
				"up": {"uv": [0, 0, 1.3, 5], "texture": "#0"},
				"down": {"uv": [0, 0, 1.3, 5], "texture": "#0"}
			}
		},
		{
			"name": "octagon",
			"from": [8.29289, 6, -13.6],
			"to": [8.70711, 7, -13.6],
			"rotation": {"angle": 45, "axis": "z", "origin": [8.5, 6.5, -11.6]},
			"faces": {
				"north": {"uv": [12, 5, 13, 6], "texture": "#0"},
				"east": {"uv": [12, 5, 13, 6], "texture": "#0"},
				"south": {"uv": [12, 5, 13, 6], "texture": "#0"},
				"west": {"uv": [12, 5, 13, 6], "texture": "#0"},
				"up": {"uv": [12, 5, 13, 6], "texture": "#0"},
				"down": {"uv": [12, 5, 13, 6], "texture": "#0"}
			}
		},
		{
			"name": "octagon",
			"from": [8.29289, 6, -13.6],
			"to": [8.70711, 7, -13.6],
			"rotation": {"angle": 0, "axis": "y", "origin": [8.5, 6.5, -11.6]},
			"faces": {
				"north": {"uv": [12, 5, 13, 6], "texture": "#0"},
				"east": {"uv": [12, 5, 13, 6], "texture": "#0"},
				"south": {"uv": [12, 5, 13, 6], "texture": "#0"},
				"west": {"uv": [12, 5, 13, 6], "texture": "#0"},
				"up": {"uv": [12, 5, 13, 6], "texture": "#0"},
				"down": {"uv": [12, 5, 13, 6], "texture": "#0"}
			}
		},
		{
			"name": "octagon",
			"from": [8, 6.29289, -13.6],
			"to": [9, 6.70711, -13.6],
			"rotation": {"angle": 45, "axis": "z", "origin": [8.5, 6.5, -11.6]},
			"faces": {
				"north": {"uv": [12, 5, 13, 6], "texture": "#0"},
				"east": {"uv": [12, 5, 13, 6], "texture": "#0"},
				"south": {"uv": [12, 5, 13, 6], "texture": "#0"},
				"west": {"uv": [12, 5, 13, 6], "texture": "#0"},
				"up": {"uv": [12, 5, 13, 6], "texture": "#0"},
				"down": {"uv": [12, 5, 13, 6], "texture": "#0"}
			}
		},
		{
			"name": "octagon",
			"from": [8, 6.29289, -13.6],
			"to": [9, 6.70711, -13.6],
			"rotation": {"angle": 0, "axis": "y", "origin": [8.5, 6.5, -11.6]},
			"faces": {
				"north": {"uv": [12, 5, 13, 6], "texture": "#0"},
				"east": {"uv": [12, 5, 13, 6], "texture": "#0"},
				"south": {"uv": [12, 5, 13, 6], "texture": "#0"},
				"west": {"uv": [12, 5, 13, 6], "texture": "#0"},
				"up": {"uv": [12, 5, 13, 6], "texture": "#0"},
				"down": {"uv": [12, 5, 13, 6], "texture": "#0"}
			}
		},
		{
			"name": "octagon",
			"from": [7.29289, 6, -13.6],
			"to": [7.70711, 7, -13.6],
			"rotation": {"angle": 45, "axis": "z", "origin": [7.5, 6.5, -11.6]},
			"faces": {
				"north": {"uv": [12, 5, 13, 6], "texture": "#0"},
				"east": {"uv": [12, 5, 13, 6], "texture": "#0"},
				"south": {"uv": [12, 5, 13, 6], "texture": "#0"},
				"west": {"uv": [12, 5, 13, 6], "texture": "#0"},
				"up": {"uv": [12, 5, 13, 6], "texture": "#0"},
				"down": {"uv": [12, 5, 13, 6], "texture": "#0"}
			}
		},
		{
			"name": "octagon",
			"from": [7.29289, 6, -13.6],
			"to": [7.70711, 7, -13.6],
			"rotation": {"angle": 0, "axis": "y", "origin": [7.5, 6.5, -11.6]},
			"faces": {
				"north": {"uv": [12, 5, 13, 6], "texture": "#0"},
				"east": {"uv": [12, 5, 13, 6], "texture": "#0"},
				"south": {"uv": [12, 5, 13, 6], "texture": "#0"},
				"west": {"uv": [12, 5, 13, 6], "texture": "#0"},
				"up": {"uv": [12, 5, 13, 6], "texture": "#0"},
				"down": {"uv": [12, 5, 13, 6], "texture": "#0"}
			}
		},
		{
			"name": "octagon",
			"from": [7, 6.29289, -13.6],
			"to": [8, 6.70711, -13.6],
			"rotation": {"angle": 45, "axis": "z", "origin": [7.5, 6.5, -11.6]},
			"faces": {
				"north": {"uv": [12, 5, 13, 6], "texture": "#0"},
				"east": {"uv": [12, 5, 13, 6], "texture": "#0"},
				"south": {"uv": [12, 5, 13, 6], "texture": "#0"},
				"west": {"uv": [12, 5, 13, 6], "texture": "#0"},
				"up": {"uv": [12, 5, 13, 6], "texture": "#0"},
				"down": {"uv": [12, 5, 13, 6], "texture": "#0"}
			}
		},
		{
			"name": "octagon",
			"from": [7, 6.29289, -13.6],
			"to": [8, 6.70711, -13.6],
			"rotation": {"angle": 0, "axis": "y", "origin": [7.5, 6.5, -11.6]},
			"faces": {
				"north": {"uv": [12, 5, 13, 6], "texture": "#0"},
				"east": {"uv": [12, 5, 13, 6], "texture": "#0"},
				"south": {"uv": [12, 5, 13, 6], "texture": "#0"},
				"west": {"uv": [12, 5, 13, 6], "texture": "#0"},
				"up": {"uv": [12, 5, 13, 6], "texture": "#0"},
				"down": {"uv": [12, 5, 13, 6], "texture": "#0"}
			}
		},
		{
			"name": "octagon",
			"from": [8.27218, 5.95, -14],
			"to": [8.72782, 6.15, -2],
			"rotation": {"angle": 45, "axis": "z", "origin": [8.5, 6.5, -2]},
			"faces": {
				"north": {"uv": [14.9, 14.9, 15.35564, 15.1], "texture": "#0"},
				"east": {"uv": [4, 14.9, 16, 15.1], "texture": "#0"},
				"south": {"uv": [14.9, 14.9, 15.35564, 15.1], "texture": "#0"},
				"west": {"uv": [4, 14.9, 16, 15.1], "texture": "#0"},
				"up": {"uv": [14.9, 4, 15.35564, 16], "texture": "#0"},
				"down": {"uv": [14.9, 4, 15.35564, 16], "texture": "#0"}
			}
		},
		{
			"name": "octagon",
			"from": [8.27218, 5.95, -14],
			"to": [8.72782, 6.15, -2],
			"rotation": {"angle": 0, "axis": "y", "origin": [8.5, 6.5, -2]},
			"faces": {
				"north": {"uv": [14.9, 14.9, 15.35564, 15.1], "texture": "#0"},
				"east": {"uv": [4, 14.9, 16, 15.1], "texture": "#0"},
				"south": {"uv": [14.9, 14.9, 15.35564, 15.1], "texture": "#0"},
				"west": {"uv": [4, 14.9, 16, 15.1], "texture": "#0"},
				"up": {"uv": [14.9, 4, 15.35564, 16], "texture": "#0"},
				"down": {"uv": [14.9, 4, 15.35564, 16], "texture": "#0"}
			}
		},
		{
			"name": "octagon",
			"from": [8.27218, 6.85, -14],
			"to": [8.72782, 7.05, -2],
			"rotation": {"angle": 45, "axis": "z", "origin": [8.5, 6.5, -2]},
			"faces": {
				"north": {"uv": [14.9, 14.9, 15.35564, 15.1], "texture": "#0"},
				"east": {"uv": [4, 14.9, 16, 15.1], "texture": "#0"},
				"south": {"uv": [14.9, 14.9, 15.35564, 15.1], "texture": "#0"},
				"west": {"uv": [4, 14.9, 16, 15.1], "texture": "#0"},
				"up": {"uv": [14.9, 4, 15.35564, 16], "texture": "#0"},
				"down": {"uv": [14.9, 4, 15.35564, 16], "texture": "#0"}
			}
		},
		{
			"name": "octagon",
			"from": [8.27218, 6.85, -14],
			"to": [8.72782, 7.05, -2],
			"rotation": {"angle": 0, "axis": "y", "origin": [8.5, 6.5, -2]},
			"faces": {
				"north": {"uv": [14.9, 14.9, 15.35564, 15.1], "texture": "#0"},
				"east": {"uv": [4, 14.9, 16, 15.1], "texture": "#0"},
				"south": {"uv": [14.9, 14.9, 15.35564, 15.1], "texture": "#0"},
				"west": {"uv": [4, 14.9, 16, 15.1], "texture": "#0"},
				"up": {"uv": [14.9, 4, 15.35564, 16], "texture": "#0"},
				"down": {"uv": [14.9, 4, 15.35564, 16], "texture": "#0"}
			}
		},
		{
			"name": "octagon",
			"from": [7.95, 6.27218, -14],
			"to": [8.15, 6.72782, -2],
			"rotation": {"angle": 45, "axis": "z", "origin": [8.5, 6.5, -2]},
			"faces": {
				"north": {"uv": [14.9, 14.9, 15.1, 15.35564], "texture": "#0"},
				"east": {"uv": [4, 14.9, 16, 15.35564], "texture": "#0"},
				"south": {"uv": [14.9, 14.9, 15.1, 15.35564], "texture": "#0"},
				"west": {"uv": [4, 14.9, 16, 15.35564], "texture": "#0"},
				"up": {"uv": [14.9, 4, 15.1, 16], "texture": "#0"},
				"down": {"uv": [14.9, 4, 15.1, 16], "texture": "#0"}
			}
		},
		{
			"name": "octagon",
			"from": [7.95, 6.27218, -14],
			"to": [8.15, 6.72782, -2],
			"rotation": {"angle": 0, "axis": "y", "origin": [8.5, 6.5, -2]},
			"faces": {
				"north": {"uv": [14.9, 14.9, 15.1, 15.35564], "texture": "#0"},
				"east": {"uv": [4, 14.9, 16, 15.35564], "texture": "#0"},
				"south": {"uv": [14.9, 14.9, 15.1, 15.35564], "texture": "#0"},
				"west": {"uv": [4, 14.9, 16, 15.35564], "texture": "#0"},
				"up": {"uv": [14.9, 4, 15.1, 16], "texture": "#0"},
				"down": {"uv": [14.9, 4, 15.1, 16], "texture": "#0"}
			}
		},
		{
			"name": "octagon",
			"from": [8.85, 6.27218, -14],
			"to": [9.05, 6.72782, -2],
			"rotation": {"angle": 45, "axis": "z", "origin": [8.5, 6.5, -2]},
			"faces": {
				"north": {"uv": [14.9, 14.9, 15.1, 15.35564], "texture": "#0"},
				"east": {"uv": [4, 14.9, 16, 15.35564], "texture": "#0"},
				"south": {"uv": [14.9, 14.9, 15.1, 15.35564], "texture": "#0"},
				"west": {"uv": [4, 14.9, 16, 15.35564], "texture": "#0"},
				"up": {"uv": [14.9, 4, 15.1, 16], "texture": "#0"},
				"down": {"uv": [14.9, 4, 15.1, 16], "texture": "#0"}
			}
		},
		{
			"name": "octagon",
			"from": [8.85, 6.27218, -14],
			"to": [9.05, 6.72782, -2],
			"rotation": {"angle": 0, "axis": "y", "origin": [8.5, 6.5, -2]},
			"faces": {
				"north": {"uv": [14.9, 14.9, 15.1, 15.35564], "texture": "#0"},
				"east": {"uv": [4, 14.9, 16, 15.35564], "texture": "#0"},
				"south": {"uv": [14.9, 14.9, 15.1, 15.35564], "texture": "#0"},
				"west": {"uv": [4, 14.9, 16, 15.35564], "texture": "#0"},
				"up": {"uv": [14.9, 4, 15.1, 16], "texture": "#0"},
				"down": {"uv": [14.9, 4, 15.1, 16], "texture": "#0"}
			}
		},
		{
			"name": "octagon",
			"from": [7.27218, 5.95, -14],
			"to": [7.72782, 6.15, -2],
			"rotation": {"angle": 45, "axis": "z", "origin": [7.5, 6.5, -2]},
			"faces": {
				"north": {"uv": [14.9, 14.9, 15.35564, 15.1], "texture": "#0"},
				"east": {"uv": [4, 14.9, 16, 15.1], "texture": "#0"},
				"south": {"uv": [14.9, 14.9, 15.35564, 15.1], "texture": "#0"},
				"west": {"uv": [4, 14.9, 16, 15.1], "texture": "#0"},
				"up": {"uv": [14.9, 4, 15.35564, 16], "texture": "#0"},
				"down": {"uv": [14.9, 4, 15.35564, 16], "texture": "#0"}
			}
		},
		{
			"name": "octagon",
			"from": [7.27218, 5.95, -14],
			"to": [7.72782, 6.15, -2],
			"rotation": {"angle": 0, "axis": "y", "origin": [7.5, 6.5, -2]},
			"faces": {
				"north": {"uv": [14.9, 14.9, 15.35564, 15.1], "texture": "#0"},
				"east": {"uv": [4, 14.9, 16, 15.1], "texture": "#0"},
				"south": {"uv": [14.9, 14.9, 15.35564, 15.1], "texture": "#0"},
				"west": {"uv": [4, 14.9, 16, 15.1], "texture": "#0"},
				"up": {"uv": [14.9, 4, 15.35564, 16], "texture": "#0"},
				"down": {"uv": [14.9, 4, 15.35564, 16], "texture": "#0"}
			}
		},
		{
			"name": "octagon",
			"from": [7.27218, 6.85, -14],
			"to": [7.72782, 7.05, -2],
			"rotation": {"angle": 45, "axis": "z", "origin": [7.5, 6.5, -2]},
			"faces": {
				"north": {"uv": [14.9, 14.9, 15.35564, 15.1], "texture": "#0"},
				"east": {"uv": [4, 14.9, 16, 15.1], "texture": "#0"},
				"south": {"uv": [14.9, 14.9, 15.35564, 15.1], "texture": "#0"},
				"west": {"uv": [4, 14.9, 16, 15.1], "texture": "#0"},
				"up": {"uv": [14.9, 4, 15.35564, 16], "texture": "#0"},
				"down": {"uv": [14.9, 4, 15.35564, 16], "texture": "#0"}
			}
		},
		{
			"name": "octagon",
			"from": [7.27218, 6.85, -14],
			"to": [7.72782, 7.05, -2],
			"rotation": {"angle": 0, "axis": "y", "origin": [7.5, 6.5, -2]},
			"faces": {
				"north": {"uv": [14.9, 14.9, 15.35564, 15.1], "texture": "#0"},
				"east": {"uv": [4, 14.9, 16, 15.1], "texture": "#0"},
				"south": {"uv": [14.9, 14.9, 15.35564, 15.1], "texture": "#0"},
				"west": {"uv": [4, 14.9, 16, 15.1], "texture": "#0"},
				"up": {"uv": [14.9, 4, 15.35564, 16], "texture": "#0"},
				"down": {"uv": [14.9, 4, 15.35564, 16], "texture": "#0"}
			}
		},
		{
			"name": "octagon",
			"from": [6.95, 6.27218, -14],
			"to": [7.15, 6.72782, -2],
			"rotation": {"angle": 45, "axis": "z", "origin": [7.5, 6.5, -2]},
			"faces": {
				"north": {"uv": [14.9, 14.9, 15.1, 15.35564], "texture": "#0"},
				"east": {"uv": [4, 14.9, 16, 15.35564], "texture": "#0"},
				"south": {"uv": [14.9, 14.9, 15.1, 15.35564], "texture": "#0"},
				"west": {"uv": [4, 14.9, 16, 15.35564], "texture": "#0"},
				"up": {"uv": [14.9, 4, 15.1, 16], "texture": "#0"},
				"down": {"uv": [14.9, 4, 15.1, 16], "texture": "#0"}
			}
		},
		{
			"name": "octagon",
			"from": [6.95, 6.27218, -14],
			"to": [7.15, 6.72782, -2],
			"rotation": {"angle": 0, "axis": "y", "origin": [7.5, 6.5, -2]},
			"faces": {
				"north": {"uv": [14.9, 14.9, 15.1, 15.35564], "texture": "#0"},
				"east": {"uv": [4, 14.9, 16, 15.35564], "texture": "#0"},
				"south": {"uv": [14.9, 14.9, 15.1, 15.35564], "texture": "#0"},
				"west": {"uv": [4, 14.9, 16, 15.35564], "texture": "#0"},
				"up": {"uv": [14.9, 4, 15.1, 16], "texture": "#0"},
				"down": {"uv": [14.9, 4, 15.1, 16], "texture": "#0"}
			}
		},
		{
			"name": "octagon",
			"from": [7.85, 6.27218, -14],
			"to": [8.05, 6.72782, -2],
			"rotation": {"angle": 45, "axis": "z", "origin": [7.5, 6.5, -2]},
			"faces": {
				"north": {"uv": [14.9, 14.9, 15.1, 15.35564], "texture": "#0"},
				"east": {"uv": [4, 14.9, 16, 15.35564], "texture": "#0"},
				"south": {"uv": [14.9, 14.9, 15.1, 15.35564], "texture": "#0"},
				"west": {"uv": [4, 14.9, 16, 15.35564], "texture": "#0"},
				"up": {"uv": [14.9, 4, 15.1, 16], "texture": "#0"},
				"down": {"uv": [14.9, 4, 15.1, 16], "texture": "#0"}
			}
		},
		{
			"name": "octagon",
			"from": [7.85, 6.27218, -14],
			"to": [8.05, 6.72782, -2],
			"rotation": {"angle": 0, "axis": "y", "origin": [7.5, 6.5, -2]},
			"faces": {
				"north": {"uv": [14.9, 14.9, 15.1, 15.35564], "texture": "#0"},
				"east": {"uv": [4, 14.9, 16, 15.35564], "texture": "#0"},
				"south": {"uv": [14.9, 14.9, 15.1, 15.35564], "texture": "#0"},
				"west": {"uv": [4, 14.9, 16, 15.35564], "texture": "#0"},
				"up": {"uv": [14.9, 4, 15.1, 16], "texture": "#0"},
				"down": {"uv": [14.9, 4, 15.1, 16], "texture": "#0"}
			}
		},
		{
			"name": "octagon",
			"from": [8.27218, 5.95, -2],
			"to": [8.72782, 7.05, 9.25],
			"rotation": {"angle": 45, "axis": "z", "origin": [8.5, 6.5, 8]},
			"faces": {
				"north": {"uv": [14.9, 14.9, 15.35564, 16], "texture": "#0"},
				"east": {"uv": [15.25, 14.9, 4, 16], "texture": "#0"},
				"south": {"uv": [14.9, 14.9, 15.35564, 16], "texture": "#0"},
				"west": {"uv": [15.25, 14.9, 4, 16], "texture": "#0"},
				"up": {"uv": [15.35564, 15.25, 14.9, 4], "texture": "#0"},
				"down": {"uv": [15.35564, 15.25, 14.9, 4], "texture": "#0"}
			}
		},
		{
			"name": "octagon",
			"from": [8.27218, 5.95, -2],
			"to": [8.72782, 7.05, 9.25],
			"rotation": {"angle": 0, "axis": "y", "origin": [8.5, 6.5, 8]},
			"faces": {
				"north": {"uv": [14.9, 14.9, 15.35564, 16], "texture": "#0"},
				"east": {"uv": [15.25, 14.9, 4, 16], "texture": "#0"},
				"south": {"uv": [14.9, 14.9, 15.35564, 16], "texture": "#0"},
				"west": {"uv": [15.25, 14.9, 4, 16], "texture": "#0"},
				"up": {"uv": [15.35564, 15.25, 14.9, 4], "texture": "#0"},
				"down": {"uv": [15.35564, 15.25, 14.9, 4], "texture": "#0"}
			}
		},
		{
			"name": "octagon",
			"from": [7.95, 6.27218, -2],
			"to": [9.05, 6.72782, 9.25],
			"rotation": {"angle": 45, "axis": "z", "origin": [8.5, 6.5, 8]},
			"faces": {
				"north": {"uv": [14.9, 14.9, 16, 15.35564], "texture": "#0"},
				"east": {"uv": [15.25, 14.9, 4, 15.35564], "texture": "#0"},
				"south": {"uv": [14.9, 14.9, 16, 15.35564], "texture": "#0"},
				"west": {"uv": [15.25, 14.9, 4, 15.35564], "texture": "#0"},
				"up": {"uv": [16, 15.25, 14.9, 4], "texture": "#0"},
				"down": {"uv": [16, 15.25, 14.9, 4], "texture": "#0"}
			}
		},
		{
			"name": "octagon",
			"from": [7.95, 6.27218, -2],
			"to": [9.05, 6.72782, 9.25],
			"rotation": {"angle": 0, "axis": "y", "origin": [8.5, 6.5, 8]},
			"faces": {
				"north": {"uv": [14.9, 14.9, 16, 15.35564], "texture": "#0"},
				"east": {"uv": [15.25, 14.9, 4, 15.35564], "texture": "#0"},
				"south": {"uv": [14.9, 14.9, 16, 15.35564], "texture": "#0"},
				"west": {"uv": [15.25, 14.9, 4, 15.35564], "texture": "#0"},
				"up": {"uv": [16, 15.25, 14.9, 4], "texture": "#0"},
				"down": {"uv": [16, 15.25, 14.9, 4], "texture": "#0"}
			}
		},
		{
			"name": "octagon",
			"from": [7.27218, 5.95, -2],
			"to": [7.72782, 7.05, 9.25],
			"rotation": {"angle": 45, "axis": "z", "origin": [7.5, 6.5, 8]},
			"faces": {
				"north": {"uv": [14.9, 14.9, 15.35564, 16], "texture": "#0"},
				"east": {"uv": [16, 14.9, 4.75, 16], "texture": "#0"},
				"south": {"uv": [14.9, 14.9, 15.35564, 16], "texture": "#0"},
				"west": {"uv": [16, 14.9, 4.75, 16], "texture": "#0"},
				"up": {"uv": [15.35564, 16, 14.9, 4.75], "texture": "#0"},
				"down": {"uv": [15.35564, 16, 14.9, 4.75], "texture": "#0"}
			}
		},
		{
			"name": "octagon",
			"from": [7.27218, 5.95, -2],
			"to": [7.72782, 7.05, 9.25],
			"rotation": {"angle": 0, "axis": "y", "origin": [7.5, 6.5, 8]},
			"faces": {
				"north": {"uv": [14.9, 14.9, 15.35564, 16], "texture": "#0"},
				"east": {"uv": [16, 14.9, 4.75, 16], "texture": "#0"},
				"south": {"uv": [14.9, 14.9, 15.35564, 16], "texture": "#0"},
				"west": {"uv": [16, 14.9, 4.75, 16], "texture": "#0"},
				"up": {"uv": [14.9, 16, 15.35564, 4.75], "texture": "#0"},
				"down": {"uv": [15.35564, 16, 14.9, 4.75], "texture": "#0"}
			}
		},
		{
			"name": "octagon",
			"from": [6.95, 6.27218, -2],
			"to": [8.05, 6.72782, 9.25],
			"rotation": {"angle": 45, "axis": "z", "origin": [7.5, 6.5, 8]},
			"faces": {
				"north": {"uv": [14.9, 14.9, 16, 15.35564], "texture": "#0"},
				"east": {"uv": [16, 14.9, 4.75, 15.35564], "texture": "#0"},
				"south": {"uv": [14.9, 14.9, 16, 15.35564], "texture": "#0"},
				"west": {"uv": [16, 14.9, 4.75, 15.35564], "texture": "#0"},
				"up": {"uv": [16, 16, 14.9, 4.75], "texture": "#0"},
				"down": {"uv": [16, 16, 14.9, 4.75], "texture": "#0"}
			}
		},
		{
			"name": "octagon",
			"from": [6.95, 6.27218, -2],
			"to": [8.05, 6.72782, 9.25],
			"rotation": {"angle": 0, "axis": "y", "origin": [7.5, 6.5, 8]},
			"faces": {
				"north": {"uv": [14.9, 14.9, 16, 15.35564], "texture": "#0"},
				"east": {"uv": [16, 14.9, 4.75, 15.35564], "texture": "#0"},
				"south": {"uv": [14.9, 14.9, 16, 15.35564], "texture": "#0"},
				"west": {"uv": [16, 14.9, 4.75, 15.35564], "texture": "#0"},
				"up": {"uv": [16, 16, 14.9, 4.75], "texture": "#0"},
				"down": {"uv": [16, 16, 14.9, 4.75], "texture": "#0"}
			}
		},
		{
			"name": "octagon",
			"from": [7.27218, 5.95, 9.25],
			"to": [7.72782, 7.05, 10],
			"rotation": {"angle": 45, "axis": "z", "origin": [7.5, 6.5, 8]},
			"faces": {
				"north": {"uv": [6, 6, 6.45564, 7.1], "texture": "#0"},
				"east": {"uv": [6, 6, 6.75, 7.1], "texture": "#0"},
				"south": {"uv": [6, 6, 6.45564, 7.1], "texture": "#0"},
				"west": {"uv": [6, 6, 6.75, 7.1], "texture": "#0"},
				"up": {"uv": [6, 6, 6.45564, 6.75], "texture": "#0"},
				"down": {"uv": [6, 6, 6.45564, 6.75], "texture": "#0"}
			}
		},
		{
			"name": "octagon",
			"from": [7.27218, 5.95, 9.25],
			"to": [7.72782, 7.05, 10],
			"rotation": {"angle": 0, "axis": "y", "origin": [7.5, 6.5, 8]},
			"faces": {
				"north": {"uv": [6, 6, 6.45564, 7.1], "texture": "#0"},
				"east": {"uv": [6, 6, 6.75, 7.1], "texture": "#0"},
				"south": {"uv": [6, 6, 6.45564, 7.1], "texture": "#0"},
				"west": {"uv": [6, 6, 6.75, 7.1], "texture": "#0"},
				"up": {"uv": [6, 6, 6.45564, 6.75], "texture": "#0"},
				"down": {"uv": [6, 6, 6.45564, 6.75], "texture": "#0"}
			}
		},
		{
			"name": "octagon",
			"from": [6.95, 6.27218, 9.25],
			"to": [8.05, 6.72782, 10],
			"rotation": {"angle": 45, "axis": "z", "origin": [7.5, 6.5, 8]},
			"faces": {
				"north": {"uv": [6, 6, 7.1, 6.45564], "texture": "#0"},
				"east": {"uv": [6, 6, 6.75, 6.45564], "texture": "#0"},
				"south": {"uv": [6, 6, 7.1, 6.45564], "texture": "#0"},
				"west": {"uv": [6, 6, 6.75, 6.45564], "texture": "#0"},
				"up": {"uv": [6, 6, 7.1, 6.75], "texture": "#0"},
				"down": {"uv": [6, 6, 7.1, 6.75], "texture": "#0"}
			}
		},
		{
			"name": "octagon",
			"from": [6.95, 6.27218, 9.25],
			"to": [8.05, 6.72782, 10],
			"rotation": {"angle": 0, "axis": "y", "origin": [7.5, 6.5, 8]},
			"faces": {
				"north": {"uv": [6, 6, 7.1, 6.45564], "texture": "#0"},
				"east": {"uv": [6, 6, 6.75, 6.45564], "texture": "#0"},
				"south": {"uv": [6, 6, 7.1, 6.45564], "texture": "#0"},
				"west": {"uv": [6, 6, 6.75, 6.45564], "texture": "#0"},
				"up": {"uv": [6, 6, 7.1, 6.75], "texture": "#0"},
				"down": {"uv": [6, 6, 7.1, 6.75], "texture": "#0"}
			}
		},
		{
			"name": "octagon",
			"from": [8.27218, 5.95, 9.25],
			"to": [8.72782, 7.05, 10],
			"rotation": {"angle": 45, "axis": "z", "origin": [8.5, 6.5, 8]},
			"faces": {
				"north": {"uv": [6, 6, 6.45564, 7.1], "texture": "#0"},
				"east": {"uv": [6, 6, 6.75, 7.1], "texture": "#0"},
				"south": {"uv": [6, 6, 6.45564, 7.1], "texture": "#0"},
				"west": {"uv": [6, 6, 6.75, 7.1], "texture": "#0"},
				"up": {"uv": [6, 6, 6.45564, 6.75], "texture": "#0"},
				"down": {"uv": [6, 6, 6.45564, 6.75], "texture": "#0"}
			}
		},
		{
			"name": "octagon",
			"from": [8.27218, 5.95, 9.25],
			"to": [8.72782, 7.05, 10],
			"rotation": {"angle": 0, "axis": "y", "origin": [8.5, 6.5, 8]},
			"faces": {
				"north": {"uv": [6, 6, 6.45564, 7.1], "texture": "#0"},
				"east": {"uv": [6, 6, 6.75, 7.1], "texture": "#0"},
				"south": {"uv": [6, 6, 6.45564, 7.1], "texture": "#0"},
				"west": {"uv": [6, 6, 6.75, 7.1], "texture": "#0"},
				"up": {"uv": [6, 6, 6.45564, 6.75], "texture": "#0"},
				"down": {"uv": [6, 6, 6.45564, 6.75], "texture": "#0"}
			}
		},
		{
			"name": "octagon",
			"from": [7.95, 6.27218, 9.25],
			"to": [9.05, 6.72782, 10],
			"rotation": {"angle": 45, "axis": "z", "origin": [8.5, 6.5, 8]},
			"faces": {
				"north": {"uv": [6, 6, 7.1, 6.45564], "texture": "#0"},
				"east": {"uv": [6, 6, 6.75, 6.45564], "texture": "#0"},
				"south": {"uv": [6, 6, 7.1, 6.45564], "texture": "#0"},
				"west": {"uv": [6, 6, 6.75, 6.45564], "texture": "#0"},
				"up": {"uv": [6, 6, 7.1, 6.75], "texture": "#0"},
				"down": {"uv": [6, 6, 7.1, 6.75], "texture": "#0"}
			}
		},
		{
			"name": "octagon",
			"from": [7.95, 6.27218, 9.25],
			"to": [9.05, 6.72782, 10],
			"rotation": {"angle": 0, "axis": "y", "origin": [8.5, 6.5, 8]},
			"faces": {
				"north": {"uv": [6, 6, 7.1, 6.45564], "texture": "#0"},
				"east": {"uv": [6, 6, 6.75, 6.45564], "texture": "#0"},
				"south": {"uv": [6, 6, 7.1, 6.45564], "texture": "#0"},
				"west": {"uv": [6, 6, 6.75, 6.45564], "texture": "#0"},
				"up": {"uv": [6, 6, 7.1, 6.75], "texture": "#0"},
				"down": {"uv": [6, 6, 7.1, 6.75], "texture": "#0"}
			}
		}
	],
	"display": {
		"thirdperson_righthand": {
			"translation": [0, 3, -1.75]
		},
		"thirdperson_lefthand": {
			"translation": [0, 3, -1.75]
		},
		"firstperson_righthand": {
			"rotation": [0, -10, 0],
			"translation": [1, 6.5, 1.25]
		},
		"firstperson_lefthand": {
			"rotation": [0, -10, 0],
			"translation": [1, 6.5, 1.25]
		},
		"ground": {
			"rotation": [0, 0, -90],
			"translation": [2, -2.25, 0],
			"scale": [0.85, 0.85, 0.85]
		},
		"gui": {
			"rotation": [20, 125, 0],
			"translation": [-1, 1, 0]
		},
		"head": {
			"translation": [0, -3.75, -11.25],
			"scale": [3, 0.5, 0.75]
		},
		"fixed": {
			"rotation": [0, -90, 0],
			"translation": [0, 2.75, -0.25]
		}
	},
	"groups": [
		{
			"name": "Handle & Grip",
			"origin": [8, 6, 13.25],
			"color": 0,
			"children": [0, 1, 2, 3, 4, 5]
		},
		{
			"name": "Trigger",
			"origin": [8, 4.25, 10.4],
			"color": 0,
			"children": [6, 7, 8, 9, 10, 11, 12, 13]
		},
		{
			"name": "Base",
			"origin": [7, 5, 9],
			"color": 0,
			"children": [14, 15, 16]
		},
		{
			"name": "Barrel",
			"origin": [8, 8, 8],
			"color": 0,
			"children": [
				{
					"name": "octagon",
					"origin": [8, 8, 8],
					"color": 6,
					"children": [17, 18, 19, 20]
				},
				{
					"name": "octagon",
					"origin": [8, 8, 8],
					"color": 6,
					"children": [21, 22, 23, 24]
				},
				{
					"name": "octagon",
					"origin": [8, 8, 8],
					"color": 2,
					"children": [25, 26, 27, 28, 29, 30, 31, 32]
				},
				{
					"name": "octagon",
					"origin": [8, 8, 8],
					"color": 2,
					"children": [33, 34, 35, 36, 37, 38, 39, 40]
				},
				{
					"name": "octagon",
					"origin": [8, 8, 8],
					"color": 2,
					"children": [41, 42, 43, 44]
				},
				{
					"name": "octagon",
					"origin": [8, 8, 8],
					"color": 2,
					"children": [45, 46, 47, 48]
				},
				{
					"name": "octagon",
					"origin": [8, 8, 8],
					"color": 0,
					"children": [49, 50, 51, 52]
				},
				{
					"name": "octagon",
					"origin": [8, 8, 8],
					"color": 0,
					"children": [53, 54, 55, 56]
				}
			]
		}
	]
}