{
	"format_version": "1.21.6",
	"credit": "Made with Blockbench",
	"textures": {
		"0": "modern_guns:item/heckler_and_koch_mp5",
		"particle": "modern_guns:item/heckler_and_koch_mp5"
	},
	"elements": [
		{
			"from": [7.352, 1.25, 10.35],
			"to": [8.64, 6.25, 12.35],
			"rotation": {"angle": -22.5, "axis": "x", "origin": [8, 4.25, 12.35]},
			"faces": {
				"north": {"uv": [13.95, 9, 15, 14], "texture": "#0"},
				"east": {"uv": [16, 9, 14, 14], "texture": "#0"},
				"south": {"uv": [12.7, 9, 14, 14], "texture": "#0"},
				"west": {"uv": [14, 9, 16, 14], "texture": "#0"},
				"up": {"uv": [14.7, 14, 16, 16], "texture": "#0"},
				"down": {"uv": [14.7, 14, 16, 16], "texture": "#0"}
			}
		},
		{
			"from": [7.7, 2.5, 8.5],
			"to": [8.3, 3, 11],
			"rotation": {"angle": 0, "axis": "y", "origin": [7, 5, 10]},
			"faces": {
				"north": {"uv": [15.4, 15.5, 16, 16], "texture": "#0"},
				"east": {"uv": [13.5, 15.5, 16, 16], "texture": "#0"},
				"south": {"uv": [15.4, 15.5, 16, 16], "texture": "#0"},
				"west": {"uv": [13.5, 15.5, 16, 16], "texture": "#0"},
				"up": {"uv": [15.4, 13.5, 16, 16], "texture": "#0"},
				"down": {"uv": [15.4, 13.5, 16, 16], "texture": "#0"}
			}
		},
		{
			"from": [7.701, 2.5, 8.1],
			"to": [8.3, 5.5, 8.6],
			"rotation": {"angle": -15, "axis": "x", "origin": [8, 3.75, 8.35]},
			"faces": {
				"north": {"uv": [15.4, 13, 16, 16], "rotation": 180, "texture": "#0"},
				"east": {"uv": [13, 15.5, 16, 16], "rotation": 270, "texture": "#0"},
				"south": {"uv": [15.4, 13, 16, 16], "texture": "#0"},
				"west": {"uv": [13, 15.5, 16, 16], "rotation": 90, "texture": "#0"},
				"up": {"uv": [15.4, 15.5, 16, 16], "rotation": 180, "texture": "#0"},
				"down": {"uv": [15.4, 15.5, 16, 16], "texture": "#0"}
			}
		},
		{
			"from": [7.8, 3.5, 9.5],
			"to": [8.2, 5, 10.5],
			"rotation": {"angle": 0, "axis": "y", "origin": [7, 5, 10]},
			"faces": {
				"north": {"uv": [9, 11, 9.4, 12.5], "texture": "#0"},
				"east": {"uv": [9, 11, 10, 12.5], "texture": "#0"},
				"south": {"uv": [9, 11, 9.4, 12.5], "texture": "#0"},
				"west": {"uv": [9, 11, 10, 12.5], "texture": "#0"},
				"up": {"uv": [9, 11, 9.4, 12], "texture": "#0"},
				"down": {"uv": [9, 11, 9.4, 12], "texture": "#0"}
			}
		},
		{
			"from": [7.351, 5, 5.802],
			"to": [8.641, 7, 12.002],
			"rotation": {"angle": 0, "axis": "y", "origin": [7, 5, 10]},
			"faces": {
				"north": {"uv": [14.7, 12, 16, 14], "texture": "#0"},
				"east": {"uv": [10, 14, 16, 16], "texture": "#0"},
				"south": {"uv": [14.7, 12, 16, 14], "texture": "#0"},
				"west": {"uv": [10, 14, 16, 16], "texture": "#0"},
				"up": {"uv": [14.7, 8, 16, 14], "texture": "#0"},
				"down": {"uv": [14.7, 8, 16, 14], "texture": "#0"}
			}
		},
		{
			"from": [7.35, 5, 4.4],
			"to": [8.65, 7, 6],
			"rotation": {"angle": 0, "axis": "y", "origin": [7, 5, 8.5]},
			"faces": {
				"north": {"uv": [0, 0, 1.3, 2], "texture": "#0"},
				"east": {"uv": [0, 0, 1.6, 2], "texture": "#0"},
				"south": {"uv": [0, 0, 1.3, 2], "texture": "#0"},
				"west": {"uv": [0, 0, 1.6, 2], "texture": "#0"},
				"up": {"uv": [0, 0, 1.3, 1.6], "texture": "#0"},
				"down": {"uv": [0, 0, 1.3, 1.6], "texture": "#0"}
			}
		},
		{
			"from": [7.5, 2, 4.65],
			"to": [8.5, 5, 5.85],
			"rotation": {"angle": 0, "axis": "y", "origin": [7, 3, 4.45]},
			"faces": {
				"north": {"uv": [9.5, 7.25, 10, 10.25], "texture": "#0"},
				"east": {"uv": [10.7, 7.25, 9.5, 10.25], "texture": "#0"},
				"south": {"uv": [10, 7.25, 10.5, 10.25], "texture": "#0"},
				"west": {"uv": [9.5, 7, 10.7, 10], "texture": "#0"},
				"up": {"uv": [9.5, 7.3, 10.5, 8.5], "texture": "#0"},
				"down": {"uv": [9.5, 7.25, 10.5, 8.45], "texture": "#0"}
			}
		},
		{
			"from": [7.5, -0.6, 4.13],
			"to": [8.5, 2.4, 5.33],
			"rotation": {"angle": 22.5, "axis": "x", "origin": [8, 0.9, 4.7]},
			"faces": {
				"north": {"uv": [9.5, 7, 10, 10], "texture": "#0"},
				"east": {"uv": [10.7, 7, 9.5, 10], "texture": "#0"},
				"south": {"uv": [10, 7, 10.5, 10], "texture": "#0"},
				"west": {"uv": [9.5, 7.5, 10.7, 10.5], "texture": "#0"},
				"up": {"uv": [9.5, 7, 10.5, 8.2], "texture": "#0"},
				"down": {"uv": [9.5, 7, 10.5, 8.2], "texture": "#0"}
			}
		},
		{
			"name": "octagon",
			"from": [7.63756, 6.675, 4.5],
			"to": [8.36244, 8.425, 12],
			"rotation": {"angle": 45, "axis": "z", "origin": [8, 7.55, 10]},
			"faces": {
				"north": {"uv": [0, 0, 0.72487, 1.75], "texture": "#0"},
				"east": {"uv": [0, 0, 7.5, 1.75], "texture": "#0"},
				"south": {"uv": [0, 0, 0.72487, 1.75], "texture": "#0"},
				"west": {"uv": [0, 0, 7.5, 1.75], "texture": "#0"},
				"up": {"uv": [0, 0, 0.72487, 7.5], "texture": "#0"},
				"down": {"uv": [0, 0, 0.72487, 7.5], "texture": "#0"}
			}
		},
		{
			"name": "octagon",
			"from": [7.63756, 6.675, 4.5],
			"to": [8.36244, 8.425, 12],
			"rotation": {"angle": 0, "axis": "z", "origin": [8, 7.55, 10]},
			"faces": {
				"north": {"uv": [0, 0, 0.72487, 1.75], "texture": "#0"},
				"east": {"uv": [0, 0, 7.5, 1.75], "texture": "#0"},
				"south": {"uv": [0, 0, 0.72487, 1.75], "texture": "#0"},
				"west": {"uv": [0, 0, 7.5, 1.75], "texture": "#0"},
				"up": {"uv": [0, 0, 0.72487, 7.5], "texture": "#0"},
				"down": {"uv": [0, 0, 0.72487, 7.5], "texture": "#0"}
			}
		},
		{
			"name": "octagon",
			"from": [7.125, 7.18756, 4.5],
			"to": [8.875, 7.91244, 12],
			"rotation": {"angle": 45, "axis": "z", "origin": [8, 7.55, 10]},
			"faces": {
				"north": {"uv": [0, 0, 1.75, 0.72487], "texture": "#0"},
				"east": {"uv": [0, 0, 7.5, 0.72487], "texture": "#0"},
				"south": {"uv": [0, 0, 1.75, 0.72487], "texture": "#0"},
				"west": {"uv": [0, 0, 7.5, 0.72487], "texture": "#0"},
				"up": {"uv": [0, 0, 1.75, 7.5], "texture": "#0"},
				"down": {"uv": [0, 0, 1.75, 7.5], "texture": "#0"}
			}
		},
		{
			"name": "octagon",
			"from": [7.125, 7.18756, 4.5],
			"to": [8.875, 7.91244, 12],
			"rotation": {"angle": 0, "axis": "z", "origin": [8, 7.55, 10]},
			"faces": {
				"north": {"uv": [0, 0, 1.75, 0.72487], "texture": "#0"},
				"east": {"uv": [0, 0, 7.5, 0.72487], "texture": "#0"},
				"south": {"uv": [0, 0, 1.75, 0.72487], "texture": "#0"},
				"west": {"uv": [0, 0, 7.5, 0.72487], "texture": "#0"},
				"up": {"uv": [0, 0, 1.75, 7.5], "texture": "#0"},
				"down": {"uv": [0, 0, 1.75, 7.5], "texture": "#0"}
			}
		},
		{
			"from": [7.105, 6.5, -0.475],
			"to": [8.895, 7.4, 4.375],
			"rotation": {"angle": 10, "axis": "x", "origin": [8, 6.5, 2.5]},
			"faces": {
				"north": {"uv": [14.2, 15.1, 16, 16], "texture": "#0"},
				"east": {"uv": [11.15, 14.1, 16, 15], "texture": "#0"},
				"south": {"uv": [14.2, 15.1, 16, 16], "texture": "#0"},
				"west": {"uv": [11.15, 14.1, 16, 15], "texture": "#0"},
				"up": {"uv": [14.2, 3, 16, 7.85], "texture": "#0"},
				"down": {"uv": [14.2, 3, 16, 7.85], "texture": "#0"}
			}
		},
		{
			"from": [7.1, 7, -0.5],
			"to": [8.9, 8.05, 4.5],
			"rotation": {"angle": 0, "axis": "y", "origin": [7, 5, 8.5]},
			"faces": {
				"north": {"uv": [14.2, 14.95, 16, 16], "texture": "#0"},
				"east": {"uv": [10, 14.95, 15, 16], "texture": "#0"},
				"south": {"uv": [14.2, 14.95, 16, 16], "texture": "#0"},
				"west": {"uv": [10, 14.95, 15, 16], "texture": "#0"},
				"up": {"uv": [14.2, 3, 16, 8], "texture": "#0"},
				"down": {"uv": [14.2, 3, 16, 8], "texture": "#0"}
			}
		},
		{
			"from": [8.221, 7.915, -0.5],
			"to": [8.871, 8.215, 4.5],
			"rotation": {"angle": -27.5, "axis": "z", "origin": [8.55, 8.075, 2]},
			"faces": {
				"north": {"uv": [15.7, 15.35, 16, 16], "rotation": 270, "texture": "#0"},
				"east": {"uv": [15.7, 3, 16, 8], "rotation": 90, "texture": "#0"},
				"south": {"uv": [15.7, 15.35, 16, 16], "rotation": 90, "texture": "#0"},
				"west": {"uv": [15.7, 3, 16, 8], "rotation": 90, "texture": "#0"},
				"up": {"uv": [11, 15.35, 16, 16], "rotation": 90, "texture": "#0"},
				"down": {"uv": [11, 15.35, 16, 16], "rotation": 90, "texture": "#0"}
			}
		},
		{
			"from": [7.129, 7.915, -0.5],
			"to": [7.779, 8.215, 4.5],
			"rotation": {"angle": 27.5, "axis": "z", "origin": [7.45, 8.075, 2]},
			"faces": {
				"north": {"uv": [15.7, 14.7, 16, 15.35], "rotation": 270, "texture": "#0"},
				"east": {"uv": [15.7, 3, 16, 8], "rotation": 90, "texture": "#0"},
				"south": {"uv": [15.7, 15.35, 16, 16], "rotation": 90, "texture": "#0"},
				"west": {"uv": [15.7, 3, 16, 8], "rotation": 90, "texture": "#0"},
				"up": {"uv": [11, 15.35, 16, 16], "rotation": 90, "texture": "#0"},
				"down": {"uv": [11, 15.35, 16, 16], "rotation": 90, "texture": "#0"}
			}
		},
		{
			"name": "octagon",
			"from": [7.76183, 7.825, -1],
			"to": [8.23817, 8.975, 12],
			"rotation": {"angle": 45, "axis": "z", "origin": [8, 8.4, 10]},
			"faces": {
				"north": {"uv": [0, 0, 0.47635, 1.15], "texture": "#0"},
				"east": {"uv": [0, 0, 13, 1.15], "texture": "#0"},
				"south": {"uv": [0, 0, 0.47635, 1.15], "texture": "#0"},
				"west": {"uv": [0, 0, 13, 1.15], "texture": "#0"},
				"up": {"uv": [0, 3, 0.47635, 16], "texture": "#0"},
				"down": {"uv": [0, 0, 0.47635, 13], "texture": "#0"}
			}
		},
		{
			"name": "octagon",
			"from": [7.86183, 7.825, 1.1],
			"to": [8.13817, 9.375, 1.5],
			"rotation": {"angle": 45, "axis": "z", "origin": [8, 8.4, 10]},
			"faces": {
				"north": {"uv": [7, 10, 7.47635, 11.55], "texture": "#0"},
				"east": {"uv": [7, 10, 7.5, 11.55], "texture": "#0"},
				"south": {"uv": [7, 10, 7.47635, 11.55], "texture": "#0"},
				"west": {"uv": [7, 10, 7.5, 11.55], "texture": "#0"},
				"up": {"uv": [7, 10, 7.47635, 10.5], "texture": "#0"},
				"down": {"uv": [7, 10, 7.47635, 10.5], "texture": "#0"}
			}
		},
		{
			"name": "octagon",
			"from": [7.86183, 8.976, 1.5],
			"to": [8.13817, 8.976, 3.3],
			"rotation": {"angle": 45, "axis": "z", "origin": [8, 8.4, 10]},
			"faces": {
				"north": {"uv": [0, 0, 0.47635, 0], "texture": "#0"},
				"east": {"uv": [0, 0, 2, 0], "texture": "#0"},
				"south": {"uv": [0, 0, 0.47635, 0], "texture": "#0"},
				"west": {"uv": [0, 0, 2, 0], "texture": "#0"},
				"up": {"uv": [10, 11, 10.47635, 13], "texture": "#0"},
				"down": {"uv": [0, 0, 0.47635, 2], "texture": "#0"}
			}
		},
		{
			"name": "octagon",
			"from": [7.76183, 7.825, -1],
			"to": [8.23817, 8.975, 12],
			"rotation": {"angle": 0, "axis": "y", "origin": [8, 8.4, 10]},
			"faces": {
				"north": {"uv": [0, 0, 0.47635, 1.15], "texture": "#0"},
				"east": {"uv": [0, 0, 13, 1.15], "texture": "#0"},
				"south": {"uv": [0, 0, 0.47635, 1.15], "texture": "#0"},
				"west": {"uv": [0, 0, 13, 1.15], "texture": "#0"},
				"up": {"uv": [0, 0, 0.47635, 13], "texture": "#0"},
				"down": {"uv": [0, 0, 0.47635, 13], "texture": "#0"}
			}
		},
		{
			"name": "octagon",
			"from": [7.425, 8.16183, -1],
			"to": [8.575, 8.63817, 12],
			"rotation": {"angle": 45, "axis": "z", "origin": [8, 8.4, 10]},
			"faces": {
				"north": {"uv": [0, 0, 1.15, 0.47635], "texture": "#0"},
				"east": {"uv": [2, 0, 15, 0.47635], "texture": "#0"},
				"south": {"uv": [0, 0, 1.15, 0.47635], "texture": "#0"},
				"west": {"uv": [0, 0, 13, 0.47635], "texture": "#0"},
				"up": {"uv": [0, 0, 1.15, 13], "texture": "#0"},
				"down": {"uv": [0, 0, 1.15, 13], "texture": "#0"}
			}
		},
		{
			"name": "octagon",
			"from": [7.425, 8.16183, -1],
			"to": [8.575, 8.63817, 12],
			"rotation": {"angle": 0, "axis": "y", "origin": [8, 8.4, 10]},
			"faces": {
				"north": {"uv": [0, 0, 1.15, 0.47635], "texture": "#0"},
				"east": {"uv": [0, 0, 13, 0.47635], "texture": "#0"},
				"south": {"uv": [0, 0, 1.15, 0.47635], "texture": "#0"},
				"west": {"uv": [1, 0, 14, 0.47635], "texture": "#0"},
				"up": {"uv": [0, 0, 1.15, 13], "texture": "#0"},
				"down": {"uv": [0, 0, 1.15, 13], "texture": "#0"}
			}
		},
		{
			"name": "octagon",
			"from": [7.76183, 7.075, -1],
			"to": [8.23817, 8.225, -0.5],
			"rotation": {"angle": 45, "axis": "z", "origin": [8, 7.65, 10]},
			"faces": {
				"north": {"uv": [0, 0, 0.47635, 1.15], "texture": "#0"},
				"east": {"uv": [0, 0, 0.5, 1.15], "texture": "#0"},
				"south": {"uv": [0, 0, 0.47635, 1.15], "texture": "#0"},
				"west": {"uv": [0, 0, 0.5, 1.15], "texture": "#0"},
				"up": {"uv": [0, 0, 0.47635, 0.5], "texture": "#0"},
				"down": {"uv": [0, 0, 0.47635, 0.5], "texture": "#0"}
			}
		},
		{
			"name": "octagon",
			"from": [7.76183, 7.075, -1],
			"to": [8.23817, 8.225, -0.5],
			"rotation": {"angle": 0, "axis": "y", "origin": [8, 7.65, 10]},
			"faces": {
				"north": {"uv": [0, 0, 0.47635, 1.15], "texture": "#0"},
				"east": {"uv": [0, 0, 0.5, 1.15], "texture": "#0"},
				"south": {"uv": [0, 0, 0.47635, 1.15], "texture": "#0"},
				"west": {"uv": [0, 0, 0.5, 1.15], "texture": "#0"},
				"up": {"uv": [0, 0, 0.47635, 0.5], "texture": "#0"},
				"down": {"uv": [0, 0, 0.47635, 0.5], "texture": "#0"}
			}
		},
		{
			"name": "octagon",
			"from": [7.425, 7.41183, -1],
			"to": [8.575, 7.88817, -0.5],
			"rotation": {"angle": 45, "axis": "z", "origin": [8, 7.65, 10]},
			"faces": {
				"north": {"uv": [0, 0, 1.15, 0.47635], "texture": "#0"},
				"east": {"uv": [0, 0, 0.5, 0.47635], "texture": "#0"},
				"south": {"uv": [0, 0, 1.15, 0.47635], "texture": "#0"},
				"west": {"uv": [0, 0, 0.5, 0.47635], "texture": "#0"},
				"up": {"uv": [0, 0, 1.15, 0.5], "texture": "#0"},
				"down": {"uv": [0, 0, 1.15, 0.5], "texture": "#0"}
			}
		},
		{
			"name": "octagon",
			"from": [7.425, 7.41183, -1],
			"to": [8.575, 7.88817, -0.5],
			"rotation": {"angle": 0, "axis": "y", "origin": [8, 7.65, 10]},
			"faces": {
				"north": {"uv": [0, 0, 1.15, 0.47635], "texture": "#0"},
				"east": {"uv": [0, 0, 0.5, 0.47635], "texture": "#0"},
				"south": {"uv": [0, 0, 1.15, 0.47635], "texture": "#0"},
				"west": {"uv": [0, 0, 0.5, 0.47635], "texture": "#0"},
				"up": {"uv": [0, 0, 1.15, 0.5], "texture": "#0"},
				"down": {"uv": [0, 0, 1.15, 0.5], "texture": "#0"}
			}
		},
		{
			"name": "octagon",
			"from": [7.84467, 7.225, -2.5],
			"to": [8.15533, 7.425, -1],
			"rotation": {"angle": 45, "axis": "z", "origin": [8, 7.6, -3]},
			"faces": {
				"north": {"uv": [0, 0, 0.31066, 0.2], "texture": "#0"},
				"east": {"uv": [0, 0, 1.5, 0.2], "texture": "#0"},
				"south": {"uv": [0, 0, 0.31066, 0.2], "texture": "#0"},
				"west": {"uv": [0, 0, 1.5, 0.2], "texture": "#0"},
				"up": {"uv": [0, 0, 0.31066, 1.5], "texture": "#0"},
				"down": {"uv": [0, 0, 0.31066, 1.5], "texture": "#0"}
			}
		},
		{
			"name": "octagon",
			"from": [7.84467, 7.225, -2.5],
			"to": [8.15533, 7.425, -1],
			"rotation": {"angle": 0, "axis": "z", "origin": [8, 7.6, -3]},
			"faces": {
				"north": {"uv": [0, 0, 0.31066, 0.2], "texture": "#0"},
				"east": {"uv": [0, 0, 1.5, 0.2], "texture": "#0"},
				"south": {"uv": [0, 0, 0.31066, 0.2], "texture": "#0"},
				"west": {"uv": [0, 0, 1.5, 0.2], "texture": "#0"},
				"up": {"uv": [0, 0, 0.31066, 1.5], "texture": "#0"},
				"down": {"uv": [0, 0, 0.31066, 1.5], "texture": "#0"}
			}
		},
		{
			"name": "octagon",
			"from": [7.84467, 7.775, -2.5],
			"to": [8.15533, 7.975, -1],
			"rotation": {"angle": 45, "axis": "z", "origin": [8, 7.6, -3]},
			"faces": {
				"north": {"uv": [0, 0, 0.31066, 0.2], "texture": "#0"},
				"east": {"uv": [0, 0, 1.5, 0.2], "texture": "#0"},
				"south": {"uv": [0, 0, 0.31066, 0.2], "texture": "#0"},
				"west": {"uv": [0, 0, 1.5, 0.2], "texture": "#0"},
				"up": {"uv": [0, 0, 0.31066, 1.5], "texture": "#0"},
				"down": {"uv": [0, 0, 0.31066, 1.5], "texture": "#0"}
			}
		},
		{
			"name": "octagon",
			"from": [7.84467, 7.775, -2.5],
			"to": [8.15533, 7.975, -1],
			"rotation": {"angle": 0, "axis": "z", "origin": [8, 7.6, -3]},
			"faces": {
				"north": {"uv": [0, 0, 0.31066, 0.2], "texture": "#0"},
				"east": {"uv": [0, 0, 1.5, 0.2], "texture": "#0"},
				"south": {"uv": [0, 0, 0.31066, 0.2], "texture": "#0"},
				"west": {"uv": [0, 0, 1.5, 0.2], "texture": "#0"},
				"up": {"uv": [0, 0, 0.31066, 1.5], "texture": "#0"},
				"down": {"uv": [0, 0, 0.31066, 1.5], "texture": "#0"}
			}
		},
		{
			"name": "octagon",
			"from": [7.625, 7.44467, -2.5],
			"to": [7.825, 7.75533, -1],
			"rotation": {"angle": 45, "axis": "z", "origin": [8, 7.6, -3]},
			"faces": {
				"north": {"uv": [0, 0, 0.2, 0.31066], "texture": "#0"},
				"east": {"uv": [0, 0, 1.5, 0.31066], "texture": "#0"},
				"south": {"uv": [0, 0, 0.2, 0.31066], "texture": "#0"},
				"west": {"uv": [0, 0, 1.5, 0.31066], "texture": "#0"},
				"up": {"uv": [0, 0, 0.2, 1.5], "texture": "#0"},
				"down": {"uv": [0, 0, 0.2, 1.5], "texture": "#0"}
			}
		},
		{
			"name": "octagon",
			"from": [7.625, 7.44467, -2.5],
			"to": [7.825, 7.75533, -1],
			"rotation": {"angle": 0, "axis": "z", "origin": [8, 7.6, -3]},
			"faces": {
				"north": {"uv": [0, 0, 0.2, 0.31066], "texture": "#0"},
				"east": {"uv": [0, 0, 1.5, 0.31066], "texture": "#0"},
				"south": {"uv": [0, 0, 0.2, 0.31066], "texture": "#0"},
				"west": {"uv": [0, 0, 1.5, 0.31066], "texture": "#0"},
				"up": {"uv": [0, 0, 0.2, 1.5], "texture": "#0"},
				"down": {"uv": [0, 0, 0.2, 1.5], "texture": "#0"}
			}
		},
		{
			"name": "octagon",
			"from": [8.175, 7.44467, -2.5],
			"to": [8.375, 7.75533, -1],
			"rotation": {"angle": 45, "axis": "z", "origin": [8, 7.6, -3]},
			"faces": {
				"north": {"uv": [0, 0, 0.2, 0.31066], "texture": "#0"},
				"east": {"uv": [0, 0, 1.5, 0.31066], "texture": "#0"},
				"south": {"uv": [0, 0, 0.2, 0.31066], "texture": "#0"},
				"west": {"uv": [0, 0, 1.5, 0.31066], "texture": "#0"},
				"up": {"uv": [0, 0, 0.2, 1.5], "texture": "#0"},
				"down": {"uv": [0, 0, 0.2, 1.5], "texture": "#0"}
			}
		},
		{
			"name": "octagon",
			"from": [8.175, 7.44467, -2.5],
			"to": [8.375, 7.75533, -1],
			"rotation": {"angle": 0, "axis": "z", "origin": [8, 7.6, -3]},
			"faces": {
				"north": {"uv": [0, 0, 0.2, 0.31066], "texture": "#0"},
				"east": {"uv": [0, 0, 1.5, 0.31066], "texture": "#0"},
				"south": {"uv": [0, 0, 0.2, 0.31066], "texture": "#0"},
				"west": {"uv": [0, 0, 1.5, 0.31066], "texture": "#0"},
				"up": {"uv": [0, 0, 0.2, 1.5], "texture": "#0"},
				"down": {"uv": [0, 0, 0.2, 1.5], "texture": "#0"}
			}
		},
		{
			"name": "octagon",
			"from": [7.86538, 7.275, -2.3],
			"to": [8.13462, 7.925, -2.3],
			"rotation": {"angle": 45, "axis": "z", "origin": [8, 7.6, -0.3]},
			"faces": {
				"north": {"uv": [7, 12, 7.26924, 12.65], "texture": "#0"},
				"east": {"uv": [7, 12, 7, 12.65], "texture": "#0"},
				"south": {"uv": [7, 12, 7.26924, 12.65], "texture": "#0"},
				"west": {"uv": [7, 12, 7, 12.65], "texture": "#0"},
				"up": {"uv": [7, 12, 7.26924, 12], "texture": "#0"},
				"down": {"uv": [7, 12, 7.26924, 12], "texture": "#0"}
			}
		},
		{
			"name": "octagon",
			"from": [7.86538, 7.275, -2.3],
			"to": [8.13462, 7.925, -2.3],
			"rotation": {"angle": 0, "axis": "z", "origin": [8, 7.6, -0.3]},
			"faces": {
				"north": {"uv": [7, 12, 7.26924, 12.65], "texture": "#0"},
				"east": {"uv": [7, 12, 7, 12.65], "texture": "#0"},
				"south": {"uv": [7, 12, 7.26924, 12.65], "texture": "#0"},
				"west": {"uv": [7, 12, 7, 12.65], "texture": "#0"},
				"up": {"uv": [7, 12, 7.26924, 12], "texture": "#0"},
				"down": {"uv": [7, 12, 7.26924, 12], "texture": "#0"}
			}
		},
		{
			"name": "octagon",
			"from": [7.675, 7.46538, -2.3],
			"to": [8.325, 7.73462, -2.3],
			"rotation": {"angle": 45, "axis": "z", "origin": [8, 7.6, -0.3]},
			"faces": {
				"north": {"uv": [7, 12, 7.65, 12.26924], "texture": "#0"},
				"east": {"uv": [7, 12, 7, 12.26924], "texture": "#0"},
				"south": {"uv": [7, 12, 7.65, 12.26924], "texture": "#0"},
				"west": {"uv": [7, 12, 7, 12.26924], "texture": "#0"},
				"up": {"uv": [7, 12, 7.65, 12], "texture": "#0"},
				"down": {"uv": [7, 12, 7.65, 12], "texture": "#0"}
			}
		},
		{
			"name": "octagon",
			"from": [7.675, 7.46538, -2.3],
			"to": [8.325, 7.73462, -2.3],
			"rotation": {"angle": 0, "axis": "z", "origin": [8, 7.6, -0.3]},
			"faces": {
				"north": {"uv": [7, 12, 7.65, 12.26924], "texture": "#0"},
				"east": {"uv": [7, 12, 7, 12.26924], "texture": "#0"},
				"south": {"uv": [7, 12, 7.65, 12.26924], "texture": "#0"},
				"west": {"uv": [7, 12, 7, 12.26924], "texture": "#0"},
				"up": {"uv": [7, 12, 7.65, 12], "texture": "#0"},
				"down": {"uv": [7, 12, 7.65, 12], "texture": "#0"}
			}
		},
		{
			"name": "octagon",
			"from": [7.77218, 9.2, -0.8],
			"to": [8.22782, 9.4, -0.4],
			"rotation": {"angle": 45, "axis": "z", "origin": [8, 9.75, 1.1]},
			"faces": {
				"north": {"uv": [0, 0, 0.45563, 0.2], "texture": "#0"},
				"east": {"uv": [0, 0, 0.4, 0.2], "texture": "#0"},
				"south": {"uv": [0, 0, 0.45563, 0.2], "texture": "#0"},
				"west": {"uv": [0, 0, 0.4, 0.2], "texture": "#0"},
				"up": {"uv": [0, 0, 0.45563, 0.4], "texture": "#0"},
				"down": {"uv": [0, 0, 0.45563, 0.4], "texture": "#0"}
			}
		},
		{
			"name": "octagon",
			"from": [7.77218, 8.85, -0.8],
			"to": [8.22782, 9.4, -0.4],
			"rotation": {"angle": 0, "axis": "z", "origin": [8, 9.75, 1.1]},
			"faces": {
				"north": {"uv": [0, 0, 0.45563, 0.7], "texture": "#0"},
				"east": {"uv": [0, 0, 0.4, 0.7], "texture": "#0"},
				"south": {"uv": [0, 0, 0.45563, 0.7], "texture": "#0"},
				"west": {"uv": [0, 0, 0.4, 0.7], "texture": "#0"},
				"up": {"uv": [0, 0, 0.45563, 0.4], "texture": "#0"},
				"down": {"uv": [0, 0, 0.45563, 0.4], "texture": "#0"}
			}
		},
		{
			"name": "octagon",
			"from": [7.77218, 10.1, -0.8],
			"to": [8.22782, 10.3, -0.4],
			"rotation": {"angle": 45, "axis": "z", "origin": [8, 9.75, 1.1]},
			"faces": {
				"north": {"uv": [0, 0, 0.45563, 0.2], "texture": "#0"},
				"east": {"uv": [0, 0, 0.4, 0.2], "texture": "#0"},
				"south": {"uv": [0, 0, 0.45563, 0.2], "texture": "#0"},
				"west": {"uv": [0, 0, 0.4, 0.2], "texture": "#0"},
				"up": {"uv": [0, 0, 0.45563, 0.4], "texture": "#0"},
				"down": {"uv": [0, 0, 0.45563, 0.4], "texture": "#0"}
			}
		},
		{
			"name": "octagon",
			"from": [7.77218, 10.1, -0.8],
			"to": [8.22782, 10.3, -0.4],
			"rotation": {"angle": 0, "axis": "z", "origin": [8, 9.75, 1.1]},
			"faces": {
				"north": {"uv": [0, 0, 0.45563, 0.2], "texture": "#0"},
				"east": {"uv": [0, 0, 0.4, 0.2], "texture": "#0"},
				"south": {"uv": [0, 0, 0.45563, 0.2], "texture": "#0"},
				"west": {"uv": [0, 0, 0.4, 0.2], "texture": "#0"},
				"up": {"uv": [0, 0, 0.45563, 0.4], "texture": "#0"},
				"down": {"uv": [0, 0, 0.45563, 0.4], "texture": "#0"}
			}
		},
		{
			"name": "octagon",
			"from": [7.45, 9.52218, -0.8],
			"to": [7.65, 9.97782, -0.4],
			"rotation": {"angle": 45, "axis": "z", "origin": [8, 9.75, 1.1]},
			"faces": {
				"north": {"uv": [0, 0, 0.2, 0.45563], "texture": "#0"},
				"east": {"uv": [0, 0, 0.4, 0.45563], "texture": "#0"},
				"south": {"uv": [0, 0, 0.2, 0.45563], "texture": "#0"},
				"west": {"uv": [0, 0, 0.4, 0.45563], "texture": "#0"},
				"up": {"uv": [0, 0, 0.2, 0.4], "texture": "#0"},
				"down": {"uv": [0, 0, 0.2, 0.4], "texture": "#0"}
			}
		},
		{
			"name": "octagon",
			"from": [7.45, 9.52218, -0.8],
			"to": [7.65, 9.97782, -0.4],
			"rotation": {"angle": 0, "axis": "z", "origin": [8, 9.75, 1.1]},
			"faces": {
				"north": {"uv": [0, 0, 0.2, 0.45563], "texture": "#0"},
				"east": {"uv": [0, 0, 0.4, 0.45563], "texture": "#0"},
				"south": {"uv": [0, 0, 0.2, 0.45563], "texture": "#0"},
				"west": {"uv": [0, 0, 0.4, 0.45563], "texture": "#0"},
				"up": {"uv": [0, 0, 0.2, 0.4], "texture": "#0"},
				"down": {"uv": [0, 0, 0.2, 0.4], "texture": "#0"}
			}
		},
		{
			"name": "octagon",
			"from": [8.35, 9.52218, -0.8],
			"to": [8.55, 9.97782, -0.4],
			"rotation": {"angle": 45, "axis": "z", "origin": [8, 9.75, 1.1]},
			"faces": {
				"north": {"uv": [0, 0, 0.2, 0.45563], "texture": "#0"},
				"east": {"uv": [0, 0, 0.4, 0.45563], "texture": "#0"},
				"south": {"uv": [0, 0, 0.2, 0.45563], "texture": "#0"},
				"west": {"uv": [0, 0, 0.4, 0.45563], "texture": "#0"},
				"up": {"uv": [0, 0, 0.2, 0.4], "texture": "#0"},
				"down": {"uv": [0, 0, 0.2, 0.4], "texture": "#0"}
			}
		},
		{
			"name": "octagon",
			"from": [8.35, 9.52218, -0.8],
			"to": [8.55, 9.97782, -0.4],
			"rotation": {"angle": 0, "axis": "z", "origin": [8, 9.75, 1.1]},
			"faces": {
				"north": {"uv": [0, 0, 0.2, 0.45563], "texture": "#0"},
				"east": {"uv": [0, 0, 0.4, 0.45563], "texture": "#0"},
				"south": {"uv": [0, 0, 0.2, 0.45563], "texture": "#0"},
				"west": {"uv": [0, 0, 0.4, 0.45563], "texture": "#0"},
				"up": {"uv": [0, 0, 0.2, 0.4], "texture": "#0"},
				"down": {"uv": [0, 0, 0.2, 0.4], "texture": "#0"}
			}
		}
	],
	"display": {
		"thirdperson_righthand": {
			"translation": [0, 2.75, -1]
		},
		"thirdperson_lefthand": {
			"translation": [0, 2.75, -1]
		},
		"firstperson_righthand": {
			"rotation": [0, -15, 0],
			"translation": [10.5, 2.5, 2.25]
		},
		"firstperson_lefthand": {
			"rotation": [0, -15, 0],
			"translation": [10.5, 2.5, 2.25]
		},
		"ground": {
			"rotation": [0, 0, -90],
			"translation": [1.25, -1.25, 1.75],
			"scale": [0.7, 0.7, 0.7]
		},
		"gui": {
			"rotation": [21, 128, 0],
			"translation": [2.25, 3.75, 0],
			"scale": [1.15, 1.15, 1.15]
		},
		"head": {
			"translation": [0, 21, -16],
			"scale": [4, 4, 4]
		},
		"fixed": {
			"rotation": [0, -90, 0],
			"translation": [-2.5, 2.25, 0],
			"scale": [1.1, 1.1, 1.1]
		}
	},
	"groups": [
		{
			"name": "Handle",
			"origin": [8, 4.25, 12.35],
			"color": 0,
			"children": [0, 1, 2, 3]
		},
		{
			"name": "Base",
			"origin": [7, 5, 10],
			"color": 0,
			"children": [
				4,
				5,
				6,
				7,
				{
					"name": "octagon",
					"origin": [8, 8, 8],
					"color": 5,
					"children": [8, 9, 10, 11]
				}
			]
		},
		{
			"name": "Grip",
			"origin": [8, 6.5, 2.5],
			"color": 0,
			"children": [12, 13, 14, 15]
		},
		{
			"name": "Barrel",
			"origin": [8, 8, 8],
			"color": 0,
			"children": [
				{
					"name": "octagon",
					"origin": [8, 8, 8],
					"color": 5,
					"children": [16, 17, 18, 19, 20, 21]
				},
				{
					"name": "octagon",
					"origin": [8, 8, 8],
					"color": 5,
					"children": [22, 23, 24, 25]
				},
				{
					"name": "octagon",
					"origin": [8, 8, 8],
					"color": 5,
					"children": [26, 27, 28, 29, 30, 31, 32, 33]
				},
				{
					"name": "octagon",
					"origin": [8, 8, 8],
					"color": 3,
					"children": [34, 35, 36, 37]
				},
				{
					"name": "octagon",
					"origin": [8, 8, 8],
					"color": 5,
					"children": [38, 39, 40, 41, 42, 43, 44, 45]
				}
			]
		}
	]
}