{
	"format_version": "1.21.6",
	"credit": "Made with Blockbench",
	"textures": {
		"0": "modern_guns:item/remington_870",
		"particle": "modern_guns:item/remington_870"
	},
	"elements": [
		{
			"from": [7.351, 4.20014, 9.94994],
			"to": [8.641, 6.20014, 12.94994],
			"rotation": {"angle": 22.5, "axis": "x", "origin": [8, 4.22059, 13.78296]},
			"faces": {
				"north": {"uv": [0, 0, 1.3, 2], "texture": "#0"},
				"east": {"uv": [13, 14, 16, 16], "texture": "#0"},
				"south": {"uv": [14.7, 14, 16, 16], "texture": "#0"},
				"west": {"uv": [13, 14, 16, 16], "texture": "#0"},
				"up": {"uv": [14.7, 13, 16, 16], "texture": "#0"},
				"down": {"uv": [14.7, 13, 16, 16], "texture": "#0"}
			}
		},
		{
			"from": [7.3509, 0.24, 13.54],
			"to": [8.6409, 3.24, 15.54],
			"rotation": {"angle": -27.5, "axis": "x", "origin": [8, 4.22059, 13.78296]},
			"faces": {
				"north": {"uv": [14.7, 11.5, 16, 14.5], "rotation": 180, "texture": "#0"},
				"east": {"uv": [11, 11.5, 14, 13.5], "rotation": 270, "texture": "#0"},
				"south": {"uv": [14.7, 11.5, 16, 14.5], "texture": "#0"},
				"west": {"uv": [11, 11.5, 14, 13.5], "rotation": 90, "texture": "#0"},
				"up": {"uv": [14.7, 11, 16, 13], "rotation": 180, "texture": "#0"},
				"down": {"uv": [14.7, 11, 16, 13], "texture": "#0"}
			}
		},
		{
			"from": [7.35, 2.815, 13.225],
			"to": [8.65, 5.815, 15.225],
			"rotation": {"angle": -42.5, "axis": "x", "origin": [8, 4.22059, 13.78296]},
			"faces": {
				"north": {"uv": [14.7, 11.5, 16, 14.5], "rotation": 180, "texture": "#0"},
				"east": {"uv": [11, 11.5, 14, 13.5], "rotation": 270, "texture": "#0"},
				"south": {"uv": [14.7, 11.5, 16, 14.5], "texture": "#0"},
				"west": {"uv": [11, 11.5, 14, 13.5], "rotation": 90, "texture": "#0"},
				"up": {"uv": [14.7, 11, 16, 13], "rotation": 180, "texture": "#0"},
				"down": {"uv": [14.7, 11, 16, 13], "texture": "#0"}
			}
		},
		{
			"from": [7.352, 3.627, 15.205],
			"to": [8.632, 5.627, 17.205],
			"rotation": {"angle": -30, "axis": "x", "origin": [8, 4.58883, 16.79508]},
			"faces": {
				"north": {"uv": [14.7, 11.5, 16, 13.5], "rotation": 180, "texture": "#0"},
				"east": {"uv": [11, 11.5, 13, 13.5], "rotation": 180, "texture": "#0"},
				"south": {"uv": [14.7, 11.5, 16, 13.5], "rotation": 180, "texture": "#0"},
				"west": {"uv": [11, 11.5, 13, 13.5], "rotation": 180, "texture": "#0"},
				"up": {"uv": [14.7, 11, 16, 13], "texture": "#0"},
				"down": {"uv": [14.7, 11, 16, 13], "texture": "#0"}
			}
		},
		{
			"from": [7.35, 3.50879, 20.33225],
			"to": [8.65, 5.50879, 24.33225],
			"rotation": {"angle": 2.5, "axis": "x", "origin": [8, 4.50879, 20.83225]},
			"faces": {
				"north": {"uv": [14.7, 11.5, 16, 13.5], "rotation": 180, "texture": "#0"},
				"east": {"uv": [11, 11.5, 15, 13.5], "rotation": 180, "texture": "#0"},
				"south": {"uv": [14.7, 11.5, 16, 13.5], "rotation": 180, "texture": "#0"},
				"west": {"uv": [11, 11.5, 15, 13.5], "rotation": 180, "texture": "#0"},
				"up": {"uv": [14.7, 11, 16, 15], "texture": "#0"},
				"down": {"uv": [14.7, 11, 16, 15], "texture": "#0"}
			}
		},
		{
			"from": [7.35, 3.50879, 24.33225],
			"to": [8.65, 5.50879, 25.58225],
			"rotation": {"angle": 2.5, "axis": "x", "origin": [8, 4.50879, 20.83225]},
			"faces": {
				"north": {"uv": [14.7, 11.5, 16, 13.5], "rotation": 180, "texture": "#0"},
				"east": {"uv": [11, 11.5, 12.25, 13.5], "rotation": 180, "texture": "#0"},
				"south": {"uv": [14.7, 11.5, 16, 13.5], "rotation": 180, "texture": "#0"},
				"west": {"uv": [11.75, 11.5, 13, 13.5], "rotation": 180, "texture": "#0"},
				"up": {"uv": [14.7, 11, 16, 12.25], "texture": "#0"},
				"down": {"uv": [14.7, 11, 16, 12.25], "texture": "#0"}
			}
		},
		{
			"from": [7.351, 2.105, 20.27],
			"to": [8.641, 4.105, 25.27],
			"rotation": {"angle": 25, "axis": "x", "origin": [8, 3.13883, 17.36207]},
			"faces": {
				"north": {"uv": [14.7, 11.5, 16, 13.5], "rotation": 180, "texture": "#0"},
				"east": {"uv": [11, 11.5, 16, 13.5], "rotation": 180, "texture": "#0"},
				"south": {"uv": [14.7, 11.5, 16, 13.5], "rotation": 180, "texture": "#0"},
				"west": {"uv": [11, 11.5, 16, 13.5], "rotation": 180, "texture": "#0"},
				"up": {"uv": [14.7, 11, 16, 16], "texture": "#0"},
				"down": {"uv": [14.7, 11, 16, 16], "texture": "#0"}
			}
		},
		{
			"from": [7.352, 0.50879, 21.58225],
			"to": [8.632, 3.50879, 24.33225],
			"rotation": {"angle": 2.5, "axis": "x", "origin": [8, 4.50879, 20.83225]},
			"faces": {
				"north": {"uv": [14.7, 11.5, 16, 14.5], "rotation": 180, "texture": "#0"},
				"east": {"uv": [11, 11.5, 13.75, 14.5], "rotation": 180, "texture": "#0"},
				"south": {"uv": [14.7, 11.5, 16, 14.5], "rotation": 180, "texture": "#0"},
				"west": {"uv": [11, 11.5, 13.75, 14.5], "rotation": 180, "texture": "#0"},
				"up": {"uv": [14.7, 11, 16, 13.75], "texture": "#0"},
				"down": {"uv": [14.7, 11, 16, 13.75], "texture": "#0"}
			}
		},
		{
			"from": [7.352, 2.25879, 18.58225],
			"to": [8.632, 3.50879, 21.58225],
			"rotation": {"angle": 2.5, "axis": "x", "origin": [8, 4.50879, 20.83225]},
			"faces": {
				"north": {"uv": [14.7, 11.5, 16, 12.75], "rotation": 180, "texture": "#0"},
				"east": {"uv": [11, 11.5, 14, 12.75], "rotation": 180, "texture": "#0"},
				"south": {"uv": [14.7, 11.5, 16, 12.75], "rotation": 180, "texture": "#0"},
				"west": {"uv": [11, 11.5, 14, 12.75], "rotation": 180, "texture": "#0"},
				"up": {"uv": [14.7, 11, 16, 14], "texture": "#0"},
				"down": {"uv": [14.7, 11, 16, 14], "texture": "#0"}
			}
		},
		{
			"from": [7.35, 3.50879, 16.58225],
			"to": [8.65, 5.50879, 20.33225],
			"rotation": {"angle": 2.5, "axis": "x", "origin": [8, 4.50879, 20.83225]},
			"faces": {
				"north": {"uv": [14.7, 11.5, 16, 13.5], "rotation": 180, "texture": "#0"},
				"east": {"uv": [11, 11.5, 14.75, 13.5], "rotation": 180, "texture": "#0"},
				"south": {"uv": [14.7, 11.5, 16, 13.5], "rotation": 180, "texture": "#0"},
				"west": {"uv": [11, 11.5, 14.75, 13.5], "rotation": 180, "texture": "#0"},
				"up": {"uv": [14.7, 11, 16, 14.75], "texture": "#0"},
				"down": {"uv": [14.7, 11, 16, 14.75], "texture": "#0"}
			}
		},
		{
			"from": [7.3513, 2.105, 16.27],
			"to": [8.6413, 4.105, 20.27],
			"rotation": {"angle": 25, "axis": "x", "origin": [8, 3.13883, 17.36207]},
			"faces": {
				"north": {"uv": [14.7, 11.5, 16, 13.5], "rotation": 180, "texture": "#0"},
				"east": {"uv": [11, 11.5, 15, 13.5], "rotation": 180, "texture": "#0"},
				"south": {"uv": [14.7, 11.5, 16, 13.5], "rotation": 180, "texture": "#0"},
				"west": {"uv": [11, 11.5, 15, 13.5], "rotation": 180, "texture": "#0"},
				"up": {"uv": [14.7, 11, 16, 15], "texture": "#0"},
				"down": {"uv": [14.7, 11, 16, 15], "texture": "#0"}
			}
		},
		{
			"from": [7.35, -0.99121, 24.33225],
			"to": [8.65, 3.50879, 25.58225],
			"rotation": {"angle": 2.5, "axis": "x", "origin": [8, 4.50879, 20.83225]},
			"faces": {
				"north": {"uv": [14.7, 11.5, 16, 16], "rotation": 180, "texture": "#0"},
				"east": {"uv": [11, 11.5, 12.25, 16], "rotation": 180, "texture": "#0"},
				"south": {"uv": [14.7, 11.5, 16, 16], "rotation": 180, "texture": "#0"},
				"west": {"uv": [11.75, 11.5, 13, 16], "rotation": 180, "texture": "#0"},
				"up": {"uv": [14.7, 11, 16, 12.25], "texture": "#0"},
				"down": {"uv": [14.7, 11, 16, 12.25], "texture": "#0"}
			}
		},
		{
			"from": [7.352, 5, 11],
			"to": [8.632, 5.5, 12],
			"rotation": {"angle": 0, "axis": "y", "origin": [8, 3, 19]},
			"faces": {
				"north": {"uv": [14.7, 15.5, 16, 16], "texture": "#0"},
				"east": {"uv": [15, 15.5, 16, 16], "texture": "#0"},
				"south": {"uv": [14.7, 15.5, 16, 16], "texture": "#0"},
				"west": {"uv": [15, 15.5, 16, 16], "texture": "#0"},
				"up": {"uv": [14.7, 15, 16, 16], "texture": "#0"},
				"down": {"uv": [14.7, 15, 16, 16], "texture": "#0"}
			}
		},
		{
			"name": "octagon",
			"from": [7.6, 3.73223, 9.15],
			"to": [8.4, 4.76777, 9.35],
			"rotation": {"angle": 45, "axis": "x", "origin": [8, 4.25, 10.4]},
			"faces": {
				"north": {"uv": [0, 0, 0.8, 1.03553], "texture": "#0"},
				"east": {"uv": [0, 0, 0.2, 1.03553], "texture": "#0"},
				"south": {"uv": [0, 0, 0.8, 1.03553], "texture": "#0"},
				"west": {"uv": [0, 0, 0.2, 1.03553], "texture": "#0"},
				"up": {"uv": [0, 0, 0.8, 0.2], "texture": "#0"},
				"down": {"uv": [0, 0, 0.8, 0.2], "texture": "#0"}
			}
		},
		{
			"name": "octagon",
			"from": [7.6, 3.73223, 9.15],
			"to": [8.4, 4.76777, 9.35],
			"rotation": {"angle": 0, "axis": "x", "origin": [8, 4.25, 10.4]},
			"faces": {
				"north": {"uv": [0, 0, 0.8, 1.03553], "texture": "#0"},
				"east": {"uv": [0, 0, 0.2, 1.03553], "texture": "#0"},
				"south": {"uv": [0, 0, 0.8, 1.03553], "texture": "#0"},
				"west": {"uv": [0, 0, 0.2, 1.03553], "texture": "#0"},
				"up": {"uv": [0, 0, 0.8, 0.2], "texture": "#0"},
				"down": {"uv": [0, 0, 0.8, 0.2], "texture": "#0"}
			}
		},
		{
			"name": "octagon",
			"from": [7.6, 3.73223, 11.45],
			"to": [8.4, 4.76777, 11.65],
			"rotation": {"angle": 45, "axis": "x", "origin": [8, 4.25, 10.4]},
			"faces": {
				"north": {"uv": [0, 0, 0.8, 1.03553], "texture": "#0"},
				"east": {"uv": [0, 0, 0.2, 1.03553], "texture": "#0"},
				"south": {"uv": [0, 0, 0.8, 1.03553], "texture": "#0"},
				"west": {"uv": [0, 0, 0.2, 1.03553], "texture": "#0"},
				"up": {"uv": [0, 0, 0.8, 0.2], "texture": "#0"},
				"down": {"uv": [0, 0, 0.8, 0.2], "texture": "#0"}
			}
		},
		{
			"name": "octagon",
			"from": [7.6, 3.73223, 11.45],
			"to": [8.4, 4.76777, 11.65],
			"rotation": {"angle": 0, "axis": "x", "origin": [8, 4.25, 10.4]},
			"faces": {
				"north": {"uv": [0, 0, 0.8, 1.03553], "texture": "#0"},
				"east": {"uv": [0, 0, 0.2, 1.03553], "texture": "#0"},
				"south": {"uv": [0, 0, 0.8, 1.03553], "texture": "#0"},
				"west": {"uv": [0, 0, 0.2, 1.03553], "texture": "#0"},
				"up": {"uv": [0, 0, 0.8, 0.2], "texture": "#0"},
				"down": {"uv": [0, 0, 0.8, 0.2], "texture": "#0"}
			}
		},
		{
			"name": "octagon",
			"from": [7.6, 3, 9.88223],
			"to": [8.4, 3.2, 10.91777],
			"rotation": {"angle": 45, "axis": "x", "origin": [8, 4.25, 10.4]},
			"faces": {
				"north": {"uv": [0, 0, 0.8, 0.2], "texture": "#0"},
				"east": {"uv": [0, 0, 1.03553, 0.2], "texture": "#0"},
				"south": {"uv": [0, 0, 0.8, 0.2], "texture": "#0"},
				"west": {"uv": [0, 0, 1.03553, 0.2], "texture": "#0"},
				"up": {"uv": [0, 0, 0.8, 1.03553], "texture": "#0"},
				"down": {"uv": [0, 0, 0.8, 1.03553], "texture": "#0"}
			}
		},
		{
			"name": "octagon",
			"from": [7.6, 3, 9.88223],
			"to": [8.4, 3.2, 10.91777],
			"rotation": {"angle": 0, "axis": "x", "origin": [8, 4.25, 10.4]},
			"faces": {
				"north": {"uv": [0, 0, 0.8, 0.2], "texture": "#0"},
				"east": {"uv": [0, 0, 1.03553, 0.2], "texture": "#0"},
				"south": {"uv": [0, 0, 0.8, 0.2], "texture": "#0"},
				"west": {"uv": [0, 0, 1.03553, 0.2], "texture": "#0"},
				"up": {"uv": [0, 0, 0.8, 1.03553], "texture": "#0"},
				"down": {"uv": [0, 0, 0.8, 1.03553], "texture": "#0"}
			}
		},
		{
			"name": "octagon",
			"from": [7.6, 5.3, 9.88223],
			"to": [8.4, 5.5, 10.91777],
			"rotation": {"angle": 45, "axis": "x", "origin": [8, 4.25, 10.4]},
			"faces": {
				"north": {"uv": [0, 0, 0.8, 0.2], "texture": "#0"},
				"east": {"uv": [0, 0, 1.03553, 0.2], "texture": "#0"},
				"south": {"uv": [0, 0, 0.8, 0.2], "texture": "#0"},
				"west": {"uv": [0, 0, 1.03553, 0.2], "texture": "#0"},
				"up": {"uv": [0, 0, 0.8, 1.03553], "texture": "#0"},
				"down": {"uv": [0, 0, 0.8, 1.03553], "texture": "#0"}
			}
		},
		{
			"from": [7.8, 3.5, 10.6],
			"to": [8.2, 5, 11.1],
			"rotation": {"angle": -12.5, "axis": "x", "origin": [8, 4.25, 10.85]},
			"faces": {
				"north": {"uv": [14, 0, 14.4, 1.5], "texture": "#0"},
				"east": {"uv": [14, 0, 14.5, 1.5], "texture": "#0"},
				"south": {"uv": [14, 0, 14.4, 1.5], "texture": "#0"},
				"west": {"uv": [14, 0, 14.5, 1.5], "texture": "#0"},
				"up": {"uv": [14, 0, 14.4, 0.5], "texture": "#0"},
				"down": {"uv": [14, 0, 14.4, 0.5], "texture": "#0"}
			}
		},
		{
			"from": [7.35, 5, 2],
			"to": [8.65, 7.5, 11],
			"rotation": {"angle": 0, "axis": "y", "origin": [8, 3, 10]},
			"faces": {
				"north": {"uv": [0, 0, 1.3, 2.5], "texture": "#0"},
				"east": {"uv": [0, 0.25, 9, 2.75], "texture": "#0"},
				"south": {"uv": [0, 0, 1.3, 2.5], "texture": "#0"},
				"west": {"uv": [0, 0.25, 9, 2.75], "texture": "#0"},
				"up": {"uv": [0, 3, 1.3, 12], "texture": "#0"},
				"down": {"uv": [0, 3, 1.3, 12], "texture": "#0"}
			}
		},
		{
			"from": [7.349, 6, 2.5],
			"to": [7.349, 7, 5.5],
			"rotation": {"angle": 0, "axis": "y", "origin": [8, 3.5, 9.5]},
			"faces": {
				"north": {"uv": [0, 0, 0, 1], "texture": "#0"},
				"east": {"uv": [13, 3, 16, 4], "texture": "#0"},
				"south": {"uv": [0, 0, 0, 1], "texture": "#0"},
				"west": {"uv": [13, 3, 16, 4], "texture": "#0"},
				"up": {"uv": [0, 3, 0, 6], "texture": "#0"},
				"down": {"uv": [0, 3, 0, 6], "texture": "#0"}
			}
		},
		{
			"name": "octagon",
			"from": [7.74112, 5.125, -8],
			"to": [8.25888, 6.375, 2],
			"rotation": {"angle": 45, "axis": "z", "origin": [8, 5.75, 0]},
			"faces": {
				"north": {"uv": [0, 0, 0.51777, 1.25], "texture": "#0"},
				"east": {"uv": [0, 0, 10, 1.25], "texture": "#0"},
				"south": {"uv": [0, 0, 0.51777, 1.25], "texture": "#0"},
				"west": {"uv": [0, 0, 10, 1.25], "texture": "#0"},
				"up": {"uv": [0, 0, 0.51777, 10], "texture": "#0"},
				"down": {"uv": [0, 0, 0.51777, 10], "texture": "#0"}
			}
		},
		{
			"name": "octagon",
			"from": [7.74112, 5.125, -8],
			"to": [8.25888, 6.375, 2],
			"rotation": {"angle": 0, "axis": "z", "origin": [8, 5.75, 0]},
			"faces": {
				"north": {"uv": [0, 0, 0.51777, 1.25], "texture": "#0"},
				"east": {"uv": [0, 0, 10, 1.25], "texture": "#0"},
				"south": {"uv": [0, 0, 0.51777, 1.25], "texture": "#0"},
				"west": {"uv": [0, 0, 10, 1.25], "texture": "#0"},
				"up": {"uv": [0, 0, 0.51777, 10], "texture": "#0"},
				"down": {"uv": [0, 0, 0.51777, 10], "texture": "#0"}
			}
		},
		{
			"name": "octagon",
			"from": [7.375, 5.49112, -8],
			"to": [8.625, 6.00888, 2],
			"rotation": {"angle": 45, "axis": "z", "origin": [8, 5.75, 0]},
			"faces": {
				"north": {"uv": [0, 0, 1.25, 0.51777], "texture": "#0"},
				"east": {"uv": [0, 0, 10, 0.51777], "texture": "#0"},
				"south": {"uv": [0, 0, 1.25, 0.51777], "texture": "#0"},
				"west": {"uv": [0, 0, 10, 0.51777], "texture": "#0"},
				"up": {"uv": [0, 0, 1.25, 10], "texture": "#0"},
				"down": {"uv": [0, 0, 1.25, 10], "texture": "#0"}
			}
		},
		{
			"name": "octagon",
			"from": [7.375, 5.49112, -8],
			"to": [8.625, 6.00888, 2],
			"rotation": {"angle": 0, "axis": "z", "origin": [8, 5.75, 0]},
			"faces": {
				"north": {"uv": [0, 0, 1.25, 0.51777], "texture": "#0"},
				"east": {"uv": [0, 0, 10, 0.51777], "texture": "#0"},
				"south": {"uv": [0, 0, 1.25, 0.51777], "texture": "#0"},
				"west": {"uv": [0, 0, 10, 0.51777], "texture": "#0"},
				"up": {"uv": [0, 0, 1.25, 10], "texture": "#0"},
				"down": {"uv": [0, 0, 1.25, 10], "texture": "#0"}
			}
		},
		{
			"name": "octagon",
			"from": [7.68934, 5, -7.25],
			"to": [8.31066, 6.5, -1.75],
			"rotation": {"angle": 45, "axis": "z", "origin": [8, 5.75, -5.25]},
			"faces": {
				"north": {"uv": [14.5, 14.5, 15.12132, 16], "texture": "#0"},
				"east": {"uv": [10.5, 14.5, 16, 16], "texture": "#0"},
				"south": {"uv": [14.5, 14.5, 15.12132, 16], "texture": "#0"},
				"west": {"uv": [10.5, 14.5, 16, 16], "texture": "#0"},
				"up": {"uv": [14.5, 10.5, 15.12132, 16], "texture": "#0"},
				"down": {"uv": [14.5, 10.5, 15.12132, 16], "texture": "#0"}
			}
		},
		{
			"name": "octagon",
			"from": [7.68934, 5, -7.25],
			"to": [8.31066, 6.5, -1.75],
			"rotation": {"angle": 0, "axis": "z", "origin": [8, 5.75, -5.25]},
			"faces": {
				"north": {"uv": [14.5, 14.5, 15.12132, 16], "texture": "#0"},
				"east": {"uv": [10.5, 14.5, 16, 16], "texture": "#0"},
				"south": {"uv": [14.5, 14.5, 15.12132, 16], "texture": "#0"},
				"west": {"uv": [10.5, 14.5, 16, 16], "texture": "#0"},
				"up": {"uv": [14.5, 10.5, 15.12132, 16], "texture": "#0"},
				"down": {"uv": [14.5, 10.5, 15.12132, 16], "texture": "#0"}
			}
		},
		{
			"name": "octagon",
			"from": [7.25, 5.43934, -7.25],
			"to": [8.75, 6.06066, -1.75],
			"rotation": {"angle": 45, "axis": "z", "origin": [8, 5.75, -5.25]},
			"faces": {
				"north": {"uv": [14.5, 14.5, 16, 15.12132], "texture": "#0"},
				"east": {"uv": [10.5, 14.5, 16, 15.12132], "texture": "#0"},
				"south": {"uv": [14.5, 14.5, 16, 15.12132], "texture": "#0"},
				"west": {"uv": [10.5, 14.5, 16, 15.12132], "texture": "#0"},
				"up": {"uv": [14.5, 10.5, 16, 16], "texture": "#0"},
				"down": {"uv": [14.5, 10.5, 16, 16], "texture": "#0"}
			}
		},
		{
			"name": "octagon",
			"from": [7.25, 5.43934, -7.25],
			"to": [8.75, 6.06066, -1.75],
			"rotation": {"angle": 0, "axis": "z", "origin": [8, 5.75, -5.25]},
			"faces": {
				"north": {"uv": [14.5, 14.5, 16, 15.12132], "texture": "#0"},
				"east": {"uv": [10.5, 14.5, 16, 15.12132], "texture": "#0"},
				"south": {"uv": [14.5, 14.5, 16, 15.12132], "texture": "#0"},
				"west": {"uv": [10.5, 14.5, 16, 15.12132], "texture": "#0"},
				"up": {"uv": [14.5, 10.5, 16, 16], "texture": "#0"},
				"down": {"uv": [14.5, 10.5, 16, 16], "texture": "#0"}
			}
		},
		{
			"name": "octagon",
			"from": [7.79289, 5.2, -14],
			"to": [8.20711, 6.2, -8],
			"rotation": {"angle": 45, "axis": "z", "origin": [8, 5.7, 0]},
			"faces": {
				"north": {"uv": [0, 0, 0.41421, 1], "texture": "#0"},
				"east": {"uv": [0, 0, 6, 1], "texture": "#0"},
				"south": {"uv": [0, 0, 0.41421, 1], "texture": "#0"},
				"west": {"uv": [0, 0, 6, 1], "texture": "#0"},
				"up": {"uv": [0, 0, 0.41421, 6], "texture": "#0"},
				"down": {"uv": [0, 0, 0.41421, 6], "texture": "#0"}
			}
		},
		{
			"name": "octagon",
			"from": [7.79289, 5.2, -14],
			"to": [8.20711, 6.2, -8],
			"rotation": {"angle": 0, "axis": "y", "origin": [8, 5.7, 0]},
			"faces": {
				"north": {"uv": [0, 0, 0.41421, 1], "texture": "#0"},
				"east": {"uv": [0, 0, 6, 1], "texture": "#0"},
				"south": {"uv": [0, 0, 0.41421, 1], "texture": "#0"},
				"west": {"uv": [0, 0, 6, 1], "texture": "#0"},
				"up": {"uv": [0, 0, 0.41421, 6], "texture": "#0"},
				"down": {"uv": [0, 0, 0.41421, 6], "texture": "#0"}
			}
		},
		{
			"name": "octagon",
			"from": [7.5, 5.49289, -14],
			"to": [8.5, 5.90711, -8],
			"rotation": {"angle": 45, "axis": "z", "origin": [8, 5.7, 0]},
			"faces": {
				"north": {"uv": [0, 0, 1, 0.41421], "texture": "#0"},
				"east": {"uv": [0, 0, 6, 0.41421], "texture": "#0"},
				"south": {"uv": [0, 0, 1, 0.41421], "texture": "#0"},
				"west": {"uv": [0, 0, 6, 0.41421], "texture": "#0"},
				"up": {"uv": [0, 0, 1, 6], "texture": "#0"},
				"down": {"uv": [0, 0, 1, 6], "texture": "#0"}
			}
		},
		{
			"name": "octagon",
			"from": [7.5, 5.49289, -14],
			"to": [8.5, 5.90711, -8],
			"rotation": {"angle": 0, "axis": "y", "origin": [8, 5.7, 0]},
			"faces": {
				"north": {"uv": [0, 0, 1, 0.41421], "texture": "#0"},
				"east": {"uv": [0, 0, 6, 0.41421], "texture": "#0"},
				"south": {"uv": [0, 0, 1, 0.41421], "texture": "#0"},
				"west": {"uv": [0, 0, 6, 0.41421], "texture": "#0"},
				"up": {"uv": [0, 0, 1, 6], "texture": "#0"},
				"down": {"uv": [0, 0, 1, 6], "texture": "#0"}
			}
		},
		{
			"name": "octagon",
			"from": [7.79289, 6.3, -12],
			"to": [8.20711, 7.3, -3],
			"rotation": {"angle": 45, "axis": "z", "origin": [8, 6.8, 0]},
			"faces": {
				"north": {"uv": [0, 0, 0.41421, 1], "texture": "#0"},
				"east": {"uv": [0, 0, 9, 1], "texture": "#0"},
				"south": {"uv": [0, 0, 0.41421, 1], "texture": "#0"},
				"west": {"uv": [0, 0, 9, 1], "texture": "#0"},
				"up": {"uv": [0, 0, 0.41421, 9], "texture": "#0"},
				"down": {"uv": [0, 0, 0.41421, 9], "texture": "#0"}
			}
		},
		{
			"name": "octagon",
			"from": [7.79289, 6.3, -12],
			"to": [8.20711, 7.3, -3],
			"rotation": {"angle": 0, "axis": "y", "origin": [8, 6.8, 0]},
			"faces": {
				"north": {"uv": [0, 0, 0.41421, 1], "texture": "#0"},
				"east": {"uv": [0, 0, 9, 1], "texture": "#0"},
				"south": {"uv": [0, 0, 0.41421, 1], "texture": "#0"},
				"west": {"uv": [0, 0, 9, 1], "texture": "#0"},
				"up": {"uv": [0, 0, 0.41421, 9], "texture": "#0"},
				"down": {"uv": [0, 0, 0.41421, 9], "texture": "#0"}
			}
		},
		{
			"name": "octagon",
			"from": [7.5, 6.59289, -12],
			"to": [8.5, 7.00711, -3],
			"rotation": {"angle": 45, "axis": "z", "origin": [8, 6.8, 0]},
			"faces": {
				"north": {"uv": [0, 0, 1, 0.41421], "texture": "#0"},
				"east": {"uv": [0, 0, 9, 0.41421], "texture": "#0"},
				"south": {"uv": [0, 0, 1, 0.41421], "texture": "#0"},
				"west": {"uv": [0, 0, 9, 0.41421], "texture": "#0"},
				"up": {"uv": [0, 0, 1, 9], "texture": "#0"},
				"down": {"uv": [0, 0, 1, 9], "texture": "#0"}
			}
		},
		{
			"name": "octagon",
			"from": [7.5, 6.59289, -12],
			"to": [8.5, 7.00711, -3],
			"rotation": {"angle": 0, "axis": "y", "origin": [8, 6.8, 0]},
			"faces": {
				"north": {"uv": [0, 0, 1, 0.41421], "texture": "#0"},
				"east": {"uv": [0, 0, 9, 0.41421], "texture": "#0"},
				"south": {"uv": [0, 0, 1, 0.41421], "texture": "#0"},
				"west": {"uv": [0, 0, 9, 0.41421], "texture": "#0"},
				"up": {"uv": [0, 0, 1, 9], "texture": "#0"},
				"down": {"uv": [0, 0, 1, 9], "texture": "#0"}
			}
		},
		{
			"name": "octagon",
			"from": [7.79289, 7.05, -14],
			"to": [8.20711, 7.3, -12],
			"rotation": {"angle": 45, "axis": "z", "origin": [8, 6.8, 0]},
			"faces": {
				"north": {"uv": [0, 0, 0.41421, 0.25], "texture": "#0"},
				"east": {"uv": [0, 0, 2, 0.25], "texture": "#0"},
				"south": {"uv": [0, 0, 0.41421, 0.25], "texture": "#0"},
				"west": {"uv": [0, 0, 2, 0.25], "texture": "#0"},
				"up": {"uv": [0, 0, 0.41421, 2], "texture": "#0"},
				"down": {"uv": [0, 0, 0.41421, 2], "texture": "#0"}
			}
		},
		{
			"name": "octagon",
			"from": [7.79289, 6.3, -14],
			"to": [8.20711, 6.55, -12],
			"rotation": {"angle": 45, "axis": "z", "origin": [8, 6.8, 0]},
			"faces": {
				"north": {"uv": [0, 0, 0.41421, 0.25], "texture": "#0"},
				"east": {"uv": [0, 0, 2, 0.25], "texture": "#0"},
				"south": {"uv": [0, 0, 0.41421, 0.25], "texture": "#0"},
				"west": {"uv": [0, 0, 2, 0.25], "texture": "#0"},
				"up": {"uv": [0, 0, 0.41421, 2], "texture": "#0"},
				"down": {"uv": [0, 0, 0.41421, 2], "texture": "#0"}
			}
		},
		{
			"name": "octagon",
			"from": [7.79289, 6.3, -14],
			"to": [8.20711, 6.55, -12],
			"rotation": {"angle": 0, "axis": "z", "origin": [8, 6.8, 0]},
			"faces": {
				"north": {"uv": [0, 0, 0.41421, 0.25], "texture": "#0"},
				"east": {"uv": [0, 0, 2, 0.25], "texture": "#0"},
				"south": {"uv": [0, 0, 0.41421, 0.25], "texture": "#0"},
				"west": {"uv": [0, 0, 2, 0.25], "texture": "#0"},
				"up": {"uv": [0, 0, 0.41421, 2], "texture": "#0"},
				"down": {"uv": [0, 0, 0.41421, 2], "texture": "#0"}
			}
		},
		{
			"name": "octagon",
			"from": [7.79289, 7.05, -14],
			"to": [8.20711, 7.3, -12],
			"rotation": {"angle": 0, "axis": "y", "origin": [8, 6.8, 0]},
			"faces": {
				"north": {"uv": [0, 0, 0.41421, 0.25], "texture": "#0"},
				"east": {"uv": [0, 0, 2, 0.25], "texture": "#0"},
				"south": {"uv": [0, 0, 0.41421, 0.25], "texture": "#0"},
				"west": {"uv": [0, 0, 2, 0.25], "texture": "#0"},
				"up": {"uv": [0, 0, 0.41421, 2], "texture": "#0"},
				"down": {"uv": [0, 0, 0.41421, 2], "texture": "#0"}
			}
		},
		{
			"name": "octagon",
			"from": [7.79289, 7.3, -13.75],
			"to": [8.20711, 7.45, -13],
			"rotation": {"angle": 0, "axis": "y", "origin": [8, 6.8, 0]},
			"faces": {
				"north": {"uv": [0, 0, 0.41421, 0.15], "texture": "#0"},
				"east": {"uv": [0, 0, 0.75, 0.15], "texture": "#0"},
				"south": {"uv": [0, 0, 0.41421, 0.15], "texture": "#0"},
				"west": {"uv": [0, 0, 0.75, 0.15], "texture": "#0"},
				"up": {"uv": [0, 0, 0.41421, 0.75], "texture": "#0"},
				"down": {"uv": [0, 0, 0.41421, 0.75], "texture": "#0"}
			}
		},
		{
			"name": "octagon",
			"from": [7.79289, 7.45, -13.65],
			"to": [8.20711, 7.55, -13.3],
			"rotation": {"angle": 0, "axis": "y", "origin": [8, 6.8, 0]},
			"faces": {
				"north": {"uv": [0, 0, 0.41421, 0.1], "texture": "#0"},
				"east": {"uv": [0, 0, 0.35, 0.1], "texture": "#0"},
				"south": {"uv": [0, 0, 0.41421, 0.1], "texture": "#0"},
				"west": {"uv": [0, 0, 0.35, 0.1], "texture": "#0"},
				"up": {"uv": [0, 0, 0.41421, 0.35], "texture": "#0"},
				"down": {"uv": [0, 0, 0.41421, 0.35], "texture": "#0"}
			}
		},
		{
			"name": "octagon",
			"from": [8.25, 6.59289, -14],
			"to": [8.5, 7.00711, -12],
			"rotation": {"angle": 45, "axis": "z", "origin": [8, 6.8, 0]},
			"faces": {
				"north": {"uv": [0, 0, 0.25, 0.41421], "texture": "#0"},
				"east": {"uv": [0, 0, 2, 0.41421], "texture": "#0"},
				"south": {"uv": [0, 0, 0.25, 0.41421], "texture": "#0"},
				"west": {"uv": [0, 0, 2, 0.41421], "texture": "#0"},
				"up": {"uv": [0, 0, 0.25, 2], "texture": "#0"},
				"down": {"uv": [0, 0, 0.25, 2], "texture": "#0"}
			}
		},
		{
			"name": "octagon",
			"from": [7.5, 6.59289, -14],
			"to": [7.75, 7.00711, -12],
			"rotation": {"angle": 45, "axis": "z", "origin": [8, 6.8, 0]},
			"faces": {
				"north": {"uv": [0, 0, 0.25, 0.41421], "texture": "#0"},
				"east": {"uv": [0, 0, 2, 0.41421], "texture": "#0"},
				"south": {"uv": [0, 0, 0.25, 0.41421], "texture": "#0"},
				"west": {"uv": [0, 0, 2, 0.41421], "texture": "#0"},
				"up": {"uv": [0, 0, 0.25, 2], "texture": "#0"},
				"down": {"uv": [0, 0, 0.25, 2], "texture": "#0"}
			}
		},
		{
			"name": "octagon",
			"from": [7.5, 6.59289, -14],
			"to": [7.75, 7.00711, -12],
			"rotation": {"angle": 0, "axis": "z", "origin": [8, 6.8, 0]},
			"faces": {
				"north": {"uv": [0, 0, 0.25, 0.41421], "texture": "#0"},
				"east": {"uv": [0, 0, 2, 0.41421], "texture": "#0"},
				"south": {"uv": [0, 0, 0.25, 0.41421], "texture": "#0"},
				"west": {"uv": [0, 0, 2, 0.41421], "texture": "#0"},
				"up": {"uv": [0, 0, 0.25, 2], "texture": "#0"},
				"down": {"uv": [0, 0, 0.25, 2], "texture": "#0"}
			}
		},
		{
			"name": "octagon",
			"from": [8.25, 6.59289, -14],
			"to": [8.5, 7.00711, -12],
			"rotation": {"angle": 0, "axis": "y", "origin": [8, 6.8, 0]},
			"faces": {
				"north": {"uv": [0, 0, 0.25, 0.41421], "texture": "#0"},
				"east": {"uv": [0, 0, 2, 0.41421], "texture": "#0"},
				"south": {"uv": [0, 0, 0.25, 0.41421], "texture": "#0"},
				"west": {"uv": [0, 0, 2, 0.41421], "texture": "#0"},
				"up": {"uv": [0, 0, 0.25, 2], "texture": "#0"},
				"down": {"uv": [0, 0, 0.25, 2], "texture": "#0"}
			}
		},
		{
			"name": "octagon",
			"from": [7.79289, 6.3, -3],
			"to": [8.20711, 7.3, 2],
			"rotation": {"angle": 45, "axis": "z", "origin": [8, 6.8, 0]},
			"faces": {
				"north": {"uv": [0, 0, 0.41421, 1], "texture": "#0"},
				"east": {"uv": [0, 0, 5, 1], "texture": "#0"},
				"south": {"uv": [0, 0, 0.41421, 1], "texture": "#0"},
				"west": {"uv": [0, 0, 5, 1], "texture": "#0"},
				"up": {"uv": [0, 0, 0.41421, 5], "texture": "#0"},
				"down": {"uv": [0, 0, 0.41421, 5], "texture": "#0"}
			}
		},
		{
			"name": "octagon",
			"from": [7.79289, 6.3, -3],
			"to": [8.20711, 7.3, 2],
			"rotation": {"angle": 0, "axis": "y", "origin": [8, 6.8, 0]},
			"faces": {
				"north": {"uv": [0, 0, 0.41421, 1], "texture": "#0"},
				"east": {"uv": [0, 0, 5, 1], "texture": "#0"},
				"south": {"uv": [0, 0, 0.41421, 1], "texture": "#0"},
				"west": {"uv": [0, 0, 5, 1], "texture": "#0"},
				"up": {"uv": [0, 0, 0.41421, 5], "texture": "#0"},
				"down": {"uv": [0, 0, 0.41421, 5], "texture": "#0"}
			}
		},
		{
			"name": "octagon",
			"from": [7.5, 6.59289, -3],
			"to": [8.5, 7.00711, 2],
			"rotation": {"angle": 45, "axis": "z", "origin": [8, 6.8, 0]},
			"faces": {
				"north": {"uv": [0, 0, 1, 0.41421], "texture": "#0"},
				"east": {"uv": [0, 0, 5, 0.41421], "texture": "#0"},
				"south": {"uv": [0, 0, 1, 0.41421], "texture": "#0"},
				"west": {"uv": [0, 0, 5, 0.41421], "texture": "#0"},
				"up": {"uv": [0, 0, 1, 5], "texture": "#0"},
				"down": {"uv": [0, 0, 1, 5], "texture": "#0"}
			}
		},
		{
			"name": "octagon",
			"from": [7.5, 6.59289, -3],
			"to": [8.5, 7.00711, 2],
			"rotation": {"angle": 0, "axis": "y", "origin": [8, 6.8, 0]},
			"faces": {
				"north": {"uv": [0, 0, 1, 0.41421], "texture": "#0"},
				"east": {"uv": [0, 0, 5, 0.41421], "texture": "#0"},
				"south": {"uv": [0, 0, 1, 0.41421], "texture": "#0"},
				"west": {"uv": [0, 0, 5, 0.41421], "texture": "#0"},
				"up": {"uv": [0, 0, 1, 5], "texture": "#0"},
				"down": {"uv": [0, 0, 1, 5], "texture": "#0"}
			}
		},
		{
			"name": "octagon",
			"from": [7.76183, 6.725, -12.25],
			"to": [8.23817, 7.375, -11.75],
			"rotation": {"angle": 45, "axis": "z", "origin": [8, 6.8, -10.25]},
			"faces": {
				"north": {"uv": [0, 0, 0.47635, 0.65], "texture": "#0"},
				"east": {"uv": [0, 0, 0.5, 0.65], "texture": "#0"},
				"south": {"uv": [0, 0, 0.47635, 0.65], "texture": "#0"},
				"west": {"uv": [0, 0, 0.5, 0.65], "texture": "#0"},
				"up": {"uv": [0, 0, 0.47635, 0.5], "texture": "#0"},
				"down": {"uv": [0, 0, 0.47635, 0.5], "texture": "#0"}
			}
		},
		{
			"name": "octagon",
			"from": [7.76183, 5.075, -12.25],
			"to": [8.23817, 5.725, -11.75],
			"rotation": {"angle": 45, "axis": "z", "origin": [8, 5.65, -10.25]},
			"faces": {
				"north": {"uv": [0, 0, 0.47635, 0.65], "texture": "#0"},
				"east": {"uv": [0, 0, 0.5, 0.65], "texture": "#0"},
				"south": {"uv": [0, 0, 0.47635, 0.65], "texture": "#0"},
				"west": {"uv": [0, 0, 0.5, 0.65], "texture": "#0"},
				"up": {"uv": [0, 0, 0.47635, 0.5], "texture": "#0"},
				"down": {"uv": [0, 0, 0.47635, 0.5], "texture": "#0"}
			}
		},
		{
			"name": "octagon",
			"from": [7.76183, 5.075, -12.25],
			"to": [8.23817, 7.375, -11.75],
			"rotation": {"angle": 0, "axis": "z", "origin": [8, 6.8, -10.25]},
			"faces": {
				"north": {"uv": [0, 0, 0.47635, 2.3], "texture": "#0"},
				"east": {"uv": [0, 0, 0.5, 2.3], "texture": "#0"},
				"south": {"uv": [0, 0, 0.47635, 2.3], "texture": "#0"},
				"west": {"uv": [0, 0, 0.5, 2.3], "texture": "#0"},
				"up": {"uv": [0, 0, 0.47635, 0.5], "texture": "#0"},
				"down": {"uv": [0, 0, 0.47635, 0.5], "texture": "#0"}
			}
		},
		{
			"name": "octagon",
			"from": [7.425, 5.41183, -12.25],
			"to": [8.075, 5.88817, -11.75],
			"rotation": {"angle": 45, "axis": "z", "origin": [8, 5.65, -10.25]},
			"faces": {
				"north": {"uv": [0, 0, 0.65, 0.47635], "texture": "#0"},
				"east": {"uv": [0, 0, 0.5, 0.47635], "texture": "#0"},
				"south": {"uv": [0, 0, 0.65, 0.47635], "texture": "#0"},
				"west": {"uv": [0, 0, 0.5, 0.47635], "texture": "#0"},
				"up": {"uv": [0, 0, 0.65, 0.5], "texture": "#0"},
				"down": {"uv": [0, 0, 0.65, 0.5], "texture": "#0"}
			}
		},
		{
			"name": "octagon",
			"from": [7.925, 6.56183, -12.25],
			"to": [8.575, 7.03817, -11.75],
			"rotation": {"angle": 45, "axis": "z", "origin": [8, 6.8, -10.25]},
			"faces": {
				"north": {"uv": [0, 0, 0.65, 0.47635], "texture": "#0"},
				"east": {"uv": [0, 0, 0.5, 0.47635], "texture": "#0"},
				"south": {"uv": [0, 0, 0.65, 0.47635], "texture": "#0"},
				"west": {"uv": [0, 0, 0.5, 0.47635], "texture": "#0"},
				"up": {"uv": [0, 0, 0.65, 0.5], "texture": "#0"},
				"down": {"uv": [0, 0, 0.65, 0.5], "texture": "#0"}
			}
		},
		{
			"name": "octagon",
			"from": [7.425, 5.41183, -12.25],
			"to": [8.575, 7.03817, -11.75],
			"rotation": {"angle": 0, "axis": "z", "origin": [8, 6.8, -10.25]},
			"faces": {
				"north": {"uv": [0, 0, 1.15, 1.62635], "texture": "#0"},
				"east": {"uv": [0, 0, 0.5, 1.62635], "texture": "#0"},
				"south": {"uv": [0, 0, 1.15, 1.62635], "texture": "#0"},
				"west": {"uv": [0, 0, 0.5, 1.62635], "texture": "#0"},
				"up": {"uv": [0, 0, 1.15, 0.5], "texture": "#0"},
				"down": {"uv": [0, 0, 1.15, 0.5], "texture": "#0"}
			}
		},
		{
			"name": "octagon",
			"from": [7.8136, 6.35, -13.7],
			"to": [8.1864, 7.25, -13.7],
			"rotation": {"angle": 45, "axis": "z", "origin": [8, 6.8, -11.7]},
			"faces": {
				"north": {"uv": [15, 0, 16, 1], "texture": "#0"},
				"east": {"uv": [15, 0, 16, 1], "texture": "#0"},
				"south": {"uv": [15, 0, 16, 1], "texture": "#0"},
				"west": {"uv": [15, 0, 16, 1], "texture": "#0"},
				"up": {"uv": [15, 0, 16, 1], "texture": "#0"},
				"down": {"uv": [15, 0, 16, 1], "texture": "#0"}
			}
		},
		{
			"name": "octagon",
			"from": [7.8136, 6.35, -13.7],
			"to": [8.1864, 7.25, -13.7],
			"rotation": {"angle": 0, "axis": "z", "origin": [8, 6.8, -11.7]},
			"faces": {
				"north": {"uv": [15, 0, 16, 1], "texture": "#0"},
				"east": {"uv": [15, 0, 16, 1], "texture": "#0"},
				"south": {"uv": [15, 0, 16, 1], "texture": "#0"},
				"west": {"uv": [15, 0, 16, 1], "texture": "#0"},
				"up": {"uv": [15, 0, 16, 1], "texture": "#0"},
				"down": {"uv": [15, 0, 16, 1], "texture": "#0"}
			}
		},
		{
			"name": "octagon",
			"from": [7.55, 6.6136, -13.7],
			"to": [8.45, 6.9864, -13.7],
			"rotation": {"angle": 45, "axis": "z", "origin": [8, 6.8, -11.7]},
			"faces": {
				"north": {"uv": [15, 0, 16, 1], "texture": "#0"},
				"east": {"uv": [15, 0, 16, 1], "texture": "#0"},
				"south": {"uv": [15, 0, 16, 1], "texture": "#0"},
				"west": {"uv": [15, 0, 16, 1], "texture": "#0"},
				"up": {"uv": [15, 0, 16, 1], "texture": "#0"},
				"down": {"uv": [15, 0, 16, 1], "texture": "#0"}
			}
		},
		{
			"name": "octagon",
			"from": [7.55, 6.6136, -13.7],
			"to": [8.45, 6.9864, -13.7],
			"rotation": {"angle": 0, "axis": "z", "origin": [8, 6.8, -11.7]},
			"faces": {
				"north": {"uv": [15, 0, 16, 1], "texture": "#0"},
				"east": {"uv": [15, 0, 16, 1], "texture": "#0"},
				"south": {"uv": [15, 0, 16, 1], "texture": "#0"},
				"west": {"uv": [15, 0, 16, 1], "texture": "#0"},
				"up": {"uv": [15, 0, 16, 1], "texture": "#0"},
				"down": {"uv": [15, 0, 16, 1], "texture": "#0"}
			}
		}
	],
	"display": {
		"thirdperson_righthand": {
			"translation": [0, 2.75, -2],
			"scale": [0.95, 0.95, 0.95]
		},
		"thirdperson_lefthand": {
			"translation": [0, 2.75, -2],
			"scale": [0.95, 0.95, 0.95]
		},
		"firstperson_righthand": {
			"rotation": [0, -10, 0],
			"translation": [10.25, 4, 2]
		},
		"firstperson_lefthand": {
			"rotation": [0, -10, 0],
			"translation": [10.25, 4, 2]
		},
		"ground": {
			"rotation": [0, 0, -90],
			"translation": [3, -2, 1],
			"scale": [0.8, 0.8, 0.8]
		},
		"gui": {
			"rotation": [21, 128, 0],
			"translation": [0.75, 2.25, 0]
		},
		"head": {
			"translation": [0, 4.5, -45.25],
			"scale": [1, 1, 3]
		},
		"fixed": {
			"rotation": [0, -90, 0],
			"translation": [-1.5, 2.5, 0.25]
		}
	},
	"groups": [
		{
			"name": "Handle & Grip",
			"origin": [8, 4.22059, 13.78296],
			"color": 0,
			"children": [0, 1, 2, 3, 4, 5, 6, 7, 8, 9, 10, 11, 12]
		},
		{
			"name": "Base",
			"origin": [8, 3, 10],
			"color": 0,
			"children": [
				{
					"name": "octagon",
					"origin": [8, 4.25, 10.4],
					"color": 0,
					"children": [13, 14, 15, 16, 17, 18, 19]
				},
				20,
				21,
				22
			]
		},
		{
			"name": "Barrel",
			"origin": [8, 8, 8],
			"color": 0,
			"children": [
				{
					"name": "octagon",
					"origin": [8, 8, 8],
					"color": 0,
					"children": [23, 24, 25, 26]
				},
				{
					"name": "octagon",
					"origin": [8, 8, 8],
					"color": 0,
					"children": [27, 28, 29, 30]
				},
				{
					"name": "octagon",
					"origin": [8, 8, 8],
					"color": 0,
					"children": [31, 32, 33, 34]
				},
				{
					"name": "octagon",
					"origin": [8, 8, 8],
					"color": 0,
					"children": [35, 36, 37, 38]
				},
				{
					"name": "octagon",
					"origin": [8, 8, 8],
					"color": 0,
					"children": [39, 40, 41, 42, 43, 44, 45, 46, 47, 48]
				},
				{
					"name": "octagon",
					"origin": [8, 8, 8],
					"color": 0,
					"children": [49, 50, 51, 52]
				},
				{
					"name": "octagon",
					"origin": [8, 8, 8],
					"color": 0,
					"children": [53, 54, 55, 56, 57, 58]
				},
				{
					"name": "octagon",
					"origin": [8, 8, 8],
					"color": 0,
					"children": [59, 60, 61, 62]
				}
			]
		}
	]
}