{
	"format_version": "1.21.6",
	"credit": "Made with Blockbench",
	"textures": {
		"0": "modern_guns:item/m1a",
		"particle": "modern_guns:item/m1a"
	},
	"elements": [
		{
			"from": [7.35, 2.01, 16.13],
			"to": [8.65, 4.51, 20.13],
			"rotation": {"angle": -25, "axis": "x", "origin": [8, 2.99962, 18.14885]},
			"faces": {
				"north": {"uv": [0, 3, 1.3, 5.5], "rotation": 180, "texture": "#0"},
				"east": {"uv": [0, 0.25, 2.5, 4.25], "rotation": 90, "texture": "#0"},
				"south": {"uv": [0, 3, 1.3, 5.5], "texture": "#0"},
				"west": {"uv": [0, 0.25, 2.5, 4.25], "rotation": 270, "texture": "#0"},
				"up": {"uv": [0, 0, 1.3, 4], "texture": "#0"},
				"down": {"uv": [0, 0, 1.3, 4], "rotation": 180, "texture": "#0"}
			}
		},
		{
			"from": [7.349, 4.69962, 19.29885],
			"to": [8.649, 5.20962, 24.44885],
			"rotation": {"angle": 0, "axis": "y", "origin": [8, 3.59962, 21.29885]},
			"faces": {
				"north": {"uv": [0, 3, 1.3, 3.51], "rotation": 180, "texture": "#0"},
				"east": {"uv": [0, 0.25, 0.51, 5.4], "rotation": 90, "texture": "#0"},
				"south": {"uv": [0, 3, 1.3, 3.51], "texture": "#0"},
				"west": {"uv": [0, 0.85, 0.51, 6], "rotation": 270, "texture": "#0"},
				"up": {"uv": [0, 0, 1.3, 5.15], "texture": "#0"},
				"down": {"uv": [0, 0, 1.3, 5.15], "rotation": 180, "texture": "#0"}
			}
		},
		{
			"from": [7.349, 1.79962, 18.69885],
			"to": [8.649, 4.70962, 24.44885],
			"rotation": {"angle": 0, "axis": "y", "origin": [8, 3.59962, 21.29885]},
			"faces": {
				"north": {"uv": [0, 3, 1.3, 5.91], "rotation": 180, "texture": "#0"},
				"east": {"uv": [0, 0.25, 2.91, 6], "rotation": 90, "texture": "#0"},
				"south": {"uv": [0, 3, 1.3, 5.91], "texture": "#0"},
				"west": {"uv": [0, 0.25, 2.91, 6], "rotation": 270, "texture": "#0"},
				"up": {"uv": [0, 0, 1.3, 5.75], "texture": "#0"},
				"down": {"uv": [0, 0, 1.3, 5.75], "rotation": 180, "texture": "#0"}
			}
		},
		{
			"from": [7.349, 1.44962, 20.64885],
			"to": [8.649, 1.79962, 24.44885],
			"rotation": {"angle": 0, "axis": "y", "origin": [8, 3.59962, 21.29885]},
			"faces": {
				"north": {"uv": [0, 3, 1.3, 3.35], "rotation": 180, "texture": "#0"},
				"east": {"uv": [0, 0.25, 0.35, 4.05], "rotation": 90, "texture": "#0"},
				"south": {"uv": [0, 3, 1.3, 3.35], "texture": "#0"},
				"west": {"uv": [0.2, 1.2, 0.55, 5], "rotation": 270, "texture": "#0"},
				"up": {"uv": [0, 0, 1.3, 3.8], "texture": "#0"},
				"down": {"uv": [0, 0, 1.3, 3.8], "rotation": 180, "texture": "#0"}
			}
		},
		{
			"from": [7.349, 0.94962, 22.19885],
			"to": [8.649, 1.44962, 24.44885],
			"rotation": {"angle": 0, "axis": "y", "origin": [8, 3.59962, 21.29885]},
			"faces": {
				"north": {"uv": [0, 3, 1.3, 3.5], "rotation": 180, "texture": "#0"},
				"east": {"uv": [0, 0.25, 0.5, 2.5], "rotation": 90, "texture": "#0"},
				"south": {"uv": [0, 3, 1.3, 3.5], "texture": "#0"},
				"west": {"uv": [0.5, 2.75, 1, 5], "rotation": 270, "texture": "#0"},
				"up": {"uv": [0, 0, 1.3, 2.25], "texture": "#0"},
				"down": {"uv": [0, 0, 1.3, 2.25], "rotation": 180, "texture": "#0"}
			}
		},
		{
			"from": [7.352, 0.70997, 15.36314],
			"to": [8.632, 2.70997, 18.36314],
			"rotation": {"angle": -30, "axis": "x", "origin": [8, 1.70997, 16.36314]},
			"faces": {
				"north": {"uv": [0, 0, 1.28, 2], "texture": "#0"},
				"east": {"uv": [0, 0.25, 3, 2.25], "texture": "#0"},
				"south": {"uv": [0, 0, 1.28, 2], "texture": "#0"},
				"west": {"uv": [0, 0.25, 3, 2.25], "texture": "#0"},
				"up": {"uv": [0, 3, 1.28, 6], "texture": "#0"},
				"down": {"uv": [0, 3, 1.28, 6], "texture": "#0"}
			}
		},
		{
			"from": [7.351, 1.74, 18.515],
			"to": [8.641, 2.24, 24.715],
			"rotation": {"angle": 12.5, "axis": "x", "origin": [8, 2.80997, 18.71122]},
			"faces": {
				"north": {"uv": [0, 0, 1.29, 0.5], "texture": "#0"},
				"east": {"uv": [0, 0.25, 6.2, 0.75], "texture": "#0"},
				"south": {"uv": [0, 0, 1.29, 0.5], "texture": "#0"},
				"west": {"uv": [0, 0.25, 6.2, 0.75], "texture": "#0"},
				"up": {"uv": [0, 3, 1.29, 9.2], "texture": "#0"},
				"down": {"uv": [0, 3, 1.29, 9.2], "texture": "#0"}
			}
		},
		{
			"from": [7.351, 0.4, 14.25],
			"to": [8.641, 5.4, 16.25],
			"rotation": {"angle": -37.5, "axis": "x", "origin": [8, 2.9, 15.25]},
			"faces": {
				"north": {"uv": [0, 0, 1.29, 5], "texture": "#0"},
				"east": {"uv": [0, 0.25, 2, 5.25], "texture": "#0"},
				"south": {"uv": [0, 0, 1.29, 5], "texture": "#0"},
				"west": {"uv": [0, 0.25, 2, 5.25], "texture": "#0"},
				"up": {"uv": [0, 3, 1.29, 5], "texture": "#0"},
				"down": {"uv": [0, 3, 1.29, 5], "texture": "#0"}
			}
		},
		{
			"from": [7.6, 2, 11.6],
			"to": [8.4, 3.75, 12],
			"rotation": {"angle": -10, "axis": "x", "origin": [8, 2.875, 11.75]},
			"faces": {
				"north": {"uv": [15.2, 0, 16, 1.75], "texture": "#0"},
				"east": {"uv": [14, 0, 14.4, 1.75], "texture": "#0"},
				"south": {"uv": [15.2, 0, 16, 1.75], "texture": "#0"},
				"west": {"uv": [14, 0, 14.4, 1.75], "texture": "#0"},
				"up": {"uv": [15.2, 0, 16, 0.4], "texture": "#0"},
				"down": {"uv": [15.2, 0, 16, 0.4], "texture": "#0"}
			}
		},
		{
			"name": "octagon",
			"from": [7.6, 2.10117, 10.075],
			"to": [8.4, 3.54883, 10.425],
			"rotation": {"angle": 0, "axis": "y", "origin": [8, 2.65, 11.4]},
			"faces": {
				"north": {"uv": [15, 14.55233, 15.8, 15.99999], "texture": "#0"},
				"east": {"uv": [15, 14.55233, 15.35, 15.99999], "texture": "#0"},
				"south": {"uv": [15, 14.55233, 15.8, 15.99999], "texture": "#0"},
				"west": {"uv": [15, 14.55233, 15.35, 15.99999], "texture": "#0"},
				"up": {"uv": [15, 15, 15.8, 15.35], "texture": "#0"},
				"down": {"uv": [15, 15, 15.8, 15.35], "texture": "#0"}
			}
		},
		{
			"name": "octagon",
			"from": [7.6, 2.10117, 12.375],
			"to": [8.4, 3.19883, 12.725],
			"rotation": {"angle": 45, "axis": "x", "origin": [8, 2.65, 11.4]},
			"faces": {
				"north": {"uv": [15, 14.90233, 15.8, 15.99999], "texture": "#0"},
				"east": {"uv": [15, 14.90233, 15.35, 15.99999], "texture": "#0"},
				"south": {"uv": [15, 14.90233, 15.8, 15.99999], "texture": "#0"},
				"west": {"uv": [15, 14.90233, 15.35, 15.99999], "texture": "#0"},
				"up": {"uv": [15, 15, 15.8, 15.35], "texture": "#0"},
				"down": {"uv": [15, 15, 15.8, 15.35], "texture": "#0"}
			}
		},
		{
			"name": "octagon",
			"from": [7.6, 2.10117, 12.375],
			"to": [8.4, 3.54883, 12.725],
			"rotation": {"angle": 0, "axis": "y", "origin": [8, 2.65, 11.4]},
			"faces": {
				"north": {"uv": [15, 14.55233, 15.8, 15.99999], "texture": "#0"},
				"east": {"uv": [15, 14.55233, 15.35, 15.99999], "texture": "#0"},
				"south": {"uv": [15, 14.55233, 15.8, 15.99999], "texture": "#0"},
				"west": {"uv": [15, 14.55233, 15.35, 15.99999], "texture": "#0"},
				"up": {"uv": [15, 15, 15.8, 15.35], "texture": "#0"},
				"down": {"uv": [15, 15, 15.8, 15.35], "texture": "#0"}
			}
		},
		{
			"name": "octagon",
			"from": [7.6, 1.325, 10.85117],
			"to": [8.4, 1.675, 11.94883],
			"rotation": {"angle": 45, "axis": "x", "origin": [8, 2.65, 11.4]},
			"faces": {
				"north": {"uv": [15, 15, 15.8, 15.35], "texture": "#0"},
				"east": {"uv": [14.90233, 15, 15.99999, 15.35], "texture": "#0"},
				"south": {"uv": [15, 15, 15.8, 15.35], "texture": "#0"},
				"west": {"uv": [14.90233, 15, 15.99999, 15.35], "texture": "#0"},
				"up": {"uv": [15, 14.90233, 15.8, 15.99999], "texture": "#0"},
				"down": {"uv": [15, 14.90233, 15.8, 15.99999], "texture": "#0"}
			}
		},
		{
			"name": "octagon",
			"from": [7.6, 1.325, 10.85117],
			"to": [8.4, 1.675, 11.94883],
			"rotation": {"angle": 0, "axis": "y", "origin": [8, 2.65, 11.4]},
			"faces": {
				"north": {"uv": [15, 15, 15.8, 15.35], "texture": "#0"},
				"east": {"uv": [14.90233, 15, 15.99999, 15.35], "texture": "#0"},
				"south": {"uv": [15, 15, 15.8, 15.35], "texture": "#0"},
				"west": {"uv": [14.90233, 15, 15.99999, 15.35], "texture": "#0"},
				"up": {"uv": [15, 14.90233, 15.8, 15.99999], "texture": "#0"},
				"down": {"uv": [15, 14.90233, 15.8, 15.99999], "texture": "#0"}
			}
		},
		{
			"from": [7.35, 3.5, 5],
			"to": [8.65, 5.5, 14.5],
			"rotation": {"angle": 0, "axis": "y", "origin": [8, 2, 13]},
			"faces": {
				"north": {"uv": [0, 0, 1.3, 2], "texture": "#0"},
				"east": {"uv": [0, 0.25, 9.5, 2.25], "texture": "#0"},
				"south": {"uv": [0, 0, 1.3, 2], "texture": "#0"},
				"west": {"uv": [0, 0.25, 9.5, 2.25], "texture": "#0"},
				"up": {"uv": [0, 2.5, 1.3, 12], "texture": "#0"},
				"down": {"uv": [0, 2.5, 1.3, 12], "texture": "#0"}
			}
		},
		{
			"from": [7.35, 4, 4],
			"to": [8.65, 5.5, 5],
			"rotation": {"angle": 0, "axis": "y", "origin": [8, 2, 13]},
			"faces": {
				"north": {"uv": [3, 0, 4.3, 1.5], "texture": "#0"},
				"east": {"uv": [3, 0.25, 4, 1.75], "texture": "#0"},
				"south": {"uv": [3, 0, 4.3, 1.5], "texture": "#0"},
				"west": {"uv": [3, 0.25, 4, 1.75], "texture": "#0"},
				"up": {"uv": [3, 0, 4.3, 1], "texture": "#0"},
				"down": {"uv": [3, 0, 4.3, 1], "texture": "#0"}
			}
		},
		{
			"from": [7.35, 4, -4],
			"to": [8.65, 6.5, 4],
			"rotation": {"angle": 0, "axis": "y", "origin": [8, 2, 13]},
			"faces": {
				"north": {"uv": [0, 0, 1.3, 2.5], "texture": "#0"},
				"east": {"uv": [0, 0.25, 9, 2.75], "texture": "#0"},
				"south": {"uv": [0, 0, 1.3, 2.5], "texture": "#0"},
				"west": {"uv": [0, 0.25, 9, 2.75], "texture": "#0"},
				"up": {"uv": [0, 3, 1.3, 12], "texture": "#0"},
				"down": {"uv": [0, 3, 1.3, 12], "texture": "#0"}
			}
		},
		{
			"from": [7.351, 3.88, -0.62],
			"to": [8.641, 4.38, 5.13],
			"rotation": {"angle": 5, "axis": "x", "origin": [8, 5.15, 0.75]},
			"faces": {
				"north": {"uv": [0, 0, 1.29, 0.5], "texture": "#0"},
				"east": {"uv": [0, 0.25, 5.75, 0.75], "texture": "#0"},
				"south": {"uv": [0, 0, 1.29, 0.5], "texture": "#0"},
				"west": {"uv": [0, 0.25, 5.75, 0.75], "texture": "#0"},
				"up": {"uv": [0, 3, 1.29, 8.75], "texture": "#0"},
				"down": {"uv": [0, 3, 1.29, 8.75], "texture": "#0"}
			}
		},
		{
			"from": [7.35, 5.5, 4],
			"to": [8.65, 6.5, 14],
			"rotation": {"angle": 0, "axis": "y", "origin": [8, 2, 13]},
			"faces": {
				"north": {"uv": [14.7, 15, 16, 16], "texture": "#0"},
				"east": {"uv": [6, 15, 16, 16], "texture": "#0"},
				"south": {"uv": [13, 15, 14.3, 16], "texture": "#0"},
				"west": {"uv": [6, 15, 16, 16], "texture": "#0"},
				"up": {"uv": [16, 6, 14.7, 16], "texture": "#0"},
				"down": {"uv": [14.7, 6, 16, 16], "texture": "#0"}
			}
		},
		{
			"from": [7.5, 6.5, 11],
			"to": [8.5, 7, 12.75],
			"rotation": {"angle": 0, "axis": "y", "origin": [8, 2, 13]},
			"faces": {
				"north": {"uv": [14, 15.5, 15, 16], "texture": "#0"},
				"east": {"uv": [14, 15, 15.75, 15.5], "texture": "#0"},
				"south": {"uv": [12, 15, 13, 15.5], "texture": "#0"},
				"west": {"uv": [13, 15.5, 14.75, 16], "texture": "#0"},
				"up": {"uv": [15, 13, 16, 14.75], "texture": "#0"},
				"down": {"uv": [15, 14.25, 16, 16], "texture": "#0"}
			}
		},
		{
			"from": [7.45, 1.5, 4.1],
			"to": [8.55, 4, 8.1],
			"rotation": {"angle": 7, "axis": "x", "origin": [8, 2.75, 6.1]},
			"faces": {
				"north": {"uv": [8.25, 6, 9.75, 8.5], "texture": "#0"},
				"east": {"uv": [10, 6, 14, 8.5], "texture": "#0"},
				"south": {"uv": [8.25, 6, 9.75, 8.5], "texture": "#0"},
				"west": {"uv": [10, 6, 14, 8.5], "texture": "#0"},
				"up": {"uv": [8.25, 6, 9.75, 10], "texture": "#0"},
				"down": {"uv": [8.25, 6, 9.75, 10], "texture": "#0"}
			}
		},
		{
			"name": "octagon",
			"from": [7.4, 6.74467, 11.875],
			"to": [8.6, 7.05533, 12.625],
			"rotation": {"angle": 45, "axis": "x", "origin": [8, 6.9, 12.25]},
			"faces": {
				"north": {"uv": [15, 15.25, 16, 15.56066], "texture": "#0"},
				"east": {"uv": [15.25, 15.25, 16, 15.56066], "texture": "#0"},
				"south": {"uv": [15, 15.25, 16, 15.56066], "texture": "#0"},
				"west": {"uv": [15.25, 15.25, 16, 15.56066], "texture": "#0"},
				"up": {"uv": [15, 15.25, 16, 16], "texture": "#0"},
				"down": {"uv": [15, 15.25, 16, 16], "texture": "#0"}
			}
		},
		{
			"name": "octagon",
			"from": [7.4, 6.74467, 11.875],
			"to": [8.6, 7.05533, 12.625],
			"rotation": {"angle": 0, "axis": "y", "origin": [8, 6.9, 12.25]},
			"faces": {
				"north": {"uv": [15, 15.25, 16, 15.56066], "texture": "#0"},
				"east": {"uv": [15.25, 15.25, 16, 15.56066], "texture": "#0"},
				"south": {"uv": [15, 15.25, 16, 15.56066], "texture": "#0"},
				"west": {"uv": [15.25, 15.25, 16, 15.56066], "texture": "#0"},
				"up": {"uv": [15, 15.25, 16, 16], "texture": "#0"},
				"down": {"uv": [15, 15.25, 16, 16], "texture": "#0"}
			}
		},
		{
			"name": "octagon",
			"from": [7.4, 6.525, 12.09467],
			"to": [8.6, 7.275, 12.40533],
			"rotation": {"angle": 45, "axis": "x", "origin": [8, 6.9, 12.25]},
			"faces": {
				"north": {"uv": [15, 15.25, 16, 16], "texture": "#0"},
				"east": {"uv": [15.25, 15.25, 15.56066, 16], "texture": "#0"},
				"south": {"uv": [15, 15.25, 16, 16], "texture": "#0"},
				"west": {"uv": [15.25, 15.25, 15.56066, 16], "texture": "#0"},
				"up": {"uv": [15, 15.25, 16, 15.56066], "texture": "#0"},
				"down": {"uv": [15, 15.25, 16, 15.56066], "texture": "#0"}
			}
		},
		{
			"name": "octagon",
			"from": [7.4, 6.525, 12.09467],
			"to": [8.6, 7.275, 12.40533],
			"rotation": {"angle": 0, "axis": "y", "origin": [8, 6.9, 12.25]},
			"faces": {
				"north": {"uv": [15, 15.25, 16, 16], "texture": "#0"},
				"east": {"uv": [15.25, 15.25, 15.56066, 16], "texture": "#0"},
				"south": {"uv": [15, 15.25, 16, 16], "texture": "#0"},
				"west": {"uv": [15.25, 15.25, 15.56066, 16], "texture": "#0"},
				"up": {"uv": [15, 15.25, 16, 15.56066], "texture": "#0"},
				"down": {"uv": [15, 15.25, 16, 15.56066], "texture": "#0"}
			}
		},
		{
			"from": [7.75, 6.75, -14.1],
			"to": [8.25, 7, -13.6],
			"faces": {
				"north": {"uv": [5.5, 15.25, 6, 15.5], "texture": "#0"},
				"east": {"uv": [5, 15.25, 5.5, 15.5], "texture": "#0"},
				"south": {"uv": [5.5, 15.25, 6, 15.5], "texture": "#0"},
				"west": {"uv": [5, 15.25, 5.5, 15.5], "texture": "#0"},
				"up": {"uv": [5.5, 15, 6, 15.5], "texture": "#0"},
				"down": {"uv": [5.5, 15, 6, 15.5], "texture": "#0"}
			}
		},
		{
			"from": [7.75, 6, -14.5],
			"to": [8.25, 6.75, -13.5],
			"faces": {
				"north": {"uv": [11.5, 15.25, 12, 16], "texture": "#0"},
				"east": {"uv": [11, 15.25, 12, 16], "texture": "#0"},
				"south": {"uv": [11.5, 15.25, 12, 16], "texture": "#0"},
				"west": {"uv": [11, 15.25, 12, 16], "texture": "#0"},
				"up": {"uv": [11.5, 15, 12, 16], "texture": "#0"},
				"down": {"uv": [11.5, 15, 12, 16], "texture": "#0"}
			}
		},
		{
			"from": [7.35, 4, -4.5],
			"to": [8.65, 6.5, -4],
			"rotation": {"angle": 0, "axis": "y", "origin": [8, 2, 13]},
			"faces": {
				"north": {"uv": [10, 6, 11.3, 8.5], "texture": "#0"},
				"east": {"uv": [8, 7, 8.5, 9.5], "texture": "#0"},
				"south": {"uv": [9, 6, 10.3, 8.5], "texture": "#0"},
				"west": {"uv": [9, 7, 9.5, 9.5], "texture": "#0"},
				"up": {"uv": [11, 7, 12.3, 7.5], "texture": "#0"},
				"down": {"uv": [9, 7, 10.3, 7.5], "texture": "#0"}
			}
		},
		{
			"name": "octagon",
			"from": [7.84467, 5.525, -15.75],
			"to": [8.15533, 6.275, -15.75],
			"rotation": {"angle": 45, "axis": "z", "origin": [8, 5.9, -13.75]},
			"faces": {
				"north": {"uv": [0, 15, 1, 16], "texture": "#0"},
				"east": {"uv": [0, 15, 1, 16], "texture": "#0"},
				"south": {"uv": [0, 15, 1, 16], "texture": "#0"},
				"west": {"uv": [0, 15, 1, 16], "texture": "#0"},
				"up": {"uv": [0, 15, 1, 16], "texture": "#0"},
				"down": {"uv": [0, 15, 1, 16], "texture": "#0"}
			}
		},
		{
			"name": "octagon",
			"from": [7.84467, 5.525, -15.75],
			"to": [8.15533, 6.275, -15.75],
			"rotation": {"angle": 0, "axis": "y", "origin": [8, 5.9, -13.75]},
			"faces": {
				"north": {"uv": [0, 15, 1, 16], "texture": "#0"},
				"east": {"uv": [0, 15, 1, 16], "texture": "#0"},
				"south": {"uv": [0, 15, 1, 16], "texture": "#0"},
				"west": {"uv": [0, 15, 1, 16], "texture": "#0"},
				"up": {"uv": [0, 15, 1, 16], "texture": "#0"},
				"down": {"uv": [0, 15, 1, 16], "texture": "#0"}
			}
		},
		{
			"name": "octagon",
			"from": [7.625, 5.74467, -15.75],
			"to": [8.375, 6.05533, -15.75],
			"rotation": {"angle": 45, "axis": "z", "origin": [8, 5.9, -13.75]},
			"faces": {
				"north": {"uv": [0, 15, 1, 16], "texture": "#0"},
				"east": {"uv": [0, 15, 1, 16], "texture": "#0"},
				"south": {"uv": [0, 15, 1, 16], "texture": "#0"},
				"west": {"uv": [0, 15, 1, 16], "texture": "#0"},
				"up": {"uv": [0, 15, 1, 16], "texture": "#0"},
				"down": {"uv": [0, 15, 1, 16], "texture": "#0"}
			}
		},
		{
			"name": "octagon",
			"from": [7.625, 5.74467, -15.75],
			"to": [8.375, 6.05533, -15.75],
			"rotation": {"angle": 0, "axis": "y", "origin": [8, 5.9, -13.75]},
			"faces": {
				"north": {"uv": [0, 15, 1, 16], "texture": "#0"},
				"east": {"uv": [0, 15, 1, 16], "texture": "#0"},
				"south": {"uv": [0, 15, 1, 16], "texture": "#0"},
				"west": {"uv": [0, 15, 1, 16], "texture": "#0"},
				"up": {"uv": [0, 15, 1, 16], "texture": "#0"},
				"down": {"uv": [0, 15, 1, 16], "texture": "#0"}
			}
		},
		{
			"name": "octagon",
			"from": [7.74112, 6.225, -7],
			"to": [8.25888, 6.475, -6.5],
			"rotation": {"angle": 45, "axis": "z", "origin": [8, 5.85, -6]},
			"faces": {
				"north": {"uv": [10, 6, 10.51776, 6.25], "texture": "#0"},
				"east": {"uv": [8, 7, 8.5, 7.25], "texture": "#0"},
				"south": {"uv": [9, 6, 9.51776, 6.25], "texture": "#0"},
				"west": {"uv": [9, 7, 9.5, 7.25], "texture": "#0"},
				"up": {"uv": [11, 7, 11.51776, 7.5], "texture": "#0"},
				"down": {"uv": [9, 7, 9.51776, 7.5], "texture": "#0"}
			}
		},
		{
			"name": "octagon",
			"from": [7.375, 4.34112, -7],
			"to": [7.625, 4.85888, -6.5],
			"rotation": {"angle": 45, "axis": "z", "origin": [8, 4.6, -6]},
			"faces": {
				"north": {"uv": [10, 6, 10.25, 6.51776], "texture": "#0"},
				"east": {"uv": [8, 7, 8.5, 7.51776], "texture": "#0"},
				"south": {"uv": [9, 6, 9.25, 6.51776], "texture": "#0"},
				"west": {"uv": [9, 7, 9.5, 7.51776], "texture": "#0"},
				"up": {"uv": [11, 7, 11.25, 7.5], "texture": "#0"},
				"down": {"uv": [9, 7, 9.25, 7.5], "texture": "#0"}
			}
		},
		{
			"name": "octagon",
			"from": [7.74112, 3.975, -7],
			"to": [8.25888, 4.225, -6.5],
			"rotation": {"angle": 45, "axis": "z", "origin": [8, 4.6, -6]},
			"faces": {
				"north": {"uv": [10, 6, 10.51776, 6.25], "texture": "#0"},
				"east": {"uv": [8, 7, 8.5, 7.25], "texture": "#0"},
				"south": {"uv": [9, 6, 9.51776, 6.25], "texture": "#0"},
				"west": {"uv": [9, 7, 9.5, 7.25], "texture": "#0"},
				"up": {"uv": [11, 7, 11.51776, 7.5], "texture": "#0"},
				"down": {"uv": [9, 7, 9.51776, 7.5], "texture": "#0"}
			}
		},
		{
			"name": "octagon",
			"from": [7.74112, 3.975, -7],
			"to": [8.25888, 6.475, -6.5],
			"rotation": {"angle": 0, "axis": "y", "origin": [8, 5.85, -6]},
			"faces": {
				"north": {"uv": [10, 6, 10.51776, 8.5], "texture": "#0"},
				"east": {"uv": [8, 7, 8.5, 9.5], "texture": "#0"},
				"south": {"uv": [9, 6, 9.51776, 8.5], "texture": "#0"},
				"west": {"uv": [9, 7, 9.5, 9.5], "texture": "#0"},
				"up": {"uv": [11, 7, 11.51776, 7.5], "texture": "#0"},
				"down": {"uv": [9, 7, 9.51776, 7.5], "texture": "#0"}
			}
		},
		{
			"name": "octagon",
			"from": [8.375, 5.59112, -7],
			"to": [8.625, 6.10888, -6.5],
			"rotation": {"angle": 45, "axis": "z", "origin": [8, 5.85, -6]},
			"faces": {
				"north": {"uv": [10, 6, 10.25, 6.51776], "texture": "#0"},
				"east": {"uv": [8, 7, 8.5, 7.51776], "texture": "#0"},
				"south": {"uv": [9, 6, 9.25, 6.51776], "texture": "#0"},
				"west": {"uv": [9, 7, 9.5, 7.51776], "texture": "#0"},
				"up": {"uv": [11, 7, 11.25, 7.5], "texture": "#0"},
				"down": {"uv": [9, 7, 9.25, 7.5], "texture": "#0"}
			}
		},
		{
			"name": "octagon",
			"from": [7.375, 4.34112, -7],
			"to": [8.625, 6.10888, -6.5],
			"rotation": {"angle": 0, "axis": "y", "origin": [8, 4.6, -6]},
			"faces": {
				"north": {"uv": [10, 6, 11.25, 7.76776], "texture": "#0"},
				"east": {"uv": [8, 7, 8.5, 8.76776], "texture": "#0"},
				"south": {"uv": [9, 6, 10.25, 7.76776], "texture": "#0"},
				"west": {"uv": [9, 7, 9.5, 8.76776], "texture": "#0"},
				"up": {"uv": [11, 7, 12.25, 7.5], "texture": "#0"},
				"down": {"uv": [9, 7, 10.25, 7.5], "texture": "#0"}
			}
		},
		{
			"name": "octagon",
			"from": [7.79289, 5.35, -15.99],
			"to": [8.20711, 5.65, -4.49],
			"rotation": {"angle": 45, "axis": "z", "origin": [8, 5.85, -5.5]},
			"faces": {
				"north": {"uv": [8, 15, 8.41422, 15.3], "texture": "#0"},
				"east": {"uv": [4.5, 15, 16, 15.3], "texture": "#0"},
				"south": {"uv": [15, 15, 15.41422, 15.3], "texture": "#0"},
				"west": {"uv": [4.5, 15, 16, 15.3], "texture": "#0"},
				"up": {"uv": [15, 4.5, 15.41422, 16], "texture": "#0"},
				"down": {"uv": [15, 4.5, 15.41422, 16], "texture": "#0"}
			}
		},
		{
			"name": "octagon",
			"from": [7.79289, 5.35, -16],
			"to": [8.20711, 5.65, -4.5],
			"rotation": {"angle": 0, "axis": "y", "origin": [8, 5.85, -5.5]},
			"faces": {
				"north": {"uv": [12, 15, 12.41422, 15.3], "texture": "#0"},
				"east": {"uv": [4.5, 15, 16, 15.3], "texture": "#0"},
				"south": {"uv": [15, 15, 15.41422, 15.3], "texture": "#0"},
				"west": {"uv": [4.5, 15, 16, 15.3], "texture": "#0"},
				"up": {"uv": [15, 4.5, 15.41422, 16], "texture": "#0"},
				"down": {"uv": [15, 4.5, 15.41422, 16], "texture": "#0"}
			}
		},
		{
			"name": "octagon",
			"from": [7.79289, 6.05, -15.99],
			"to": [8.20711, 6.35, -4.49],
			"rotation": {"angle": 45, "axis": "z", "origin": [8, 5.85, -5.5]},
			"faces": {
				"north": {"uv": [6, 15, 6.41422, 15.3], "texture": "#0"},
				"east": {"uv": [4.5, 15, 16, 15.3], "texture": "#0"},
				"south": {"uv": [15, 15, 15.41422, 15.3], "texture": "#0"},
				"west": {"uv": [4.5, 15, 16, 15.3], "texture": "#0"},
				"up": {"uv": [15, 4.5, 15.41422, 16], "texture": "#0"},
				"down": {"uv": [15, 4.5, 15.41422, 16], "texture": "#0"}
			}
		},
		{
			"name": "octagon",
			"from": [7.79289, 6.05, -16],
			"to": [8.20711, 6.35, -4.5],
			"rotation": {"angle": 0, "axis": "y", "origin": [8, 5.85, -5.5]},
			"faces": {
				"north": {"uv": [7, 15, 7.41422, 15.3], "texture": "#0"},
				"east": {"uv": [4.5, 15, 16, 15.3], "texture": "#0"},
				"south": {"uv": [15, 15, 15.41422, 15.3], "texture": "#0"},
				"west": {"uv": [4.5, 15, 16, 15.3], "texture": "#0"},
				"up": {"uv": [15, 4.5, 15.41422, 16], "texture": "#0"},
				"down": {"uv": [15, 4.5, 15.41422, 16], "texture": "#0"}
			}
		},
		{
			"name": "octagon",
			"from": [7.5, 5.64289, -15.99],
			"to": [7.8, 6.05711, -4.49],
			"rotation": {"angle": 45, "axis": "z", "origin": [8, 5.85, -5.5]},
			"faces": {
				"north": {"uv": [12, 15, 12.3, 15.41422], "texture": "#0"},
				"east": {"uv": [4.5, 15, 16, 15.41422], "texture": "#0"},
				"south": {"uv": [15, 15, 15.3, 15.41422], "texture": "#0"},
				"west": {"uv": [4.5, 15, 16, 15.41422], "texture": "#0"},
				"up": {"uv": [15, 4.5, 15.3, 16], "texture": "#0"},
				"down": {"uv": [15, 4.5, 15.3, 16], "texture": "#0"}
			}
		},
		{
			"name": "octagon",
			"from": [7.5, 5.64289, -16],
			"to": [7.8, 6.05711, -4.5],
			"rotation": {"angle": 0, "axis": "y", "origin": [8, 5.85, -5.5]},
			"faces": {
				"north": {"uv": [8, 15, 8.3, 15.41422], "texture": "#0"},
				"east": {"uv": [4.5, 15, 16, 15.41422], "texture": "#0"},
				"south": {"uv": [15, 15, 15.3, 15.41422], "texture": "#0"},
				"west": {"uv": [4.5, 15, 16, 15.41422], "texture": "#0"},
				"up": {"uv": [15, 4.5, 15.3, 16], "texture": "#0"},
				"down": {"uv": [15, 4.5, 15.3, 16], "texture": "#0"}
			}
		},
		{
			"name": "octagon",
			"from": [8.2, 5.64289, -15.99],
			"to": [8.5, 6.05711, -4.49],
			"rotation": {"angle": 45, "axis": "z", "origin": [8, 5.85, -5.5]},
			"faces": {
				"north": {"uv": [10, 15, 10.3, 15.41422], "texture": "#0"},
				"east": {"uv": [4.5, 15, 16, 15.41422], "texture": "#0"},
				"south": {"uv": [15, 15, 15.3, 15.41422], "texture": "#0"},
				"west": {"uv": [4.5, 15, 16, 15.41422], "texture": "#0"},
				"up": {"uv": [15, 4.5, 15.3, 16], "texture": "#0"},
				"down": {"uv": [15, 4.5, 15.3, 16], "texture": "#0"}
			}
		},
		{
			"name": "octagon",
			"from": [8.2, 5.64289, -16],
			"to": [8.5, 6.05711, -4.5],
			"rotation": {"angle": 0, "axis": "y", "origin": [8, 5.85, -5.5]},
			"faces": {
				"north": {"uv": [11, 15, 11.3, 15.41422], "texture": "#0"},
				"east": {"uv": [4.5, 15, 16, 15.41422], "texture": "#0"},
				"south": {"uv": [15, 15, 15.3, 15.41422], "texture": "#0"},
				"west": {"uv": [4.5, 15, 16, 15.41422], "texture": "#0"},
				"up": {"uv": [15, 4.5, 15.3, 16], "texture": "#0"},
				"down": {"uv": [15, 4.5, 15.3, 16], "texture": "#0"}
			}
		},
		{
			"name": "octagon",
			"from": [7.79289, 4.15, -7.5],
			"to": [8.20711, 4.45, -4.5],
			"rotation": {"angle": 45, "axis": "z", "origin": [8, 4.65, -5.5]},
			"faces": {
				"north": {"uv": [11, 15, 11.41422, 15.3], "texture": "#0"},
				"east": {"uv": [13, 15, 16, 15.3], "texture": "#0"},
				"south": {"uv": [15, 15, 15.41422, 15.3], "texture": "#0"},
				"west": {"uv": [13, 15, 16, 15.3], "texture": "#0"},
				"up": {"uv": [15, 13, 15.41422, 16], "texture": "#0"},
				"down": {"uv": [15, 13, 15.41422, 16], "texture": "#0"}
			}
		},
		{
			"name": "octagon",
			"from": [7.79289, 4.15, -7.5],
			"to": [8.20711, 4.45, -4.5],
			"rotation": {"angle": 0, "axis": "y", "origin": [8, 4.65, -5.5]},
			"faces": {
				"north": {"uv": [11, 15, 11.41422, 15.3], "texture": "#0"},
				"east": {"uv": [13, 15, 16, 15.3], "texture": "#0"},
				"south": {"uv": [15, 15, 15.41422, 15.3], "texture": "#0"},
				"west": {"uv": [13, 15, 16, 15.3], "texture": "#0"},
				"up": {"uv": [15, 13, 15.41422, 16], "texture": "#0"},
				"down": {"uv": [15, 13, 15.41422, 16], "texture": "#0"}
			}
		},
		{
			"name": "octagon",
			"from": [7.79289, 4.85, -7.5],
			"to": [8.20711, 5.15, -4.5],
			"rotation": {"angle": 45, "axis": "z", "origin": [8, 4.65, -5.5]},
			"faces": {
				"north": {"uv": [11, 15, 11.41422, 15.3], "texture": "#0"},
				"east": {"uv": [13, 15, 16, 15.3], "texture": "#0"},
				"south": {"uv": [15, 15, 15.41422, 15.3], "texture": "#0"},
				"west": {"uv": [13, 15, 16, 15.3], "texture": "#0"},
				"up": {"uv": [15, 13, 15.41422, 16], "texture": "#0"},
				"down": {"uv": [15, 13, 15.41422, 16], "texture": "#0"}
			}
		},
		{
			"name": "octagon",
			"from": [7.79289, 4.15, -7.5],
			"to": [8.20711, 5.15, -4.5],
			"rotation": {"angle": 0, "axis": "y", "origin": [8, 4.65, -5.5]},
			"faces": {
				"north": {"uv": [11, 15, 11.41422, 16], "texture": "#0"},
				"east": {"uv": [13, 15, 16, 16], "texture": "#0"},
				"south": {"uv": [15, 15, 15.41422, 16], "texture": "#0"},
				"west": {"uv": [13, 15, 16, 16], "texture": "#0"},
				"up": {"uv": [15, 13, 15.41422, 16], "texture": "#0"},
				"down": {"uv": [15, 13, 15.41422, 16], "texture": "#0"}
			}
		},
		{
			"name": "octagon",
			"from": [7.5, 4.44289, -7.5],
			"to": [7.8, 4.85711, -4.5],
			"rotation": {"angle": 45, "axis": "z", "origin": [8, 4.65, -5.5]},
			"faces": {
				"north": {"uv": [11, 15, 11.3, 15.41422], "texture": "#0"},
				"east": {"uv": [13, 15, 16, 15.41422], "texture": "#0"},
				"south": {"uv": [15, 15, 15.3, 15.41422], "texture": "#0"},
				"west": {"uv": [13, 15, 16, 15.41422], "texture": "#0"},
				"up": {"uv": [15, 13, 15.3, 16], "texture": "#0"},
				"down": {"uv": [15, 13, 15.3, 16], "texture": "#0"}
			}
		},
		{
			"name": "octagon",
			"from": [7.5, 4.44289, -7.5],
			"to": [7.8, 4.85711, -4.5],
			"rotation": {"angle": 0, "axis": "y", "origin": [8, 4.65, -5.5]},
			"faces": {
				"north": {"uv": [11, 15, 11.3, 15.41422], "texture": "#0"},
				"east": {"uv": [13, 15, 16, 15.41422], "texture": "#0"},
				"south": {"uv": [15, 15, 15.3, 15.41422], "texture": "#0"},
				"west": {"uv": [13, 15, 16, 15.41422], "texture": "#0"},
				"up": {"uv": [15, 13, 15.3, 16], "texture": "#0"},
				"down": {"uv": [15, 13, 15.3, 16], "texture": "#0"}
			}
		},
		{
			"name": "octagon",
			"from": [8.2, 4.44289, -7.5],
			"to": [8.5, 4.85711, -4.5],
			"rotation": {"angle": 45, "axis": "z", "origin": [8, 4.65, -5.5]},
			"faces": {
				"north": {"uv": [11, 15, 11.3, 15.41422], "texture": "#0"},
				"east": {"uv": [13, 15, 16, 15.41422], "texture": "#0"},
				"south": {"uv": [15, 15, 15.3, 15.41422], "texture": "#0"},
				"west": {"uv": [13, 15, 16, 15.41422], "texture": "#0"},
				"up": {"uv": [15, 13, 15.3, 16], "texture": "#0"},
				"down": {"uv": [15, 13, 15.3, 16], "texture": "#0"}
			}
		},
		{
			"name": "octagon",
			"from": [8.2, 4.44289, -7.5],
			"to": [8.5, 4.85711, -4.5],
			"rotation": {"angle": 0, "axis": "y", "origin": [8, 4.65, -5.5]},
			"faces": {
				"north": {"uv": [11, 15, 11.3, 15.41422], "texture": "#0"},
				"east": {"uv": [13, 15, 16, 15.41422], "texture": "#0"},
				"south": {"uv": [15, 15, 15.3, 15.41422], "texture": "#0"},
				"west": {"uv": [13, 15, 16, 15.41422], "texture": "#0"},
				"up": {"uv": [15, 13, 15.3, 16], "texture": "#0"},
				"down": {"uv": [15, 13, 15.3, 16], "texture": "#0"}
			}
		}
	],
	"display": {
		"thirdperson_righthand": {
			"translation": [0, 4, -3.25]
		},
		"thirdperson_lefthand": {
			"translation": [0, 4, -3.25]
		},
		"firstperson_righthand": {
			"rotation": [0, -15, 0],
			"translation": [10.75, 4.75, 0.25]
		},
		"firstperson_lefthand": {
			"rotation": [0, -15, 0],
			"translation": [10.75, 4.75, 0.25]
		},
		"ground": {
			"rotation": [0, 0, -90],
			"translation": [3.25, -2.75, 1.25],
			"scale": [0.85, 0.85, 0.85]
		},
		"gui": {
			"rotation": [21, 128, 0],
			"translation": [-0.5, 2.75, 0]
		},
		"head": {
			"translation": [0, 4.5, -45.25],
			"scale": [1, 1, 3]
		},
		"fixed": {
			"rotation": [0, -90, 0],
			"translation": [-1.75, 2.5, 0.25]
		}
	},
	"groups": [
		{
			"name": "Stock & Handle",
			"origin": [8, 2.99962, 18.14885],
			"color": 0,
			"children": [
				0,
				1,
				2,
				3,
				4,
				5,
				6,
				7,
				8,
				{
					"name": "octagon",
					"origin": [8, 2.875, 11.75],
					"color": 0,
					"children": [9, 10, 11, 12, 13]
				}
			]
		},
		{
			"name": "Base",
			"origin": [8, 2, 13],
			"color": 0,
			"children": [
				14,
				15,
				16,
				17,
				18,
				19,
				20,
				{
					"name": "octagon",
					"origin": [8, 6.9, 12.25],
					"color": 0,
					"children": [21, 22, 23, 24]
				}
			]
		},
		{
			"name": "Barrel",
			"origin": [8, 8, 8],
			"color": 0,
			"children": [
				25,
				26,
				27,
				{
					"name": "octagon",
					"origin": [8, 8, 8],
					"color": 0,
					"children": [28, 29, 30, 31]
				},
				{
					"name": "octagon",
					"origin": [8, 8, 8],
					"color": 0,
					"children": [32, 33, 34, 35, 36, 37]
				},
				{
					"name": "octagon",
					"origin": [8, 8, 8],
					"color": 0,
					"children": [38, 39, 40, 41, 42, 43, 44, 45]
				},
				{
					"name": "octagon",
					"origin": [8, 8, 8],
					"color": 0,
					"children": [46, 47, 48, 49, 50, 51, 52, 53]
				}
			]
		}
	]
}