{
	"format_version": "1.9.0",
	"credit": "Made with Blockbench",
	"textures": {
		"0": "modern_guns:item/thompson_submachine_gun",
		"particle": "modern_guns:item/thompson_submachine_gun"
	},
	"elements": [
		{
			"from": [7.35, 5, 10.85],
			"to": [8.65, 7, 22.6],
			"rotation": {"angle": 0, "axis": "y", "origin": [7, 5, 5.35]},
			"faces": {
				"north": {"uv": [14.7, 14, 16, 16], "texture": "#0"},
				"east": {"uv": [4.25, 14, 16, 16], "texture": "#0"},
				"south": {"uv": [14.7, 14, 16, 16], "texture": "#0"},
				"west": {"uv": [4.25, 14, 16, 16], "texture": "#0"},
				"up": {"uv": [14.7, 4.25, 16, 16], "texture": "#0"},
				"down": {"uv": [14.7, 4.25, 16, 16], "texture": "#0"}
			}
		},
		{
			"from": [7.35, 4.2, 20.6],
			"to": [8.65, 5, 22.6],
			"rotation": {"angle": 0, "axis": "y", "origin": [7, 5, 8.1]},
			"faces": {
				"north": {"uv": [14.7, 15.2, 16, 16], "texture": "#0"},
				"east": {"uv": [16, 15.2, 14, 16], "texture": "#0"},
				"south": {"uv": [16, 11.2, 14.7, 12], "texture": "#0"},
				"west": {"uv": [14, 15.2, 16, 16], "texture": "#0"},
				"up": {"uv": [14.7, 14, 16, 16], "texture": "#0"},
				"down": {"uv": [14.7, 14, 16, 16], "texture": "#0"}
			}
		},
		{
			"from": [7.351, 4, 15.56],
			"to": [8.649, 6, 22.56],
			"rotation": {"angle": 22.5, "axis": "x", "origin": [8, 5, 18.1]},
			"faces": {
				"north": {"uv": [14.702, 14, 16, 16], "texture": "#0"},
				"east": {"uv": [16, 14, 9, 16], "texture": "#0"},
				"south": {"uv": [14.702, 14, 16, 16], "texture": "#0"},
				"west": {"uv": [9, 14, 16, 16], "texture": "#0"},
				"up": {"uv": [14.702, 9, 16, 16], "texture": "#0"},
				"down": {"uv": [14.702, 9, 16, 16], "texture": "#0"}
			}
		},
		{
			"from": [7.35, 6, 3.8],
			"to": [8.65, 7, 7.75],
			"rotation": {"angle": 0, "axis": "y", "origin": [7, 7, 10]},
			"faces": {
				"north": {"uv": [0, 0, 1.3, 1], "texture": "#0"},
				"east": {"uv": [4, 1, 7.95, 2], "texture": "#0"},
				"south": {"uv": [0, 0, 1.3, 1], "texture": "#0"},
				"west": {"uv": [4, 1, 7.95, 2], "texture": "#0"},
				"up": {"uv": [0, 0, 1.3, 3.95], "texture": "#0"},
				"down": {"uv": [0, 0, 1.3, 3.95], "texture": "#0"}
			}
		},
		{
			"from": [7.55, 2, 6.3],
			"to": [8.45, 6.5, 8.3],
			"rotation": {"angle": -22.5, "axis": "x", "origin": [8, 4.5, 7.3]},
			"faces": {
				"north": {"uv": [15.1, 9, 16, 13.5], "texture": "#0"},
				"east": {"uv": [14, 9, 16, 13.5], "texture": "#0"},
				"south": {"uv": [15.1, 9, 16, 13.5], "texture": "#0"},
				"west": {"uv": [14, 9, 16, 13.5], "texture": "#0"},
				"up": {"uv": [15.1, 10, 16, 12], "texture": "#0"},
				"down": {"uv": [15.1, 11, 16, 13], "texture": "#0"}
			}
		},
		{
			"from": [7.56, 4, 4.3],
			"to": [8.44, 4.5, 6.5],
			"rotation": {"angle": 0, "axis": "y", "origin": [7, 4.5, 10]},
			"faces": {
				"north": {"uv": [0, 0, 0.9, 0.5], "texture": "#0"},
				"east": {"uv": [0, 0, 2.2, 0.5], "texture": "#0"},
				"south": {"uv": [0, 0, 0.9, 0.5], "texture": "#0"},
				"west": {"uv": [0, 0, 2.2, 0.5], "texture": "#0"},
				"up": {"uv": [0, 0, 0.9, 2.2], "texture": "#0"},
				"down": {"uv": [0, 0, 0.9, 2.2], "texture": "#0"}
			}
		},
		{
			"from": [7.55, 4, 3.8],
			"to": [8.45, 6, 4.3],
			"rotation": {"angle": 0, "axis": "y", "origin": [7, 4.5, 10]},
			"faces": {
				"north": {"uv": [0, 0, 0.9, 2], "texture": "#0"},
				"east": {"uv": [0, 0, 0.5, 2], "texture": "#0"},
				"south": {"uv": [0, 0, 0.9, 2], "texture": "#0"},
				"west": {"uv": [0, 0, 0.5, 2], "texture": "#0"},
				"up": {"uv": [0, 0, 0.9, 0.5], "texture": "#0"},
				"down": {"uv": [0, 0, 0.9, 0.5], "texture": "#0"}
			}
		},
		{
			"from": [7.85, 4.75, 5.3],
			"to": [8.15, 6, 6.25],
			"rotation": {"angle": 0, "axis": "y", "origin": [7, 7, 9.5]},
			"faces": {
				"north": {"uv": [6, 3, 6.3, 4.25], "texture": "#0"},
				"east": {"uv": [6, 3, 6.95, 4.25], "texture": "#0"},
				"south": {"uv": [6, 3, 6.3, 4.25], "texture": "#0"},
				"west": {"uv": [6, 3, 6.95, 4.25], "texture": "#0"},
				"up": {"uv": [6, 3, 6.3, 3.95], "texture": "#0"},
				"down": {"uv": [6, 3, 6.3, 3.95], "texture": "#0"}
			}
		},
		{
			"from": [7.35, 7, 3.8],
			"to": [8.65, 9, 13],
			"rotation": {"angle": 0, "axis": "y", "origin": [7, 7, 10]},
			"faces": {
				"north": {"uv": [0, 0, 1.3, 2], "texture": "#0"},
				"east": {"uv": [0, 0, 9.2, 2], "texture": "#0"},
				"south": {"uv": [0, 0, 1.3, 2], "texture": "#0"},
				"west": {"uv": [0, 0, 9.2, 2], "texture": "#0"},
				"up": {"uv": [0, 2, 1.3, 11.2], "texture": "#0"},
				"down": {"uv": [0, 2, 1.3, 11.2], "texture": "#0"}
			}
		},
		{
			"from": [7.35, 8.25, 2.2],
			"to": [8.65, 9, 3.8],
			"rotation": {"angle": 0, "axis": "y", "origin": [7, 7, 10]},
			"faces": {
				"north": {"uv": [0, 0, 1.3, 0.75], "texture": "#0"},
				"east": {"uv": [0, 0, 1.6, 0.75], "texture": "#0"},
				"south": {"uv": [0, 0, 1.3, 0.75], "texture": "#0"},
				"west": {"uv": [0, 0, 1.6, 0.75], "texture": "#0"},
				"up": {"uv": [0, 0, 1.3, 1.6], "texture": "#0"},
				"down": {"uv": [0, 0, 1.3, 1.6], "texture": "#0"}
			}
		},
		{
			"from": [7.35, 7, 0],
			"to": [8.65, 9, 2.2],
			"rotation": {"angle": 0, "axis": "y", "origin": [7, 7, 10]},
			"faces": {
				"north": {"uv": [0, 0, 1.3, 2], "texture": "#0"},
				"east": {"uv": [0, 0, 2.2, 2], "texture": "#0"},
				"south": {"uv": [0, 0, 1.3, 2], "texture": "#0"},
				"west": {"uv": [0, 0, 2.2, 2], "texture": "#0"},
				"up": {"uv": [0, 0, 1.3, 2.2], "texture": "#0"},
				"down": {"uv": [0, 0, 1.3, 2.2], "texture": "#0"}
			}
		},
		{
			"from": [7.45, -1.65, 2.25],
			"to": [8.55, 8.35, 3.75],
			"rotation": {"angle": 0, "axis": "y", "origin": [7, 7.1, 10]},
			"faces": {
				"north": {"uv": [3, 3, 4, 13], "texture": "#0"},
				"east": {"uv": [4.5, 3, 3, 13], "texture": "#0"},
				"south": {"uv": [4.05, 3, 4.95, 13], "texture": "#0"},
				"west": {"uv": [3, 3, 4.5, 13], "texture": "#0"},
				"up": {"uv": [3, 3, 4.1, 4.5], "texture": "#0"},
				"down": {"uv": [3, 3, 4.1, 4.5], "texture": "#0"}
			}
		},
		{
			"from": [8.25, 9, 10.8],
			"to": [8.55, 9.5, 12.75],
			"rotation": {"angle": 0, "axis": "y", "origin": [7.9, 7, 10]},
			"faces": {
				"north": {"uv": [0, 0, 0.3, 0.5], "texture": "#0"},
				"east": {"uv": [0, 0, 1.95, 0.5], "texture": "#0"},
				"south": {"uv": [0, 0, 0.3, 0.5], "texture": "#0"},
				"west": {"uv": [0, 0, 1.95, 0.5], "texture": "#0"},
				"up": {"uv": [0, 0, 0.3, 1.95], "texture": "#0"},
				"down": {"uv": [0, 0, 0.3, 1.95], "texture": "#0"}
			}
		},
		{
			"from": [7.45, 9, 10.8],
			"to": [7.75, 9.5, 12.75],
			"rotation": {"angle": 0, "axis": "y", "origin": [7.1, 7, 10]},
			"faces": {
				"north": {"uv": [0, 0, 0.3, 0.5], "texture": "#0"},
				"east": {"uv": [0, 0, 1.95, 0.5], "texture": "#0"},
				"south": {"uv": [0, 0, 0.3, 0.5], "texture": "#0"},
				"west": {"uv": [0, 0, 1.95, 0.5], "texture": "#0"},
				"up": {"uv": [0, 0, 0.3, 1.95], "texture": "#0"},
				"down": {"uv": [0, 0, 0.3, 1.95], "texture": "#0"}
			}
		},
		{
			"from": [7.55, 6.25, -5.75],
			"to": [8.45, 7.25, 0.25],
			"rotation": {"angle": 0, "axis": "y", "origin": [7, 7.25, 10]},
			"faces": {
				"north": {"uv": [15.1, 15, 16, 16], "texture": "#0"},
				"east": {"uv": [6, 15, 12, 16], "texture": "#0"},
				"south": {"uv": [15, 15, 15.9, 16], "texture": "#0"},
				"west": {"uv": [6, 15, 12, 16], "texture": "#0"},
				"up": {"uv": [15.1, 6, 16, 12], "texture": "#0"},
				"down": {"uv": [15, 6, 15.9, 12], "texture": "#0"}
			}
		},
		{
			"from": [7.56, 2, -5.25],
			"to": [8.44, 6.75, -3.25],
			"rotation": {"angle": -22.5, "axis": "x", "origin": [8, 5.5, -4]},
			"faces": {
				"north": {"uv": [15.1, 11.25, 16, 16], "texture": "#0"},
				"east": {"uv": [14, 11.25, 16, 16], "texture": "#0"},
				"south": {"uv": [15.1, 11.25, 16, 16], "texture": "#0"},
				"west": {"uv": [14, 11.25, 16, 16], "texture": "#0"},
				"up": {"uv": [15.1, 14, 16, 16], "texture": "#0"},
				"down": {"uv": [15.1, 14, 16, 16], "texture": "#0"}
			}
		},
		{
			"from": [7.55, 5.25, -5.75],
			"to": [8.45, 6.25, -3.25],
			"rotation": {"angle": 0, "axis": "y", "origin": [7, 6.25, 10]},
			"faces": {
				"north": {"uv": [15.1, 15, 16, 16], "texture": "#0"},
				"east": {"uv": [13.5, 15, 16, 16], "texture": "#0"},
				"south": {"uv": [15.1, 15, 16, 16], "texture": "#0"},
				"west": {"uv": [13.5, 15, 16, 16], "texture": "#0"},
				"up": {"uv": [15.1, 13.5, 16, 16], "texture": "#0"},
				"down": {"uv": [15.1, 13.5, 16, 16], "texture": "#0"}
			}
		},
		{
			"from": [7.8, 7.25, -5],
			"to": [8.2, 7.5, -3.75],
			"rotation": {"angle": 0, "axis": "y", "origin": [7, 7.5, 10]},
			"faces": {
				"north": {"uv": [0, 0, 0.4, 0.25], "texture": "#0"},
				"east": {"uv": [0, 0, 1.25, 0.25], "texture": "#0"},
				"south": {"uv": [0, 0, 0.4, 0.25], "texture": "#0"},
				"west": {"uv": [0, 0, 1.25, 0.25], "texture": "#0"},
				"up": {"uv": [0, 0, 0.4, 1.25], "texture": "#0"},
				"down": {"uv": [0, 0, 0.4, 1.25], "texture": "#0"}
			}
		},
		{
			"name": "octagon",
			"from": [7.79289, 7.5, -9.25],
			"to": [8.20711, 8.5, 0],
			"rotation": {"angle": 45, "axis": "z", "origin": [8, 8, -2]},
			"faces": {
				"north": {"uv": [0, 0, 0.41421, 1], "texture": "#0"},
				"east": {"uv": [0, 0, 9.25, 1], "texture": "#0"},
				"south": {"uv": [0, 0, 0.41421, 1], "texture": "#0"},
				"west": {"uv": [0, 0, 9.25, 1], "texture": "#0"},
				"up": {"uv": [0, 0, 0.41421, 9.25], "texture": "#0"},
				"down": {"uv": [0, 0, 0.41421, 9.25], "texture": "#0"}
			}
		},
		{
			"name": "octagon",
			"from": [7.79289, 7.5, -9.25],
			"to": [8.20711, 8.5, 0],
			"rotation": {"angle": 0, "axis": "z", "origin": [8, 8, -2]},
			"faces": {
				"north": {"uv": [0, 0, 0.41421, 1], "texture": "#0"},
				"east": {"uv": [0, 0, 9.25, 1], "texture": "#0"},
				"south": {"uv": [0, 0, 0.41421, 1], "texture": "#0"},
				"west": {"uv": [0, 0, 9.25, 1], "texture": "#0"},
				"up": {"uv": [0, 0, 0.41421, 9.25], "texture": "#0"},
				"down": {"uv": [0, 0, 0.41421, 9.25], "texture": "#0"}
			}
		},
		{
			"name": "octagon",
			"from": [7.5, 7.79289, -9.25],
			"to": [8.5, 8.20711, 0],
			"rotation": {"angle": 45, "axis": "z", "origin": [8, 8, -2]},
			"faces": {
				"north": {"uv": [0, 0, 1, 0.41421], "texture": "#0"},
				"east": {"uv": [0, 0, 9.25, 0.41421], "texture": "#0"},
				"south": {"uv": [0, 0, 1, 0.41421], "texture": "#0"},
				"west": {"uv": [0, 0, 9.25, 0.41421], "texture": "#0"},
				"up": {"uv": [0, 0, 1, 9.25], "texture": "#0"},
				"down": {"uv": [0, 0, 1, 9.25], "texture": "#0"}
			}
		},
		{
			"name": "octagon",
			"from": [7.5, 7.79289, -9.25],
			"to": [8.5, 8.20711, 0],
			"rotation": {"angle": 0, "axis": "z", "origin": [8, 8, -2]},
			"faces": {
				"north": {"uv": [0, 0, 1, 0.41421], "texture": "#0"},
				"east": {"uv": [0, 0, 9.25, 0.41421], "texture": "#0"},
				"south": {"uv": [0, 0, 1, 0.41421], "texture": "#0"},
				"west": {"uv": [0, 0, 9.25, 0.41421], "texture": "#0"},
				"up": {"uv": [0, 0, 1, 9.25], "texture": "#0"},
				"down": {"uv": [0, 0, 1, 9.25], "texture": "#0"}
			}
		},
		{
			"name": "octagon",
			"from": [7.79289, 7.5, -11.05],
			"to": [8.20711, 8.5, -11.05],
			"rotation": {"angle": 45, "axis": "z", "origin": [8, 8, -3.8]},
			"faces": {
				"north": {"uv": [6, 6, 6.41421, 7], "texture": "#0"},
				"east": {"uv": [6, 6, 6, 7], "texture": "#0"},
				"south": {"uv": [6, 6, 6.41421, 7], "texture": "#0"},
				"west": {"uv": [6, 6, 6, 7], "texture": "#0"},
				"up": {"uv": [6, 6, 6.41421, 6], "texture": "#0"},
				"down": {"uv": [6, 6, 6.41421, 6], "texture": "#0"}
			}
		},
		{
			"name": "octagon",
			"from": [7.79289, 7.5, -11.05],
			"to": [8.20711, 8.5, -11.05],
			"rotation": {"angle": 0, "axis": "y", "origin": [8, 8, -3.8]},
			"faces": {
				"north": {"uv": [6, 6, 6.41421, 7], "texture": "#0"},
				"east": {"uv": [6, 6, 6, 7], "texture": "#0"},
				"south": {"uv": [6, 6, 6.41421, 7], "texture": "#0"},
				"west": {"uv": [6, 6, 6, 7], "texture": "#0"},
				"up": {"uv": [6, 6, 6.41421, 6], "texture": "#0"},
				"down": {"uv": [6, 6, 6.41421, 6], "texture": "#0"}
			}
		},
		{
			"name": "octagon",
			"from": [7.5, 7.79289, -11.05],
			"to": [8.5, 8.20711, -11.05],
			"rotation": {"angle": 45, "axis": "z", "origin": [8, 8, -3.8]},
			"faces": {
				"north": {"uv": [6, 6, 7, 6.41421], "texture": "#0"},
				"east": {"uv": [6, 6, 6, 6.41421], "texture": "#0"},
				"south": {"uv": [6, 6, 7, 6.41421], "texture": "#0"},
				"west": {"uv": [6, 6, 6, 6.41421], "texture": "#0"},
				"up": {"uv": [6, 6, 7, 6], "texture": "#0"},
				"down": {"uv": [6, 6, 7, 6], "texture": "#0"}
			}
		},
		{
			"name": "octagon",
			"from": [7.5, 7.79289, -11.05],
			"to": [8.5, 8.20711, -11.05],
			"rotation": {"angle": 0, "axis": "y", "origin": [8, 8, -3.8]},
			"faces": {
				"north": {"uv": [6, 6, 7, 6.41421], "texture": "#0"},
				"east": {"uv": [6, 6, 6, 6.41421], "texture": "#0"},
				"south": {"uv": [6, 6, 7, 6.41421], "texture": "#0"},
				"west": {"uv": [6, 6, 6, 6.41421], "texture": "#0"},
				"up": {"uv": [6, 6, 7, 6], "texture": "#0"},
				"down": {"uv": [6, 6, 7, 6], "texture": "#0"}
			}
		},
		{
			"name": "octagon",
			"from": [7.75147, 7.4, -10],
			"to": [8.24853, 8.6, -9.25],
			"rotation": {"angle": 45, "axis": "z", "origin": [8, 8, -11.25]},
			"faces": {
				"north": {"uv": [0, 0, 0.49706, 1.2], "texture": "#0"},
				"east": {"uv": [0, 0, 0.75, 1.2], "texture": "#0"},
				"south": {"uv": [0, 0, 0.49706, 1.2], "texture": "#0"},
				"west": {"uv": [0, 0, 0.75, 1.2], "texture": "#0"},
				"up": {"uv": [0, 0, 0.49706, 0.75], "texture": "#0"},
				"down": {"uv": [0, 0, 0.49706, 0.75], "texture": "#0"}
			}
		},
		{
			"name": "octagon",
			"from": [7.75147, 7.4, -10],
			"to": [8.24853, 8.6, -9.25],
			"rotation": {"angle": 0, "axis": "z", "origin": [8, 8, -11.25]},
			"faces": {
				"north": {"uv": [0, 0, 0.49706, 1.2], "texture": "#0"},
				"east": {"uv": [0, 0, 0.75, 1.2], "texture": "#0"},
				"south": {"uv": [0, 0, 0.49706, 1.2], "texture": "#0"},
				"west": {"uv": [0, 0, 0.75, 1.2], "texture": "#0"},
				"up": {"uv": [0, 0, 0.49706, 0.75], "texture": "#0"},
				"down": {"uv": [0, 0, 0.49706, 0.75], "texture": "#0"}
			}
		},
		{
			"name": "octagon",
			"from": [7.85147, 8.6, -10],
			"to": [8.14853, 8.85, -9.25],
			"rotation": {"angle": 0, "axis": "y", "origin": [8, 8, -11.25]},
			"faces": {
				"north": {"uv": [0, 0, 0.29706, 0.25], "texture": "#0"},
				"east": {"uv": [0, 0, 0.75, 0.25], "texture": "#0"},
				"south": {"uv": [0, 0, 0.29706, 0.25], "texture": "#0"},
				"west": {"uv": [0, 0, 0.75, 0.25], "texture": "#0"},
				"up": {"uv": [0, 0, 0.29706, 0.75], "texture": "#0"},
				"down": {"uv": [0, 0, 0.29706, 0.75], "texture": "#0"}
			}
		},
		{
			"name": "octagon",
			"from": [7.85147, 8.85, -9.9],
			"to": [8.14853, 9.1, -9.35],
			"rotation": {"angle": 0, "axis": "y", "origin": [8, 8, -11.25]},
			"faces": {
				"north": {"uv": [0, 0, 0.29706, 0.25], "texture": "#0"},
				"east": {"uv": [0, 0, 0.55, 0.25], "texture": "#0"},
				"south": {"uv": [0, 0, 0.29706, 0.25], "texture": "#0"},
				"west": {"uv": [0, 0, 0.55, 0.25], "texture": "#0"},
				"up": {"uv": [0, 0, 0.29706, 0.55], "texture": "#0"},
				"down": {"uv": [0, 0, 0.29706, 0.55], "texture": "#0"}
			}
		},
		{
			"name": "octagon",
			"from": [7.4, 7.75147, -10],
			"to": [8.6, 8.24853, -9.25],
			"rotation": {"angle": 45, "axis": "z", "origin": [8, 8, -11.25]},
			"faces": {
				"north": {"uv": [0, 0, 1.2, 0.49706], "texture": "#0"},
				"east": {"uv": [0, 0, 0.75, 0.49706], "texture": "#0"},
				"south": {"uv": [0, 0, 1.2, 0.49706], "texture": "#0"},
				"west": {"uv": [0, 0, 0.75, 0.49706], "texture": "#0"},
				"up": {"uv": [0, 0, 1.2, 0.75], "texture": "#0"},
				"down": {"uv": [0, 0, 1.2, 0.75], "texture": "#0"}
			}
		},
		{
			"name": "octagon",
			"from": [7.4, 7.75147, -10],
			"to": [8.6, 8.24853, -9.25],
			"rotation": {"angle": 0, "axis": "z", "origin": [8, 8, -11.25]},
			"faces": {
				"north": {"uv": [0, 0, 1.2, 0.49706], "texture": "#0"},
				"east": {"uv": [0, 0, 0.75, 0.49706], "texture": "#0"},
				"south": {"uv": [0, 0, 1.2, 0.49706], "texture": "#0"},
				"west": {"uv": [0, 0, 0.75, 0.49706], "texture": "#0"},
				"up": {"uv": [0, 0, 1.2, 0.75], "texture": "#0"},
				"down": {"uv": [0, 0, 1.2, 0.75], "texture": "#0"}
			}
		},
		{
			"name": "octagon",
			"from": [7.79289, 7.5, -11.25],
			"to": [8.20711, 7.8, -10],
			"rotation": {"angle": 45, "axis": "z", "origin": [8, 8, -12]},
			"faces": {
				"north": {"uv": [0, 0, 0.41421, 0.3], "texture": "#0"},
				"east": {"uv": [0, 0, 1.25, 0.3], "texture": "#0"},
				"south": {"uv": [0, 0, 0.41421, 0.3], "texture": "#0"},
				"west": {"uv": [0, 0, 1.25, 0.3], "texture": "#0"},
				"up": {"uv": [0, 0, 0.41421, 1.25], "texture": "#0"},
				"down": {"uv": [0, 0, 0.41421, 1.25], "texture": "#0"}
			}
		},
		{
			"name": "octagon",
			"from": [7.79289, 7.5, -11.25],
			"to": [8.20711, 7.8, -10],
			"rotation": {"angle": 0, "axis": "z", "origin": [8, 8, -12]},
			"faces": {
				"north": {"uv": [0, 0, 0.41421, 0.3], "texture": "#0"},
				"east": {"uv": [0, 0, 1.25, 0.3], "texture": "#0"},
				"south": {"uv": [0, 0, 0.41421, 0.3], "texture": "#0"},
				"west": {"uv": [0, 0, 1.25, 0.3], "texture": "#0"},
				"up": {"uv": [0, 0, 0.41421, 1.25], "texture": "#0"},
				"down": {"uv": [0, 0, 0.41421, 1.25], "texture": "#0"}
			}
		},
		{
			"name": "octagon",
			"from": [7.79289, 8.2, -11.25],
			"to": [8.20711, 8.5, -10],
			"rotation": {"angle": 45, "axis": "z", "origin": [8, 8, -12]},
			"faces": {
				"north": {"uv": [0, 0, 0.41421, 0.3], "texture": "#0"},
				"east": {"uv": [0, 0, 1.25, 0.3], "texture": "#0"},
				"south": {"uv": [0, 0, 0.41421, 0.3], "texture": "#0"},
				"west": {"uv": [0, 0, 1.25, 0.3], "texture": "#0"},
				"up": {"uv": [0, 0, 0.41421, 1.25], "texture": "#0"},
				"down": {"uv": [0, 0, 0.41421, 1.25], "texture": "#0"}
			}
		},
		{
			"name": "octagon",
			"from": [7.79289, 8.2, -11.25],
			"to": [8.20711, 8.5, -10],
			"rotation": {"angle": 0, "axis": "z", "origin": [8, 8, -12]},
			"faces": {
				"north": {"uv": [0, 0, 0.41421, 0.3], "texture": "#0"},
				"east": {"uv": [0, 0, 1.25, 0.3], "texture": "#0"},
				"south": {"uv": [0, 0, 0.41421, 0.3], "texture": "#0"},
				"west": {"uv": [0, 0, 1.25, 0.3], "texture": "#0"},
				"up": {"uv": [0, 0, 0.41421, 1.25], "texture": "#0"},
				"down": {"uv": [0, 0, 0.41421, 1.25], "texture": "#0"}
			}
		},
		{
			"name": "octagon",
			"from": [7.5, 7.79289, -11.25],
			"to": [7.8, 8.20711, -10],
			"rotation": {"angle": 45, "axis": "z", "origin": [8, 8, -12]},
			"faces": {
				"north": {"uv": [0, 0, 0.3, 0.41421], "texture": "#0"},
				"east": {"uv": [0, 0, 1.25, 0.41421], "texture": "#0"},
				"south": {"uv": [0, 0, 0.3, 0.41421], "texture": "#0"},
				"west": {"uv": [0, 0, 1.25, 0.41421], "texture": "#0"},
				"up": {"uv": [0, 0, 0.3, 1.25], "texture": "#0"},
				"down": {"uv": [0, 0, 0.3, 1.25], "texture": "#0"}
			}
		},
		{
			"name": "octagon",
			"from": [7.5, 7.79289, -11.25],
			"to": [7.8, 8.20711, -10],
			"rotation": {"angle": 0, "axis": "z", "origin": [8, 8, -12]},
			"faces": {
				"north": {"uv": [0, 0, 0.3, 0.41421], "texture": "#0"},
				"east": {"uv": [0, 0, 1.25, 0.41421], "texture": "#0"},
				"south": {"uv": [0, 0, 0.3, 0.41421], "texture": "#0"},
				"west": {"uv": [0, 0, 1.25, 0.41421], "texture": "#0"},
				"up": {"uv": [0, 0, 0.3, 1.25], "texture": "#0"},
				"down": {"uv": [0, 0, 0.3, 1.25], "texture": "#0"}
			}
		},
		{
			"name": "octagon",
			"from": [8.2, 7.79289, -11.25],
			"to": [8.5, 8.20711, -10],
			"rotation": {"angle": 45, "axis": "z", "origin": [8, 8, -12]},
			"faces": {
				"north": {"uv": [0, 0, 0.3, 0.41421], "texture": "#0"},
				"east": {"uv": [0, 0, 1.25, 0.41421], "texture": "#0"},
				"south": {"uv": [0, 0, 0.3, 0.41421], "texture": "#0"},
				"west": {"uv": [0, 0, 1.25, 0.41421], "texture": "#0"},
				"up": {"uv": [0, 0, 0.3, 1.25], "texture": "#0"},
				"down": {"uv": [0, 0, 0.3, 1.25], "texture": "#0"}
			}
		},
		{
			"name": "octagon",
			"from": [8.2, 7.79289, -11.25],
			"to": [8.5, 8.20711, -10],
			"rotation": {"angle": 0, "axis": "z", "origin": [8, 8, -12]},
			"faces": {
				"north": {"uv": [0, 0, 0.3, 0.41421], "texture": "#0"},
				"east": {"uv": [0, 0, 1.25, 0.41421], "texture": "#0"},
				"south": {"uv": [0, 0, 0.3, 0.41421], "texture": "#0"},
				"west": {"uv": [0, 0, 1.25, 0.41421], "texture": "#0"},
				"up": {"uv": [0, 0, 0.3, 1.25], "texture": "#0"},
				"down": {"uv": [0, 0, 0.3, 1.25], "texture": "#0"}
			}
		}
	],
	"display": {
		"thirdperson_righthand": {
			"translation": [0, 1.5, 2.75],
			"scale": [0.8, 0.8, 0.8]
		},
		"thirdperson_lefthand": {
			"translation": [0, 1.5, 2.75],
			"scale": [0.8, 0.8, 0.8]
		},
		"firstperson_righthand": {
			"rotation": [0, -10, 0],
			"translation": [1.1, 16, 1.25]
		},
		"firstperson_lefthand": {
			"rotation": [0, -10, 0],
			"translation": [1.1, 16, 1.25]
		},
		"ground": {
			"rotation": [0, 0, -90],
			"translation": [0.5, -1.5, 1.75],
			"scale": [0.65, 0.65, 0.65]
		},
		"gui": {
			"rotation": [21, 128, 0],
			"translation": [1.25, 4, 0]
		},
		"head": {
			"translation": [11.25, -18, -7.25]
		},
		"fixed": {
			"rotation": [0, -90, 0],
			"translation": [-0.75, 1.75, 0],
			"scale": [0.85, 0.85, 0.85]
		}
	},
	"groups": [
		{
			"name": "Stock",
			"origin": [7, 5, 5.35],
			"color": 0,
			"children": [0, 1, 2]
		},
		{
			"name": "Handle",
			"origin": [7, 7, 10],
			"color": 0,
			"children": [3, 4, 5, 6, 7]
		},
		{
			"name": "Base",
			"origin": [7, 7, 10],
			"color": 0,
			"children": [8, 9, 10, 11, 12, 13]
		},
		{
			"name": "Grip",
			"origin": [7, 7.25, 10],
			"color": 0,
			"children": [14, 15, 16, 17]
		},
		{
			"name": "Barrel",
			"origin": [8, 8, 8],
			"color": 0,
			"children": [
				{
					"name": "octagon",
					"origin": [8, 8, 8],
					"color": 0,
					"children": [18, 19, 20, 21]
				},
				{
					"name": "group",
					"origin": [8, 8, -3.8],
					"color": 0,
					"children": [22, 23, 24, 25]
				},
				{
					"name": "octagon",
					"origin": [8, 8, 8],
					"color": 0,
					"children": [26, 27, 28, 29, 30, 31]
				},
				{
					"name": "octagon",
					"origin": [8, 8, 8],
					"color": 0,
					"children": [32, 33, 34, 35, 36, 37, 38, 39]
				}
			]
		}
	]
}