{
	"format_version": "1.21.6",
	"credit": "Made with Blockbench",
	"textures": {
		"0": "modern_guns:item/winchester_model_70"
	},
	"elements": [
		{
			"from": [7.351, -0.86, 15.54],
			"to": [8.641, 3.14, 17.54],
			"rotation": {"angle": -27.5, "axis": "x", "origin": [8, 3.12059, 15.78296]},
			"faces": {
				"north": {"uv": [0, 0, 1.29, 4], "rotation": 180, "texture": "#0"},
				"east": {"uv": [0, 0, 4, 2], "rotation": 270, "texture": "#0"},
				"south": {"uv": [0, 0, 1.29, 4], "texture": "#0"},
				"west": {"uv": [0, 0, 4, 2], "rotation": 90, "texture": "#0"},
				"up": {"uv": [0, 0, 1.29, 2], "rotation": 180, "texture": "#0"},
				"down": {"uv": [0, 0, 1.29, 2], "texture": "#0"}
			}
		},
		{
			"from": [7.35, 2.48883, 12.54508],
			"to": [8.65, 4.48883, 17.54508],
			"rotation": {"angle": 27.5, "axis": "x", "origin": [8, 3.48883, 16.04508]},
			"faces": {
				"north": {"uv": [0, 0, 1.3, 2], "texture": "#0"},
				"east": {"uv": [0, 0, 5, 2], "texture": "#0"},
				"south": {"uv": [0, 0, 1.3, 2], "texture": "#0"},
				"west": {"uv": [0, 0, 5, 2], "texture": "#0"},
				"up": {"uv": [0, 0, 1.3, 5], "texture": "#0"},
				"down": {"uv": [0, 0, 1.3, 5], "texture": "#0"}
			}
		},
		{
			"from": [7.352, 2.527, 17.205],
			"to": [8.632, 4.527, 19.205],
			"rotation": {"angle": -30, "axis": "x", "origin": [8, 3.48883, 18.79508]},
			"faces": {
				"north": {"uv": [0, 0, 1.28, 2], "rotation": 180, "texture": "#0"},
				"east": {"uv": [0, 0, 2, 2], "rotation": 180, "texture": "#0"},
				"south": {"uv": [0, 0, 1.28, 2], "rotation": 180, "texture": "#0"},
				"west": {"uv": [0, 0, 2, 2], "rotation": 180, "texture": "#0"},
				"up": {"uv": [0, 0, 1.28, 2], "texture": "#0"},
				"down": {"uv": [0, 0, 1.28, 2], "texture": "#0"}
			}
		},
		{
			"from": [7.35, 2.40879, 22.33225],
			"to": [8.65, 4.40879, 26.33225],
			"rotation": {"angle": 2.5, "axis": "x", "origin": [8, 3.40879, 22.83225]},
			"faces": {
				"north": {"uv": [0, 0, 1.3, 2], "rotation": 180, "texture": "#0"},
				"east": {"uv": [0, 0, 4, 2], "rotation": 180, "texture": "#0"},
				"south": {"uv": [0, 0, 1.3, 2], "rotation": 180, "texture": "#0"},
				"west": {"uv": [0, 0, 4, 2], "rotation": 180, "texture": "#0"},
				"up": {"uv": [0, 0, 1.3, 4], "texture": "#0"},
				"down": {"uv": [0, 0, 1.3, 4], "texture": "#0"}
			}
		},
		{
			"from": [7.35, 2.40879, 26.33225],
			"to": [8.65, 4.40879, 27.58225],
			"rotation": {"angle": 2.5, "axis": "x", "origin": [8, 3.40879, 22.83225]},
			"faces": {
				"north": {"uv": [0, 0, 1.3, 2], "rotation": 180, "texture": "#0"},
				"east": {"uv": [0, 0, 1.25, 2], "rotation": 180, "texture": "#0"},
				"south": {"uv": [0, 0, 1.3, 2], "rotation": 180, "texture": "#0"},
				"west": {"uv": [0, 0, 1.25, 2], "rotation": 180, "texture": "#0"},
				"up": {"uv": [0, 0, 1.3, 1.25], "texture": "#0"},
				"down": {"uv": [0, 0, 1.3, 1.25], "texture": "#0"}
			}
		},
		{
			"from": [7.351, 1.005, 22.27],
			"to": [8.641, 3.005, 27.27],
			"rotation": {"angle": 25, "axis": "x", "origin": [8, 2.03883, 19.36207]},
			"faces": {
				"north": {"uv": [0, 0, 1.29, 2], "rotation": 180, "texture": "#0"},
				"east": {"uv": [0, 0, 5, 2], "rotation": 180, "texture": "#0"},
				"south": {"uv": [0, 0, 1.29, 2], "rotation": 180, "texture": "#0"},
				"west": {"uv": [0, 0, 5, 2], "rotation": 180, "texture": "#0"},
				"up": {"uv": [0, 0, 1.29, 5], "texture": "#0"},
				"down": {"uv": [0, 0, 1.29, 5], "texture": "#0"}
			}
		},
		{
			"from": [7.352, -0.59121, 23.58225],
			"to": [8.632, 2.40879, 26.33225],
			"rotation": {"angle": 2.5, "axis": "x", "origin": [8, 3.40879, 22.83225]},
			"faces": {
				"north": {"uv": [0, 0, 1.28, 3], "rotation": 180, "texture": "#0"},
				"east": {"uv": [0, 0, 2.75, 3], "rotation": 180, "texture": "#0"},
				"south": {"uv": [0, 0, 1.28, 3], "rotation": 180, "texture": "#0"},
				"west": {"uv": [0, 0, 2.75, 3], "rotation": 180, "texture": "#0"},
				"up": {"uv": [0, 0, 1.28, 2.75], "texture": "#0"},
				"down": {"uv": [0, 0, 1.28, 2.75], "texture": "#0"}
			}
		},
		{
			"from": [7.352, 1.15879, 20.58225],
			"to": [8.632, 2.40879, 23.58225],
			"rotation": {"angle": 2.5, "axis": "x", "origin": [8, 3.40879, 22.83225]},
			"faces": {
				"north": {"uv": [0, 0, 1.28, 1.25], "rotation": 180, "texture": "#0"},
				"east": {"uv": [0, 0, 3, 1.25], "rotation": 180, "texture": "#0"},
				"south": {"uv": [0, 0, 1.28, 1.25], "rotation": 180, "texture": "#0"},
				"west": {"uv": [0, 0, 3, 1.25], "rotation": 180, "texture": "#0"},
				"up": {"uv": [0, 0, 1.28, 3], "texture": "#0"},
				"down": {"uv": [0, 0, 1.28, 3], "texture": "#0"}
			}
		},
		{
			"from": [7.35, 2.40879, 18.58225],
			"to": [8.65, 4.40879, 22.33225],
			"rotation": {"angle": 2.5, "axis": "x", "origin": [8, 3.40879, 22.83225]},
			"faces": {
				"north": {"uv": [0, 0, 1.3, 2], "rotation": 180, "texture": "#0"},
				"east": {"uv": [0, 0, 3.75, 2], "rotation": 180, "texture": "#0"},
				"south": {"uv": [0, 0, 1.3, 2], "rotation": 180, "texture": "#0"},
				"west": {"uv": [0, 0, 3.75, 2], "rotation": 180, "texture": "#0"},
				"up": {"uv": [0, 0, 1.3, 3.75], "texture": "#0"},
				"down": {"uv": [0, 0, 1.3, 3.75], "texture": "#0"}
			}
		},
		{
			"from": [7.351, 1.005, 18.27],
			"to": [8.641, 3.005, 22.27],
			"rotation": {"angle": 25, "axis": "x", "origin": [8, 2.03883, 19.36207]},
			"faces": {
				"north": {"uv": [0, 0, 1.29, 2], "rotation": 180, "texture": "#0"},
				"east": {"uv": [0, 0, 4, 2], "rotation": 180, "texture": "#0"},
				"south": {"uv": [0, 0, 1.29, 2], "rotation": 180, "texture": "#0"},
				"west": {"uv": [0, 0, 4, 2], "rotation": 180, "texture": "#0"},
				"up": {"uv": [0, 0, 1.29, 4], "texture": "#0"},
				"down": {"uv": [0, 0, 1.29, 4], "texture": "#0"}
			}
		},
		{
			"from": [7.35, -2.09121, 26.33225],
			"to": [8.65, 2.40879, 27.58225],
			"rotation": {"angle": 2.5, "axis": "x", "origin": [8, 3.40879, 22.83225]},
			"faces": {
				"north": {"uv": [0, 0, 1.3, 4.5], "rotation": 180, "texture": "#0"},
				"east": {"uv": [0, 0, 1.25, 4.5], "rotation": 180, "texture": "#0"},
				"south": {"uv": [0, 0, 1.3, 4.5], "rotation": 180, "texture": "#0"},
				"west": {"uv": [0, 0, 1.25, 4.5], "rotation": 180, "texture": "#0"},
				"up": {"uv": [0, 0, 1.3, 1.25], "texture": "#0"},
				"down": {"uv": [0, 0, 1.3, 1.25], "texture": "#0"}
			}
		},
		{
			"from": [7.35, 5, -3.6],
			"to": [8.65, 6, 5.4],
			"rotation": {"angle": 0, "axis": "y", "origin": [7, 4, 11.4]},
			"faces": {
				"north": {"uv": [0, 0, 1.3, 1], "texture": "#0"},
				"east": {"uv": [0, 0, 9, 1], "texture": "#0"},
				"south": {"uv": [0, 0, 1.3, 1], "texture": "#0"},
				"west": {"uv": [9, 0, 0, 1], "texture": "#0"},
				"up": {"uv": [0, 9, 1.3, 0], "texture": "#0"},
				"down": {"uv": [0, 0, 1.3, 9], "texture": "#0"}
			}
		},
		{
			"from": [7.35, 5, 5.4],
			"to": [8.65, 6, 13.4],
			"rotation": {"angle": 0, "axis": "y", "origin": [7, 4, 11.4]},
			"faces": {
				"north": {"uv": [0, 0, 1.3, 1], "texture": "#0"},
				"east": {"uv": [0, 0, 8, 1], "texture": "#0"},
				"south": {"uv": [0, 0, 1.3, 1], "texture": "#0"},
				"west": {"uv": [8, 0, 0, 1], "texture": "#0"},
				"up": {"uv": [0, 8, 1.3, 0], "texture": "#0"},
				"down": {"uv": [0, 0, 1.3, 8], "texture": "#0"}
			}
		},
		{
			"from": [7.35, 4.3, 5.6],
			"to": [8.65, 4.8, 14.6],
			"rotation": {"angle": 5, "axis": "x", "origin": [8, 4.8, 5.1]},
			"faces": {
				"north": {"uv": [0, 0, 1.3, 0.5], "texture": "#0"},
				"east": {"uv": [0, 0, 9, 0.5], "texture": "#0"},
				"south": {"uv": [0, 0, 1.3, 0.5], "texture": "#0"},
				"west": {"uv": [9, 0, 0, 0.5], "texture": "#0"},
				"up": {"uv": [0, 9, 1.3, 0], "texture": "#0"},
				"down": {"uv": [0, 0, 1.3, 9], "texture": "#0"}
			}
		},
		{
			"from": [7.35, 4.3, -3.4],
			"to": [8.65, 4.8, 5.6],
			"rotation": {"angle": 5, "axis": "x", "origin": [8, 4.8, 5.1]},
			"faces": {
				"north": {"uv": [0, 0, 1.3, 0.5], "texture": "#0"},
				"east": {"uv": [0, 0, 9, 0.5], "texture": "#0"},
				"south": {"uv": [0, 0, 1.3, 0.5], "texture": "#0"},
				"west": {"uv": [9, 0, 0, 0.5], "texture": "#0"},
				"up": {"uv": [0, 9, 1.3, 0], "texture": "#0"},
				"down": {"uv": [0, 0, 1.3, 9], "texture": "#0"}
			}
		},
		{
			"from": [7.35, 4.75, 2.9],
			"to": [8.65, 5, 5.65],
			"rotation": {"angle": 0, "axis": "y", "origin": [7, 4, 11.4]},
			"faces": {
				"north": {"uv": [0, 0, 1.3, 0.25], "texture": "#0"},
				"east": {"uv": [0, 0, 2.75, 0.25], "texture": "#0"},
				"south": {"uv": [0, 0, 1.3, 0.25], "texture": "#0"},
				"west": {"uv": [2.75, 0, 0, 0.25], "texture": "#0"},
				"up": {"uv": [0, 2.75, 1.3, 0], "texture": "#0"},
				"down": {"uv": [0, 0, 1.3, 2.75], "texture": "#0"}
			}
		},
		{
			"from": [7.35, 4.5, 5.65],
			"to": [8.65, 5, 13.15],
			"rotation": {"angle": 0, "axis": "y", "origin": [7, 4, 11.4]},
			"faces": {
				"north": {"uv": [0, 0, 1.3, 0.5], "texture": "#0"},
				"east": {"uv": [0, 0, 7.5, 0.5], "texture": "#0"},
				"south": {"uv": [0, 0, 1.3, 0.5], "texture": "#0"},
				"west": {"uv": [7.5, 0, 0, 0.5], "texture": "#0"},
				"up": {"uv": [0, 7.5, 1.3, 0], "texture": "#0"},
				"down": {"uv": [0, 0, 1.3, 7.5], "texture": "#0"}
			}
		},
		{
			"from": [7.35, 4, 8.65],
			"to": [8.65, 4.5, 13.15],
			"rotation": {"angle": 0, "axis": "y", "origin": [7, 4, 11.4]},
			"faces": {
				"north": {"uv": [0, 0, 1.3, 0.5], "texture": "#0"},
				"east": {"uv": [0, 0, 4.5, 0.5], "texture": "#0"},
				"south": {"uv": [0, 0, 1.3, 0.5], "texture": "#0"},
				"west": {"uv": [4.5, 0, 0, 0.5], "texture": "#0"},
				"up": {"uv": [0, 4.5, 1.3, 0], "texture": "#0"},
				"down": {"uv": [0, 0, 1.3, 4.5], "texture": "#0"}
			}
		},
		{
			"from": [7.6, 2.7, 11.9],
			"to": [8.4, 4.45, 12.3],
			"rotation": {"angle": -10, "axis": "x", "origin": [8, 3.575, 12.05]},
			"faces": {
				"north": {"uv": [15.2, 0, 16, 1.75], "texture": "#0"},
				"east": {"uv": [14, 0, 14.4, 1.75], "texture": "#0"},
				"south": {"uv": [15.2, 0, 16, 1.75], "texture": "#0"},
				"west": {"uv": [14, 0, 14.4, 1.75], "texture": "#0"},
				"up": {"uv": [15.2, 0, 16, 0.4], "texture": "#0"},
				"down": {"uv": [15.2, 0, 16, 0.4], "texture": "#0"}
			}
		},
		{
			"name": "octagon",
			"from": [7.6, 2.80117, 10.375],
			"to": [8.4, 4.24883, 10.725],
			"rotation": {"angle": 0, "axis": "y", "origin": [8, 3.35, 11.7]},
			"faces": {
				"north": {"uv": [15, 14.55233, 15.8, 15.99999], "texture": "#0"},
				"east": {"uv": [15, 14.55233, 15.35, 15.99999], "texture": "#0"},
				"south": {"uv": [15, 14.55233, 15.8, 15.99999], "texture": "#0"},
				"west": {"uv": [15, 14.55233, 15.35, 15.99999], "texture": "#0"},
				"up": {"uv": [15, 15, 15.8, 15.35], "texture": "#0"},
				"down": {"uv": [15, 15, 15.8, 15.35], "texture": "#0"}
			}
		},
		{
			"name": "octagon",
			"from": [7.6, 2.80117, 12.675],
			"to": [8.4, 3.89883, 13.025],
			"rotation": {"angle": 45, "axis": "x", "origin": [8, 3.35, 11.7]},
			"faces": {
				"north": {"uv": [15, 14.90233, 15.8, 15.99999], "texture": "#0"},
				"east": {"uv": [15, 14.90233, 15.35, 15.99999], "texture": "#0"},
				"south": {"uv": [15, 14.90233, 15.8, 15.99999], "texture": "#0"},
				"west": {"uv": [15, 14.90233, 15.35, 15.99999], "texture": "#0"},
				"up": {"uv": [15, 15, 15.8, 15.35], "texture": "#0"},
				"down": {"uv": [15, 15, 15.8, 15.35], "texture": "#0"}
			}
		},
		{
			"name": "octagon",
			"from": [7.6, 2.80117, 12.675],
			"to": [8.4, 4.24883, 13.025],
			"rotation": {"angle": 0, "axis": "y", "origin": [8, 3.35, 11.7]},
			"faces": {
				"north": {"uv": [15, 14.55233, 15.8, 15.99999], "texture": "#0"},
				"east": {"uv": [15, 14.55233, 15.35, 15.99999], "texture": "#0"},
				"south": {"uv": [15, 14.55233, 15.8, 15.99999], "texture": "#0"},
				"west": {"uv": [15, 14.55233, 15.35, 15.99999], "texture": "#0"},
				"up": {"uv": [15, 15, 15.8, 15.35], "texture": "#0"},
				"down": {"uv": [15, 15, 15.8, 15.35], "texture": "#0"}
			}
		},
		{
			"name": "octagon",
			"from": [7.6, 2.025, 11.15117],
			"to": [8.4, 2.375, 12.24883],
			"rotation": {"angle": 45, "axis": "x", "origin": [8, 3.35, 11.7]},
			"faces": {
				"north": {"uv": [15, 15, 15.8, 15.35], "texture": "#0"},
				"east": {"uv": [14.90233, 15, 15.99999, 15.35], "texture": "#0"},
				"south": {"uv": [15, 15, 15.8, 15.35], "texture": "#0"},
				"west": {"uv": [14.90233, 15, 15.99999, 15.35], "texture": "#0"},
				"up": {"uv": [15, 14.90233, 15.8, 15.99999], "texture": "#0"},
				"down": {"uv": [15, 14.90233, 15.8, 15.99999], "texture": "#0"}
			}
		},
		{
			"name": "octagon",
			"from": [7.6, 2.025, 11.15117],
			"to": [8.4, 2.375, 12.24883],
			"rotation": {"angle": 0, "axis": "y", "origin": [8, 3.35, 11.7]},
			"faces": {
				"north": {"uv": [15, 15, 15.8, 15.35], "texture": "#0"},
				"east": {"uv": [14.90233, 15, 15.99999, 15.35], "texture": "#0"},
				"south": {"uv": [15, 15, 15.8, 15.35], "texture": "#0"},
				"west": {"uv": [14.90233, 15, 15.99999, 15.35], "texture": "#0"},
				"up": {"uv": [15, 14.90233, 15.8, 15.99999], "texture": "#0"},
				"down": {"uv": [15, 14.90233, 15.8, 15.99999], "texture": "#0"}
			}
		},
		{
			"from": [7.5, 4.05, 6.6],
			"to": [8.5, 4.3, 10.1],
			"rotation": {"angle": 5, "axis": "x", "origin": [8, 4.8, 5.1]},
			"faces": {
				"north": {"uv": [15, 15.75, 16, 16], "texture": "#0"},
				"east": {"uv": [12.5, 15.75, 16, 16], "texture": "#0"},
				"south": {"uv": [15, 15.75, 16, 16], "texture": "#0"},
				"west": {"uv": [16, 15.75, 12.5, 16], "texture": "#0"},
				"up": {"uv": [15, 16, 16, 12.5], "texture": "#0"},
				"down": {"uv": [15, 12.5, 16, 16], "texture": "#0"}
			}
		},
		{
			"name": "octagon",
			"from": [7.79289, 5.5, 7],
			"to": [8.20711, 6.5, 9.75],
			"rotation": {"angle": 45, "axis": "z", "origin": [8, 6, 11]},
			"faces": {
				"north": {"uv": [11, 4, 11.41421, 5], "texture": "#0"},
				"east": {"uv": [9, 4, 11.75, 5], "texture": "#0"},
				"south": {"uv": [11, 4, 11.41421, 5], "texture": "#0"},
				"west": {"uv": [9, 4, 11.75, 5], "texture": "#0"},
				"up": {"uv": [11, 5, 11.41421, 7.75], "texture": "#0"},
				"down": {"uv": [11, 5, 11.41421, 7.75], "texture": "#0"}
			}
		},
		{
			"name": "octagon",
			"from": [7.79289, 5.5, 7],
			"to": [8.20711, 6.5, 9.75],
			"rotation": {"angle": 0, "axis": "z", "origin": [8, 6, 11]},
			"faces": {
				"north": {"uv": [11, 4, 11.41421, 5], "texture": "#0"},
				"east": {"uv": [9, 4, 11.75, 5], "texture": "#0"},
				"south": {"uv": [11, 4, 11.41421, 5], "texture": "#0"},
				"west": {"uv": [9, 4, 11.75, 5], "texture": "#0"},
				"up": {"uv": [11, 5, 11.41421, 7.75], "texture": "#0"},
				"down": {"uv": [11, 5, 11.41421, 7.75], "texture": "#0"}
			}
		},
		{
			"name": "octagon",
			"from": [7.5, 5.79289, 7],
			"to": [8.5, 6.20711, 9.75],
			"rotation": {"angle": 45, "axis": "z", "origin": [8, 6, 11]},
			"faces": {
				"north": {"uv": [11, 4, 12, 4.41421], "texture": "#0"},
				"east": {"uv": [9, 4, 11.75, 4.41421], "texture": "#0"},
				"south": {"uv": [11, 4, 12, 4.41421], "texture": "#0"},
				"west": {"uv": [9, 4, 11.75, 4.41421], "texture": "#0"},
				"up": {"uv": [11, 5, 12, 7.75], "texture": "#0"},
				"down": {"uv": [11, 5, 12, 7.75], "texture": "#0"}
			}
		},
		{
			"name": "octagon",
			"from": [7.5, 5.79289, 7],
			"to": [8.5, 6.20711, 9.75],
			"rotation": {"angle": 0, "axis": "z", "origin": [8, 6, 11]},
			"faces": {
				"north": {"uv": [11, 4, 12, 4.41421], "texture": "#0"},
				"east": {"uv": [9, 4, 11.75, 4.41421], "texture": "#0"},
				"south": {"uv": [11, 4, 12, 4.41421], "texture": "#0"},
				"west": {"uv": [9, 4, 11.75, 4.41421], "texture": "#0"},
				"up": {"uv": [11, 5, 12, 7.75], "texture": "#0"},
				"down": {"uv": [11, 5, 12, 7.75], "texture": "#0"}
			}
		},
		{
			"name": "octagon",
			"from": [7.75147, 5.5, 9.75],
			"to": [8.24853, 6.7, 12.75],
			"rotation": {"angle": 45, "axis": "z", "origin": [8, 6.1, 11.75]},
			"faces": {
				"north": {"uv": [14.8, 14.8, 15.29706, 16], "texture": "#0"},
				"east": {"uv": [6, 14.8, 9, 16], "texture": "#0"},
				"south": {"uv": [14.8, 14.8, 15.29706, 16], "texture": "#0"},
				"west": {"uv": [6, 14.8, 9, 16], "texture": "#0"},
				"up": {"uv": [14.8, 6, 15.29706, 9], "texture": "#0"},
				"down": {"uv": [14.8, 6, 15.29706, 9], "texture": "#0"}
			}
		},
		{
			"name": "octagon",
			"from": [7.75147, 5.5, 9.75],
			"to": [8.24853, 6.7, 12.75],
			"rotation": {"angle": 0, "axis": "y", "origin": [8, 6.1, 11.75]},
			"faces": {
				"north": {"uv": [14.8, 14.8, 15.29706, 16], "texture": "#0"},
				"east": {"uv": [6, 14.8, 9, 16], "texture": "#0"},
				"south": {"uv": [14.8, 14.8, 15.29706, 16], "texture": "#0"},
				"west": {"uv": [6, 14.8, 9, 16], "texture": "#0"},
				"up": {"uv": [14.8, 6, 15.29706, 9], "texture": "#0"},
				"down": {"uv": [14.8, 6, 15.29706, 9], "texture": "#0"}
			}
		},
		{
			"name": "octagon",
			"from": [7.4, 5.85147, 9.75],
			"to": [8.6, 6.34853, 12.75],
			"rotation": {"angle": 45, "axis": "z", "origin": [8, 6.1, 11.75]},
			"faces": {
				"north": {"uv": [14.8, 14.8, 16, 15.29706], "texture": "#0"},
				"east": {"uv": [6, 14.8, 9, 15.29706], "texture": "#0"},
				"south": {"uv": [14.8, 14.8, 16, 15.29706], "texture": "#0"},
				"west": {"uv": [6, 14.8, 9, 15.29706], "texture": "#0"},
				"up": {"uv": [14.8, 6, 16, 9], "texture": "#0"},
				"down": {"uv": [14.8, 6, 16, 9], "texture": "#0"}
			}
		},
		{
			"name": "octagon",
			"from": [7.4, 5.85147, 9.75],
			"to": [8.6, 6.34853, 12.75],
			"rotation": {"angle": 0, "axis": "y", "origin": [8, 6.1, 11.75]},
			"faces": {
				"north": {"uv": [14.8, 14.8, 16, 15.29706], "texture": "#0"},
				"east": {"uv": [6, 14.8, 9, 15.29706], "texture": "#0"},
				"south": {"uv": [14.8, 14.8, 16, 15.29706], "texture": "#0"},
				"west": {"uv": [6, 14.8, 9, 15.29706], "texture": "#0"},
				"up": {"uv": [14.8, 6, 16, 9], "texture": "#0"},
				"down": {"uv": [14.8, 6, 16, 9], "texture": "#0"}
			}
		},
		{
			"name": "octagon",
			"from": [6.8, 5.80147, 11],
			"to": [7.8, 6.30147, 11.5],
			"rotation": {"angle": 32.5, "axis": "z", "origin": [7.3, 6.05147, 11.25]},
			"faces": {
				"north": {"uv": [14.8, 14.8, 15.8, 15.3], "texture": "#0"},
				"east": {"uv": [6, 14.8, 6.5, 15.3], "texture": "#0"},
				"south": {"uv": [14.8, 14.8, 15.8, 15.3], "texture": "#0"},
				"west": {"uv": [6, 14.8, 6.5, 15.3], "texture": "#0"},
				"up": {"uv": [14.8, 6, 15.8, 6.5], "texture": "#0"},
				"down": {"uv": [14.8, 6, 15.8, 6.5], "texture": "#0"}
			}
		},
		{
			"name": "octagon",
			"from": [6.52, 5.17, 11],
			"to": [7.02, 5.92, 11.5],
			"rotation": {"angle": -25, "axis": "z", "origin": [6.8, 5.45147, 11.25]},
			"faces": {
				"north": {"uv": [14.8, 14.8, 15.55, 15.3], "rotation": 90, "texture": "#0"},
				"east": {"uv": [6, 14.8, 6.75, 15.3], "rotation": 270, "texture": "#0"},
				"south": {"uv": [14.8, 14.8, 15.55, 15.3], "rotation": 270, "texture": "#0"},
				"west": {"uv": [6, 14.8, 6.75, 15.3], "rotation": 270, "texture": "#0"},
				"up": {"uv": [14.8, 6, 15.3, 6.5], "rotation": 270, "texture": "#0"},
				"down": {"uv": [14.8, 6, 15.3, 6.5], "rotation": 270, "texture": "#0"}
			}
		},
		{
			"name": "octagon",
			"from": [6.42, 4.57, 10.9],
			"to": [7.12, 5.27, 11.6],
			"rotation": {"angle": -25, "axis": "z", "origin": [6.8, 5.45147, 11.25]},
			"faces": {
				"north": {"uv": [14.8, 14.8, 15.5, 15.5], "rotation": 90, "texture": "#0"},
				"east": {"uv": [6, 14.8, 6.7, 15.5], "rotation": 270, "texture": "#0"},
				"south": {"uv": [14.8, 14.8, 15.5, 15.5], "rotation": 270, "texture": "#0"},
				"west": {"uv": [6, 14.8, 6.7, 15.5], "rotation": 270, "texture": "#0"},
				"up": {"uv": [14.8, 6, 15.5, 6.7], "rotation": 270, "texture": "#0"},
				"down": {"uv": [14.8, 6, 15.5, 6.7], "rotation": 270, "texture": "#0"}
			}
		},
		{
			"name": "octagon",
			"from": [7.75147, 5.5, 5],
			"to": [8.24853, 6.7, 7],
			"rotation": {"angle": 45, "axis": "z", "origin": [8, 6.1, 6]},
			"faces": {
				"north": {"uv": [14.8, 14.8, 15.29706, 16], "texture": "#0"},
				"east": {"uv": [6, 14.8, 8, 16], "texture": "#0"},
				"south": {"uv": [14.8, 14.8, 15.29706, 16], "texture": "#0"},
				"west": {"uv": [6, 14.8, 8, 16], "texture": "#0"},
				"up": {"uv": [14.8, 6, 15.29706, 8], "texture": "#0"},
				"down": {"uv": [14.8, 6, 15.29706, 8], "texture": "#0"}
			}
		},
		{
			"name": "octagon",
			"from": [7.75147, 5.5, 5],
			"to": [8.24853, 6.7, 7],
			"rotation": {"angle": 0, "axis": "z", "origin": [8, 6.1, 6]},
			"faces": {
				"north": {"uv": [14.8, 14.8, 15.29706, 16], "texture": "#0"},
				"east": {"uv": [6, 14.8, 8, 16], "texture": "#0"},
				"south": {"uv": [14.8, 14.8, 15.29706, 16], "texture": "#0"},
				"west": {"uv": [6, 14.8, 8, 16], "texture": "#0"},
				"up": {"uv": [14.8, 6, 15.29706, 8], "texture": "#0"},
				"down": {"uv": [14.8, 6, 15.29706, 8], "texture": "#0"}
			}
		},
		{
			"name": "octagon",
			"from": [7.4, 5.85147, 5],
			"to": [8.6, 6.34853, 7],
			"rotation": {"angle": 45, "axis": "z", "origin": [8, 6.1, 6]},
			"faces": {
				"north": {"uv": [14.8, 14.8, 16, 15.29706], "texture": "#0"},
				"east": {"uv": [6, 14.8, 8, 15.29706], "texture": "#0"},
				"south": {"uv": [14.8, 14.8, 16, 15.29706], "texture": "#0"},
				"west": {"uv": [6, 14.8, 8, 15.29706], "texture": "#0"},
				"up": {"uv": [14.8, 6, 16, 8], "texture": "#0"},
				"down": {"uv": [14.8, 6, 16, 8], "texture": "#0"}
			}
		},
		{
			"name": "octagon",
			"from": [7.4, 5.85147, 5],
			"to": [8.6, 6.34853, 7],
			"rotation": {"angle": 0, "axis": "z", "origin": [8, 6.1, 6]},
			"faces": {
				"north": {"uv": [14.8, 14.8, 16, 15.29706], "texture": "#0"},
				"east": {"uv": [6, 14.8, 8, 15.29706], "texture": "#0"},
				"south": {"uv": [14.8, 14.8, 16, 15.29706], "texture": "#0"},
				"west": {"uv": [6, 14.8, 8, 15.29706], "texture": "#0"},
				"up": {"uv": [14.8, 6, 16, 8], "texture": "#0"},
				"down": {"uv": [14.8, 6, 16, 8], "texture": "#0"}
			}
		},
		{
			"name": "octagon",
			"from": [7.77218, 5.45, -5],
			"to": [8.22782, 5.65, 5],
			"rotation": {"angle": 45, "axis": "z", "origin": [8, 6, 3]},
			"faces": {
				"north": {"uv": [14.8, 14.8, 15.25563, 15], "texture": "#0"},
				"east": {"uv": [6, 14.8, 16, 15], "texture": "#0"},
				"south": {"uv": [14.8, 14.8, 15.25563, 15], "texture": "#0"},
				"west": {"uv": [6, 14.8, 16, 15], "texture": "#0"},
				"up": {"uv": [14.8, 6, 15.25563, 16], "texture": "#0"},
				"down": {"uv": [14.8, 6, 15.25563, 16], "texture": "#0"}
			}
		},
		{
			"name": "octagon",
			"from": [7.77218, 5.45, -5],
			"to": [8.22782, 5.65, 5],
			"rotation": {"angle": 0, "axis": "y", "origin": [8, 6, 3]},
			"faces": {
				"north": {"uv": [14.8, 14.8, 15.25563, 15], "texture": "#0"},
				"east": {"uv": [6, 14.8, 16, 15], "texture": "#0"},
				"south": {"uv": [14.8, 14.8, 15.25563, 15], "texture": "#0"},
				"west": {"uv": [6, 14.8, 16, 15], "texture": "#0"},
				"up": {"uv": [14.8, 6, 15.25563, 16], "texture": "#0"},
				"down": {"uv": [14.8, 6, 15.25563, 16], "texture": "#0"}
			}
		},
		{
			"name": "octagon",
			"from": [7.77218, 6.35, -5],
			"to": [8.22782, 6.55, 5],
			"rotation": {"angle": 45, "axis": "z", "origin": [8, 6, 3]},
			"faces": {
				"north": {"uv": [14.8, 14.8, 15.25563, 15], "texture": "#0"},
				"east": {"uv": [6, 14.8, 16, 15], "texture": "#0"},
				"south": {"uv": [14.8, 14.8, 15.25563, 15], "texture": "#0"},
				"west": {"uv": [6, 14.8, 16, 15], "texture": "#0"},
				"up": {"uv": [14.8, 6, 15.25563, 16], "texture": "#0"},
				"down": {"uv": [14.8, 6, 15.25563, 16], "texture": "#0"}
			}
		},
		{
			"name": "octagon",
			"from": [7.77218, 6.35, -5],
			"to": [8.22782, 6.55, 5],
			"rotation": {"angle": 0, "axis": "y", "origin": [8, 6, 3]},
			"faces": {
				"north": {"uv": [14.8, 14.8, 15.25563, 15], "texture": "#0"},
				"east": {"uv": [6, 14.8, 16, 15], "texture": "#0"},
				"south": {"uv": [14.8, 14.8, 15.25563, 15], "texture": "#0"},
				"west": {"uv": [6, 14.8, 16, 15], "texture": "#0"},
				"up": {"uv": [14.8, 6, 15.25563, 16], "texture": "#0"},
				"down": {"uv": [14.8, 6, 15.25563, 16], "texture": "#0"}
			}
		},
		{
			"name": "octagon",
			"from": [7.45, 5.77218, -5],
			"to": [7.65, 6.22782, 5],
			"rotation": {"angle": 45, "axis": "z", "origin": [8, 6, 3]},
			"faces": {
				"north": {"uv": [14.8, 14.8, 15, 15.25563], "texture": "#0"},
				"east": {"uv": [6, 14.8, 16, 15.25563], "texture": "#0"},
				"south": {"uv": [14.8, 14.8, 15, 15.25563], "texture": "#0"},
				"west": {"uv": [6, 14.8, 16, 15.25563], "texture": "#0"},
				"up": {"uv": [14.8, 6, 15, 16], "texture": "#0"},
				"down": {"uv": [14.8, 6, 15, 16], "texture": "#0"}
			}
		},
		{
			"name": "octagon",
			"from": [7.45, 5.77218, -5],
			"to": [7.65, 6.22782, 5],
			"rotation": {"angle": 0, "axis": "y", "origin": [8, 6, 3]},
			"faces": {
				"north": {"uv": [14.8, 14.8, 15, 15.25563], "texture": "#0"},
				"east": {"uv": [6, 14.8, 16, 15.25563], "texture": "#0"},
				"south": {"uv": [14.8, 14.8, 15, 15.25563], "texture": "#0"},
				"west": {"uv": [6, 14.8, 16, 15.25563], "texture": "#0"},
				"up": {"uv": [14.8, 6, 15, 16], "texture": "#0"},
				"down": {"uv": [14.8, 6, 15, 16], "texture": "#0"}
			}
		},
		{
			"name": "octagon",
			"from": [8.35, 5.77218, -5],
			"to": [8.55, 6.22782, 5],
			"rotation": {"angle": 45, "axis": "z", "origin": [8, 6, 3]},
			"faces": {
				"north": {"uv": [14.8, 14.8, 15, 15.25563], "texture": "#0"},
				"east": {"uv": [6, 14.8, 16, 15.25563], "texture": "#0"},
				"south": {"uv": [14.8, 14.8, 15, 15.25563], "texture": "#0"},
				"west": {"uv": [6, 14.8, 16, 15.25563], "texture": "#0"},
				"up": {"uv": [14.8, 6, 15, 16], "texture": "#0"},
				"down": {"uv": [14.8, 6, 15, 16], "texture": "#0"}
			}
		},
		{
			"name": "octagon",
			"from": [8.35, 5.77218, -5],
			"to": [8.55, 6.22782, 5],
			"rotation": {"angle": 0, "axis": "y", "origin": [8, 6, 3]},
			"faces": {
				"north": {"uv": [14.8, 14.8, 15, 15.25563], "texture": "#0"},
				"east": {"uv": [6, 14.8, 16, 15.25563], "texture": "#0"},
				"south": {"uv": [14.8, 14.8, 15, 15.25563], "texture": "#0"},
				"west": {"uv": [6, 14.8, 16, 15.25563], "texture": "#0"},
				"up": {"uv": [14.8, 6, 15, 16], "texture": "#0"},
				"down": {"uv": [14.8, 6, 15, 16], "texture": "#0"}
			}
		},
		{
			"name": "octagon",
			"from": [7.77218, 5.45, -15],
			"to": [8.22782, 5.75, -5],
			"rotation": {"angle": 45, "axis": "z", "origin": [8, 6, -7]},
			"faces": {
				"north": {"uv": [14.8, 14.8, 15.25563, 15.1], "texture": "#0"},
				"east": {"uv": [6, 14.8, 16, 15.1], "texture": "#0"},
				"south": {"uv": [14.8, 14.8, 15.25563, 15.1], "texture": "#0"},
				"west": {"uv": [6, 14.8, 16, 15.1], "texture": "#0"},
				"up": {"uv": [14.8, 6, 15.25563, 16], "texture": "#0"},
				"down": {"uv": [14.8, 6, 15.25563, 16], "texture": "#0"}
			}
		},
		{
			"name": "octagon",
			"from": [7.77218, 5.45, -15],
			"to": [8.22782, 5.75, -5],
			"rotation": {"angle": 0, "axis": "z", "origin": [8, 6, -7]},
			"faces": {
				"north": {"uv": [14.8, 14.8, 15.25563, 15.1], "texture": "#0"},
				"east": {"uv": [6, 14.8, 16, 15.1], "texture": "#0"},
				"south": {"uv": [14.8, 14.8, 15.25563, 15.1], "texture": "#0"},
				"west": {"uv": [6, 14.8, 16, 15.1], "texture": "#0"},
				"up": {"uv": [14.8, 6, 15.25563, 16], "texture": "#0"},
				"down": {"uv": [14.8, 6, 15.25563, 16], "texture": "#0"}
			}
		},
		{
			"name": "octagon",
			"from": [7.77218, 6.25, -15],
			"to": [8.22782, 6.55, -5],
			"rotation": {"angle": 45, "axis": "z", "origin": [8, 6, -7]},
			"faces": {
				"north": {"uv": [14.8, 14.8, 15.25563, 15.1], "texture": "#0"},
				"east": {"uv": [6, 14.8, 16, 15.1], "texture": "#0"},
				"south": {"uv": [14.8, 14.8, 15.25563, 15.1], "texture": "#0"},
				"west": {"uv": [6, 14.8, 16, 15.1], "texture": "#0"},
				"up": {"uv": [14.8, 6, 15.25563, 16], "texture": "#0"},
				"down": {"uv": [14.8, 6, 15.25563, 16], "texture": "#0"}
			}
		},
		{
			"name": "octagon",
			"from": [7.77218, 6.25, -15],
			"to": [8.22782, 6.55, -5],
			"rotation": {"angle": 0, "axis": "z", "origin": [8, 6, -7]},
			"faces": {
				"north": {"uv": [14.8, 14.8, 15.25563, 15.1], "texture": "#0"},
				"east": {"uv": [6, 14.8, 16, 15.1], "texture": "#0"},
				"south": {"uv": [14.8, 14.8, 15.25563, 15.1], "texture": "#0"},
				"west": {"uv": [6, 14.8, 16, 15.1], "texture": "#0"},
				"up": {"uv": [14.8, 6, 15.25563, 16], "texture": "#0"},
				"down": {"uv": [14.8, 6, 15.25563, 16], "texture": "#0"}
			}
		},
		{
			"name": "octagon",
			"from": [7.77218, 6.25, -14.5],
			"to": [8.22782, 6.8, -13],
			"rotation": {"angle": 0, "axis": "y", "origin": [8, 6, -7]},
			"faces": {
				"north": {"uv": [14.8, 14.8, 15.25563, 15.35], "texture": "#0"},
				"east": {"uv": [6, 14.8, 7.5, 15.35], "texture": "#0"},
				"south": {"uv": [14.8, 14.8, 15.25563, 15.35], "texture": "#0"},
				"west": {"uv": [6, 14.8, 7.5, 15.35], "texture": "#0"},
				"up": {"uv": [14.8, 6, 15.25563, 7.5], "texture": "#0"},
				"down": {"uv": [14.8, 6, 15.25563, 7.5], "texture": "#0"}
			}
		},
		{
			"name": "octagon",
			"from": [7.45, 5.77218, -15],
			"to": [7.75, 6.22782, -5],
			"rotation": {"angle": 45, "axis": "z", "origin": [8, 6, -7]},
			"faces": {
				"north": {"uv": [14.8, 14.8, 15.1, 15.25563], "texture": "#0"},
				"east": {"uv": [6, 14.8, 16, 15.25563], "texture": "#0"},
				"south": {"uv": [14.8, 14.8, 15.1, 15.25563], "texture": "#0"},
				"west": {"uv": [6, 14.8, 16, 15.25563], "texture": "#0"},
				"up": {"uv": [14.8, 6, 15.1, 16], "texture": "#0"},
				"down": {"uv": [14.8, 6, 15.1, 16], "texture": "#0"}
			}
		},
		{
			"name": "octagon",
			"from": [7.45, 5.77218, -15],
			"to": [7.75, 6.22782, -5],
			"rotation": {"angle": 0, "axis": "z", "origin": [8, 6, -7]},
			"faces": {
				"north": {"uv": [14.8, 14.8, 15.1, 15.25563], "texture": "#0"},
				"east": {"uv": [6, 14.8, 16, 15.25563], "texture": "#0"},
				"south": {"uv": [14.8, 14.8, 15.1, 15.25563], "texture": "#0"},
				"west": {"uv": [6, 14.8, 16, 15.25563], "texture": "#0"},
				"up": {"uv": [14.8, 6, 15.1, 16], "texture": "#0"},
				"down": {"uv": [14.8, 6, 15.1, 16], "texture": "#0"}
			}
		},
		{
			"name": "octagon",
			"from": [8.25, 5.77218, -15],
			"to": [8.55, 6.22782, -5],
			"rotation": {"angle": 45, "axis": "z", "origin": [8, 6, -7]},
			"faces": {
				"north": {"uv": [14.8, 14.8, 15.1, 15.25563], "texture": "#0"},
				"east": {"uv": [6, 14.8, 16, 15.25563], "texture": "#0"},
				"south": {"uv": [14.8, 14.8, 15.1, 15.25563], "texture": "#0"},
				"west": {"uv": [6, 14.8, 16, 15.25563], "texture": "#0"},
				"up": {"uv": [14.8, 6, 15.1, 16], "texture": "#0"},
				"down": {"uv": [14.8, 6, 15.1, 16], "texture": "#0"}
			}
		},
		{
			"name": "octagon",
			"from": [8.25, 5.77218, -15],
			"to": [8.55, 6.22782, -5],
			"rotation": {"angle": 0, "axis": "z", "origin": [8, 6, -7]},
			"faces": {
				"north": {"uv": [14.8, 14.8, 15.1, 15.25563], "texture": "#0"},
				"east": {"uv": [6, 14.8, 16, 15.25563], "texture": "#0"},
				"south": {"uv": [14.8, 14.8, 15.1, 15.25563], "texture": "#0"},
				"west": {"uv": [6, 14.8, 16, 15.25563], "texture": "#0"},
				"up": {"uv": [14.8, 6, 15.1, 16], "texture": "#0"},
				"down": {"uv": [14.8, 6, 15.1, 16], "texture": "#0"}
			}
		}
	],
	"display": {
		"thirdperson_righthand": {
			"translation": [0, 3, -1.75]
		},
		"thirdperson_lefthand": {
			"translation": [0, 3, -1.75]
		},
		"firstperson_righthand": {
			"rotation": [0, -15, 0],
			"translation": [11, 5.25, 1.25]
		},
		"firstperson_lefthand": {
			"rotation": [0, -15, 0],
			"translation": [11, 5.25, 1.25]
		},
		"ground": {
			"rotation": [0, 0, -90],
			"translation": [2, -2.25, 0.25],
			"scale": [0.85, 0.85, 0.85]
		},
		"gui": {
			"rotation": [21, 128, 0],
			"translation": [-0.25, 2.25, 0]
		},
		"head": {
			"translation": [0, -3.75, -11.25],
			"scale": [3, 0.5, 0.75]
		},
		"fixed": {
			"rotation": [0, -90, 0],
			"translation": [0, 2.75, -0.25]
		}
	},
	"groups": [
		{
			"name": "Stock & Grip",
			"origin": [8, 3.12059, 15.78296],
			"color": 2,
			"children": [0, 1, 2, 3, 4, 5, 6, 7, 8, 9, 10]
		},
		{
			"name": "Base",
			"origin": [7, 4, 11.4],
			"color": 2,
			"children": [11, 12, 13, 14, 15, 16, 17]
		},
		{
			"name": "Trigger",
			"origin": [8, 3.575, 12.05],
			"color": 3,
			"children": [18, 19, 20, 21, 22, 23, 24]
		},
		{
			"name": "Barrel",
			"origin": [8, 8, 8],
			"color": 3,
			"children": [
				{
					"name": "octagon",
					"origin": [8, 8, 8],
					"color": 9,
					"children": [25, 26, 27, 28]
				},
				{
					"name": "octagon",
					"origin": [8, 8, 8],
					"color": 3,
					"children": [29, 30, 31, 32, 33, 34, 35]
				},
				{
					"name": "octagon",
					"origin": [8, 8, 8],
					"color": 3,
					"children": [36, 37, 38, 39]
				},
				{
					"name": "octagon",
					"origin": [8, 8, 8],
					"color": 3,
					"children": [40, 41, 42, 43, 44, 45, 46, 47]
				},
				{
					"name": "octagon",
					"origin": [8, 8, 8],
					"color": 3,
					"children": [48, 49, 50, 51, 52, 53, 54, 55, 56]
				}
			]
		}
	]
}