{
	"credit": "Made with Blockbench",
	"textures": {
		"0": "block/xm42",
		"1": "block/xm42_fuel_tank",
		"particle": "block/xm42"
	},
	"elements": [
		{
			"from": [5.5, 5.75, 13],
			"to": [10.5, 10.25, 23],
			"rotation": {"angle": 0, "axis": "y", "origin": [7, 7, 21]},
			"faces": {
				"north": {"uv": [6, 5.5, 11, 10], "texture": "#0"},
				"east": {"uv": [6, 10, 16, 14.5], "texture": "#0"},
				"south": {"uv": [6, 5.5, 11, 10], "texture": "#0"},
				"west": {"uv": [6, 10, 16, 14.5], "texture": "#0"},
				"up": {"uv": [11, 0, 16, 10], "texture": "#0"},
				"down": {"uv": [11, 0, 16, 10], "texture": "#0"}
			}
		},
		{
			"name": "octagon",
			"from": [6.96447, 0.25, 12.001],
			"to": [9.03553, 5.25, 24.001],
			"rotation": {"angle": 45, "axis": "z", "origin": [8, 2.75, 16]},
			"faces": {
				"north": {"uv": [0, 0, 2.07107, 5], "texture": "#1"},
				"east": {"uv": [0, 0, 12, 5], "texture": "#1"},
				"south": {"uv": [0, 0, 2.07107, 5], "texture": "#1"},
				"west": {"uv": [0, 0, 12, 5], "texture": "#1"},
				"up": {"uv": [0, 0, 2.07107, 12], "texture": "#1"},
				"down": {"uv": [0, 0, 2.07107, 12], "texture": "#1"}
			}
		},
		{
			"name": "octagon",
			"from": [6.96447, 0.25, 12],
			"to": [9.03553, 5.25, 24],
			"rotation": {"angle": 0, "axis": "z", "origin": [8, 2.75, 16]},
			"faces": {
				"north": {"uv": [0, 0, 2.07107, 5], "texture": "#1"},
				"east": {"uv": [0, 0, 12, 5], "texture": "#1"},
				"south": {"uv": [0, 0, 2.07107, 5], "texture": "#1"},
				"west": {"uv": [0, 0, 12, 5], "texture": "#1"},
				"up": {"uv": [0, 0, 2.07107, 12], "texture": "#1"},
				"down": {"uv": [0, 0, 2.07107, 12], "texture": "#1"}
			}
		},
		{
			"name": "octagon",
			"from": [5.5, 1.71447, 12.002],
			"to": [10.5, 3.78553, 24.002],
			"rotation": {"angle": 45, "axis": "z", "origin": [8, 2.75, 16]},
			"faces": {
				"north": {"uv": [0, 0, 5, 2.07107], "texture": "#1"},
				"east": {"uv": [0, 0, 12, 2.07107], "texture": "#1"},
				"south": {"uv": [0, 0, 5, 2.07107], "texture": "#1"},
				"west": {"uv": [0, 0, 12, 2.07107], "texture": "#1"},
				"up": {"uv": [0, 0, 5, 12], "texture": "#1"},
				"down": {"uv": [0, 0, 5, 12], "texture": "#1"}
			}
		},
		{
			"name": "octagon",
			"from": [5.5, 1.71447, 11.999],
			"to": [10.5, 3.78553, 23.999],
			"rotation": {"angle": 0, "axis": "z", "origin": [8, 2.75, 16]},
			"faces": {
				"north": {"uv": [0, 0, 5, 2.07107], "texture": "#1"},
				"east": {"uv": [0, 0, 12, 2.07107], "texture": "#1"},
				"south": {"uv": [0, 0, 5, 2.07107], "texture": "#1"},
				"west": {"uv": [0, 0, 12, 2.07107], "texture": "#1"},
				"up": {"uv": [0, 0, 5, 12], "texture": "#1"},
				"down": {"uv": [0, 0, 5, 12], "texture": "#1"}
			}
		},
		{
			"from": [6, 4, 17],
			"to": [10, 6, 22],
			"rotation": {"angle": 0, "axis": "y", "origin": [7, 4, 17]},
			"faces": {
				"north": {"uv": [12, 0, 16, 2], "texture": "#0"},
				"east": {"uv": [11, 0, 16, 2], "texture": "#0"},
				"south": {"uv": [12, 0, 16, 2], "texture": "#0"},
				"west": {"uv": [11, 0, 16, 2], "texture": "#0"},
				"up": {"uv": [12, 0, 16, 5], "texture": "#0"},
				"down": {"uv": [12, 0, 16, 5], "texture": "#0"}
			}
		},
		{
			"from": [7.25, 7.25, 22],
			"to": [8.75, 8.75, 27],
			"rotation": {"angle": -22.5, "axis": "x", "origin": [8, 8, 23]},
			"faces": {
				"north": {"uv": [0, 0, 1.5, 1.5], "texture": "#0"},
				"east": {"uv": [0, 0, 5, 1.5], "texture": "#0"},
				"south": {"uv": [0, 0, 1.5, 1.5], "texture": "#0"},
				"west": {"uv": [0, 0, 5, 1.5], "texture": "#0"},
				"up": {"uv": [0, 0, 1.5, 5], "texture": "#0"},
				"down": {"uv": [0, 0, 1.5, 5], "texture": "#0"}
			}
		},
		{
			"from": [7, 8.75, 25.25],
			"to": [9, 14.75, 27.25],
			"rotation": {"angle": -22.5, "axis": "x", "origin": [8, 8, 23]},
			"faces": {
				"north": {"uv": [4, 6, 6, 12], "texture": "#1"},
				"east": {"uv": [4, 6, 6, 12], "texture": "#1"},
				"south": {"uv": [4, 6, 6, 12], "texture": "#1"},
				"west": {"uv": [4, 6, 6, 12], "texture": "#1"},
				"up": {"uv": [6, 6, 8, 8], "texture": "#1"},
				"down": {"uv": [6, 6, 8, 8], "texture": "#1"}
			}
		},
		{
			"from": [4.8, 8.06, 10],
			"to": [5.55, 14.06, 11],
			"rotation": {"angle": 0, "axis": "y", "origin": [6.6, 9.45, 18]},
			"faces": {
				"north": {"uv": [0, 0, 0.75, 6], "texture": "#0"},
				"east": {"uv": [0, 0, 1, 6], "texture": "#0"},
				"south": {"uv": [0, 0, 0.75, 6], "texture": "#0"},
				"west": {"uv": [0, 0, 1, 6], "texture": "#0"},
				"up": {"uv": [0, 0, 0.75, 1], "texture": "#0"},
				"down": {"uv": [0, 0, 0.75, 1], "texture": "#0"}
			}
		},
		{
			"from": [5.75, 5.749, 10],
			"to": [10.25, 6.499, 11],
			"rotation": {"angle": 0, "axis": "y", "origin": [7, 7, 18]},
			"faces": {
				"north": {"uv": [0, 0, 4.5, 0.75], "texture": "#0"},
				"east": {"uv": [0, 0, 1, 0.75], "texture": "#0"},
				"south": {"uv": [0, 0, 4.5, 0.75], "texture": "#0"},
				"west": {"uv": [0, 0, 1, 0.75], "texture": "#0"},
				"up": {"uv": [0, 0, 4.5, 1], "texture": "#0"},
				"down": {"uv": [0, 0, 4.5, 1], "texture": "#0"}
			}
		},
		{
			"from": [4.84, 5.75, 10.001],
			"to": [5.59, 8.25, 11.001],
			"rotation": {"angle": 22.5, "axis": "z", "origin": [5.3, 8.05, 10.5]},
			"faces": {
				"north": {"uv": [0, 0, 2.5, 0.75], "rotation": 270, "texture": "#0"},
				"east": {"uv": [0, 0, 2.5, 1], "rotation": 90, "texture": "#0"},
				"south": {"uv": [0, 0, 2.5, 0.75], "rotation": 90, "texture": "#0"},
				"west": {"uv": [0, 0, 2.5, 1], "rotation": 90, "texture": "#0"},
				"up": {"uv": [0, 0, 1, 0.75], "rotation": 90, "texture": "#0"},
				"down": {"uv": [0, 0, 1, 0.75], "rotation": 90, "texture": "#0"}
			}
		},
		{
			"from": [5.55, 12.06, 9.75],
			"to": [10.45, 13.56, 11.25],
			"rotation": {"angle": 0, "axis": "y", "origin": [6.6, 9.45, 18]},
			"faces": {
				"north": {"uv": [4, 4, 8.9, 5.5], "texture": "#1"},
				"east": {"uv": [4, 4, 5.5, 5.5], "texture": "#1"},
				"south": {"uv": [4, 4, 8.9, 5.5], "texture": "#1"},
				"west": {"uv": [4, 4, 5.5, 5.5], "texture": "#1"},
				"up": {"uv": [4, 4, 8.9, 5.5], "texture": "#1"},
				"down": {"uv": [4, 4, 8.9, 5.5], "texture": "#1"}
			}
		},
		{
			"from": [10.45, 8.06, 10],
			"to": [11.2, 14.06, 11],
			"rotation": {"angle": 0, "axis": "y", "origin": [9.4, 9.45, 18]},
			"faces": {
				"north": {"uv": [0.75, 0, 1.5, 6], "texture": "#0"},
				"east": {"uv": [1, 0, 2, 6], "texture": "#0"},
				"south": {"uv": [0.75, 0, 1.5, 6], "texture": "#0"},
				"west": {"uv": [1, 0, 2, 6], "texture": "#0"},
				"up": {"uv": [0.75, 0, 1.5, 1], "texture": "#0"},
				"down": {"uv": [0.75, 0, 1.5, 1], "texture": "#0"}
			}
		},
		{
			"from": [10.41, 5.75, 10.001],
			"to": [11.16, 8.25, 11.001],
			"rotation": {"angle": -22.5, "axis": "z", "origin": [10.7, 8.05, 10.5]},
			"faces": {
				"north": {"uv": [0, 0.75, 2.5, 1.5], "rotation": 270, "texture": "#0"},
				"east": {"uv": [0, 1, 2.5, 2], "rotation": 90, "texture": "#0"},
				"south": {"uv": [0, 0.75, 2.5, 1.5], "rotation": 90, "texture": "#0"},
				"west": {"uv": [0, 1, 2.5, 2], "rotation": 90, "texture": "#0"},
				"up": {"uv": [0, 0.75, 1, 1.5], "rotation": 90, "texture": "#0"},
				"down": {"uv": [0, 0.75, 1, 1.5], "rotation": 90, "texture": "#0"}
			}
		},
		{
			"name": "octagon",
			"from": [7.17157, 6, 3.5],
			"to": [8.82843, 6.5, 13],
			"rotation": {"angle": 45, "axis": "z", "origin": [8, 8, 17]},
			"faces": {
				"north": {"uv": [0, 0, 1.65685, 0.5], "texture": "#0"},
				"east": {"uv": [0, 0, 9.5, 0.5], "texture": "#0"},
				"south": {"uv": [0, 0, 1.65685, 0.5], "texture": "#0"},
				"west": {"uv": [0, 0, 9.5, 0.5], "texture": "#0"},
				"up": {"uv": [0, 0, 1.65685, 9.5], "texture": "#0"},
				"down": {"uv": [0, 0, 1.65685, 9.5], "texture": "#0"}
			}
		},
		{
			"name": "octagon",
			"from": [7.17157, 6, 3.5],
			"to": [8.82843, 6.5, 13],
			"rotation": {"angle": 0, "axis": "y", "origin": [8, 8, 17]},
			"faces": {
				"north": {"uv": [0, 0, 1.65685, 0.5], "texture": "#0"},
				"east": {"uv": [0, 0, 9.5, 0.5], "texture": "#0"},
				"south": {"uv": [0, 0, 1.65685, 0.5], "texture": "#0"},
				"west": {"uv": [0, 0, 9.5, 0.5], "texture": "#0"},
				"up": {"uv": [0, 0, 1.65685, 9.5], "texture": "#0"},
				"down": {"uv": [0, 0, 1.65685, 9.5], "texture": "#0"}
			}
		},
		{
			"name": "octagon",
			"from": [6, 7.17157, 3.5],
			"to": [6.5, 8.82843, 13],
			"rotation": {"angle": 45, "axis": "z", "origin": [8, 8, 17]},
			"faces": {
				"north": {"uv": [0, 0, 0.5, 1.65685], "texture": "#0"},
				"east": {"uv": [0, 0, 9.5, 1.65685], "texture": "#0"},
				"south": {"uv": [0, 0, 0.5, 1.65685], "texture": "#0"},
				"west": {"uv": [0, 0, 9.5, 1.65685], "texture": "#0"},
				"up": {"uv": [0, 0, 0.5, 9.5], "texture": "#0"},
				"down": {"uv": [0, 0, 0.5, 9.5], "texture": "#0"}
			}
		},
		{
			"name": "octagon",
			"from": [7.17157, 9.5, 8],
			"to": [8.82843, 10, 8.5],
			"rotation": {"angle": -45, "axis": "z", "origin": [8, 8, 17]},
			"faces": {
				"north": {"uv": [0, 0.5, 1.65685, 0], "texture": "#0"},
				"east": {"uv": [0, 0.5, 0.5, 0], "texture": "#0"},
				"south": {"uv": [0, 0.5, 1.65685, 0], "texture": "#0"},
				"west": {"uv": [0, 0.5, 0.5, 0], "texture": "#0"},
				"up": {"uv": [0, 0.5, 1.65685, 0], "texture": "#0"},
				"down": {"uv": [0, 0.5, 1.65685, 0], "texture": "#0"}
			}
		},
		{
			"name": "octagon",
			"from": [7.17157, 9.5, 5],
			"to": [8.82843, 10, 5.5],
			"rotation": {"angle": -45, "axis": "z", "origin": [8, 8, 17]},
			"faces": {
				"north": {"uv": [0, 0.5, 1.65685, 0], "texture": "#0"},
				"east": {"uv": [0, 0.5, 0.5, 0], "texture": "#0"},
				"south": {"uv": [0, 0.5, 1.65685, 0], "texture": "#0"},
				"west": {"uv": [0, 0.5, 0.5, 0], "texture": "#0"},
				"up": {"uv": [0, 0.5, 1.65685, 0], "texture": "#0"},
				"down": {"uv": [0, 0.5, 1.65685, 0], "texture": "#0"}
			}
		},
		{
			"name": "octagon",
			"from": [7.17157, 9.5, 11],
			"to": [8.82843, 10, 11.5],
			"rotation": {"angle": -45, "axis": "z", "origin": [8, 8, 17]},
			"faces": {
				"north": {"uv": [0, 0.5, 1.65685, 0], "texture": "#0"},
				"east": {"uv": [0, 0.5, 0.5, 0], "texture": "#0"},
				"south": {"uv": [0, 0.5, 1.65685, 0], "texture": "#0"},
				"west": {"uv": [0, 0.5, 0.5, 0], "texture": "#0"},
				"up": {"uv": [0, 0.5, 1.65685, 0], "texture": "#0"},
				"down": {"uv": [0, 0.5, 1.65685, 0], "texture": "#0"}
			}
		},
		{
			"name": "octagon",
			"from": [7.17157, 9.5, 3.5],
			"to": [8.82843, 10, 13],
			"rotation": {"angle": 0, "axis": "y", "origin": [8, 8, 17]},
			"faces": {
				"north": {"uv": [0, 0.5, 1.65685, 0], "texture": "#0"},
				"east": {"uv": [0, 0.5, 9.5, 0], "texture": "#0"},
				"south": {"uv": [0, 0.5, 1.65685, 0], "texture": "#0"},
				"west": {"uv": [0, 0.5, 9.5, 0], "texture": "#0"},
				"up": {"uv": [0, 9.5, 1.65685, 0], "texture": "#0"},
				"down": {"uv": [0, 9.5, 1.65685, 0], "texture": "#0"}
			}
		},
		{
			"name": "octagon",
			"from": [6, 7.17157, 11],
			"to": [6.5, 8.82843, 11.5],
			"rotation": {"angle": -45, "axis": "z", "origin": [8, 8, 17]},
			"faces": {
				"north": {"uv": [0, 1.65685, 0.5, 0], "texture": "#0"},
				"east": {"uv": [0, 1.65685, 0.5, 0], "texture": "#0"},
				"south": {"uv": [0, 1.65685, 0.5, 0], "texture": "#0"},
				"west": {"uv": [0, 1.65685, 0.5, 0], "texture": "#0"},
				"up": {"uv": [0, 0.5, 0.5, 0], "texture": "#0"},
				"down": {"uv": [0, 0.5, 0.5, 0], "texture": "#0"}
			}
		},
		{
			"name": "octagon",
			"from": [6, 7.17157, 8],
			"to": [6.5, 8.82843, 8.5],
			"rotation": {"angle": -45, "axis": "z", "origin": [8, 8, 14]},
			"faces": {
				"north": {"uv": [0, 1.65685, 0.5, 0], "texture": "#0"},
				"east": {"uv": [0, 1.65685, 0.5, 0], "texture": "#0"},
				"south": {"uv": [0, 1.65685, 0.5, 0], "texture": "#0"},
				"west": {"uv": [0, 1.65685, 0.5, 0], "texture": "#0"},
				"up": {"uv": [0, 0.5, 0.5, 0], "texture": "#0"},
				"down": {"uv": [0, 0.5, 0.5, 0], "texture": "#0"}
			}
		},
		{
			"name": "octagon",
			"from": [6, 7.17157, 5],
			"to": [6.5, 8.82843, 5.5],
			"rotation": {"angle": -45, "axis": "z", "origin": [8, 8, 11]},
			"faces": {
				"north": {"uv": [0, 1.65685, 0.5, 0], "texture": "#0"},
				"east": {"uv": [0, 1.65685, 0.5, 0], "texture": "#0"},
				"south": {"uv": [0, 1.65685, 0.5, 0], "texture": "#0"},
				"west": {"uv": [0, 1.65685, 0.5, 0], "texture": "#0"},
				"up": {"uv": [0, 0.5, 0.5, 0], "texture": "#0"},
				"down": {"uv": [0, 0.5, 0.5, 0], "texture": "#0"}
			}
		},
		{
			"name": "octagon",
			"from": [6, 8.17157, 3.5],
			"to": [6.5, 8.82843, 13],
			"rotation": {"angle": 0, "axis": "y", "origin": [8, 8, 17]},
			"faces": {
				"north": {"uv": [0, 0, 0.5, 0.65685], "texture": "#0"},
				"east": {"uv": [0, 0, 9.5, 0.65685], "texture": "#0"},
				"south": {"uv": [0, 0, 0.5, 0.65685], "texture": "#0"},
				"west": {"uv": [0, 0, 9.5, 0.65685], "texture": "#0"},
				"up": {"uv": [0, 0, 0.5, 9.5], "texture": "#0"},
				"down": {"uv": [0, 0, 0.5, 9.5], "texture": "#0"}
			}
		},
		{
			"name": "octagon",
			"from": [6, 7.17157, 12.5],
			"to": [6.5, 8.17157, 13],
			"rotation": {"angle": 0, "axis": "y", "origin": [8, 8, 18]},
			"faces": {
				"north": {"uv": [0, 0, 0.5, 1], "texture": "#0"},
				"east": {"uv": [0, 0, 0.5, 1], "texture": "#0"},
				"south": {"uv": [0, 0, 0.5, 1], "texture": "#0"},
				"west": {"uv": [0, 0, 0.5, 1], "texture": "#0"},
				"up": {"uv": [0, 0, 0.5, 0.5], "texture": "#0"},
				"down": {"uv": [0, 0, 0.5, 0.5], "texture": "#0"}
			}
		},
		{
			"name": "octagon",
			"from": [6, 7.17157, 9.5],
			"to": [6.5, 8.17157, 10],
			"rotation": {"angle": 0, "axis": "y", "origin": [8, 8, 15]},
			"faces": {
				"north": {"uv": [0, 0, 0.5, 1], "texture": "#0"},
				"east": {"uv": [0, 0, 0.5, 1], "texture": "#0"},
				"south": {"uv": [0, 0, 0.5, 1], "texture": "#0"},
				"west": {"uv": [0, 0, 0.5, 1], "texture": "#0"},
				"up": {"uv": [0, 0, 0.5, 0.5], "texture": "#0"},
				"down": {"uv": [0, 0, 0.5, 0.5], "texture": "#0"}
			}
		},
		{
			"name": "octagon",
			"from": [6, 7.17157, 6.5],
			"to": [6.5, 8.17157, 7],
			"rotation": {"angle": 0, "axis": "y", "origin": [8, 8, 12]},
			"faces": {
				"north": {"uv": [0, 0, 0.5, 1], "texture": "#0"},
				"east": {"uv": [0, 0, 0.5, 1], "texture": "#0"},
				"south": {"uv": [0, 0, 0.5, 1], "texture": "#0"},
				"west": {"uv": [0, 0, 0.5, 1], "texture": "#0"},
				"up": {"uv": [0, 0, 0.5, 0.5], "texture": "#0"},
				"down": {"uv": [0, 0, 0.5, 0.5], "texture": "#0"}
			}
		},
		{
			"name": "octagon",
			"from": [6, 7.17157, 3.5],
			"to": [6.5, 8.17157, 4],
			"rotation": {"angle": 0, "axis": "y", "origin": [8, 8, 9]},
			"faces": {
				"north": {"uv": [0, 0, 0.5, 1], "texture": "#0"},
				"east": {"uv": [0, 0, 0.5, 1], "texture": "#0"},
				"south": {"uv": [0, 0, 0.5, 1], "texture": "#0"},
				"west": {"uv": [0, 0, 0.5, 1], "texture": "#0"},
				"up": {"uv": [0, 0, 0.5, 0.5], "texture": "#0"},
				"down": {"uv": [0, 0, 0.5, 0.5], "texture": "#0"}
			}
		},
		{
			"name": "octagon",
			"from": [9.5, 7.17157, 12.5],
			"to": [10, 8.17157, 13],
			"rotation": {"angle": 0, "axis": "y", "origin": [11.5, 8, 18]},
			"faces": {
				"north": {"uv": [0, 0, 0.5, 1], "texture": "#0"},
				"east": {"uv": [0, 0, 0.5, 1], "texture": "#0"},
				"south": {"uv": [0, 0, 0.5, 1], "texture": "#0"},
				"west": {"uv": [0, 0, 0.5, 1], "texture": "#0"},
				"up": {"uv": [0, 0, 0.5, 0.5], "texture": "#0"},
				"down": {"uv": [0, 0, 0.5, 0.5], "texture": "#0"}
			}
		},
		{
			"name": "octagon",
			"from": [9.5, 7.17157, 9.5],
			"to": [10, 8.17157, 10],
			"rotation": {"angle": 0, "axis": "y", "origin": [11.5, 8, 15]},
			"faces": {
				"north": {"uv": [0, 0, 0.5, 1], "texture": "#0"},
				"east": {"uv": [0, 0, 0.5, 1], "texture": "#0"},
				"south": {"uv": [0, 0, 0.5, 1], "texture": "#0"},
				"west": {"uv": [0, 0, 0.5, 1], "texture": "#0"},
				"up": {"uv": [0, 0, 0.5, 0.5], "texture": "#0"},
				"down": {"uv": [0, 0, 0.5, 0.5], "texture": "#0"}
			}
		},
		{
			"name": "octagon",
			"from": [9.5, 7.17157, 6.5],
			"to": [10, 8.17157, 7],
			"rotation": {"angle": 0, "axis": "y", "origin": [11.5, 8, 12]},
			"faces": {
				"north": {"uv": [0, 0, 0.5, 1], "texture": "#0"},
				"east": {"uv": [0, 0, 0.5, 1], "texture": "#0"},
				"south": {"uv": [0, 0, 0.5, 1], "texture": "#0"},
				"west": {"uv": [0, 0, 0.5, 1], "texture": "#0"},
				"up": {"uv": [0, 0, 0.5, 0.5], "texture": "#0"},
				"down": {"uv": [0, 0, 0.5, 0.5], "texture": "#0"}
			}
		},
		{
			"name": "octagon",
			"from": [9.5, 7.17157, 3.5],
			"to": [10, 8.17157, 4],
			"rotation": {"angle": 0, "axis": "y", "origin": [11.5, 8, 9]},
			"faces": {
				"north": {"uv": [0, 0, 0.5, 1], "texture": "#0"},
				"east": {"uv": [0, 0, 0.5, 1], "texture": "#0"},
				"south": {"uv": [0, 0, 0.5, 1], "texture": "#0"},
				"west": {"uv": [0, 0, 0.5, 1], "texture": "#0"},
				"up": {"uv": [0, 0, 0.5, 0.5], "texture": "#0"},
				"down": {"uv": [0, 0, 0.5, 0.5], "texture": "#0"}
			}
		},
		{
			"name": "octagon",
			"from": [9.5, 8.17157, 3.5],
			"to": [10, 8.82843, 13],
			"rotation": {"angle": 0, "axis": "y", "origin": [8, 8, 17]},
			"faces": {
				"north": {"uv": [0, 0, 0.5, 0.65685], "texture": "#0"},
				"east": {"uv": [0, 0, 9.5, 0.65685], "texture": "#0"},
				"south": {"uv": [0, 0, 0.5, 0.65685], "texture": "#0"},
				"west": {"uv": [0, 0, 9.5, 0.65685], "texture": "#0"},
				"up": {"uv": [0, 0, 0.5, 9.5], "texture": "#0"},
				"down": {"uv": [0, 0, 0.5, 9.5], "texture": "#0"}
			}
		},
		{
			"name": "octagon",
			"from": [7.17157, 6, -5],
			"to": [8.82843, 6.5, 3.5],
			"rotation": {"angle": 45, "axis": "z", "origin": [8, 8, 8]},
			"faces": {
				"north": {"uv": [0, 0, 1.65685, 0.5], "texture": "#0"},
				"east": {"uv": [0, 0, 8.5, 0.5], "texture": "#0"},
				"south": {"uv": [0, 0, 1.65685, 0.5], "texture": "#0"},
				"west": {"uv": [0, 0, 8.5, 0.5], "texture": "#0"},
				"up": {"uv": [0, 0, 1.65685, 8.5], "texture": "#0"},
				"down": {"uv": [0, 0, 1.65685, 8.5], "texture": "#0"}
			}
		},
		{
			"name": "octagon",
			"from": [7.17157, 6, -5],
			"to": [8.82843, 6.5, 3.5],
			"rotation": {"angle": 0, "axis": "z", "origin": [8, 8, 8]},
			"faces": {
				"north": {"uv": [0, 0, 1.65685, 0.5], "texture": "#0"},
				"east": {"uv": [0, 0, 8.5, 0.5], "texture": "#0"},
				"south": {"uv": [0, 0, 1.65685, 0.5], "texture": "#0"},
				"west": {"uv": [0, 0, 8.5, 0.5], "texture": "#0"},
				"up": {"uv": [0, 0, 1.65685, 8.5], "texture": "#0"},
				"down": {"uv": [0, 0, 1.65685, 8.5], "texture": "#0"}
			}
		},
		{
			"name": "octagon",
			"from": [6, 7.17157, -5],
			"to": [6.5, 8.82843, 3.5],
			"rotation": {"angle": 45, "axis": "z", "origin": [8, 8, 8]},
			"faces": {
				"north": {"uv": [0, 0, 0.5, 1.65685], "texture": "#0"},
				"east": {"uv": [0, 0, 8.5, 1.65685], "texture": "#0"},
				"south": {"uv": [0, 0, 0.5, 1.65685], "texture": "#0"},
				"west": {"uv": [0, 0, 8.5, 1.65685], "texture": "#0"},
				"up": {"uv": [0, 0, 0.5, 8.5], "texture": "#0"},
				"down": {"uv": [0, 0, 0.5, 8.5], "texture": "#0"}
			}
		},
		{
			"name": "octagon",
			"from": [7.17157, 9.5, -1],
			"to": [8.82843, 10, -0.5],
			"rotation": {"angle": -45, "axis": "z", "origin": [8, 8, 8]},
			"faces": {
				"north": {"uv": [0, 0.5, 1.65685, 0], "texture": "#0"},
				"east": {"uv": [0, 0.5, 0.5, 0], "texture": "#0"},
				"south": {"uv": [0, 0.5, 1.65685, 0], "texture": "#0"},
				"west": {"uv": [0, 0.5, 0.5, 0], "texture": "#0"},
				"up": {"uv": [0, 0.5, 1.65685, 0], "texture": "#0"},
				"down": {"uv": [0, 0.5, 1.65685, 0], "texture": "#0"}
			}
		},
		{
			"name": "octagon",
			"from": [7.17157, 9.5, -4],
			"to": [8.82843, 10, -3.5],
			"rotation": {"angle": -45, "axis": "z", "origin": [8, 8, 8]},
			"faces": {
				"north": {"uv": [0, 0.5, 1.65685, 0], "texture": "#0"},
				"east": {"uv": [0, 0.5, 0.5, 0], "texture": "#0"},
				"south": {"uv": [0, 0.5, 1.65685, 0], "texture": "#0"},
				"west": {"uv": [0, 0.5, 0.5, 0], "texture": "#0"},
				"up": {"uv": [0, 0.5, 1.65685, 0], "texture": "#0"},
				"down": {"uv": [0, 0.5, 1.65685, 0], "texture": "#0"}
			}
		},
		{
			"name": "octagon",
			"from": [7.17157, 9.5, 2],
			"to": [8.82843, 10, 2.5],
			"rotation": {"angle": -45, "axis": "z", "origin": [8, 8, 8]},
			"faces": {
				"north": {"uv": [0, 0.5, 1.65685, 0], "texture": "#0"},
				"east": {"uv": [0, 0.5, 0.5, 0], "texture": "#0"},
				"south": {"uv": [0, 0.5, 1.65685, 0], "texture": "#0"},
				"west": {"uv": [0, 0.5, 0.5, 0], "texture": "#0"},
				"up": {"uv": [0, 0.5, 1.65685, 0], "texture": "#0"},
				"down": {"uv": [0, 0.5, 1.65685, 0], "texture": "#0"}
			}
		},
		{
			"name": "octagon",
			"from": [7.17157, 9.5, -5],
			"to": [8.82843, 10, 3.5],
			"rotation": {"angle": 0, "axis": "y", "origin": [8, 8, 8]},
			"faces": {
				"north": {"uv": [0, 0.5, 1.65685, 0], "texture": "#0"},
				"east": {"uv": [0, 0.5, 8.5, 0], "texture": "#0"},
				"south": {"uv": [0, 0.5, 1.65685, 0], "texture": "#0"},
				"west": {"uv": [0, 0.5, 8.5, 0], "texture": "#0"},
				"up": {"uv": [0, 8.5, 1.65685, 0], "texture": "#0"},
				"down": {"uv": [0, 8.5, 1.65685, 0], "texture": "#0"}
			}
		},
		{
			"name": "octagon",
			"from": [6, 7.17157, 2],
			"to": [6.5, 8.82843, 2.5],
			"rotation": {"angle": -45, "axis": "z", "origin": [8, 8, 8]},
			"faces": {
				"north": {"uv": [0, 1.65685, 0.5, 0], "texture": "#0"},
				"east": {"uv": [0, 1.65685, 0.5, 0], "texture": "#0"},
				"south": {"uv": [0, 1.65685, 0.5, 0], "texture": "#0"},
				"west": {"uv": [0, 1.65685, 0.5, 0], "texture": "#0"},
				"up": {"uv": [0, 0.5, 0.5, 0], "texture": "#0"},
				"down": {"uv": [0, 0.5, 0.5, 0], "texture": "#0"}
			}
		},
		{
			"name": "octagon",
			"from": [6, 7.17157, -1],
			"to": [6.5, 8.82843, -0.5],
			"rotation": {"angle": -45, "axis": "z", "origin": [8, 8, 5]},
			"faces": {
				"north": {"uv": [0, 1.65685, 0.5, 0], "texture": "#0"},
				"east": {"uv": [0, 1.65685, 0.5, 0], "texture": "#0"},
				"south": {"uv": [0, 1.65685, 0.5, 0], "texture": "#0"},
				"west": {"uv": [0, 1.65685, 0.5, 0], "texture": "#0"},
				"up": {"uv": [0, 0.5, 0.5, 0], "texture": "#0"},
				"down": {"uv": [0, 0.5, 0.5, 0], "texture": "#0"}
			}
		},
		{
			"name": "octagon",
			"from": [6, 7.17157, -4],
			"to": [6.5, 8.82843, -3.5],
			"rotation": {"angle": -45, "axis": "z", "origin": [8, 8, 2]},
			"faces": {
				"north": {"uv": [0, 1.65685, 0.5, 0], "texture": "#0"},
				"east": {"uv": [0, 1.65685, 0.5, 0], "texture": "#0"},
				"south": {"uv": [0, 1.65685, 0.5, 0], "texture": "#0"},
				"west": {"uv": [0, 1.65685, 0.5, 0], "texture": "#0"},
				"up": {"uv": [0, 0.5, 0.5, 0], "texture": "#0"},
				"down": {"uv": [0, 0.5, 0.5, 0], "texture": "#0"}
			}
		},
		{
			"name": "octagon",
			"from": [6, 8.17157, -5],
			"to": [6.5, 8.82843, 3.5],
			"rotation": {"angle": 0, "axis": "z", "origin": [8, 8, 8]},
			"faces": {
				"north": {"uv": [0, 0, 0.5, 0.65685], "texture": "#0"},
				"east": {"uv": [0, 0, 8.5, 0.65685], "texture": "#0"},
				"south": {"uv": [0, 0, 0.5, 0.65685], "texture": "#0"},
				"west": {"uv": [0, 0, 8.5, 0.65685], "texture": "#0"},
				"up": {"uv": [0, 0, 0.5, 8.5], "texture": "#0"},
				"down": {"uv": [0, 0, 0.5, 8.5], "texture": "#0"}
			}
		},
		{
			"name": "octagon",
			"from": [6, 7.17157, 0.5],
			"to": [6.5, 8.17157, 1],
			"rotation": {"angle": 0, "axis": "y", "origin": [8, 8, 6]},
			"faces": {
				"north": {"uv": [0, 0, 0.5, 1], "texture": "#0"},
				"east": {"uv": [0, 0, 0.5, 1], "texture": "#0"},
				"south": {"uv": [0, 0, 0.5, 1], "texture": "#0"},
				"west": {"uv": [0, 0, 0.5, 1], "texture": "#0"},
				"up": {"uv": [0, 0, 0.5, 0.5], "texture": "#0"},
				"down": {"uv": [0, 0, 0.5, 0.5], "texture": "#0"}
			}
		},
		{
			"name": "octagon",
			"from": [6, 7.17157, -2.5],
			"to": [6.5, 8.17157, -2],
			"rotation": {"angle": 0, "axis": "y", "origin": [8, 8, 3]},
			"faces": {
				"north": {"uv": [0, 0, 0.5, 1], "texture": "#0"},
				"east": {"uv": [0, 0, 0.5, 1], "texture": "#0"},
				"south": {"uv": [0, 0, 0.5, 1], "texture": "#0"},
				"west": {"uv": [0, 0, 0.5, 1], "texture": "#0"},
				"up": {"uv": [0, 0, 0.5, 0.5], "texture": "#0"},
				"down": {"uv": [0, 0, 0.5, 0.5], "texture": "#0"}
			}
		},
		{
			"name": "octagon",
			"from": [9.5, 7.17157, 0.5],
			"to": [10, 8.17157, 1],
			"rotation": {"angle": 0, "axis": "y", "origin": [11.5, 8, 6]},
			"faces": {
				"north": {"uv": [0, 0, 0.5, 1], "texture": "#0"},
				"east": {"uv": [0, 0, 0.5, 1], "texture": "#0"},
				"south": {"uv": [0, 0, 0.5, 1], "texture": "#0"},
				"west": {"uv": [0, 0, 0.5, 1], "texture": "#0"},
				"up": {"uv": [0, 0, 0.5, 0.5], "texture": "#0"},
				"down": {"uv": [0, 0, 0.5, 0.5], "texture": "#0"}
			}
		},
		{
			"name": "octagon",
			"from": [9.5, 7.17157, -2.5],
			"to": [10, 8.17157, -2],
			"rotation": {"angle": 0, "axis": "y", "origin": [11.5, 8, 3]},
			"faces": {
				"north": {"uv": [0, 0, 0.5, 1], "texture": "#0"},
				"east": {"uv": [0, 0, 0.5, 1], "texture": "#0"},
				"south": {"uv": [0, 0, 0.5, 1], "texture": "#0"},
				"west": {"uv": [0, 0, 0.5, 1], "texture": "#0"},
				"up": {"uv": [0, 0, 0.5, 0.5], "texture": "#0"},
				"down": {"uv": [0, 0, 0.5, 0.5], "texture": "#0"}
			}
		},
		{
			"name": "octagon",
			"from": [9.5, 8.17157, -5],
			"to": [10, 8.82843, 3.5],
			"rotation": {"angle": 0, "axis": "z", "origin": [8, 8, 8]},
			"faces": {
				"north": {"uv": [0, 0, 0.5, 0.65685], "texture": "#0"},
				"east": {"uv": [0, 0, 8.5, 0.65685], "texture": "#0"},
				"south": {"uv": [0, 0, 0.5, 0.65685], "texture": "#0"},
				"west": {"uv": [0, 0, 8.5, 0.65685], "texture": "#0"},
				"up": {"uv": [0, 0, 0.5, 8.5], "texture": "#0"},
				"down": {"uv": [0, 0, 0.5, 8.5], "texture": "#0"}
			}
		},
		{
			"name": "octagon",
			"from": [7.17157, 6, -5.5],
			"to": [8.82843, 6.5, -5],
			"rotation": {"angle": 45, "axis": "z", "origin": [8, 8, 3]},
			"faces": {
				"north": {"uv": [0, 0, 1.65685, 0.5], "texture": "#0"},
				"east": {"uv": [0, 0, 0.5, 0.5], "texture": "#0"},
				"south": {"uv": [0, 0, 1.65685, 0.5], "texture": "#0"},
				"west": {"uv": [0, 0, 0.5, 0.5], "texture": "#0"},
				"up": {"uv": [0, 0, 1.65685, 0.5], "texture": "#0"},
				"down": {"uv": [0, 0, 1.65685, 0.5], "texture": "#0"}
			}
		},
		{
			"name": "octagon",
			"from": [7.17157, 6, -5.5],
			"to": [8.82843, 6.5, -5],
			"rotation": {"angle": 0, "axis": "z", "origin": [8, 8, 3]},
			"faces": {
				"north": {"uv": [0, 0, 1.65685, 0.5], "texture": "#0"},
				"east": {"uv": [0, 0, 0.5, 0.5], "texture": "#0"},
				"south": {"uv": [0, 0, 1.65685, 0.5], "texture": "#0"},
				"west": {"uv": [0, 0, 0.5, 0.5], "texture": "#0"},
				"up": {"uv": [0, 0, 1.65685, 0.5], "texture": "#0"},
				"down": {"uv": [0, 0, 1.65685, 0.5], "texture": "#0"}
			}
		},
		{
			"name": "octagon",
			"from": [7.17157, 9.5, -5.5],
			"to": [8.82843, 10, -5],
			"rotation": {"angle": 45, "axis": "z", "origin": [8, 8, 3]},
			"faces": {
				"north": {"uv": [0, 0, 1.65685, 0.5], "texture": "#0"},
				"east": {"uv": [0, 0, 0.5, 0.5], "texture": "#0"},
				"south": {"uv": [0, 0, 1.65685, 0.5], "texture": "#0"},
				"west": {"uv": [0, 0, 0.5, 0.5], "texture": "#0"},
				"up": {"uv": [0, 0, 1.65685, 0.5], "texture": "#0"},
				"down": {"uv": [0, 0, 1.65685, 0.5], "texture": "#0"}
			}
		},
		{
			"name": "octagon",
			"from": [7.17157, 9.5, -5.5],
			"to": [8.82843, 10, -5],
			"rotation": {"angle": 0, "axis": "z", "origin": [8, 8, 3]},
			"faces": {
				"north": {"uv": [0, 0, 1.65685, 0.5], "texture": "#0"},
				"east": {"uv": [0, 0, 0.5, 0.5], "texture": "#0"},
				"south": {"uv": [0, 0, 1.65685, 0.5], "texture": "#0"},
				"west": {"uv": [0, 0, 0.5, 0.5], "texture": "#0"},
				"up": {"uv": [0, 0, 1.65685, 0.5], "texture": "#0"},
				"down": {"uv": [0, 0, 1.65685, 0.5], "texture": "#0"}
			}
		},
		{
			"name": "octagon",
			"from": [6, 7.17157, -5.5],
			"to": [6.5, 8.82843, -5],
			"rotation": {"angle": 45, "axis": "z", "origin": [8, 8, 3]},
			"faces": {
				"north": {"uv": [0, 0, 0.5, 1.65685], "texture": "#0"},
				"east": {"uv": [0, 0, 0.5, 1.65685], "texture": "#0"},
				"south": {"uv": [0, 0, 0.5, 1.65685], "texture": "#0"},
				"west": {"uv": [0, 0, 0.5, 1.65685], "texture": "#0"},
				"up": {"uv": [0, 0, 0.5, 0.5], "texture": "#0"},
				"down": {"uv": [0, 0, 0.5, 0.5], "texture": "#0"}
			}
		},
		{
			"name": "octagon",
			"from": [6, 7.17157, -5.5],
			"to": [6.5, 8.82843, -5],
			"rotation": {"angle": 0, "axis": "z", "origin": [8, 8, 3]},
			"faces": {
				"north": {"uv": [0, 0, 0.5, 1.65685], "texture": "#0"},
				"east": {"uv": [0, 0, 0.5, 1.65685], "texture": "#0"},
				"south": {"uv": [0, 0, 0.5, 1.65685], "texture": "#0"},
				"west": {"uv": [0, 0, 0.5, 1.65685], "texture": "#0"},
				"up": {"uv": [0, 0, 0.5, 0.5], "texture": "#0"},
				"down": {"uv": [0, 0, 0.5, 0.5], "texture": "#0"}
			}
		},
		{
			"name": "octagon",
			"from": [9.5, 7.17157, -5.5],
			"to": [10, 8.82843, -5],
			"rotation": {"angle": 45, "axis": "z", "origin": [8, 8, 3]},
			"faces": {
				"north": {"uv": [0, 0, 0.5, 1.65685], "texture": "#0"},
				"east": {"uv": [0, 0, 0.5, 1.65685], "texture": "#0"},
				"south": {"uv": [0, 0, 0.5, 1.65685], "texture": "#0"},
				"west": {"uv": [0, 0, 0.5, 1.65685], "texture": "#0"},
				"up": {"uv": [0, 0, 0.5, 0.5], "texture": "#0"},
				"down": {"uv": [0, 0, 0.5, 0.5], "texture": "#0"}
			}
		},
		{
			"name": "octagon",
			"from": [9.5, 7.17157, -5.5],
			"to": [10, 8.82843, -5],
			"rotation": {"angle": 0, "axis": "z", "origin": [8, 8, 3]},
			"faces": {
				"north": {"uv": [0, 0, 0.5, 1.65685], "texture": "#0"},
				"east": {"uv": [0, 0, 0.5, 1.65685], "texture": "#0"},
				"south": {"uv": [0, 0, 0.5, 1.65685], "texture": "#0"},
				"west": {"uv": [0, 0, 0.5, 1.65685], "texture": "#0"},
				"up": {"uv": [0, 0, 0.5, 0.5], "texture": "#0"},
				"down": {"uv": [0, 0, 0.5, 0.5], "texture": "#0"}
			}
		},
		{
			"name": "octagon",
			"from": [7.74112, 6.875, 3],
			"to": [8.25888, 8.125, 13],
			"rotation": {"angle": 45, "axis": "z", "origin": [8, 7.5, 8]},
			"faces": {
				"north": {"uv": [0, 0, 0.51777, 1.25], "texture": "#0"},
				"east": {"uv": [0, 0, 10, 1.25], "texture": "#0"},
				"south": {"uv": [0, 0, 0.51777, 1.25], "texture": "#0"},
				"west": {"uv": [0, 0, 10, 1.25], "texture": "#0"},
				"up": {"uv": [0, 0, 0.51777, 10], "texture": "#0"},
				"down": {"uv": [0, 0, 0.51777, 10], "texture": "#0"}
			}
		},
		{
			"name": "octagon",
			"from": [7.74112, 6.875, 3],
			"to": [8.25888, 8.125, 13],
			"rotation": {"angle": 0, "axis": "z", "origin": [8, 7.5, 8]},
			"faces": {
				"north": {"uv": [0, 0, 0.51777, 1.25], "texture": "#0"},
				"east": {"uv": [0, 0, 10, 1.25], "texture": "#0"},
				"south": {"uv": [0, 0, 0.51777, 1.25], "texture": "#0"},
				"west": {"uv": [0, 0, 10, 1.25], "texture": "#0"},
				"up": {"uv": [0, 0, 0.51777, 10], "texture": "#0"},
				"down": {"uv": [0, 0, 0.51777, 10], "texture": "#0"}
			}
		},
		{
			"name": "octagon",
			"from": [7.375, 7.24112, 3],
			"to": [8.625, 7.75888, 13],
			"rotation": {"angle": 45, "axis": "z", "origin": [8, 7.5, 8]},
			"faces": {
				"north": {"uv": [0, 0, 1.25, 0.51777], "texture": "#0"},
				"east": {"uv": [0, 0, 10, 0.51777], "texture": "#0"},
				"south": {"uv": [0, 0, 1.25, 0.51777], "texture": "#0"},
				"west": {"uv": [0, 0, 10, 0.51777], "texture": "#0"},
				"up": {"uv": [0, 0, 1.25, 10], "texture": "#0"},
				"down": {"uv": [0, 0, 1.25, 10], "texture": "#0"}
			}
		},
		{
			"name": "octagon",
			"from": [7.375, 7.24112, 3],
			"to": [8.625, 7.75888, 13],
			"rotation": {"angle": 0, "axis": "z", "origin": [8, 7.5, 8]},
			"faces": {
				"north": {"uv": [0, 0, 1.25, 0.51777], "texture": "#0"},
				"east": {"uv": [0, 0, 10, 0.51777], "texture": "#0"},
				"south": {"uv": [0, 0, 1.25, 0.51777], "texture": "#0"},
				"west": {"uv": [0, 0, 10, 0.51777], "texture": "#0"},
				"up": {"uv": [0, 0, 1.25, 10], "texture": "#0"},
				"down": {"uv": [0, 0, 1.25, 10], "texture": "#0"}
			}
		},
		{
			"name": "octagon",
			"from": [7.48223, 6.75, -3],
			"to": [8.51777, 9.25, 3],
			"rotation": {"angle": 45, "axis": "z", "origin": [8, 8, 8]},
			"faces": {
				"north": {"uv": [13.5, 7, 14.53553, 9.5], "texture": "#1"},
				"east": {"uv": [10, 7, 16, 9.5], "texture": "#1"},
				"south": {"uv": [13.5, 7, 14.53553, 9.5], "texture": "#1"},
				"west": {"uv": [10, 7, 16, 9.5], "texture": "#1"},
				"up": {"uv": [13.5, 0, 14.53553, 6], "texture": "#1"},
				"down": {"uv": [13.5, 0, 14.53553, 6], "texture": "#1"}
			}
		},
		{
			"name": "octagon",
			"from": [7.48223, 6.75, -3],
			"to": [8.51777, 9.25, 3],
			"rotation": {"angle": 0, "axis": "z", "origin": [8, 8, 8]},
			"faces": {
				"north": {"uv": [13.5, 7, 14.53553, 9.5], "texture": "#1"},
				"east": {"uv": [10, 7, 16, 9.5], "texture": "#1"},
				"south": {"uv": [13.5, 7, 14.53553, 9.5], "texture": "#1"},
				"west": {"uv": [10, 7, 16, 9.5], "texture": "#1"},
				"up": {"uv": [13.5, 0, 14.53553, 6], "texture": "#1"},
				"down": {"uv": [13.5, 0, 14.53553, 6], "texture": "#1"}
			}
		},
		{
			"name": "octagon",
			"from": [6.75, 7.48223, -3],
			"to": [9.25, 8.51777, 3],
			"rotation": {"angle": 45, "axis": "z", "origin": [8, 8, 8]},
			"faces": {
				"north": {"uv": [13.5, 7, 16, 8.03553], "texture": "#1"},
				"east": {"uv": [10, 7, 16, 8.03553], "texture": "#1"},
				"south": {"uv": [13.5, 7, 16, 8.03553], "texture": "#1"},
				"west": {"uv": [10, 7, 16, 8.03553], "texture": "#1"},
				"up": {"uv": [13.5, 0, 16, 6], "texture": "#1"},
				"down": {"uv": [13.5, 0, 16, 6], "texture": "#1"}
			}
		},
		{
			"name": "octagon",
			"from": [6.75, 7.48223, -3],
			"to": [9.25, 8.51777, 3],
			"rotation": {"angle": 0, "axis": "z", "origin": [8, 8, 8]},
			"faces": {
				"north": {"uv": [13.5, 7, 16, 8.03553], "texture": "#1"},
				"east": {"uv": [10, 7, 16, 8.03553], "texture": "#1"},
				"south": {"uv": [13.5, 7, 16, 8.03553], "texture": "#1"},
				"west": {"uv": [10, 7, 16, 8.03553], "texture": "#1"},
				"up": {"uv": [13.5, 0, 16, 6], "texture": "#1"},
				"down": {"uv": [13.5, 0, 16, 6], "texture": "#1"}
			}
		},
		{
			"name": "octagon",
			"from": [7.68934, 7.25, -4.5],
			"to": [8.31066, 8.75, -3],
			"rotation": {"angle": 45, "axis": "z", "origin": [8, 8, -1]},
			"faces": {
				"north": {"uv": [13, 7, 13.62132, 8.5], "texture": "#1"},
				"east": {"uv": [13, 7, 14.5, 8.5], "texture": "#1"},
				"south": {"uv": [13, 7, 13.62132, 8.5], "texture": "#1"},
				"west": {"uv": [13, 7, 14.5, 8.5], "texture": "#1"},
				"up": {"uv": [13, 7, 13.62132, 8.5], "texture": "#1"},
				"down": {"uv": [13, 7, 13.62132, 8.5], "texture": "#1"}
			}
		},
		{
			"name": "octagon",
			"from": [7.68934, 7.25, -4.5],
			"to": [8.31066, 8.75, -3],
			"rotation": {"angle": 0, "axis": "z", "origin": [8, 8, -1]},
			"faces": {
				"north": {"uv": [13, 7, 13.62132, 8.5], "texture": "#1"},
				"east": {"uv": [13, 7, 14.5, 8.5], "texture": "#1"},
				"south": {"uv": [13, 7, 13.62132, 8.5], "texture": "#1"},
				"west": {"uv": [13, 7, 14.5, 8.5], "texture": "#1"},
				"up": {"uv": [13, 7, 13.62132, 8.5], "texture": "#1"},
				"down": {"uv": [13, 7, 13.62132, 8.5], "texture": "#1"}
			}
		},
		{
			"name": "octagon",
			"from": [7.25, 7.68934, -4.5],
			"to": [8.75, 8.31066, -3],
			"rotation": {"angle": 45, "axis": "z", "origin": [8, 8, -1]},
			"faces": {
				"north": {"uv": [13, 7, 14.5, 7.62132], "texture": "#1"},
				"east": {"uv": [13, 7, 14.5, 7.62132], "texture": "#1"},
				"south": {"uv": [13, 7, 14.5, 7.62132], "texture": "#1"},
				"west": {"uv": [13, 7, 14.5, 7.62132], "texture": "#1"},
				"up": {"uv": [13, 7, 14.5, 8.5], "texture": "#1"},
				"down": {"uv": [13, 7, 14.5, 8.5], "texture": "#1"}
			}
		},
		{
			"name": "octagon",
			"from": [7.25, 7.68934, -4.5],
			"to": [8.75, 8.31066, -3],
			"rotation": {"angle": 0, "axis": "z", "origin": [8, 8, -1]},
			"faces": {
				"north": {"uv": [13, 7, 14.5, 7.62132], "texture": "#1"},
				"east": {"uv": [13, 7, 14.5, 7.62132], "texture": "#1"},
				"south": {"uv": [13, 7, 14.5, 7.62132], "texture": "#1"},
				"west": {"uv": [13, 7, 14.5, 7.62132], "texture": "#1"},
				"up": {"uv": [13, 7, 14.5, 8.5], "texture": "#1"},
				"down": {"uv": [13, 7, 14.5, 8.5], "texture": "#1"}
			}
		},
		{
			"name": "octagon",
			"from": [7.37868, 6.5, -5],
			"to": [8.62132, 9.5, -4.5],
			"rotation": {"angle": 45, "axis": "z", "origin": [8, 8, 3]},
			"faces": {
				"north": {"uv": [0, 11, 1.24264, 14], "texture": "#0"},
				"east": {"uv": [0, 11, 0.5, 14], "texture": "#0"},
				"south": {"uv": [0, 11, 1.24264, 14], "texture": "#0"},
				"west": {"uv": [0, 11, 0.5, 14], "texture": "#0"},
				"up": {"uv": [0, 11, 1.24264, 11.5], "texture": "#0"},
				"down": {"uv": [0, 11, 1.24264, 11.5], "texture": "#0"}
			}
		},
		{
			"name": "octagon",
			"from": [7.37868, 6.5, -5],
			"to": [8.62132, 9.5, -4.5],
			"rotation": {"angle": 0, "axis": "z", "origin": [8, 8, 3]},
			"faces": {
				"north": {"uv": [0, 11, 1.24264, 14], "texture": "#0"},
				"east": {"uv": [0, 11, 0.5, 14], "texture": "#0"},
				"south": {"uv": [0, 11, 1.24264, 14], "texture": "#0"},
				"west": {"uv": [0, 11, 0.5, 14], "texture": "#0"},
				"up": {"uv": [0, 11, 1.24264, 11.5], "texture": "#0"},
				"down": {"uv": [0, 11, 1.24264, 11.5], "texture": "#0"}
			}
		},
		{
			"name": "octagon",
			"from": [6.5, 7.37868, -5],
			"to": [9.5, 8.62132, -4.5],
			"rotation": {"angle": 45, "axis": "z", "origin": [8, 8, 3]},
			"faces": {
				"north": {"uv": [0, 11, 3, 12.24264], "texture": "#0"},
				"east": {"uv": [0, 11, 0.5, 12.24264], "texture": "#0"},
				"south": {"uv": [0, 11, 3, 12.24264], "texture": "#0"},
				"west": {"uv": [0, 11, 0.5, 12.24264], "texture": "#0"},
				"up": {"uv": [0, 11, 3, 11.5], "texture": "#0"},
				"down": {"uv": [0, 11, 3, 11.5], "texture": "#0"}
			}
		},
		{
			"name": "octagon",
			"from": [6.5, 7.37868, -5],
			"to": [9.5, 8.62132, -4.5],
			"rotation": {"angle": 0, "axis": "z", "origin": [8, 8, 3]},
			"faces": {
				"north": {"uv": [0, 11, 3, 12.24264], "texture": "#0"},
				"east": {"uv": [0, 11, 0.5, 12.24264], "texture": "#0"},
				"south": {"uv": [0, 11, 3, 12.24264], "texture": "#0"},
				"west": {"uv": [0, 11, 0.5, 12.24264], "texture": "#0"},
				"up": {"uv": [0, 11, 3, 11.5], "texture": "#0"},
				"down": {"uv": [0, 11, 3, 11.5], "texture": "#0"}
			}
		},
		{
			"name": "octagon",
			"from": [7.06802, 5.75, -5.999],
			"to": [8.93198, 10.25, -5.499],
			"rotation": {"angle": 45, "axis": "z", "origin": [8, 8, 2.5]},
			"faces": {
				"north": {"uv": [0, 11.5, 1.86396, 16], "texture": "#0"},
				"east": {"uv": [0, 11.5, 0.5, 16], "texture": "#0"},
				"south": {"uv": [0, 11.5, 1.86396, 16], "texture": "#0"},
				"west": {"uv": [0, 11.5, 0.5, 16], "texture": "#0"},
				"up": {"uv": [0, 15.5, 1.86396, 16], "texture": "#0"},
				"down": {"uv": [0, 15.5, 1.86396, 16], "texture": "#0"}
			}
		},
		{
			"name": "octagon",
			"from": [7.06802, 5.75, -6],
			"to": [8.93198, 10.25, -5.5],
			"rotation": {"angle": 0, "axis": "z", "origin": [8, 8, 2.5]},
			"faces": {
				"north": {"uv": [0, 11.5, 1.86396, 16], "texture": "#0"},
				"east": {"uv": [0, 11.5, 0.5, 16], "texture": "#0"},
				"south": {"uv": [0, 11.5, 1.86396, 16], "texture": "#0"},
				"west": {"uv": [0, 11.5, 0.5, 16], "texture": "#0"},
				"up": {"uv": [0, 15.5, 1.86396, 16], "texture": "#0"},
				"down": {"uv": [0, 15.5, 1.86396, 16], "texture": "#0"}
			}
		},
		{
			"name": "octagon",
			"from": [5.75, 7.06802, -5.999],
			"to": [10.25, 8.93198, -5.499],
			"rotation": {"angle": 45, "axis": "z", "origin": [8, 8, 2.5]},
			"faces": {
				"north": {"uv": [0, 11.5, 4.5, 13.36396], "texture": "#0"},
				"east": {"uv": [0, 11.5, 0.5, 13.36396], "texture": "#0"},
				"south": {"uv": [0, 11.5, 4.5, 13.36396], "texture": "#0"},
				"west": {"uv": [0, 11.5, 0.5, 13.36396], "texture": "#0"},
				"up": {"uv": [0, 15.5, 4.5, 16], "texture": "#0"},
				"down": {"uv": [0, 15.5, 4.5, 16], "texture": "#0"}
			}
		},
		{
			"name": "octagon",
			"from": [5.75, 7.06802, -6.001],
			"to": [10.25, 8.93198, -5.501],
			"rotation": {"angle": 0, "axis": "z", "origin": [8, 8, 2.5]},
			"faces": {
				"north": {"uv": [0, 11.5, 4.5, 13.36396], "texture": "#0"},
				"east": {"uv": [0, 11.5, 0.5, 13.36396], "texture": "#0"},
				"south": {"uv": [0, 11.5, 4.5, 13.36396], "texture": "#0"},
				"west": {"uv": [0, 11.5, 0.5, 13.36396], "texture": "#0"},
				"up": {"uv": [0, 15.5, 4.5, 16], "texture": "#0"},
				"down": {"uv": [0, 15.5, 4.5, 16], "texture": "#0"}
			}
		},
		{
			"name": "octagon",
			"from": [7.30958, 3.86872, -3],
			"to": [8.55958, 6.11872, -1.75],
			"rotation": {"angle": 0, "axis": "z", "origin": [7.93458, 5.36872, -4.75]},
			"faces": {
				"north": {"uv": [0, 2.25, 1.25, 0], "rotation": 180, "texture": "#0"},
				"east": {"uv": [0, 2.25, 1.25, 0], "rotation": 180, "texture": "#0"},
				"south": {"uv": [0, 2.25, 1.25, 0], "rotation": 180, "texture": "#0"},
				"west": {"uv": [0, 2.25, 1.25, 0], "rotation": 180, "texture": "#0"},
				"up": {"uv": [0, 1.25, 1.25, 0], "rotation": 180, "texture": "#0"},
				"down": {"uv": [0, 1.25, 1.25, 0], "rotation": 180, "texture": "#0"}
			}
		},
		{
			"name": "octagon",
			"from": [7.30958, 3.86872, -5.25],
			"to": [8.55958, 5.11872, -3],
			"rotation": {"angle": 0, "axis": "z", "origin": [7.93458, 5.36872, -4.75]},
			"faces": {
				"north": {"uv": [0, 1.25, 1.25, 0], "rotation": 180, "texture": "#0"},
				"east": {"uv": [0, 1.25, 2.25, 0], "rotation": 180, "texture": "#0"},
				"south": {"uv": [0, 1.25, 1.25, 0], "rotation": 180, "texture": "#0"},
				"west": {"uv": [0, 1.25, 2.25, 0], "rotation": 180, "texture": "#0"},
				"up": {"uv": [0, 2.25, 1.25, 0], "rotation": 180, "texture": "#0"},
				"down": {"uv": [0, 2.25, 1.25, 0], "rotation": 180, "texture": "#0"}
			}
		},
		{
			"name": "octagon",
			"from": [7.55958, 4.49372, -5.625],
			"to": [8.30958, 5.24372, -4.875],
			"rotation": {"angle": 22.5, "axis": "x", "origin": [7.93458, 4.86872, -6.125]},
			"faces": {
				"north": {"uv": [3, 3.75, 3.75, 3], "texture": "#0"},
				"east": {"uv": [3, 3.75, 3.75, 3], "rotation": 270, "texture": "#0"},
				"south": {"uv": [3, 3.75, 3.75, 3], "rotation": 180, "texture": "#0"},
				"west": {"uv": [3, 3.75, 3.75, 3], "rotation": 90, "texture": "#0"},
				"up": {"uv": [3, 3.75, 3.75, 3], "rotation": 180, "texture": "#0"},
				"down": {"uv": [3, 3.75, 3.75, 3], "texture": "#0"}
			}
		},
		{
			"name": "octagon",
			"from": [7.30958, 4.24372, -8.375],
			"to": [8.55958, 5.49372, -5.625],
			"rotation": {"angle": 22.5, "axis": "x", "origin": [7.93458, 4.86872, -6.125]},
			"faces": {
				"north": {"uv": [3, 5.25, 4.25, 4], "texture": "#0"},
				"east": {"uv": [3, 5.75, 4.25, 3], "rotation": 270, "texture": "#0"},
				"south": {"uv": [3, 4.25, 4.25, 3], "rotation": 180, "texture": "#0"},
				"west": {"uv": [3, 5.75, 4.25, 3], "rotation": 90, "texture": "#0"},
				"up": {"uv": [3, 5.75, 4.25, 3], "rotation": 180, "texture": "#0"},
				"down": {"uv": [3, 5.75, 4.25, 3], "texture": "#0"}
			}
		}
	],
	"display": {
		"thirdperson_righthand": {
			"rotation": [65, 0, 0],
			"translation": [0, 10, -8]
		},
		"thirdperson_lefthand": {
			"rotation": [65, 0, 0],
			"translation": [0, 10, -8]
		},
		"firstperson_righthand": {
			"translation": [2.5, -0.25, -4]
		},
		"firstperson_lefthand": {
			"translation": [2.5, -0.25, -4]
		},
		"ground": {
			"rotation": [0, 0, -90],
			"translation": [0, -0.75, -0.25],
			"scale": [0.8, 0.8, 0.8]
		},
		"gui": {
			"rotation": [15, 125, 0],
			"translation": [-2.25, 0, 0],
			"scale": [1.05, 1.05, 1.05]
		},
		"head": {
			"rotation": [0, 0, 180],
			"translation": [0, -1.75, -1.25]
		},
		"fixed": {
			"rotation": [0, -90, 0],
			"translation": [2.5, 0, 0]
		}
	},
	"groups": [
		{
			"name": "Base",
			"origin": [7, 7, 12],
			"color": 0,
			"children": [0]
		},
		{
			"name": "Fuel Tank",
			"origin": [8, 8, 8],
			"color": 0,
			"children": [
				{
					"name": "octagon",
					"origin": [8, 8, 8],
					"color": 1,
					"children": [1, 2, 3, 4]
				},
				5
			]
		},
		{
			"name": "Back Handle",
			"origin": [8, 8, 14],
			"color": 0,
			"children": [6, 7]
		},
		{
			"name": "Front Handle",
			"origin": [10.7, 8.05, 1.5],
			"color": 0,
			"children": [8, 9, 10, 11, 12, 13]
		},
		{
			"name": "Barrel",
			"origin": [8, 8, 8],
			"color": 0,
			"children": [
				{
					"name": "Barrel P1",
					"origin": [8, 8, 8],
					"color": 0,
					"children": [14, 15, 16, 17, 18, 19, 20, 21, 22, 23, 24, 25, 26, 27, 28, 29, 30, 31, 32, 33]
				},
				{
					"name": "Barrel P2",
					"origin": [8, 8, 8],
					"color": 0,
					"children": [34, 35, 36, 37, 38, 39, 40, 41, 42, 43, 44, 45, 46, 47, 48, 49]
				},
				{
					"name": "Barrel Tip",
					"origin": [8, 8, 8],
					"color": 0,
					"children": [50, 51, 52, 53, 54, 55, 56, 57]
				}
			]
		},
		{
			"name": "Gun Tip",
			"origin": [8, 8, 8],
			"color": 2,
			"children": [
				{
					"name": "octagon",
					"origin": [8, 8, 8],
					"color": 0,
					"children": [58, 59, 60, 61]
				},
				{
					"name": "octagon",
					"origin": [8, 8, 8],
					"color": 2,
					"children": [62, 63, 64, 65]
				},
				{
					"name": "octagon",
					"origin": [8, 8, 8],
					"color": 2,
					"children": [66, 67, 68, 69]
				},
				{
					"name": "octagon",
					"origin": [8, 8, 8],
					"color": 2,
					"children": [70, 71, 72, 73]
				},
				{
					"name": "octagon",
					"origin": [8, 8, 8],
					"color": 2,
					"children": [74, 75, 76, 77]
				}
			]
		},
		{
			"name": "Igniter",
			"origin": [7.93458, 4.86872, -6.125],
			"color": 3,
			"children": [78, 79, 80, 81]
		}
	]
}