{
  "pipe_pistol_fire": {
    "sounds": [
      {
        "name": "pipe_guns:shoot/pipe_pistol_fire",
        "stream": "false"
      }
    ]
  },
  "pipe_pistol_reload": {
    "sounds": [
      {
        "name": "pipe_guns:reload/pipe_pistol_reload",
        "stream": "true"
      }
    ]
  },
  "pipe_assault_rifle_fire": {
    "sounds": [
      {
        "name": "pipe_guns:shoot/pipe_assault_rifle_fire",
        "stream": "false"
      }
    ]
  },
  "pipe_assault_rifle_reload": {
    "sounds": [
      {
        "name": "pipe_guns:reload/pipe_assault_rifle_reload",
        "stream": "true"
      }
    ]
  },
  "pipe_shotgun_fire": {
    "sounds": [
      {
        "name": "pipe_guns:shoot/pipe_shotgun_fire",
        "stream": "false"
      }
    ]
  },
  "pipe_shotgun_reload": {
    "sounds": [
      {
        "name": "pipe_guns:reload/pipe_shotgun_reload",
        "stream": "true"
      }
    ]
  },
  "pipe_bolt_action_rifle_fire": {
    "sounds": [
      {
        "name": "pipe_guns:shoot/pipe_bolt_action_rifle_fire",
        "stream": "false"
      }
    ]
  },
  "pipe_bolt_action_rifle_reload": {
    "sounds": [
      {
        "name": "pipe_guns:reload/pipe_bolt_action_rifle_reload",
        "stream": "true"
      }
    ]
  },
  "laser_pistol_fire": {
    "sounds": [
      {
        "name": "pipe_guns:shoot/laser_pistol_fire",
        "stream": "false"
      }
    ]
  },
  "laser_pistol_reload": {
    "sounds": [
      {
        "name": "pipe_guns:reload/laser_pistol_reload",
        "stream": "true"
      }
    ]
  }
}