{
	"credit": "Made with Blockbench",
	"textures": {
		"0": "pipe_guns:item/old_laser_pistol",
		"1": "pipe_guns:item/exposed_copper",
		"2": "pipe_guns:item/wood",
		"particle": "pipe_guns:item/old_laser_pistol"
	},
	"elements": [
		{
			"from": [6.5, 4.5, 10],
			"to": [9.5, 8.5, 11],
			"rotation": {"angle": 0, "axis": "y", "origin": [8, 5, 9]},
			"faces": {
				"north": {"uv": [0, 0, 3, 4], "texture": "#0"},
				"east": {"uv": [5, 0, 6, 4], "texture": "#0"},
				"south": {"uv": [5, 0, 8, 4], "texture": "#0"},
				"west": {"uv": [5, 0, 6, 4], "texture": "#0"},
				"up": {"uv": [0, 0, 3, 1], "texture": "#0"},
				"down": {"uv": [0, 0, 3, 1], "texture": "#0"}
			}
		},
		{
			"from": [6.5, 4.5, 2],
			"to": [9.5, 8.5, 6],
			"rotation": {"angle": 0, "axis": "y", "origin": [8, 5, 9]},
			"faces": {
				"north": {"uv": [2, 0, 5, 4], "texture": "#0"},
				"east": {"uv": [4, 0, 8, 4], "texture": "#0"},
				"south": {"uv": [2, 0, 5, 4], "texture": "#0"},
				"west": {"uv": [4, 0, 8, 4], "texture": "#0"},
				"up": {"uv": [2, 0, 5, 4], "texture": "#0"},
				"down": {"uv": [2, 0, 5, 4], "texture": "#0"}
			}
		},
		{
			"from": [6.4999, 4.5, 6],
			"to": [9.4999, 6.5, 10],
			"rotation": {"angle": 0, "axis": "y", "origin": [8, 5, 9]},
			"faces": {
				"north": {"uv": [0, 0, 3, 2], "texture": "#0"},
				"east": {"uv": [0, 2, 4, 4], "texture": "#0"},
				"south": {"uv": [0, 0, 3, 2], "texture": "#0"},
				"west": {"uv": [4, 2, 8, 4], "texture": "#0"},
				"up": {"uv": [0, 0, 3, 4], "texture": "#0"},
				"down": {"uv": [0, 0, 3, 4], "texture": "#0"}
			}
		},
		{
			"from": [8, 6, 6],
			"to": [9.5, 8.5, 10],
			"rotation": {"angle": 0, "axis": "y", "origin": [8, 5, 9]},
			"faces": {
				"north": {"uv": [0, 0, 1.5, 2.5], "texture": "#0"},
				"east": {"uv": [0, 0, 4, 2.5], "texture": "#0"},
				"south": {"uv": [0, 0, 1.5, 2.5], "texture": "#0"},
				"west": {"uv": [0, 0, 4, 2.5], "texture": "#0"},
				"up": {"uv": [0, 0, 1.5, 4], "texture": "#0"},
				"down": {"uv": [0, 0, 1.5, 4], "texture": "#0"}
			}
		},
		{
			"from": [6.5, 6.5, 6.5],
			"to": [8, 8.5, 9.5],
			"faces": {
				"north": {"uv": [14.5, 0, 16, 2], "texture": "#0"},
				"east": {"uv": [13, 0, 16, 2], "texture": "#0"},
				"south": {"uv": [14.5, 0, 16, 2], "texture": "#0"},
				"west": {"uv": [13, 0, 16, 2], "texture": "#0"},
				"up": {"uv": [14.5, 0, 16, 3], "texture": "#0"},
				"down": {"uv": [14.5, 0, 16, 3], "texture": "#0"}
			}
		},
		{
			"from": [6.85, 6.75, 6],
			"to": [7.6, 7.5, 6.5],
			"faces": {
				"north": {"uv": [15, 3, 15.75, 3.75], "texture": "#0"},
				"east": {"uv": [15, 3, 15.5, 3.75], "texture": "#0"},
				"south": {"uv": [14, 3, 14.75, 3.75], "texture": "#0"},
				"west": {"uv": [15, 4, 15.5, 4.75], "texture": "#0"},
				"up": {"uv": [14, 4, 14.75, 4.5], "texture": "#0"},
				"down": {"uv": [15, 4, 15.75, 4.5], "texture": "#0"}
			}
		},
		{
			"from": [6.85, 7.65, 6.25],
			"to": [7.6, 8.4, 6.5],
			"faces": {
				"north": {"uv": [15, 3, 15.75, 3.75], "texture": "#0"},
				"east": {"uv": [15, 4, 15.25, 4.75], "texture": "#0"},
				"south": {"uv": [14, 4, 14.75, 4.75], "texture": "#0"},
				"west": {"uv": [15, 3, 15.25, 3.75], "texture": "#0"},
				"up": {"uv": [14, 3, 14.75, 3.25], "texture": "#0"},
				"down": {"uv": [15, 4, 15.75, 4.25], "texture": "#0"}
			}
		},
		{
			"from": [6.75, 6.75, 9.5],
			"to": [7.75, 8.25, 10],
			"faces": {
				"north": {"uv": [15, 3, 16, 4.5], "texture": "#0"},
				"east": {"uv": [14, 3, 14.5, 4.5], "texture": "#0"},
				"south": {"uv": [14, 3, 15, 4.5], "texture": "#0"},
				"west": {"uv": [15.5, 3, 16, 4.5], "texture": "#0"},
				"up": {"uv": [15, 4, 16, 4.5], "texture": "#0"},
				"down": {"uv": [14, 3, 15, 3.5], "texture": "#0"}
			}
		},
		{
			"from": [7, 3.5, 5],
			"to": [9, 5.5, 16],
			"faces": {
				"north": {"uv": [0, 0, 2, 2], "texture": "#2"},
				"east": {"uv": [3, 1, 14, 3], "texture": "#2"},
				"south": {"uv": [0, 0, 2, 2], "texture": "#2"},
				"west": {"uv": [3, 1, 14, 3], "texture": "#2"},
				"up": {"uv": [0, 0, 2, 11], "texture": "#2"},
				"down": {"uv": [0, 2, 2, 13], "texture": "#2"}
			}
		},
		{
			"from": [7, 3.5, -6],
			"to": [9, 5.5, 5],
			"faces": {
				"north": {"uv": [4, 1, 6, 3], "texture": "#2"},
				"east": {"uv": [0, 0, 11, 2], "texture": "#2"},
				"south": {"uv": [0, 0, 2, 2], "texture": "#2"},
				"west": {"uv": [0, 0, 11, 2], "texture": "#2"},
				"up": {"uv": [0, 0, 2, 11], "texture": "#2"},
				"down": {"uv": [0, 2, 2, 13], "texture": "#2"}
			}
		},
		{
			"from": [7, 3.5, 16],
			"to": [9, 5.5, 27],
			"faces": {
				"north": {"uv": [0, 0, 2, 2], "texture": "#2"},
				"east": {"uv": [0, 0, 11, 2], "texture": "#2"},
				"south": {"uv": [1, 1, 3, 3], "texture": "#2"},
				"west": {"uv": [0, 0, 11, 2], "texture": "#2"},
				"up": {"uv": [0, 2, 2, 13], "texture": "#2"},
				"down": {"uv": [0, 0, 2, 11], "texture": "#2"}
			}
		},
		{
			"from": [6.5, 5.5, -7],
			"to": [9.5, 8.5, 2],
			"faces": {
				"north": {"uv": [2, 5, 5, 8], "texture": "#1"},
				"east": {"uv": [2, 3, 11, 6], "texture": "#1"},
				"south": {"uv": [1, 2, 4, 5], "texture": "#1"},
				"west": {"uv": [5, 2, 14, 5], "texture": "#1"},
				"up": {"uv": [0, 2, 3, 11], "texture": "#1"},
				"down": {"uv": [1, 2, 4, 11], "texture": "#1"}
			}
		},
		{
			"from": [7.5, 8.5, -6.5],
			"to": [8.5, 9, -4.5],
			"faces": {
				"north": {"uv": [0, 4, 1, 4.5], "texture": "#1"},
				"east": {"uv": [0, 4, 2, 4.5], "texture": "#1"},
				"south": {"uv": [1, 4, 2, 4.5], "texture": "#1"},
				"west": {"uv": [1, 4, 3, 4.5], "texture": "#1"},
				"up": {"uv": [0, 5, 1, 7], "texture": "#1"},
				"down": {"uv": [0, 4, 1, 6], "texture": "#1"}
			}
		},
		{
			"from": [7.5, 6.5, -7.5],
			"to": [8.5, 7.5, -7],
			"faces": {
				"north": {"uv": [11, 0, 12, 1], "texture": "#0"},
				"east": {"uv": [11, 0, 11.5, 1], "texture": "#0"},
				"south": {"uv": [11, 0, 12, 1], "texture": "#0"},
				"west": {"uv": [11, 0, 11.5, 1], "texture": "#0"},
				"up": {"uv": [11, 0, 12, 0.5], "texture": "#0"},
				"down": {"uv": [11, 0, 12, 0.5], "texture": "#0"}
			}
		},
		{
			"from": [8.5, 6.5, -8],
			"to": [9, 7.5, -7],
			"faces": {
				"north": {"uv": [3, 1, 3.5, 3], "texture": "#1"},
				"east": {"uv": [6, 2, 7, 4], "texture": "#1"},
				"south": {"uv": [1, 3, 1.5, 5], "texture": "#1"},
				"west": {"uv": [4, 1, 5, 3], "texture": "#1"},
				"up": {"uv": [1, 4, 1.5, 5], "texture": "#1"},
				"down": {"uv": [1, 3, 1.5, 4], "texture": "#1"}
			}
		},
		{
			"from": [7, 6.5, -8],
			"to": [7.5, 7.5, -7],
			"faces": {
				"north": {"uv": [0, 3, 0.5, 5], "texture": "#1"},
				"east": {"uv": [0, 0, 1, 2], "texture": "#1"},
				"south": {"uv": [0, 0, 0.5, 2], "texture": "#1"},
				"west": {"uv": [1, 1, 2, 3], "texture": "#1"},
				"up": {"uv": [0, 0, 0.5, 1], "texture": "#1"},
				"down": {"uv": [0, 0, 0.5, 1], "texture": "#1"}
			}
		},
		{
			"from": [7, 7.5, -8],
			"to": [9, 8, -7],
			"faces": {
				"north": {"uv": [4, 2, 6, 2.5], "texture": "#1"},
				"east": {"uv": [4, 7, 5, 7.5], "texture": "#1"},
				"south": {"uv": [3, 6, 5, 6.5], "texture": "#1"},
				"west": {"uv": [3, 7, 4, 7.5], "texture": "#1"},
				"up": {"uv": [4, 5, 6, 6], "texture": "#1"},
				"down": {"uv": [4, 4, 6, 5], "texture": "#1"}
			}
		},
		{
			"from": [7, 6, -8],
			"to": [9, 6.5, -7],
			"faces": {
				"north": {"uv": [0, 9, 2, 9.5], "texture": "#1"},
				"east": {"uv": [1, 7, 2, 7.5], "texture": "#1"},
				"south": {"uv": [0, 6, 2, 6.5], "texture": "#1"},
				"west": {"uv": [0, 7, 1, 7.5], "texture": "#1"},
				"up": {"uv": [0, 8, 2, 9], "texture": "#1"},
				"down": {"uv": [0, 9, 2, 10], "texture": "#1"}
			}
		},
		{
			"from": [7, -3, 14],
			"to": [9, 4, 16],
			"rotation": {"angle": -45, "axis": "x", "origin": [8, 1, 13]},
			"faces": {
				"north": {"uv": [0, 4, 2, 11], "texture": "#2"},
				"east": {"uv": [0, 2, 2, 9], "texture": "#2"},
				"south": {"uv": [0, 1, 2, 8], "texture": "#2"},
				"west": {"uv": [0, 2, 2, 9], "texture": "#2"},
				"up": {"uv": [0, 0, 2, 2], "texture": "#2"},
				"down": {"uv": [0, 0, 2, 2], "texture": "#2"}
			}
		},
		{
			"from": [7.01, -0.23934, 15.4033],
			"to": [9.01, 1.76066, 26.9033],
			"rotation": {"angle": -22.5, "axis": "x", "origin": [8, 2.06066, 18.3033]},
			"faces": {
				"north": {"uv": [1, 1, 3, 3], "texture": "#2"},
				"east": {"uv": [4.5, 0, 16, 2], "texture": "#2"},
				"south": {"uv": [0, 5, 2, 7], "texture": "#2"},
				"west": {"uv": [4.5, 1, 16, 3], "texture": "#2"},
				"up": {"uv": [0, 0, 2, 11.5], "texture": "#2"},
				"down": {"uv": [0, 2, 2, 13.5], "texture": "#2"}
			}
		},
		{
			"from": [6.75, 3.25, 11],
			"to": [9.25, 8, 15],
			"faces": {
				"north": {"uv": [1, 2, 3.5, 6.75], "texture": "#1"},
				"east": {"uv": [3, 2, 7, 6.75], "texture": "#1"},
				"south": {"uv": [2, 4, 4.5, 8.75], "texture": "#1"},
				"west": {"uv": [1, 4, 5, 8.75], "texture": "#1"},
				"up": {"uv": [1, 6, 3.5, 10], "texture": "#1"},
				"down": {"uv": [0, 4, 2.5, 8], "texture": "#1"}
			}
		},
		{
			"from": [7.5, 1.75, 11.5],
			"to": [8.5, 3.25, 13],
			"faces": {
				"north": {"uv": [2, 4, 3, 5.5], "texture": "#1"},
				"east": {"uv": [1, 2, 2.5, 3.5], "texture": "#1"},
				"south": {"uv": [0, 3, 1, 4.5], "texture": "#1"},
				"west": {"uv": [0, 1, 1.5, 2.5], "texture": "#1"},
				"up": {"uv": [1, 3, 2, 4.5], "texture": "#1"},
				"down": {"uv": [0, 2, 1, 3.5], "texture": "#1"}
			}
		}
	],
	"display": {
		"thirdperson_righthand": {
			"translation": [0, 3.5, -1.75],
			"scale": [0.75, 0.75, 0.75]
		},
		"thirdperson_lefthand": {
			"translation": [0, 3.5, -1.75],
			"scale": [0.75, 0.75, 0.75]
		},
		"firstperson_righthand": {
			"rotation": [0, -10, 0],
			"translation": [1.5, 6.75, -0.75]
		},
		"firstperson_lefthand": {
			"rotation": [0, -10, 0],
			"translation": [1.5, 6.75, -0.75]
		},
		"ground": {
			"rotation": [0, 0, -90],
			"translation": [2, -1.5, -0.75],
			"scale": [0.75, 0.75, 0.75]
		},
		"gui": {
			"rotation": [21, 133, 0],
			"translation": [0.5, 2.25, 0]
		},
		"head": {
			"translation": [0, -2, -2.75]
		},
		"fixed": {
			"rotation": [0, -90, 0],
			"translation": [0.75, 2.5, -0.25]
		}
	}
}