{
	"credit": "Made with Blockbench",
	"textures": {
		"0": "pipe_guns:item/exposed_copper",
		"1": "pipe_guns:item/wood",
		"particle": "pipe_guns:item/exposed_copper"
	},
	"elements": [
		{
			"from": [7.5, 6.3, 11.6],
			"to": [8.5, 7.3, 21.6],
			"faces": {
				"north": {"uv": [1, 1, 2, 2], "texture": "#0"},
				"east": {"uv": [1, 1, 11, 2], "texture": "#0"},
				"south": {"uv": [1, 1, 2, 2], "texture": "#0"},
				"west": {"uv": [1, 1, 11, 2], "texture": "#0"},
				"up": {"uv": [1, 1, 2, 11], "texture": "#0"},
				"down": {"uv": [1, 1, 2, 11], "texture": "#0"}
			}
		},
		{
			"from": [7, 4.8, 7.6],
			"to": [9, 7.8, 11.6],
			"faces": {
				"north": {"uv": [3, 4, 5, 7], "texture": "#0"},
				"east": {"uv": [2, 4, 6, 7], "texture": "#0"},
				"south": {"uv": [2, 4, 4, 7], "texture": "#0"},
				"west": {"uv": [2, 4, 6, 7], "texture": "#0"},
				"up": {"uv": [3, 4, 5, 8], "texture": "#0"},
				"down": {"uv": [2, 4, 4, 8], "texture": "#0"}
			}
		},
		{
			"from": [6.5, 5.401, 3.6],
			"to": [8, 6.701, 6.6],
			"rotation": {"angle": 0, "axis": "y", "origin": [0, 0, -1]},
			"faces": {
				"north": {"uv": [1, 3, 2.5, 4.3], "texture": "#0"},
				"east": {"uv": [1, 3, 4, 4.3], "texture": "#0"},
				"south": {"uv": [1, 3, 2.5, 4.3], "texture": "#0"},
				"west": {"uv": [1, 3, 4, 4.3], "texture": "#0"},
				"up": {"uv": [1, 3, 2.5, 6], "texture": "#0"},
				"down": {"uv": [1, 3, 2.5, 6], "texture": "#0"}
			}
		},
		{
			"from": [1, 5.55, 3.85],
			"to": [6.5, 6.55, 6.35],
			"rotation": {"angle": 0, "axis": "y", "origin": [0, 0, -1]},
			"faces": {
				"north": {"uv": [4, 4, 9.5, 5], "texture": "#0"},
				"east": {"uv": [7, 4, 9.5, 5], "texture": "#0"},
				"south": {"uv": [4, 1, 9.5, 2], "texture": "#0"},
				"west": {"uv": [4, 1, 6.5, 2], "texture": "#0"},
				"up": {"uv": [4, 1, 9.5, 3.5], "texture": "#0"},
				"down": {"uv": [4, 2, 9.5, 4.5], "texture": "#0"}
			}
		},
		{
			"from": [7.1, 5.4, -3.4],
			"to": [8.9, 6.8, 7.6],
			"rotation": {"angle": 0, "axis": "y", "origin": [0, 0, -1]},
			"faces": {
				"north": {"uv": [0, 0, 1.8, 1.4], "texture": "#1"},
				"east": {"uv": [0, 0, 11, 1.4], "texture": "#1"},
				"south": {"uv": [0, 0, 1.8, 1.4], "texture": "#1"},
				"west": {"uv": [0, 0, 11, 1.4], "texture": "#1"},
				"up": {"uv": [0, 0, 1.8, 11], "texture": "#1"},
				"down": {"uv": [0, 0, 1.8, 11], "texture": "#1"}
			}
		},
		{
			"from": [8, 6.8, -3.4],
			"to": [8.9, 7.7, 7.6],
			"rotation": {"angle": 0, "axis": "y", "origin": [0, 0, -1]},
			"faces": {
				"north": {"uv": [0, 0, 1, 0.9], "texture": "#1"},
				"east": {"uv": [0, 0, 11, 0.9], "texture": "#1"},
				"south": {"uv": [0, 0, 1, 0.9], "texture": "#1"},
				"west": {"uv": [0, 0, 11, 0.9], "texture": "#1"},
				"up": {"uv": [0, 0, 1, 11], "texture": "#1"},
				"down": {"uv": [0, 0, 1, 11], "texture": "#1"}
			}
		},
		{
			"name": "octagon",
			"from": [7.74112, 7.075, -12.001],
			"to": [8.25888, 7.525, -2.001],
			"rotation": {"angle": 45, "axis": "z", "origin": [8, 6.9, -1]},
			"faces": {
				"north": {"uv": [1, 1, 2, 2], "texture": "#0"},
				"east": {"uv": [0, 0, 1, 1], "texture": "#0"},
				"south": {"uv": [0, 0, 1, 1], "texture": "#0"},
				"west": {"uv": [0, 0, 1, 1], "texture": "#0"},
				"up": {"uv": [4, 1, 5, 11], "texture": "#0"},
				"down": {"uv": [5, 1, 6, 11], "texture": "#0"}
			}
		},
		{
			"name": "octagon",
			"from": [7.74112, 6.275, -12.001],
			"to": [8.25888, 6.725, -2.001],
			"rotation": {"angle": 45, "axis": "z", "origin": [8, 6.9, -1]},
			"faces": {
				"north": {"uv": [1, 1, 2, 2], "texture": "#0"},
				"east": {"uv": [0, 0, 1, 1], "texture": "#0"},
				"south": {"uv": [0, 0, 1, 1], "texture": "#0"},
				"west": {"uv": [0, 0, 1, 1], "texture": "#0"},
				"up": {"uv": [4, 1, 5, 11], "texture": "#0"},
				"down": {"uv": [5, 1, 6, 11], "texture": "#0"}
			}
		},
		{
			"name": "octagon",
			"from": [7.74112, 7.075, -11.997],
			"to": [8.25888, 7.525, -1.997],
			"rotation": {"angle": 0, "axis": "y", "origin": [8, 6.9, -1]},
			"faces": {
				"north": {"uv": [3, 1, 4, 2], "texture": "#0"},
				"east": {"uv": [0, 0, 1, 1], "texture": "#0"},
				"south": {"uv": [0, 0, 1, 1], "texture": "#0"},
				"west": {"uv": [0, 0, 1, 1], "texture": "#0"},
				"up": {"uv": [10, 1, 11, 11], "texture": "#0"},
				"down": {"uv": [11, 1, 12, 11], "texture": "#0"}
			}
		},
		{
			"name": "octagon",
			"from": [7.74112, 6.275, -11.997],
			"to": [8.25888, 6.725, -1.997],
			"rotation": {"angle": 0, "axis": "y", "origin": [8, 6.9, -1]},
			"faces": {
				"north": {"uv": [3, 1, 4, 2], "texture": "#0"},
				"east": {"uv": [0, 0, 1, 1], "texture": "#0"},
				"south": {"uv": [0, 0, 1, 1], "texture": "#0"},
				"west": {"uv": [0, 0, 1, 1], "texture": "#0"},
				"up": {"uv": [10, 1, 11, 11], "texture": "#0"},
				"down": {"uv": [11, 1, 12, 11], "texture": "#0"}
			}
		},
		{
			"name": "octagon",
			"from": [8.175, 6.64112, -11.999],
			"to": [8.625, 7.15888, -1.999],
			"rotation": {"angle": 45, "axis": "z", "origin": [8, 6.9, -1]},
			"faces": {
				"north": {"uv": [3, 3, 4, 4], "texture": "#0"},
				"east": {"uv": [1, 1, 11, 2], "texture": "#0"},
				"south": {"uv": [0, 0, 1, 1], "texture": "#0"},
				"west": {"uv": [1, 1, 11, 2], "texture": "#0"},
				"up": {"uv": [0, 0, 1, 1], "texture": "#0"},
				"down": {"uv": [0, 0, 1, 1], "texture": "#0"}
			}
		},
		{
			"name": "octagon",
			"from": [7.375, 6.64112, -11.999],
			"to": [7.825, 7.15888, -1.999],
			"rotation": {"angle": 45, "axis": "z", "origin": [8, 6.9, -1]},
			"faces": {
				"north": {"uv": [3, 3, 4, 4], "texture": "#0"},
				"east": {"uv": [1, 1, 11, 2], "texture": "#0"},
				"south": {"uv": [0, 0, 1, 1], "texture": "#0"},
				"west": {"uv": [1, 1, 11, 2], "texture": "#0"},
				"up": {"uv": [0, 0, 1, 1], "texture": "#0"},
				"down": {"uv": [0, 0, 1, 1], "texture": "#0"}
			}
		},
		{
			"name": "octagon",
			"from": [7.375, 6.64112, -12],
			"to": [7.825, 7.15888, -2],
			"rotation": {"angle": 0, "axis": "y", "origin": [8, 6.9, -1]},
			"faces": {
				"north": {"uv": [7, 2, 8, 3], "texture": "#0"},
				"east": {"uv": [1, 4, 11, 5], "texture": "#0"},
				"south": {"uv": [0, 0, 1, 1], "texture": "#0"},
				"west": {"uv": [1, 1, 11, 2], "texture": "#0"},
				"up": {"uv": [0, 0, 1, 1], "texture": "#0"},
				"down": {"uv": [0, 0, 1, 1], "texture": "#0"}
			}
		},
		{
			"name": "octagon",
			"from": [8.175, 6.64112, -12],
			"to": [8.625, 7.15888, -2],
			"rotation": {"angle": 0, "axis": "y", "origin": [8, 6.9, -1]},
			"faces": {
				"north": {"uv": [7, 2, 8, 3], "texture": "#0"},
				"east": {"uv": [1, 4, 11, 5], "texture": "#0"},
				"south": {"uv": [0, 0, 1, 1], "texture": "#0"},
				"west": {"uv": [1, 1, 11, 2], "texture": "#0"},
				"up": {"uv": [0, 0, 1, 1], "texture": "#0"},
				"down": {"uv": [0, 0, 1, 1], "texture": "#0"}
			}
		},
		{
			"name": "octagon",
			"from": [7.74112, 7.075, -2.001],
			"to": [8.25888, 7.525, 7.999],
			"rotation": {"angle": 45, "axis": "z", "origin": [8, 6.9, 9]},
			"faces": {
				"north": {"uv": [1, 1, 2, 2], "texture": "#0"},
				"east": {"uv": [0, 0, 1, 1], "texture": "#0"},
				"south": {"uv": [0, 0, 1, 1], "texture": "#0"},
				"west": {"uv": [0, 0, 1, 1], "texture": "#0"},
				"up": {"uv": [4, 1, 5, 11], "texture": "#0"},
				"down": {"uv": [5, 1, 6, 11], "texture": "#0"}
			}
		},
		{
			"name": "octagon",
			"from": [7.74112, 6.275, -2.001],
			"to": [8.25888, 6.725, 7.999],
			"rotation": {"angle": 45, "axis": "z", "origin": [8, 6.9, 9]},
			"faces": {
				"north": {"uv": [1, 1, 2, 2], "texture": "#0"},
				"east": {"uv": [0, 0, 1, 1], "texture": "#0"},
				"south": {"uv": [0, 0, 1, 1], "texture": "#0"},
				"west": {"uv": [0, 0, 1, 1], "texture": "#0"},
				"up": {"uv": [4, 1, 5, 11], "texture": "#0"},
				"down": {"uv": [5, 1, 6, 11], "texture": "#0"}
			}
		},
		{
			"name": "octagon",
			"from": [7.74112, 7.075, -1.997],
			"to": [8.25888, 7.525, 8.003],
			"rotation": {"angle": 0, "axis": "y", "origin": [8, 6.9, 9]},
			"faces": {
				"north": {"uv": [3, 1, 4, 2], "texture": "#0"},
				"east": {"uv": [0, 0, 1, 1], "texture": "#0"},
				"south": {"uv": [0, 0, 1, 1], "texture": "#0"},
				"west": {"uv": [0, 0, 1, 1], "texture": "#0"},
				"up": {"uv": [10, 1, 11, 11], "texture": "#0"},
				"down": {"uv": [11, 1, 12, 11], "texture": "#0"}
			}
		},
		{
			"name": "octagon",
			"from": [7.74112, 6.275, -1.997],
			"to": [8.25888, 6.725, 8.003],
			"rotation": {"angle": 0, "axis": "y", "origin": [8, 6.9, 9]},
			"faces": {
				"north": {"uv": [3, 1, 4, 2], "texture": "#0"},
				"east": {"uv": [0, 0, 1, 1], "texture": "#0"},
				"south": {"uv": [0, 0, 1, 1], "texture": "#0"},
				"west": {"uv": [0, 0, 1, 1], "texture": "#0"},
				"up": {"uv": [10, 1, 11, 11], "texture": "#0"},
				"down": {"uv": [11, 1, 12, 11], "texture": "#0"}
			}
		},
		{
			"name": "octagon",
			"from": [8.175, 6.64112, -1.999],
			"to": [8.625, 7.15888, 8.001],
			"rotation": {"angle": 45, "axis": "z", "origin": [8, 6.9, 9]},
			"faces": {
				"north": {"uv": [3, 3, 4, 4], "texture": "#0"},
				"east": {"uv": [1, 1, 11, 2], "texture": "#0"},
				"south": {"uv": [0, 0, 1, 1], "texture": "#0"},
				"west": {"uv": [1, 1, 11, 2], "texture": "#0"},
				"up": {"uv": [0, 0, 1, 1], "texture": "#0"},
				"down": {"uv": [0, 0, 1, 1], "texture": "#0"}
			}
		},
		{
			"name": "octagon",
			"from": [7.375, 6.64112, -1.999],
			"to": [7.825, 7.15888, 8.001],
			"rotation": {"angle": 45, "axis": "z", "origin": [8, 6.9, 9]},
			"faces": {
				"north": {"uv": [3, 3, 4, 4], "texture": "#0"},
				"east": {"uv": [1, 1, 11, 2], "texture": "#0"},
				"south": {"uv": [0, 0, 1, 1], "texture": "#0"},
				"west": {"uv": [1, 1, 11, 2], "texture": "#0"},
				"up": {"uv": [0, 0, 1, 1], "texture": "#0"},
				"down": {"uv": [0, 0, 1, 1], "texture": "#0"}
			}
		},
		{
			"name": "octagon",
			"from": [7.375, 6.64112, -2],
			"to": [7.825, 7.15888, 8],
			"rotation": {"angle": 0, "axis": "y", "origin": [8, 6.9, 9]},
			"faces": {
				"north": {"uv": [7, 2, 8, 3], "texture": "#0"},
				"east": {"uv": [1, 4, 11, 5], "texture": "#0"},
				"south": {"uv": [0, 0, 1, 1], "texture": "#0"},
				"west": {"uv": [1, 1, 11, 2], "texture": "#0"},
				"up": {"uv": [0, 0, 1, 1], "texture": "#0"},
				"down": {"uv": [0, 0, 1, 1], "texture": "#0"}
			}
		},
		{
			"name": "octagon",
			"from": [8.175, 6.64112, -2],
			"to": [8.625, 7.15888, 8],
			"rotation": {"angle": 0, "axis": "y", "origin": [8, 6.9, 9]},
			"faces": {
				"north": {"uv": [7, 2, 8, 3], "texture": "#0"},
				"east": {"uv": [1, 4, 11, 5], "texture": "#0"},
				"south": {"uv": [0, 0, 1, 1], "texture": "#0"},
				"west": {"uv": [1, 1, 11, 2], "texture": "#0"},
				"up": {"uv": [0, 0, 1, 1], "texture": "#0"},
				"down": {"uv": [0, 0, 1, 1], "texture": "#0"}
			}
		},
		{
			"from": [7.001, -1, 10],
			"to": [9.001, 6, 12],
			"rotation": {"angle": -22.5, "axis": "x", "origin": [8, 5, 11]},
			"faces": {
				"north": {"uv": [4, 2, 6, 9], "texture": "#0"},
				"east": {"uv": [4, 2, 6, 9], "texture": "#0"},
				"south": {"uv": [4, 2, 6, 9], "texture": "#0"},
				"west": {"uv": [4, 2, 6, 9], "texture": "#0"},
				"up": {"uv": [4, 7, 6, 9], "texture": "#0"},
				"down": {"uv": [4, 2, 6, 4], "texture": "#0"}
			}
		},
		{
			"from": [7.75, 3.35742, 8.41581],
			"to": [8.25, 4.85742, 9.41581],
			"rotation": {"angle": 0, "axis": "y", "origin": [8.5, 5.70742, 11.16581]},
			"faces": {
				"north": {"uv": [4, 3, 4.5, 4.5], "texture": "#0"},
				"east": {"uv": [4, 3, 5, 4.5], "texture": "#0"},
				"south": {"uv": [4, 2, 4.5, 3.5], "texture": "#0"},
				"west": {"uv": [4, 2, 5, 3.5], "texture": "#0"},
				"up": {"uv": [4, 2, 4.5, 3], "texture": "#0"},
				"down": {"uv": [4, 3, 4.5, 4], "texture": "#0"}
			}
		},
		{
			"from": [7.5, -0.5, 12],
			"to": [8.5, 0.5, 21],
			"rotation": {"angle": -22.5, "axis": "x", "origin": [8, 5, 11]},
			"faces": {
				"north": {"uv": [1, 1, 2, 2], "texture": "#0"},
				"east": {"uv": [1, 1, 10, 2], "texture": "#0"},
				"south": {"uv": [1, 1, 2, 2], "texture": "#0"},
				"west": {"uv": [1, 1, 10, 2], "texture": "#0"},
				"up": {"uv": [1, 1, 2, 10], "texture": "#0"},
				"down": {"uv": [1, 1, 2, 10], "texture": "#0"}
			}
		},
		{
			"from": [7, 2.84207, 21.60445],
			"to": [9, 7.84207, 22.60445],
			"rotation": {"angle": 0, "axis": "x", "origin": [8, 3.44207, 20.30445]},
			"faces": {
				"north": {"uv": [4, 1, 6, 6], "texture": "#0"},
				"east": {"uv": [5, 1, 6, 6], "texture": "#0"},
				"south": {"uv": [4, 1, 6, 6], "texture": "#0"},
				"west": {"uv": [4, 1, 5, 6], "texture": "#0"},
				"up": {"uv": [4, 5, 6, 6], "texture": "#0"},
				"down": {"uv": [4, 1, 6, 2], "texture": "#0"}
			}
		},
		{
			"from": [7.9, 7.5, -11.75],
			"to": [8.15, 7.9, -10],
			"rotation": {"angle": 0, "axis": "y", "origin": [0, 0, -1]},
			"faces": {
				"north": {"uv": [1, 1, 1.25, 1.4], "texture": "#0"},
				"east": {"uv": [2, 1, 3.75, 1.4], "texture": "#0"},
				"south": {"uv": [1, 1, 1.25, 1.4], "texture": "#0"},
				"west": {"uv": [2, 1, 3.75, 1.4], "texture": "#0"},
				"up": {"uv": [1, 1, 1.25, 2.75], "texture": "#0"},
				"down": {"uv": [1, 1, 1.25, 2.75], "texture": "#0"}
			}
		}
	],
	"display": {
		"thirdperson_righthand": {
			"translation": [0, 3.25, -0.25]
		},
		"thirdperson_lefthand": {
			"translation": [0, 3.25, -0.25]
		},
		"firstperson_righthand": {
			"rotation": [0, -10, 0],
			"translation": [0.75, 6.25, 4.25]
		},
		"firstperson_lefthand": {
			"rotation": [0, -10, 0],
			"translation": [0.75, 6.25, 4.25]
		},
		"ground": {
			"rotation": [0, 0, -90],
			"translation": [2, -2.5, 2.25],
			"scale": [0.85, 0.85, 0.85]
		},
		"gui": {
			"rotation": [20, 125, 0],
			"translation": [0, 2.75, 0],
			"scale": [1.2, 1.2, 1.2]
		},
		"head": {
			"translation": [0, 8.5, 0]
		},
		"fixed": {
			"rotation": [0, -90, 0],
			"translation": [-0.25, 0, -0.5]
		}
	},
	"groups": [
		0,
		1,
		2,
		3,
		4,
		5,
		{
			"name": "octagon",
			"origin": [8, 8, 8],
			"color": 0,
			"children": [6, 7, 8, 9, 10, 11, 12, 13]
		},
		{
			"name": "octagon",
			"origin": [8, 8, 8],
			"color": 0,
			"children": [14, 15, 16, 17, 18, 19, 20, 21]
		},
		22,
		23,
		24,
		25,
		26
	]
}