{
	"format_version": "1.21.6",
	"credit": "Made with Blockbench",
	"textures": {
		"0": "chems_guns:item/gun_ammo/20mm",
		"1": "chems_guns:item/gun_ammo/20mmholes",
		"particle": "chems_guns:item/gun_ammo/20mm"
	},
	"elements": [
		{
			"from": [7.25, 1.75, 25],
			"to": [8.75, 5.25, 26.001],
			"rotation": {"angle": 0, "axis": "y", "origin": [4, 3, 18]},
			"faces": {
				"north": {"uv": [0, 0, 3, 5.5], "texture": "#0"},
				"east": {"uv": [0, 0, 2, 5.5], "texture": "#0"},
				"south": {"uv": [0, 0, 3, 5.5], "texture": "#0"},
				"west": {"uv": [0, 0, 2, 5.5], "texture": "#0"},
				"up": {"uv": [0, 0, 3, 2], "texture": "#0"},
				"down": {"uv": [0, 0, 3, 2], "texture": "#0"}
			}
		},
		{
			"from": [7.25, 3, 14],
			"to": [8.75, 5, 26],
			"rotation": {"angle": 0, "axis": "y", "origin": [4, 1, 8]},
			"faces": {
				"north": {"uv": [0, 0, 3, 4], "texture": "#0"},
				"east": {"uv": [0, 0, 12, 4], "texture": "#0"},
				"south": {"uv": [0, 0, 3, 4], "texture": "#0"},
				"west": {"uv": [0, 0, 12, 4], "texture": "#0"},
				"up": {"uv": [0, 0, 3, 12], "texture": "#0"},
				"down": {"uv": [0, 0, 3, 12], "texture": "#0"}
			}
		},
		{
			"from": [7, 3.75, 14],
			"to": [8, 4.75, 26],
			"rotation": {"angle": -22.5, "axis": "z", "origin": [7.75, 4.25, 14.5]},
			"faces": {
				"north": {"uv": [0, 0, 2, 2], "texture": "#0"},
				"east": {"uv": [0, 0, 12, 2], "texture": "#0"},
				"south": {"uv": [0, 0, 2, 2], "texture": "#0"},
				"west": {"uv": [2, 0, 14, 2], "texture": "#0"},
				"up": {"uv": [0, 0, 2, 12], "texture": "#0"},
				"down": {"uv": [0, 0, 2, 12], "texture": "#0"}
			}
		},
		{
			"from": [8, 3.75, 14],
			"to": [9, 4.75, 26],
			"rotation": {"angle": 22.5, "axis": "z", "origin": [8.25, 4.25, 14.5]},
			"faces": {
				"north": {"uv": [0, 0, 2, 2], "texture": "#0"},
				"east": {"uv": [3, 0, 15, 2], "texture": "#0"},
				"south": {"uv": [0, 0, 2, 2], "texture": "#0"},
				"west": {"uv": [0, 0, 12, 2], "texture": "#0"},
				"up": {"uv": [0, 0, 2, 12], "texture": "#0"},
				"down": {"uv": [0, 0, 2, 12], "texture": "#0"}
			}
		},
		{
			"from": [8, 3.25, 14],
			"to": [9, 4.25, 26],
			"rotation": {"angle": -22.5, "axis": "z", "origin": [8.25, 3.75, 14.5]},
			"faces": {
				"north": {"uv": [0, 0, 2, 2], "texture": "#0"},
				"east": {"uv": [1, 0, 13, 2], "texture": "#0"},
				"south": {"uv": [0, 0, 2, 2], "texture": "#0"},
				"west": {"uv": [0, 0, 12, 2], "texture": "#0"},
				"up": {"uv": [0, 0, 2, 12], "texture": "#0"},
				"down": {"uv": [0, 0, 2, 12], "texture": "#0"}
			}
		},
		{
			"from": [7, 3.25, 14],
			"to": [8, 4.25, 26],
			"rotation": {"angle": 22.5, "axis": "z", "origin": [7.75, 3.75, 14.5]},
			"faces": {
				"north": {"uv": [0, 0, 2, 2], "texture": "#0"},
				"east": {"uv": [0, 0, 12, 2], "texture": "#0"},
				"south": {"uv": [0, 0, 2, 2], "texture": "#0"},
				"west": {"uv": [3, 0, 15, 2], "texture": "#0"},
				"up": {"uv": [0, 0, 2, 12], "texture": "#0"},
				"down": {"uv": [0, 0, 2, 12], "texture": "#0"}
			}
		},
		{
			"from": [6.85, 3.925, 14],
			"to": [9.15, 4.075, 26],
			"rotation": {"angle": 0, "axis": "y", "origin": [4, 1, 8]},
			"faces": {
				"north": {"uv": [0, 0, 4.6, 0.3], "texture": "#0"},
				"east": {"uv": [0, 0, 12, 0.3], "texture": "#0"},
				"south": {"uv": [0, 0, 4.6, 0.3], "texture": "#0"},
				"west": {"uv": [0, 0, 12, 0.3], "texture": "#0"},
				"up": {"uv": [0, 0, 4.6, 12], "texture": "#0"},
				"down": {"uv": [0, 0, 4.6, 12], "texture": "#0"}
			}
		},
		{
			"from": [7.6, 0.5, 19.3],
			"to": [8.4, 3, 20.3],
			"rotation": {"angle": -22.5, "axis": "x", "origin": [8, 1.75, 19]},
			"faces": {
				"north": {"uv": [4, 3, 5, 8], "texture": "#0"},
				"east": {"uv": [6, 3, 4, 8], "texture": "#0"},
				"south": {"uv": [5, 3, 6, 8], "texture": "#0"},
				"west": {"uv": [4, 3, 6, 8], "texture": "#0"},
				"up": {"uv": [4, 6, 6, 8], "texture": "#0"},
				"down": {"uv": [4, 3, 6, 5], "texture": "#0"}
			}
		},
		{
			"from": [7.375, 2, 13.75],
			"to": [8.625, 3, 17.75],
			"rotation": {"angle": 0, "axis": "y", "origin": [4, 1, 12.5]},
			"faces": {
				"north": {"uv": [0, 0, 2.5, 2], "texture": "#0"},
				"east": {"uv": [0, 0, 6, 2], "texture": "#0"},
				"south": {"uv": [0, 0, 2.5, 2], "texture": "#0"},
				"west": {"uv": [0, 0, 6, 2], "texture": "#0"},
				"up": {"uv": [0, 0, 2.5, 6], "texture": "#0"},
				"down": {"uv": [0, 0, 2.5, 6], "texture": "#0"}
			}
		},
		{
			"from": [7.5, 0.5, 13.875],
			"to": [8.5, 2, 17.625],
			"rotation": {"angle": 0, "axis": "y", "origin": [4, 1, 12.5]},
			"faces": {
				"north": {"uv": [10, 6, 12, 8], "texture": "#0"},
				"east": {"uv": [7, 6, 12.5, 8], "texture": "#0"},
				"south": {"uv": [7, 6, 9, 8], "texture": "#0"},
				"west": {"uv": [7, 6, 12.5, 8], "texture": "#0"},
				"up": {"uv": [7, 8, 9, 13.5], "texture": "#0"},
				"down": {"uv": [7, 8.5, 9, 14], "texture": "#0"}
			}
		},
		{
			"from": [7.85, 2.125, 18.25],
			"to": [8.15, 3.125, 19.25],
			"rotation": {"angle": 0, "axis": "y", "origin": [4, 1, 12]},
			"faces": {
				"north": {"uv": [3.5, 9, 4.5, 11], "texture": "#0"},
				"east": {"uv": [4, 9, 6.5, 11.5], "texture": "#0"},
				"south": {"uv": [4, 9, 5, 11], "texture": "#0"},
				"west": {"uv": [6.5, 9, 4, 11.5], "texture": "#0"},
				"up": {"uv": [4, 9, 5, 11], "texture": "#0"},
				"down": {"uv": [3.5, 9, 4.5, 11], "texture": "#0"}
			}
		},
		{
			"name": "octagon",
			"from": [7.79289, 3.5, -11.5],
			"to": [8.20711, 3.75, -5.5],
			"rotation": {"angle": 45, "axis": "z", "origin": [8, 4, -6]},
			"faces": {
				"north": {"uv": [15, 15, 16, 16], "texture": "#0"},
				"east": {"uv": [4, 15, 5, 16], "texture": "#0"},
				"south": {"uv": [15, 15, 16, 16], "texture": "#0"},
				"west": {"uv": [4, 15, 5, 16], "texture": "#0"},
				"up": {"uv": [15, 4, 16, 5], "texture": "#0"},
				"down": {"uv": [15, 0, 16, 12], "texture": "#0"}
			}
		},
		{
			"name": "octagon",
			"from": [7.79289, 3.5, -11.5],
			"to": [8.20711, 3.75, -5.5],
			"rotation": {"angle": 0, "axis": "y", "origin": [8, 4, -6]},
			"faces": {
				"north": {"uv": [15, 15, 16, 16], "texture": "#0"},
				"east": {"uv": [4, 15, 5, 16], "texture": "#0"},
				"south": {"uv": [15, 15, 16, 16], "texture": "#0"},
				"west": {"uv": [4, 15, 5, 16], "texture": "#0"},
				"up": {"uv": [15, 4, 16, 5], "texture": "#0"},
				"down": {"uv": [15, 3, 16, 15], "texture": "#0"}
			}
		},
		{
			"name": "octagon",
			"from": [7.79289, 4.25, -11.5],
			"to": [8.20711, 4.5, -5.5],
			"rotation": {"angle": 45, "axis": "z", "origin": [8, 4, -6]},
			"faces": {
				"north": {"uv": [15, 15, 16, 16], "texture": "#0"},
				"east": {"uv": [4, 15, 5, 16], "texture": "#0"},
				"south": {"uv": [15, 15, 16, 16], "texture": "#0"},
				"west": {"uv": [4, 15, 5, 16], "texture": "#0"},
				"up": {"uv": [15, 2, 16, 14], "texture": "#0"},
				"down": {"uv": [15, 4, 16, 5], "texture": "#0"}
			}
		},
		{
			"name": "octagon",
			"from": [7.79289, 4.25, -11.5],
			"to": [8.20711, 4.5, -5.5],
			"rotation": {"angle": 0, "axis": "y", "origin": [8, 4, -6]},
			"faces": {
				"north": {"uv": [15, 15, 16, 16], "texture": "#0"},
				"east": {"uv": [4, 15, 5, 16], "texture": "#0"},
				"south": {"uv": [15, 15, 16, 16], "texture": "#0"},
				"west": {"uv": [4, 15, 5, 16], "texture": "#0"},
				"up": {"uv": [15, 3, 16, 15], "texture": "#0"},
				"down": {"uv": [15, 4, 16, 5], "texture": "#0"}
			}
		},
		{
			"name": "octagon",
			"from": [7.5, 3.79289, -11.5],
			"to": [7.75, 4.20711, -5.5],
			"rotation": {"angle": 45, "axis": "z", "origin": [8, 4, -6]},
			"faces": {
				"north": {"uv": [15, 15, 16, 16], "texture": "#0"},
				"east": {"uv": [4, 15, 5, 16], "texture": "#0"},
				"south": {"uv": [15, 15, 16, 16], "texture": "#0"},
				"west": {"uv": [3, 15, 15, 16], "texture": "#0"},
				"up": {"uv": [15, 4, 16, 5], "texture": "#0"},
				"down": {"uv": [15, 4, 16, 5], "texture": "#0"}
			}
		},
		{
			"name": "octagon",
			"from": [7.5, 3.79289, -11.5],
			"to": [7.75, 4.20711, -5.5],
			"rotation": {"angle": 0, "axis": "y", "origin": [8, 4, -6]},
			"faces": {
				"north": {"uv": [15, 15, 16, 16], "texture": "#0"},
				"east": {"uv": [4, 15, 5, 16], "texture": "#0"},
				"south": {"uv": [15, 15, 16, 16], "texture": "#0"},
				"west": {"uv": [2, 15, 14, 16], "texture": "#0"},
				"up": {"uv": [15, 4, 16, 5], "texture": "#0"},
				"down": {"uv": [15, 4, 16, 5], "texture": "#0"}
			}
		},
		{
			"name": "octagon",
			"from": [8.25, 3.79289, -11.5],
			"to": [8.5, 4.20711, -5.5],
			"rotation": {"angle": 45, "axis": "z", "origin": [8, 4, -6]},
			"faces": {
				"north": {"uv": [15, 15, 16, 16], "texture": "#0"},
				"east": {"uv": [3, 15, 15, 16], "texture": "#0"},
				"south": {"uv": [15, 15, 16, 16], "texture": "#0"},
				"west": {"uv": [4, 15, 5, 16], "texture": "#0"},
				"up": {"uv": [15, 4, 16, 5], "texture": "#0"},
				"down": {"uv": [15, 4, 16, 5], "texture": "#0"}
			}
		},
		{
			"name": "octagon",
			"from": [8.25, 3.79289, -11.5],
			"to": [8.5, 4.20711, -5.5],
			"rotation": {"angle": 0, "axis": "y", "origin": [8, 4, -6]},
			"faces": {
				"north": {"uv": [15, 15, 16, 16], "texture": "#0"},
				"east": {"uv": [0, 15, 12, 16], "texture": "#0"},
				"south": {"uv": [15, 15, 16, 16], "texture": "#0"},
				"west": {"uv": [4, 15, 5, 16], "texture": "#0"},
				"up": {"uv": [15, 4, 16, 5], "texture": "#0"},
				"down": {"uv": [15, 4, 16, 5], "texture": "#0"}
			}
		},
		{
			"name": "octagon",
			"from": [7.79289, 3.5, 6.5],
			"to": [8.20711, 3.75, 12.5],
			"rotation": {"angle": 45, "axis": "z", "origin": [8, 4, 12]},
			"faces": {
				"north": {"uv": [15, 15, 16, 16], "texture": "#0"},
				"east": {"uv": [4, 15, 5, 16], "texture": "#0"},
				"south": {"uv": [15, 15, 16, 16], "texture": "#0"},
				"west": {"uv": [4, 15, 5, 16], "texture": "#0"},
				"up": {"uv": [15, 4, 16, 5], "texture": "#0"},
				"down": {"uv": [15, 0, 16, 12], "texture": "#0"}
			}
		},
		{
			"name": "octagon",
			"from": [7.79289, 3.5, 6.5],
			"to": [8.20711, 3.75, 12.5],
			"rotation": {"angle": 0, "axis": "y", "origin": [8, 4, 12]},
			"faces": {
				"north": {"uv": [15, 15, 16, 16], "texture": "#0"},
				"east": {"uv": [4, 15, 5, 16], "texture": "#0"},
				"south": {"uv": [15, 15, 16, 16], "texture": "#0"},
				"west": {"uv": [4, 15, 5, 16], "texture": "#0"},
				"up": {"uv": [15, 4, 16, 5], "texture": "#0"},
				"down": {"uv": [15, 3, 16, 15], "texture": "#0"}
			}
		},
		{
			"name": "octagon",
			"from": [7.79289, 4.25, 6.5],
			"to": [8.20711, 4.5, 12.5],
			"rotation": {"angle": 45, "axis": "z", "origin": [8, 4, 12]},
			"faces": {
				"north": {"uv": [15, 15, 16, 16], "texture": "#0"},
				"east": {"uv": [4, 15, 5, 16], "texture": "#0"},
				"south": {"uv": [15, 15, 16, 16], "texture": "#0"},
				"west": {"uv": [4, 15, 5, 16], "texture": "#0"},
				"up": {"uv": [15, 2, 16, 14], "texture": "#0"},
				"down": {"uv": [15, 4, 16, 5], "texture": "#0"}
			}
		},
		{
			"name": "octagon",
			"from": [7.79289, 4.25, 6.5],
			"to": [8.20711, 4.5, 12.5],
			"rotation": {"angle": 0, "axis": "y", "origin": [8, 4, 12]},
			"faces": {
				"north": {"uv": [15, 15, 16, 16], "texture": "#0"},
				"east": {"uv": [4, 15, 5, 16], "texture": "#0"},
				"south": {"uv": [15, 15, 16, 16], "texture": "#0"},
				"west": {"uv": [4, 15, 5, 16], "texture": "#0"},
				"up": {"uv": [15, 3, 16, 15], "texture": "#0"},
				"down": {"uv": [15, 4, 16, 5], "texture": "#0"}
			}
		},
		{
			"name": "octagon",
			"from": [7.5, 3.79289, 6.5],
			"to": [7.75, 4.20711, 12.5],
			"rotation": {"angle": 45, "axis": "z", "origin": [8, 4, 12]},
			"faces": {
				"north": {"uv": [15, 15, 16, 16], "texture": "#0"},
				"east": {"uv": [4, 15, 5, 16], "texture": "#0"},
				"south": {"uv": [15, 15, 16, 16], "texture": "#0"},
				"west": {"uv": [3, 15, 15, 16], "texture": "#0"},
				"up": {"uv": [15, 4, 16, 5], "texture": "#0"},
				"down": {"uv": [15, 4, 16, 5], "texture": "#0"}
			}
		},
		{
			"name": "octagon",
			"from": [7.5, 3.79289, 6.5],
			"to": [7.75, 4.20711, 12.5],
			"rotation": {"angle": 0, "axis": "y", "origin": [8, 4, 12]},
			"faces": {
				"north": {"uv": [15, 15, 16, 16], "texture": "#0"},
				"east": {"uv": [4, 15, 5, 16], "texture": "#0"},
				"south": {"uv": [15, 15, 16, 16], "texture": "#0"},
				"west": {"uv": [2, 15, 14, 16], "texture": "#0"},
				"up": {"uv": [15, 4, 16, 5], "texture": "#0"},
				"down": {"uv": [15, 4, 16, 5], "texture": "#0"}
			}
		},
		{
			"name": "octagon",
			"from": [8.25, 3.79289, 6.5],
			"to": [8.5, 4.20711, 12.5],
			"rotation": {"angle": 45, "axis": "z", "origin": [8, 4, 12]},
			"faces": {
				"north": {"uv": [15, 15, 16, 16], "texture": "#0"},
				"east": {"uv": [3, 15, 15, 16], "texture": "#0"},
				"south": {"uv": [15, 15, 16, 16], "texture": "#0"},
				"west": {"uv": [4, 15, 5, 16], "texture": "#0"},
				"up": {"uv": [15, 4, 16, 5], "texture": "#0"},
				"down": {"uv": [15, 4, 16, 5], "texture": "#0"}
			}
		},
		{
			"name": "octagon",
			"from": [8.25, 3.79289, 6.5],
			"to": [8.5, 4.20711, 12.5],
			"rotation": {"angle": 0, "axis": "y", "origin": [8, 4, 12]},
			"faces": {
				"north": {"uv": [15, 15, 16, 16], "texture": "#0"},
				"east": {"uv": [0, 15, 12, 16], "texture": "#0"},
				"south": {"uv": [15, 15, 16, 16], "texture": "#0"},
				"west": {"uv": [4, 15, 5, 16], "texture": "#0"},
				"up": {"uv": [15, 4, 16, 5], "texture": "#0"},
				"down": {"uv": [15, 4, 16, 5], "texture": "#0"}
			}
		},
		{
			"name": "octagon",
			"from": [7.79289, 3.5, -5.5],
			"to": [8.20711, 3.75, 0.5],
			"rotation": {"angle": 45, "axis": "z", "origin": [8, 4, 0]},
			"faces": {
				"north": {"uv": [15, 15, 16, 16], "texture": "#0"},
				"east": {"uv": [4, 15, 5, 16], "texture": "#0"},
				"south": {"uv": [15, 15, 16, 16], "texture": "#0"},
				"west": {"uv": [4, 15, 5, 16], "texture": "#0"},
				"up": {"uv": [15, 4, 16, 5], "texture": "#0"},
				"down": {"uv": [15, 0, 16, 12], "texture": "#0"}
			}
		},
		{
			"name": "octagon",
			"from": [7.79289, 3.5, -5.5],
			"to": [8.20711, 3.75, 0.5],
			"rotation": {"angle": 0, "axis": "y", "origin": [8, 4, 0]},
			"faces": {
				"north": {"uv": [15, 15, 16, 16], "texture": "#0"},
				"east": {"uv": [4, 15, 5, 16], "texture": "#0"},
				"south": {"uv": [15, 15, 16, 16], "texture": "#0"},
				"west": {"uv": [4, 15, 5, 16], "texture": "#0"},
				"up": {"uv": [15, 4, 16, 5], "texture": "#0"},
				"down": {"uv": [15, 3, 16, 15], "texture": "#0"}
			}
		},
		{
			"name": "octagon",
			"from": [7.79289, 4.25, -5.5],
			"to": [8.20711, 4.5, 0.5],
			"rotation": {"angle": 45, "axis": "z", "origin": [8, 4, 0]},
			"faces": {
				"north": {"uv": [15, 15, 16, 16], "texture": "#0"},
				"east": {"uv": [4, 15, 5, 16], "texture": "#0"},
				"south": {"uv": [15, 15, 16, 16], "texture": "#0"},
				"west": {"uv": [4, 15, 5, 16], "texture": "#0"},
				"up": {"uv": [15, 2, 16, 14], "texture": "#0"},
				"down": {"uv": [15, 4, 16, 5], "texture": "#0"}
			}
		},
		{
			"name": "octagon",
			"from": [7.79289, 4.25, -5.5],
			"to": [8.20711, 4.5, 0.5],
			"rotation": {"angle": 0, "axis": "y", "origin": [8, 4, 0]},
			"faces": {
				"north": {"uv": [15, 15, 16, 16], "texture": "#0"},
				"east": {"uv": [4, 15, 5, 16], "texture": "#0"},
				"south": {"uv": [15, 15, 16, 16], "texture": "#0"},
				"west": {"uv": [4, 15, 5, 16], "texture": "#0"},
				"up": {"uv": [15, 3, 16, 15], "texture": "#0"},
				"down": {"uv": [15, 4, 16, 5], "texture": "#0"}
			}
		},
		{
			"name": "octagon",
			"from": [7.5, 3.79289, -5.5],
			"to": [7.75, 4.20711, 0.5],
			"rotation": {"angle": 45, "axis": "z", "origin": [8, 4, 0]},
			"faces": {
				"north": {"uv": [15, 15, 16, 16], "texture": "#0"},
				"east": {"uv": [4, 15, 5, 16], "texture": "#0"},
				"south": {"uv": [15, 15, 16, 16], "texture": "#0"},
				"west": {"uv": [3, 15, 15, 16], "texture": "#0"},
				"up": {"uv": [15, 4, 16, 5], "texture": "#0"},
				"down": {"uv": [15, 4, 16, 5], "texture": "#0"}
			}
		},
		{
			"name": "octagon",
			"from": [7.5, 3.79289, -5.5],
			"to": [7.75, 4.20711, 0.5],
			"rotation": {"angle": 0, "axis": "y", "origin": [8, 4, 0]},
			"faces": {
				"north": {"uv": [15, 15, 16, 16], "texture": "#0"},
				"east": {"uv": [4, 15, 5, 16], "texture": "#0"},
				"south": {"uv": [15, 15, 16, 16], "texture": "#0"},
				"west": {"uv": [2, 15, 14, 16], "texture": "#0"},
				"up": {"uv": [15, 4, 16, 5], "texture": "#0"},
				"down": {"uv": [15, 4, 16, 5], "texture": "#0"}
			}
		},
		{
			"name": "octagon",
			"from": [8.25, 3.79289, -5.5],
			"to": [8.5, 4.20711, 0.5],
			"rotation": {"angle": 45, "axis": "z", "origin": [8, 4, 0]},
			"faces": {
				"north": {"uv": [15, 15, 16, 16], "texture": "#0"},
				"east": {"uv": [3, 15, 15, 16], "texture": "#0"},
				"south": {"uv": [15, 15, 16, 16], "texture": "#0"},
				"west": {"uv": [4, 15, 5, 16], "texture": "#0"},
				"up": {"uv": [15, 4, 16, 5], "texture": "#0"},
				"down": {"uv": [15, 4, 16, 5], "texture": "#0"}
			}
		},
		{
			"name": "octagon",
			"from": [8.25, 3.79289, -5.5],
			"to": [8.5, 4.20711, 0.5],
			"rotation": {"angle": 0, "axis": "y", "origin": [8, 4, 0]},
			"faces": {
				"north": {"uv": [15, 15, 16, 16], "texture": "#0"},
				"east": {"uv": [0, 15, 12, 16], "texture": "#0"},
				"south": {"uv": [15, 15, 16, 16], "texture": "#0"},
				"west": {"uv": [4, 15, 5, 16], "texture": "#0"},
				"up": {"uv": [15, 4, 16, 5], "texture": "#0"},
				"down": {"uv": [15, 4, 16, 5], "texture": "#0"}
			}
		},
		{
			"from": [7, 3.75, 6.5],
			"to": [8, 4.75, 14],
			"rotation": {"angle": -22.5, "axis": "z", "origin": [7.75, 4.25, 8.5]},
			"faces": {
				"north": {"uv": [1.5, 0, 2, 2], "texture": "#0"},
				"south": {"uv": [1.5, 0, 2, 2], "texture": "#0"},
				"west": {"uv": [1.5, 0, 16, 2.5], "texture": "#1"}
			}
		},
		{
			"from": [7, 3.25, 6.5],
			"to": [8, 4.25, 14],
			"rotation": {"angle": 22.5, "axis": "z", "origin": [7.75, 3.75, 8.5]},
			"faces": {
				"north": {"uv": [1.5, 0, 2, 2], "texture": "#0"},
				"east": {"uv": [0, 0, 7, 2], "texture": "#0"},
				"south": {"uv": [1.5, 0, 2, 2], "texture": "#0"},
				"west": {"uv": [1.5, 0, 16, 2.5], "texture": "#1"}
			}
		},
		{
			"from": [6.85, 3.925, 6.5],
			"to": [9.15, 4.075, 14],
			"rotation": {"angle": 0, "axis": "y", "origin": [4, 1, 2]},
			"faces": {
				"north": {"uv": [1.5, 0, 4.6, 0.3], "texture": "#0"},
				"east": {"uv": [16, 2.5, 0, 3], "texture": "#1"},
				"south": {"uv": [1.5, 0, 4.6, 0.3], "texture": "#0"},
				"west": {"uv": [1.5, 2.5, 16, 3], "texture": "#1"}
			}
		},
		{
			"from": [7.25, 3, 6.5],
			"to": [8.75, 5, 14],
			"rotation": {"angle": 0, "axis": "y", "origin": [4, 1, 2]},
			"faces": {
				"north": {"uv": [1.5, 0, 3, 4], "texture": "#0"},
				"south": {"uv": [1.5, 0, 3, 4], "texture": "#0"},
				"up": {"uv": [1.5, 0, 16, 3.5], "rotation": 90, "texture": "#1"},
				"down": {"uv": [16, 0, 1.5, 3.5], "rotation": 90, "texture": "#1"}
			}
		},
		{
			"from": [8, 3.75, 6.5],
			"to": [9, 4.75, 14],
			"rotation": {"angle": 22.5, "axis": "z", "origin": [8.25, 4.25, 8.5]},
			"faces": {
				"north": {"uv": [1.5, 0, 2, 2], "texture": "#0"},
				"east": {"uv": [16, 0, 1.5, 2.5], "texture": "#1"},
				"south": {"uv": [1.5, 0, 2, 2], "texture": "#0"}
			}
		},
		{
			"from": [8, 3.25, 6.5],
			"to": [9, 4.25, 14],
			"rotation": {"angle": -22.5, "axis": "z", "origin": [8.25, 3.75, 8.5]},
			"faces": {
				"north": {"uv": [1.5, 0, 2, 2], "texture": "#0"},
				"east": {"uv": [16, 0, 1.5, 2.5], "texture": "#1"},
				"south": {"uv": [1.5, 0, 2, 2], "texture": "#0"}
			}
		},
		{
			"from": [7.25, 3, 4.75],
			"to": [8.75, 5, 6.5],
			"rotation": {"angle": 0, "axis": "y", "origin": [4, 1, -5.5]},
			"faces": {
				"north": {"uv": [1.5, 0, 3, 4], "texture": "#0"},
				"south": {"uv": [1.5, 0, 3, 4], "texture": "#0"},
				"up": {"uv": [0, 0, 3, 3.5], "rotation": 90, "texture": "#1"},
				"down": {"uv": [3, 0, 0, 3.5], "rotation": 90, "texture": "#1"}
			}
		},
		{
			"from": [7, 3.75, 4.75],
			"to": [8, 4.75, 6.5],
			"rotation": {"angle": -22.5, "axis": "z", "origin": [7.75, 4.25, 1]},
			"faces": {
				"north": {"uv": [1.5, 0, 2, 2], "texture": "#0"},
				"south": {"uv": [1.5, 0, 2, 2], "texture": "#0"},
				"west": {"uv": [0, 0, 3, 2.5], "texture": "#1"}
			}
		},
		{
			"from": [7, 3.25, 4.75],
			"to": [8, 4.25, 6.5],
			"rotation": {"angle": 22.5, "axis": "z", "origin": [7.75, 3.75, 1]},
			"faces": {
				"north": {"uv": [1.5, 0, 2, 2], "texture": "#0"},
				"east": {"uv": [0, 0, 7, 2], "texture": "#0"},
				"south": {"uv": [1.5, 0, 2, 2], "texture": "#0"},
				"west": {"uv": [0, 0, 3, 2.5], "texture": "#1"}
			}
		},
		{
			"from": [6.85, 3.925, 4.75],
			"to": [9.15, 4.075, 6.5],
			"rotation": {"angle": 0, "axis": "y", "origin": [4, 1, -5.5]},
			"faces": {
				"north": {"uv": [1.5, 0, 4.6, 0.3], "texture": "#0"},
				"east": {"uv": [3, 2.5, 0, 3], "texture": "#1"},
				"south": {"uv": [1.5, 0, 4.6, 0.3], "texture": "#0"},
				"west": {"uv": [0, 2.5, 3, 3], "texture": "#1"}
			}
		},
		{
			"from": [8, 3.75, 4.75],
			"to": [9, 4.75, 6.5],
			"rotation": {"angle": 22.5, "axis": "z", "origin": [8.25, 4.25, 1]},
			"faces": {
				"north": {"uv": [1.5, 0, 2, 2], "texture": "#0"},
				"east": {"uv": [3, 0, 0, 2.5], "texture": "#1"},
				"south": {"uv": [1.5, 0, 2, 2], "texture": "#0"}
			}
		},
		{
			"from": [8, 3.25, 4.75],
			"to": [9, 4.25, 6.5],
			"rotation": {"angle": -22.5, "axis": "z", "origin": [8.25, 3.75, 1]},
			"faces": {
				"north": {"uv": [1.5, 0, 2, 2], "texture": "#0"},
				"east": {"uv": [3, 0, 0, 2.5], "texture": "#1"},
				"south": {"uv": [1.5, 0, 2, 2], "texture": "#0"}
			}
		},
		{
			"name": "octagon",
			"from": [6.75, -0.75, 4.99289],
			"to": [7.25, 5, 5.40711],
			"rotation": {"angle": -22.5, "axis": "z", "origin": [7.25, 4.5, 5.2]},
			"faces": {
				"north": {"uv": [15, 4, 16, 16], "rotation": 180, "texture": "#0"},
				"east": {"uv": [15, 4, 16, 16], "texture": "#0"},
				"south": {"uv": [15, 4, 16, 16], "texture": "#0"},
				"west": {"uv": [2, 15, 14, 16], "rotation": 270, "texture": "#0"},
				"up": {"uv": [15, 15, 16, 16], "texture": "#0"},
				"down": {"uv": [15, 15, 16, 16], "rotation": 180, "texture": "#0"}
			}
		},
		{
			"from": [4.6, -0.35, 4.7],
			"to": [5.6, -0.1, 5.7],
			"rotation": {"angle": 0, "axis": "y", "origin": [5.1, -0.225, 5.2]},
			"faces": {
				"north": {"uv": [15.5, 14, 16, 16], "rotation": 90, "texture": "#0"},
				"east": {"uv": [15.5, 15, 16, 16], "rotation": 270, "texture": "#0"},
				"south": {"uv": [15.5, 14, 16, 16], "rotation": 270, "texture": "#0"},
				"west": {"uv": [15.5, 15, 16, 16], "rotation": 270, "texture": "#0"},
				"up": {"uv": [14, 14, 16, 16], "rotation": 270, "texture": "#0"},
				"down": {"uv": [14, 14, 16, 16], "rotation": 270, "texture": "#0"}
			}
		},
		{
			"from": [10.4, -0.35, 4.7],
			"to": [11.4, -0.1, 5.7],
			"rotation": {"angle": 0, "axis": "y", "origin": [10.9, -0.225, 5.2]},
			"faces": {
				"north": {"uv": [15.5, 14, 16, 16], "rotation": 90, "texture": "#0"},
				"east": {"uv": [15.5, 15, 16, 16], "rotation": 270, "texture": "#0"},
				"south": {"uv": [15.5, 14, 16, 16], "rotation": 270, "texture": "#0"},
				"west": {"uv": [15.5, 15, 16, 16], "rotation": 270, "texture": "#0"},
				"up": {"uv": [14, 14, 16, 16], "rotation": 270, "texture": "#0"},
				"down": {"uv": [14, 14, 16, 16], "rotation": 270, "texture": "#0"}
			}
		},
		{
			"name": "octagon",
			"from": [8.75, -0.65, 4.99289],
			"to": [9.25, 5.15, 5.40711],
			"rotation": {"angle": 22.5, "axis": "z", "origin": [9.25, 4.65, 5.2]},
			"faces": {
				"north": {"uv": [15, 4, 16, 16], "rotation": 180, "texture": "#0"},
				"east": {"uv": [15, 4, 16, 16], "texture": "#0"},
				"south": {"uv": [15, 4, 16, 16], "texture": "#0"},
				"west": {"uv": [2, 15, 14, 16], "rotation": 270, "texture": "#0"},
				"up": {"uv": [15, 15, 16, 16], "texture": "#0"},
				"down": {"uv": [15, 15, 16, 16], "rotation": 180, "texture": "#0"}
			}
		},
		{
			"name": "octagon",
			"from": [7.45, 3.3, 4.993],
			"to": [7.85, 4.15, 5.407],
			"rotation": {"angle": -22.5, "axis": "z", "origin": [7.4, 0.05, 5.2]},
			"faces": {
				"north": {"uv": [15, 4, 16, 5], "texture": "#0"},
				"east": {"uv": [2, 15, 14, 16], "rotation": 90, "texture": "#0"},
				"south": {"uv": [15, 4, 16, 5], "rotation": 180, "texture": "#0"},
				"west": {"uv": [4, 15, 5, 16], "rotation": 270, "texture": "#0"},
				"up": {"uv": [15, 15, 16, 16], "texture": "#0"},
				"down": {"uv": [15, 15, 16, 16], "rotation": 180, "texture": "#0"}
			}
		},
		{
			"name": "octagon",
			"from": [7, 2.85, 4.99289],
			"to": [9.05, 3.25, 5.40711],
			"rotation": {"angle": 0, "axis": "y", "origin": [12.25, 2.85, 5.2]},
			"faces": {
				"north": {"uv": [15, 4, 16, 5], "rotation": 90, "texture": "#0"},
				"east": {"uv": [15, 15, 16, 16], "rotation": 90, "texture": "#0"},
				"south": {"uv": [15, 4, 16, 5], "rotation": 90, "texture": "#0"},
				"west": {"uv": [15, 15, 16, 16], "rotation": 270, "texture": "#0"},
				"up": {"uv": [2, 15, 14, 16], "texture": "#0"},
				"down": {"uv": [4, 15, 5, 16], "rotation": 180, "texture": "#0"}
			}
		},
		{
			"name": "octagon",
			"from": [7, 4.75, 4.993],
			"to": [9.05, 5.15, 5.407],
			"rotation": {"angle": 0, "axis": "z", "origin": [12.25, 4.75, 5.2]},
			"faces": {
				"north": {"uv": [15, 4, 16, 9], "rotation": 90, "texture": "#0"},
				"east": {"uv": [15, 15, 16, 16], "rotation": 90, "texture": "#0"},
				"south": {"uv": [15, 4, 16, 9], "rotation": 90, "texture": "#0"},
				"west": {"uv": [15, 15, 16, 16], "rotation": 270, "texture": "#0"},
				"up": {"uv": [9, 15, 14, 16], "texture": "#0"},
				"down": {"uv": [4, 15, 5, 16], "rotation": 180, "texture": "#0"}
			}
		},
		{
			"name": "octagon",
			"from": [8.25, 3.1, 4.993],
			"to": [8.65, 3.95, 5.407],
			"rotation": {"angle": 22.5, "axis": "z", "origin": [8.25, -0.15, 5.2]},
			"faces": {
				"north": {"uv": [15, 4, 16, 5], "texture": "#0"},
				"east": {"uv": [2, 15, 14, 16], "rotation": 90, "texture": "#0"},
				"south": {"uv": [15, 4, 16, 5], "rotation": 180, "texture": "#0"},
				"west": {"uv": [4, 15, 5, 16], "rotation": 270, "texture": "#0"},
				"up": {"uv": [15, 15, 16, 16], "texture": "#0"},
				"down": {"uv": [15, 15, 16, 16], "rotation": 180, "texture": "#0"}
			}
		},
		{
			"name": "octagon",
			"from": [7.79289, 3.5, 0.5],
			"to": [8.20711, 3.75, 6.5],
			"rotation": {"angle": 45, "axis": "z", "origin": [8, 4, 6]},
			"faces": {
				"north": {"uv": [15, 15, 16, 16], "texture": "#0"},
				"east": {"uv": [4, 15, 5, 16], "texture": "#0"},
				"south": {"uv": [15, 15, 16, 16], "texture": "#0"},
				"west": {"uv": [4, 15, 5, 16], "texture": "#0"},
				"up": {"uv": [15, 4, 16, 5], "texture": "#0"},
				"down": {"uv": [15, 0, 16, 12], "texture": "#0"}
			}
		},
		{
			"name": "octagon",
			"from": [7.79289, 3.5, 0.5],
			"to": [8.20711, 3.75, 6.5],
			"rotation": {"angle": 0, "axis": "y", "origin": [8, 4, 6]},
			"faces": {
				"north": {"uv": [15, 15, 16, 16], "texture": "#0"},
				"east": {"uv": [4, 15, 5, 16], "texture": "#0"},
				"south": {"uv": [15, 15, 16, 16], "texture": "#0"},
				"west": {"uv": [4, 15, 5, 16], "texture": "#0"},
				"up": {"uv": [15, 4, 16, 5], "texture": "#0"},
				"down": {"uv": [15, 3, 16, 15], "texture": "#0"}
			}
		},
		{
			"name": "octagon",
			"from": [7.79289, 4.25, 0.5],
			"to": [8.20711, 4.5, 6.5],
			"rotation": {"angle": 45, "axis": "z", "origin": [8, 4, 6]},
			"faces": {
				"north": {"uv": [15, 15, 16, 16], "texture": "#0"},
				"east": {"uv": [4, 15, 5, 16], "texture": "#0"},
				"south": {"uv": [15, 15, 16, 16], "texture": "#0"},
				"west": {"uv": [4, 15, 5, 16], "texture": "#0"},
				"up": {"uv": [15, 2, 16, 14], "texture": "#0"},
				"down": {"uv": [15, 4, 16, 5], "texture": "#0"}
			}
		},
		{
			"name": "octagon",
			"from": [7.79289, 4.25, 0.5],
			"to": [8.20711, 4.5, 6.5],
			"rotation": {"angle": 0, "axis": "y", "origin": [8, 4, 6]},
			"faces": {
				"north": {"uv": [15, 15, 16, 16], "texture": "#0"},
				"east": {"uv": [4, 15, 5, 16], "texture": "#0"},
				"south": {"uv": [15, 15, 16, 16], "texture": "#0"},
				"west": {"uv": [4, 15, 5, 16], "texture": "#0"},
				"up": {"uv": [15, 3, 16, 15], "texture": "#0"},
				"down": {"uv": [15, 4, 16, 5], "texture": "#0"}
			}
		},
		{
			"name": "octagon",
			"from": [7.5, 3.79289, 0.5],
			"to": [7.75, 4.20711, 6.5],
			"rotation": {"angle": 45, "axis": "z", "origin": [8, 4, 6]},
			"faces": {
				"north": {"uv": [15, 15, 16, 16], "texture": "#0"},
				"east": {"uv": [4, 15, 5, 16], "texture": "#0"},
				"south": {"uv": [15, 15, 16, 16], "texture": "#0"},
				"west": {"uv": [3, 15, 15, 16], "texture": "#0"},
				"up": {"uv": [15, 4, 16, 5], "texture": "#0"},
				"down": {"uv": [15, 4, 16, 5], "texture": "#0"}
			}
		},
		{
			"name": "octagon",
			"from": [7.5, 3.79289, 0.5],
			"to": [7.75, 4.20711, 6.5],
			"rotation": {"angle": 0, "axis": "y", "origin": [8, 4, 6]},
			"faces": {
				"north": {"uv": [15, 15, 16, 16], "texture": "#0"},
				"east": {"uv": [4, 15, 5, 16], "texture": "#0"},
				"south": {"uv": [15, 15, 16, 16], "texture": "#0"},
				"west": {"uv": [2, 15, 14, 16], "texture": "#0"},
				"up": {"uv": [15, 4, 16, 5], "texture": "#0"},
				"down": {"uv": [15, 4, 16, 5], "texture": "#0"}
			}
		},
		{
			"name": "octagon",
			"from": [7.75, -0.65, 22.59289],
			"to": [8.25, 4.25, 23.00711],
			"rotation": {"angle": -22.5, "axis": "x", "origin": [8.25, 4.75, 22.8]},
			"faces": {
				"north": {"uv": [15, 4, 16, 16], "rotation": 180, "texture": "#0"},
				"east": {"uv": [15, 4, 16, 16], "texture": "#0"},
				"south": {"uv": [15, 4, 16, 16], "texture": "#0"},
				"west": {"uv": [2, 15, 14, 16], "rotation": 270, "texture": "#0"},
				"up": {"uv": [15, 15, 16, 16], "texture": "#0"},
				"down": {"uv": [15, 15, 16, 16], "rotation": 180, "texture": "#0"}
			}
		},
		{
			"name": "octagon",
			"from": [8.25, 3.79289, 0.5],
			"to": [8.5, 4.20711, 6.5],
			"rotation": {"angle": 45, "axis": "z", "origin": [8, 4, 6]},
			"faces": {
				"north": {"uv": [15, 15, 16, 16], "texture": "#0"},
				"east": {"uv": [3, 15, 15, 16], "texture": "#0"},
				"south": {"uv": [15, 15, 16, 16], "texture": "#0"},
				"west": {"uv": [4, 15, 5, 16], "texture": "#0"},
				"up": {"uv": [15, 4, 16, 5], "texture": "#0"},
				"down": {"uv": [15, 4, 16, 5], "texture": "#0"}
			}
		},
		{
			"name": "octagon",
			"from": [8.25, 3.79289, 0.5],
			"to": [8.5, 4.20711, 6.5],
			"rotation": {"angle": 0, "axis": "y", "origin": [8, 4, 6]},
			"faces": {
				"north": {"uv": [15, 15, 16, 16], "texture": "#0"},
				"east": {"uv": [0, 15, 12, 16], "texture": "#0"},
				"south": {"uv": [15, 15, 16, 16], "texture": "#0"},
				"west": {"uv": [4, 15, 5, 16], "texture": "#0"},
				"up": {"uv": [15, 4, 16, 5], "texture": "#0"},
				"down": {"uv": [15, 4, 16, 5], "texture": "#0"}
			}
		},
		{
			"from": [7, 3.4, -14.5],
			"to": [9, 4.6, -11.5],
			"rotation": {"angle": 0, "axis": "y", "origin": [0, -3, -4.5]},
			"faces": {
				"north": {"uv": [9, 12, 11, 15], "rotation": 90, "texture": "#0"},
				"east": {"uv": [10, 8.5, 15, 10.5], "texture": "#0"},
				"south": {"uv": [12, 13, 15, 15], "texture": "#0"},
				"west": {"uv": [10, 8.5, 15, 10.5], "texture": "#0"},
				"up": {"uv": [12, 11, 15, 15], "texture": "#0"},
				"down": {"uv": [12, 11, 15, 15], "texture": "#0"}
			}
		},
		{
			"name": "octagon",
			"from": [7.8529, 5.4, 15.5],
			"to": [8.14284, 6.1, 17.5],
			"rotation": {"angle": 0, "axis": "z", "origin": [7.99787, 5.75, 17]},
			"faces": {
				"north": {"uv": [15, 15, 16, 16], "texture": "#0"},
				"east": {"uv": [10, 15, 11, 16], "texture": "#0"},
				"south": {"uv": [15, 15, 16, 16], "texture": "#0"},
				"west": {"uv": [10, 15, 11, 16], "texture": "#0"},
				"up": {"uv": [15, 4, 16, 10], "texture": "#0"},
				"down": {"uv": [15, 10, 16, 16], "texture": "#0"}
			}
		},
		{
			"name": "octagon",
			"from": [7.8529, 5.4, 15.5],
			"to": [8.14284, 6.1, 17.5],
			"rotation": {"angle": 45, "axis": "z", "origin": [7.99787, 5.75, 17]},
			"faces": {
				"north": {"uv": [15, 15, 16, 16], "texture": "#0"},
				"east": {"uv": [10, 15, 11, 16], "texture": "#0"},
				"south": {"uv": [15, 15, 16, 16], "texture": "#0"},
				"west": {"uv": [10, 15, 11, 16], "texture": "#0"},
				"up": {"uv": [15, 4, 16, 10], "texture": "#0"},
				"down": {"uv": [15, 10, 16, 16], "texture": "#0"}
			}
		},
		{
			"name": "octagon",
			"from": [7.64787, 5.60503, 15.5],
			"to": [8.34787, 5.89497, 17.5],
			"rotation": {"angle": 0, "axis": "z", "origin": [7.99787, 5.75, 17]},
			"faces": {
				"north": {"uv": [15, 15, 16, 16], "rotation": 90, "texture": "#0"},
				"east": {"uv": [15, 10, 16, 16], "rotation": 270, "texture": "#0"},
				"south": {"uv": [15, 15, 16, 16], "rotation": 270, "texture": "#0"},
				"west": {"uv": [15, 4, 16, 10], "rotation": 270, "texture": "#0"},
				"up": {"uv": [10, 15, 11, 16], "rotation": 270, "texture": "#0"},
				"down": {"uv": [10, 15, 11, 16], "rotation": 270, "texture": "#0"}
			}
		},
		{
			"name": "octagon",
			"from": [7.64787, 5.60503, 15.5],
			"to": [8.34787, 5.89497, 17.5],
			"rotation": {"angle": 45, "axis": "z", "origin": [7.99787, 5.75, 17]},
			"faces": {
				"north": {"uv": [15, 15, 16, 16], "rotation": 90, "texture": "#0"},
				"east": {"uv": [15, 10, 16, 16], "rotation": 270, "texture": "#0"},
				"south": {"uv": [15, 15, 16, 16], "rotation": 270, "texture": "#0"},
				"west": {"uv": [15, 4, 16, 10], "rotation": 270, "texture": "#0"},
				"up": {"uv": [10, 15, 11, 16], "rotation": 270, "texture": "#0"},
				"down": {"uv": [10, 15, 11, 16], "rotation": 270, "texture": "#0"}
			}
		},
		{
			"name": "octagon",
			"from": [7.8658, 5.43125, 12.49],
			"to": [8.12985, 6.06875, 12.49],
			"rotation": {"angle": 0, "axis": "y", "origin": [7.99783, 5.75, 12.49]},
			"faces": {
				"north": {"uv": [4, 13, 5, 14], "texture": "#0"},
				"east": {"uv": [4, 13, 5, 14], "texture": "#0"},
				"south": {"uv": [5, 13, 6, 14], "texture": "#0"},
				"west": {"uv": [4, 13, 5, 14], "texture": "#0"},
				"up": {"uv": [5, 12, 6, 14], "texture": "#0"},
				"down": {"uv": [4, 12, 5, 14], "texture": "#0"}
			}
		},
		{
			"name": "octagon",
			"from": [7.8658, 5.43125, 12.49],
			"to": [8.12985, 6.06875, 12.49],
			"rotation": {"angle": 45, "axis": "z", "origin": [7.99783, 5.75, 12.49]},
			"faces": {
				"north": {"uv": [4, 13, 5, 14], "texture": "#0"},
				"east": {"uv": [4, 13, 5, 14], "texture": "#0"},
				"south": {"uv": [5, 13, 6, 14], "texture": "#0"},
				"west": {"uv": [4, 13, 5, 14], "texture": "#0"},
				"up": {"uv": [5, 12, 6, 14], "texture": "#0"},
				"down": {"uv": [4, 12, 5, 14], "texture": "#0"}
			}
		},
		{
			"name": "octagon",
			"from": [7.67908, 5.61797, 12.49],
			"to": [8.31658, 5.88203, 12.49],
			"rotation": {"angle": 0, "axis": "z", "origin": [7.99783, 5.75, 12.49]},
			"faces": {
				"north": {"uv": [4, 13, 5, 14], "rotation": 90, "texture": "#0"},
				"east": {"uv": [4, 12, 5, 14], "rotation": 270, "texture": "#0"},
				"south": {"uv": [5, 13, 6, 14], "rotation": 270, "texture": "#0"},
				"west": {"uv": [5, 12, 6, 14], "rotation": 270, "texture": "#0"},
				"up": {"uv": [4, 13, 5, 14], "rotation": 270, "texture": "#0"},
				"down": {"uv": [4, 13, 5, 14], "rotation": 270, "texture": "#0"}
			}
		},
		{
			"name": "octagon",
			"from": [7.67908, 5.61797, 12.49],
			"to": [8.31658, 5.88203, 12.49],
			"rotation": {"angle": 45, "axis": "z", "origin": [7.99783, 5.75, 12.49]},
			"faces": {
				"north": {"uv": [4, 13, 5, 14], "rotation": 90, "texture": "#0"},
				"east": {"uv": [4, 12, 5, 14], "rotation": 270, "texture": "#0"},
				"south": {"uv": [5, 13, 6, 14], "rotation": 270, "texture": "#0"},
				"west": {"uv": [5, 12, 6, 14], "rotation": 270, "texture": "#0"},
				"up": {"uv": [4, 13, 5, 14], "rotation": 270, "texture": "#0"},
				"down": {"uv": [4, 13, 5, 14], "rotation": 270, "texture": "#0"}
			}
		},
		{
			"name": "octagon",
			"from": [7.8658, 5.43125, 18.51],
			"to": [8.12985, 6.06875, 18.51],
			"rotation": {"angle": 0, "axis": "z", "origin": [7.99783, 5.75, 18.51]},
			"faces": {
				"north": {"uv": [4, 13, 5, 14], "texture": "#0"},
				"east": {"uv": [4, 13, 5, 14], "texture": "#0"},
				"south": {"uv": [5, 13, 6, 14], "texture": "#0"},
				"west": {"uv": [4, 13, 5, 14], "texture": "#0"},
				"up": {"uv": [5, 12, 6, 14], "texture": "#0"},
				"down": {"uv": [4, 12, 5, 14], "texture": "#0"}
			}
		},
		{
			"name": "octagon",
			"from": [7.8658, 5.43125, 18.51],
			"to": [8.12985, 6.06875, 18.51],
			"rotation": {"angle": 45, "axis": "z", "origin": [7.99783, 5.75, 18.51]},
			"faces": {
				"north": {"uv": [4, 13, 5, 14], "texture": "#0"},
				"east": {"uv": [4, 13, 5, 14], "texture": "#0"},
				"south": {"uv": [5, 13, 6, 14], "texture": "#0"},
				"west": {"uv": [4, 13, 5, 14], "texture": "#0"},
				"up": {"uv": [5, 12, 6, 14], "texture": "#0"},
				"down": {"uv": [4, 12, 5, 14], "texture": "#0"}
			}
		},
		{
			"name": "octagon",
			"from": [7.67908, 5.61797, 18.51],
			"to": [8.31658, 5.88203, 18.51],
			"rotation": {"angle": 0, "axis": "y", "origin": [7.99783, 5.75, 18.51]},
			"faces": {
				"north": {"uv": [4, 13, 5, 14], "rotation": 90, "texture": "#0"},
				"east": {"uv": [4, 12, 5, 14], "rotation": 270, "texture": "#0"},
				"south": {"uv": [5, 13, 6, 14], "rotation": 270, "texture": "#0"},
				"west": {"uv": [5, 12, 6, 14], "rotation": 270, "texture": "#0"},
				"up": {"uv": [4, 13, 5, 14], "rotation": 270, "texture": "#0"},
				"down": {"uv": [4, 13, 5, 14], "rotation": 270, "texture": "#0"}
			}
		},
		{
			"name": "octagon",
			"from": [7.67908, 5.61797, 18.51],
			"to": [8.31658, 5.88203, 18.51],
			"rotation": {"angle": 45, "axis": "z", "origin": [7.99783, 5.75, 18.51]},
			"faces": {
				"north": {"uv": [4, 13, 5, 14], "rotation": 90, "texture": "#0"},
				"east": {"uv": [4, 12, 5, 14], "rotation": 270, "texture": "#0"},
				"south": {"uv": [5, 13, 6, 14], "rotation": 270, "texture": "#0"},
				"west": {"uv": [5, 12, 6, 14], "rotation": 270, "texture": "#0"},
				"up": {"uv": [4, 13, 5, 14], "rotation": 270, "texture": "#0"},
				"down": {"uv": [4, 13, 5, 14], "rotation": 270, "texture": "#0"}
			}
		},
		{
			"name": "octagon",
			"from": [7.8011, 5.275, 17.5],
			"to": [8.1946, 6.225, 18.5],
			"rotation": {"angle": 0, "axis": "z", "origin": [7.99785, 5.75, 18]},
			"faces": {
				"north": {"uv": [15, 15, 16, 16], "texture": "#0"},
				"east": {"uv": [14, 15, 15, 16], "texture": "#0"},
				"south": {"uv": [15, 15, 16, 16], "texture": "#0"},
				"west": {"uv": [14, 15, 15, 16], "texture": "#0"},
				"up": {"uv": [15, 14, 16, 16], "texture": "#0"},
				"down": {"uv": [15, 14, 16, 16], "texture": "#0"}
			}
		},
		{
			"name": "octagon",
			"from": [7.8011, 5.275, 17.5],
			"to": [8.1946, 6.225, 18.5],
			"rotation": {"angle": 45, "axis": "z", "origin": [7.99785, 5.75, 18]},
			"faces": {
				"north": {"uv": [15, 15, 16, 16], "texture": "#0"},
				"east": {"uv": [14, 15, 15, 16], "texture": "#0"},
				"south": {"uv": [15, 15, 16, 16], "texture": "#0"},
				"west": {"uv": [14, 15, 15, 16], "texture": "#0"},
				"up": {"uv": [15, 14, 16, 16], "texture": "#0"},
				"down": {"uv": [15, 14, 16, 16], "texture": "#0"}
			}
		},
		{
			"name": "octagon",
			"from": [7.52285, 5.55325, 17.5],
			"to": [8.47285, 5.94675, 18.5],
			"rotation": {"angle": 0, "axis": "z", "origin": [7.99785, 5.75, 18]},
			"faces": {
				"north": {"uv": [15, 15, 16, 16], "rotation": 90, "texture": "#0"},
				"east": {"uv": [15, 14, 16, 16], "rotation": 270, "texture": "#0"},
				"south": {"uv": [15, 15, 16, 16], "rotation": 270, "texture": "#0"},
				"west": {"uv": [15, 14, 16, 16], "rotation": 270, "texture": "#0"},
				"up": {"uv": [14, 15, 15, 16], "rotation": 270, "texture": "#0"},
				"down": {"uv": [14, 15, 15, 16], "rotation": 270, "texture": "#0"}
			}
		},
		{
			"name": "octagon",
			"from": [7.52285, 5.55325, 17.5],
			"to": [8.47285, 5.94675, 18.5],
			"rotation": {"angle": 45, "axis": "z", "origin": [7.99785, 5.75, 18]},
			"faces": {
				"north": {"uv": [15, 15, 16, 16], "rotation": 90, "texture": "#0"},
				"east": {"uv": [15, 14, 16, 16], "rotation": 270, "texture": "#0"},
				"south": {"uv": [15, 15, 16, 16], "rotation": 270, "texture": "#0"},
				"west": {"uv": [15, 14, 16, 16], "rotation": 270, "texture": "#0"},
				"up": {"uv": [14, 15, 15, 16], "rotation": 270, "texture": "#0"},
				"down": {"uv": [14, 15, 15, 16], "rotation": 270, "texture": "#0"}
			}
		},
		{
			"name": "octagon",
			"from": [7.827, 5.3375, 14.5],
			"to": [8.16871, 6.1625, 15.5],
			"rotation": {"angle": 0, "axis": "z", "origin": [7.99786, 5.75, 15]},
			"faces": {
				"north": {"uv": [15, 15, 16, 16], "texture": "#0"},
				"east": {"uv": [14, 15, 15, 16], "texture": "#0"},
				"south": {"uv": [15, 15, 16, 16], "texture": "#0"},
				"west": {"uv": [14, 15, 15, 16], "texture": "#0"},
				"up": {"uv": [13, 11, 14, 13], "texture": "#0"},
				"down": {"uv": [15, 14, 16, 16], "texture": "#0"}
			}
		},
		{
			"name": "octagon",
			"from": [7.827, 5.3375, 14.5],
			"to": [8.16871, 6.1625, 15.5],
			"rotation": {"angle": 45, "axis": "z", "origin": [7.99786, 5.75, 15]},
			"faces": {
				"north": {"uv": [15, 15, 16, 16], "texture": "#0"},
				"east": {"uv": [14, 15, 15, 16], "texture": "#0"},
				"south": {"uv": [15, 15, 16, 16], "texture": "#0"},
				"west": {"uv": [14, 15, 15, 16], "texture": "#0"},
				"up": {"uv": [13, 11, 14, 13], "texture": "#0"},
				"down": {"uv": [15, 14, 16, 16], "texture": "#0"}
			}
		},
		{
			"name": "octagon",
			"from": [7.58536, 5.57914, 14.5],
			"to": [8.41036, 5.92086, 15.5],
			"rotation": {"angle": 0, "axis": "z", "origin": [7.99786, 5.75, 15]},
			"faces": {
				"north": {"uv": [15, 15, 16, 16], "rotation": 90, "texture": "#0"},
				"east": {"uv": [15, 14, 16, 16], "rotation": 270, "texture": "#0"},
				"south": {"uv": [15, 15, 16, 16], "rotation": 270, "texture": "#0"},
				"west": {"uv": [13, 11, 14, 13], "rotation": 270, "texture": "#0"},
				"up": {"uv": [14, 15, 15, 16], "rotation": 270, "texture": "#0"},
				"down": {"uv": [14, 15, 15, 16], "rotation": 270, "texture": "#0"}
			}
		},
		{
			"name": "octagon",
			"from": [7.58536, 5.57914, 14.5],
			"to": [8.41036, 5.92086, 15.5],
			"rotation": {"angle": 45, "axis": "z", "origin": [7.99786, 5.75, 15]},
			"faces": {
				"north": {"uv": [15, 15, 16, 16], "rotation": 90, "texture": "#0"},
				"east": {"uv": [15, 14, 16, 16], "rotation": 270, "texture": "#0"},
				"south": {"uv": [15, 15, 16, 16], "rotation": 270, "texture": "#0"},
				"west": {"uv": [13, 11, 14, 13], "rotation": 270, "texture": "#0"},
				"up": {"uv": [14, 15, 15, 16], "rotation": 270, "texture": "#0"},
				"down": {"uv": [14, 15, 15, 16], "rotation": 270, "texture": "#0"}
			}
		},
		{
			"name": "octagon",
			"from": [7.8011, 5.275, 13.5],
			"to": [8.19459, 6.225, 14.5],
			"rotation": {"angle": 0, "axis": "z", "origin": [7.99785, 5.75, 14]},
			"faces": {
				"north": {"uv": [15, 15, 16, 16], "texture": "#0"},
				"east": {"uv": [14, 15, 15, 16], "texture": "#0"},
				"south": {"uv": [15, 15, 16, 16], "texture": "#0"},
				"west": {"uv": [14, 15, 15, 16], "texture": "#0"},
				"up": {"uv": [11, 14, 12, 16], "texture": "#0"},
				"down": {"uv": [15, 14, 16, 16], "texture": "#0"}
			}
		},
		{
			"name": "octagon",
			"from": [7.8011, 5.275, 13.5],
			"to": [8.19459, 6.225, 14.5],
			"rotation": {"angle": 45, "axis": "z", "origin": [7.99785, 5.75, 14]},
			"faces": {
				"north": {"uv": [15, 15, 16, 16], "texture": "#0"},
				"east": {"uv": [14, 15, 15, 16], "texture": "#0"},
				"south": {"uv": [15, 15, 16, 16], "texture": "#0"},
				"west": {"uv": [14, 15, 15, 16], "texture": "#0"},
				"up": {"uv": [11, 14, 12, 16], "texture": "#0"},
				"down": {"uv": [15, 14, 16, 16], "texture": "#0"}
			}
		},
		{
			"name": "octagon",
			"from": [7.52285, 5.55325, 13.5],
			"to": [8.47285, 5.94675, 14.5],
			"rotation": {"angle": 0, "axis": "z", "origin": [7.99785, 5.75, 14]},
			"faces": {
				"north": {"uv": [15, 15, 16, 16], "rotation": 90, "texture": "#0"},
				"east": {"uv": [15, 14, 16, 16], "rotation": 270, "texture": "#0"},
				"south": {"uv": [15, 15, 16, 16], "rotation": 270, "texture": "#0"},
				"west": {"uv": [11, 14, 12, 16], "rotation": 270, "texture": "#0"},
				"up": {"uv": [14, 15, 15, 16], "rotation": 270, "texture": "#0"},
				"down": {"uv": [14, 15, 15, 16], "rotation": 270, "texture": "#0"}
			}
		},
		{
			"name": "octagon",
			"from": [7.52285, 5.55325, 13.5],
			"to": [8.47285, 5.94675, 14.5],
			"rotation": {"angle": 45, "axis": "z", "origin": [7.99785, 5.75, 14]},
			"faces": {
				"north": {"uv": [15, 15, 16, 16], "rotation": 90, "texture": "#0"},
				"east": {"uv": [15, 14, 16, 16], "rotation": 270, "texture": "#0"},
				"south": {"uv": [15, 15, 16, 16], "rotation": 270, "texture": "#0"},
				"west": {"uv": [11, 14, 12, 16], "rotation": 270, "texture": "#0"},
				"up": {"uv": [14, 15, 15, 16], "rotation": 270, "texture": "#0"},
				"down": {"uv": [14, 15, 15, 16], "rotation": 270, "texture": "#0"}
			}
		},
		{
			"name": "octagon",
			"from": [7.7752, 5.2125, 12.5],
			"to": [8.22047, 6.2875, 13.5],
			"rotation": {"angle": 0, "axis": "z", "origin": [7.99783, 5.75, 12.5]},
			"faces": {
				"north": {"uv": [15, 15, 16, 16], "texture": "#0"},
				"east": {"uv": [12, 15, 13, 16], "texture": "#0"},
				"south": {"uv": [15, 15, 16, 16], "texture": "#0"},
				"west": {"uv": [12, 15, 13, 16], "texture": "#0"},
				"up": {"uv": [14, 12, 15, 16], "texture": "#0"},
				"down": {"uv": [15, 12, 16, 16], "texture": "#0"}
			}
		},
		{
			"name": "octagon",
			"from": [7.7752, 5.2125, 12.5],
			"to": [8.22047, 6.2875, 13.5],
			"rotation": {"angle": 45, "axis": "z", "origin": [7.99783, 5.75, 12.5]},
			"faces": {
				"north": {"uv": [15, 15, 16, 16], "texture": "#0"},
				"east": {"uv": [12, 15, 13, 16], "texture": "#0"},
				"south": {"uv": [15, 15, 16, 16], "texture": "#0"},
				"west": {"uv": [12, 15, 13, 16], "texture": "#0"},
				"up": {"uv": [14, 12, 15, 16], "texture": "#0"},
				"down": {"uv": [15, 12, 16, 16], "texture": "#0"}
			}
		},
		{
			"name": "octagon",
			"from": [7.46033, 5.52737, 12.5],
			"to": [8.53533, 5.97263, 13.5],
			"rotation": {"angle": 0, "axis": "z", "origin": [7.99783, 5.75, 12.5]},
			"faces": {
				"north": {"uv": [15, 15, 16, 16], "rotation": 90, "texture": "#0"},
				"east": {"uv": [15, 12, 16, 16], "rotation": 270, "texture": "#0"},
				"south": {"uv": [15, 15, 16, 16], "rotation": 270, "texture": "#0"},
				"west": {"uv": [14, 12, 15, 16], "rotation": 270, "texture": "#0"},
				"up": {"uv": [12, 15, 13, 16], "rotation": 270, "texture": "#0"},
				"down": {"uv": [12, 15, 13, 16], "rotation": 270, "texture": "#0"}
			}
		},
		{
			"name": "octagon",
			"from": [7.46033, 5.52737, 12.5],
			"to": [8.53533, 5.97263, 13.5],
			"rotation": {"angle": 45, "axis": "z", "origin": [7.99783, 5.75, 12.5]},
			"faces": {
				"north": {"uv": [15, 15, 16, 16], "rotation": 90, "texture": "#0"},
				"east": {"uv": [15, 12, 16, 16], "rotation": 270, "texture": "#0"},
				"south": {"uv": [15, 15, 16, 16], "rotation": 270, "texture": "#0"},
				"west": {"uv": [14, 12, 15, 16], "rotation": 270, "texture": "#0"},
				"up": {"uv": [12, 15, 13, 16], "rotation": 270, "texture": "#0"},
				"down": {"uv": [12, 15, 13, 16], "rotation": 270, "texture": "#0"}
			}
		},
		{
			"from": [7.75, 4.65, 16.25],
			"to": [8.25, 5.65, 16.75],
			"rotation": {"angle": 0, "axis": "y", "origin": [0, -3.35, 4]},
			"faces": {
				"north": {"uv": [15.5, 14, 16, 16], "texture": "#0"},
				"east": {"uv": [14, 14, 16, 16], "texture": "#0"},
				"south": {"uv": [15.5, 14, 16, 16], "texture": "#0"},
				"west": {"uv": [14, 14, 16, 16], "texture": "#0"},
				"up": {"uv": [15.5, 15, 16, 16], "texture": "#0"},
				"down": {"uv": [15.5, 15, 16, 16], "texture": "#0"}
			}
		},
		{
			"from": [7.6, -0.35, 24.3],
			"to": [8.6, -0.1, 25.3],
			"rotation": {"angle": 0, "axis": "z", "origin": [16.6, -8.35, 12.3]},
			"faces": {
				"north": {"uv": [15.5, 14, 16, 16], "rotation": 90, "texture": "#0"},
				"east": {"uv": [15.5, 15, 16, 16], "rotation": 270, "texture": "#0"},
				"south": {"uv": [15.5, 14, 16, 16], "rotation": 270, "texture": "#0"},
				"west": {"uv": [15.5, 15, 16, 16], "rotation": 270, "texture": "#0"},
				"up": {"uv": [14, 14, 16, 16], "rotation": 270, "texture": "#0"},
				"down": {"uv": [14, 14, 16, 16], "rotation": 270, "texture": "#0"}
			}
		},
		{
			"from": [7.75, 4.65, 14],
			"to": [8.25, 5.65, 14.5],
			"rotation": {"angle": 0, "axis": "y", "origin": [0, -3.35, 5]},
			"faces": {
				"north": {"uv": [15.5, 14, 16, 16], "texture": "#0"},
				"east": {"uv": [14, 14, 16, 16], "texture": "#0"},
				"south": {"uv": [15.5, 14, 16, 16], "texture": "#0"},
				"west": {"uv": [14, 14, 16, 16], "texture": "#0"},
				"up": {"uv": [15.5, 15, 16, 16], "texture": "#0"},
				"down": {"uv": [15.5, 15, 16, 16], "texture": "#0"}
			}
		}
	],
	"display": {
		"thirdperson_righthand": {
			"rotation": [0, -13, 0],
			"translation": [4, 7.75, -14.5],
			"scale": [1.51, 1.51, 1.51]
		},
		"thirdperson_lefthand": {
			"translation": [-12, 8.75, -2.25],
			"scale": [1.75, 1.75, 1.75]
		},
		"firstperson_righthand": {
			"rotation": [0, -10, 0],
			"translation": [18.25, 11.75, -22.75],
			"scale": [2.43, 2.43, 2.43]
		},
		"firstperson_lefthand": {
			"translation": [0, 8.25, -1.75],
			"scale": [1.25, 1.25, 1.25]
		},
		"ground": {
			"rotation": [0, 0, -90],
			"translation": [5.75, -2.25, 4.75],
			"scale": [1.5, 1.5, 1.5]
		},
		"gui": {
			"rotation": [21, 150, 0],
			"translation": [2, 5, 0],
			"scale": [1.3, 1.3, 1.3]
		},
		"head": {
			"translation": [0, 0, -17.5],
			"scale": [0.5, 0.5, 2]
		},
		"fixed": {
			"rotation": [0, -90, 0],
			"translation": [0, 11, -2.5],
			"scale": [2.5, 2.5, 2.5]
		}
	},
	"groups": [
		{
			"name": "part",
			"origin": [0, 0, 12],
			"color": 0,
			"children": [0]
		},
		{
			"name": "part",
			"origin": [0, 0, 12],
			"color": 0,
			"children": [1, 2, 3, 4, 5, 6]
		},
		{
			"name": "part",
			"origin": [0, 0, 12],
			"color": 0,
			"children": [
				{
					"name": "group",
					"origin": [4, 1, 1],
					"color": 0,
					"children": [
						{
							"name": "group",
							"origin": [4, 1, 1],
							"color": 0,
							"children": []
						}
					]
				}
			]
		},
		7,
		8,
		9,
		10,
		{
			"name": "octagon",
			"origin": [8, 8, 8],
			"color": 0,
			"children": [
				11,
				12,
				13,
				14,
				15,
				16,
				17,
				18,
				{
					"name": "octagon",
					"origin": [8, 8, 8],
					"color": 0,
					"children": [19, 20, 21, 22, 23, 24, 25, 26]
				}
			]
		},
		{
			"name": "octagon",
			"origin": [8, 8, 8],
			"color": 0,
			"children": [27, 28, 29, 30, 31, 32, 33, 34]
		},
		{
			"name": "shield",
			"origin": [8.25, 3.75, 8.5],
			"color": 0,
			"children": [35, 36, 37, 38, 39, 40]
		},
		{
			"name": "shield",
			"origin": [8.25, 3.75, 1],
			"color": 0,
			"children": [41, 42, 43, 44, 45, 46]
		},
		{
			"name": "stand",
			"origin": [8.25, -0.15, 6.8],
			"color": 0,
			"children": [47, 48, 49, 50, 51, 52, 53, 54]
		},
		{
			"name": "octagon",
			"origin": [8, 8, 8],
			"color": 0,
			"children": [55, 56, 57, 58, 59, 60, 61, 62, 63]
		},
		{
			"name": "octagon",
			"origin": [8, 8, 8],
			"color": 0,
			"children": [64]
		},
		{
			"name": "scope",
			"origin": [8, 8, 8],
			"color": 0,
			"children": [65, 66, 67, 68]
		},
		{
			"name": "scope",
			"origin": [8, 8, 8],
			"color": 0,
			"children": [69, 70, 71, 72]
		},
		{
			"name": "scope",
			"origin": [8, 8, 8],
			"color": 0,
			"children": [73, 74, 75, 76]
		},
		{
			"name": "scope",
			"origin": [8, 9.7125, 3.375],
			"color": 0,
			"children": [77, 78, 79, 80]
		},
		{
			"name": "scope",
			"origin": [8, 8, 8],
			"color": 0,
			"children": [81, 82, 83, 84]
		},
		{
			"name": "scope",
			"origin": [8, 8, 8],
			"color": 0,
			"children": [85, 86, 87, 88]
		},
		{
			"name": "scope",
			"origin": [8, 8, 8],
			"color": 0,
			"children": [89, 90, 91, 92]
		},
		93,
		94,
		95
	]
}