{
	"format_version": "1.21.6",
	"credit": "Made with Blockbench",
	"textures": {
		"0": "chems_guns:item/gun_ammo/20mm",
		"1": "chems_guns:item/gun_ammo/20mmholes",
		"2": "chems_guns:item/gun_ammo/dshk",
		"particle": "chems_guns:item/gun_ammo/20mm"
	},
	"elements": [
		{
			"from": [6.25, 1.75, 17],
			"to": [8.75, 5.25, 30.001],
			"rotation": {"angle": 0, "axis": "y", "origin": [4, 3, 18]},
			"faces": {
				"north": {"uv": [0, 0, 3, 3], "texture": "#0"},
				"east": {"uv": [0, 0, 3, 12], "rotation": 90, "texture": "#0"},
				"south": {"uv": [0, 0, 3, 3], "texture": "#0"},
				"west": {"uv": [0, 0, 3, 12], "rotation": 90, "texture": "#0"},
				"up": {"uv": [0, 0, 2.5, 12], "texture": "#0"},
				"down": {"uv": [0, 0, 3, 12], "texture": "#0"}
			}
		},
		{
			"from": [3.75, 1.75, 24],
			"to": [6.25, 4.25, 30.001],
			"rotation": {"angle": 0, "axis": "y", "origin": [5, 3.5, 23.5005]},
			"faces": {
				"north": {"uv": [0, 0, 3, 3], "texture": "#0"},
				"east": {"uv": [0, 0, 3, 12], "rotation": 90, "texture": "#0"},
				"south": {"uv": [0, 0, 3, 3], "texture": "#0"},
				"west": {"uv": [0, 0, 3, 12], "rotation": 90, "texture": "#0"},
				"up": {"uv": [0, 0, 2.5, 12], "texture": "#0"},
				"down": {"uv": [0, 0, 3, 12], "texture": "#0"}
			}
		},
		{
			"from": [8.85, -1.25, 26],
			"to": [13.25, 4.25, 29.501],
			"rotation": {"angle": 0, "axis": "y", "origin": [9.5, 2.5, 28.2505]},
			"faces": {
				"north": {"uv": [0, 0, 3, 8], "texture": "#0"},
				"east": {"uv": [0, 0, 3, 8], "texture": "#0"},
				"south": {"uv": [0, 0, 3, 8], "texture": "#0"},
				"west": {"uv": [0, 0, 3, 8], "texture": "#0"},
				"up": {"uv": [0, 0, 3, 3], "texture": "#0"},
				"down": {"uv": [0, 0, 3, 3], "texture": "#0"}
			}
		},
		{
			"from": [9.75, -1.25, 22],
			"to": [11.25, 0.85, 24.501],
			"rotation": {"angle": 0, "axis": "y", "origin": [10.5, 2.5, 23.2505]},
			"faces": {
				"north": {"uv": [0, 0, 3, 8], "texture": "#0"},
				"east": {"uv": [0, 0, 3, 8], "texture": "#0"},
				"south": {"uv": [0, 0, 3, 8], "texture": "#0"},
				"west": {"uv": [0, 0, 3, 8], "texture": "#0"},
				"up": {"uv": [0, 0, 3, 3], "texture": "#0"},
				"down": {"uv": [0, 0, 3, 3], "texture": "#0"}
			}
		},
		{
			"from": [9.75, 0.75, 25.5],
			"to": [11.25, 3.85, 26.001],
			"rotation": {"angle": 22.5, "axis": "x", "origin": [10.5, 4.5, 24.7505]},
			"faces": {
				"north": {"uv": [0, 0, 3, 8], "texture": "#0"},
				"east": {"uv": [0, 0, 3, 8], "texture": "#0"},
				"south": {"uv": [0, 0, 3, 8], "texture": "#0"},
				"west": {"uv": [0, 0, 3, 8], "texture": "#0"},
				"up": {"uv": [0, 0, 3, 3], "texture": "#0"},
				"down": {"uv": [0, 0, 3, 3], "texture": "#0"}
			}
		},
		{
			"from": [2.75, -3.75, 18],
			"to": [13.75, -1.25, 29.501],
			"rotation": {"angle": 0, "axis": "z", "origin": [6.5, -2, 28.2505]},
			"faces": {
				"north": {"uv": [0, 0, 3, 8], "rotation": 90, "texture": "#0"},
				"east": {"uv": [0, 0, 3, 3], "rotation": 270, "texture": "#0"},
				"south": {"uv": [0, 0, 3, 8], "rotation": 270, "texture": "#0"},
				"west": {"uv": [0, 0, 3, 3], "rotation": 270, "texture": "#0"},
				"up": {"uv": [0, 0, 3, 3], "rotation": 270, "texture": "#0"},
				"down": {"uv": [0, 0, 3, 8], "rotation": 270, "texture": "#0"}
			}
		},
		{
			"from": [2.55, 0.7495, 14.5005],
			"to": [6.8, 7.2505, 14.7505],
			"rotation": {"angle": 22.5, "axis": "x", "origin": [6.3, 0, 14.2505]},
			"faces": {
				"north": {"uv": [8.5, 5, 12, 2], "rotation": 90, "texture": "#1"},
				"east": {"uv": [0, 0, 3, 3], "rotation": 180, "texture": "#0"},
				"south": {"uv": [12, 5, 8.5, 2], "rotation": 270, "texture": "#1"},
				"west": {"uv": [0, 0, 3, 3], "texture": "#0"},
				"up": {"uv": [0, 0, 3, 8], "rotation": 270, "texture": "#0"},
				"down": {"uv": [0, 0, 3, 8], "rotation": 270, "texture": "#0"}
			}
		},
		{
			"from": [9.05, 0.7495, 14.5005],
			"to": [13.3, 7.2505, 14.7505],
			"rotation": {"angle": 22.5, "axis": "x", "origin": [12.8, 0, 14.2505]},
			"faces": {
				"north": {"uv": [8.5, 2, 11.5, 5], "rotation": 90, "texture": "#1"},
				"east": {"uv": [0, 0, 3, 3], "rotation": 180, "texture": "#0"},
				"south": {"uv": [11.5, 2, 8.5, 5], "rotation": 270, "texture": "#1"},
				"west": {"uv": [0, 0, 3, 3], "texture": "#0"},
				"up": {"uv": [0, 0, 3, 8], "rotation": 270, "texture": "#0"},
				"down": {"uv": [0, 0, 3, 8], "rotation": 270, "texture": "#0"}
			}
		},
		{
			"from": [7.63, 5.175, 22.275],
			"to": [8.33, 5.875, 26.475],
			"rotation": {"angle": 0, "axis": "y", "origin": [8.1, 5.35, 23.625]},
			"faces": {
				"north": {"uv": [7.5, 13, 8.5, 14], "rotation": 90, "texture": "#2"},
				"east": {"uv": [7.5, 14, 9, 10.5], "rotation": 90, "texture": "#2"},
				"south": {"uv": [8.5, 10.5, 7.5, 11.5], "rotation": 90, "texture": "#2"},
				"west": {"uv": [9, 10.5, 7.5, 14], "rotation": 90, "texture": "#2"},
				"up": {"uv": [9, 14, 7.5, 10.5], "texture": "#2"},
				"down": {"uv": [9, 10.5, 7.5, 14], "texture": "#2"}
			}
		},
		{
			"from": [7.63, 5.975, 22.275],
			"to": [8.33, 6.675, 26.475],
			"rotation": {"angle": 0, "axis": "x", "origin": [8.1, 6.15, 23.625]},
			"faces": {
				"north": {"uv": [7.5, 13, 8.5, 14], "rotation": 90, "texture": "#2"},
				"east": {"uv": [7.5, 14, 9, 10.5], "rotation": 90, "texture": "#2"},
				"south": {"uv": [8.5, 10.5, 7.5, 11.5], "rotation": 90, "texture": "#2"},
				"west": {"uv": [9, 10.5, 7.5, 14], "rotation": 90, "texture": "#2"},
				"up": {"uv": [9, 14, 7.5, 10.5], "texture": "#2"},
				"down": {"uv": [9, 10.5, 7.5, 14], "texture": "#2"}
			}
		},
		{
			"from": [7.63, 6.775, 22.275],
			"to": [8.33, 7.475, 26.475],
			"rotation": {"angle": 0, "axis": "x", "origin": [8.1, 6.95, 23.625]},
			"faces": {
				"north": {"uv": [7.5, 13, 8.5, 14], "rotation": 90, "texture": "#2"},
				"east": {"uv": [7.5, 14, 9, 10.5], "rotation": 90, "texture": "#2"},
				"south": {"uv": [8.5, 10.5, 7.5, 11.5], "rotation": 90, "texture": "#2"},
				"west": {"uv": [9, 10.5, 7.5, 14], "rotation": 90, "texture": "#2"},
				"up": {"uv": [9, 14, 7.5, 10.5], "texture": "#2"},
				"down": {"uv": [9, 10.5, 7.5, 14], "texture": "#2"}
			}
		},
		{
			"from": [8.5, 5.25, 23],
			"to": [8.75, 6.75, 26.001],
			"rotation": {"angle": 0, "axis": "y", "origin": [9.5, 6, 20.5005]},
			"faces": {
				"north": {"uv": [0, 0, 0.5, 3], "texture": "#0"},
				"east": {"uv": [0, 0, 3, 5], "rotation": 90, "texture": "#0"},
				"south": {"uv": [0, 0, 0.5, 3], "texture": "#0"},
				"west": {"uv": [0, 0, 3, 5], "rotation": 90, "texture": "#0"},
				"up": {"uv": [0, 0, 0.5, 5], "texture": "#0"},
				"down": {"uv": [0, 0, 3, 12], "texture": "#0"}
			}
		},
		{
			"from": [7.2001, 4.52, 22.78],
			"to": [7.4501, 6.27, 25.781],
			"rotation": {"angle": -22.5, "axis": "x", "origin": [8.2, 6.2, 20.3005]},
			"faces": {
				"north": {"uv": [0, 0, 0.5, 3], "texture": "#0"},
				"east": {"uv": [0, 0, 3, 5], "rotation": 90, "texture": "#0"},
				"south": {"uv": [0, 0, 0.5, 3], "texture": "#0"},
				"west": {"uv": [0, 0, 3, 5], "rotation": 90, "texture": "#0"},
				"up": {"uv": [0, 0, 0.5, 5], "texture": "#0"},
				"down": {"uv": [0, 0, 3, 12], "texture": "#0"}
			}
		},
		{
			"from": [7.2, 5.25, 23],
			"to": [7.45, 6.75, 26.001],
			"rotation": {"angle": 0, "axis": "y", "origin": [8.2, 6, 20.5005]},
			"faces": {
				"north": {"uv": [0, 0, 0.5, 3], "texture": "#0"},
				"east": {"uv": [0, 0, 3, 5], "rotation": 90, "texture": "#0"},
				"south": {"uv": [0, 0, 0.5, 3], "texture": "#0"},
				"west": {"uv": [0, 0, 3, 5], "rotation": 90, "texture": "#0"},
				"up": {"uv": [0, 0, 0.5, 5], "texture": "#0"},
				"down": {"uv": [0, 0, 3, 12], "texture": "#0"}
			}
		},
		{
			"from": [8.5001, 4.52, 22.78],
			"to": [8.7501, 6.27, 25.781],
			"rotation": {"angle": -22.5, "axis": "x", "origin": [9.5, 6.2, 20.3005]},
			"faces": {
				"north": {"uv": [0, 0, 0.5, 3], "texture": "#0"},
				"east": {"uv": [0, 0, 3, 5], "rotation": 90, "texture": "#0"},
				"south": {"uv": [0, 0, 0.5, 3], "texture": "#0"},
				"west": {"uv": [0, 0, 3, 5], "rotation": 90, "texture": "#0"},
				"up": {"uv": [0, 0, 0.5, 5], "texture": "#0"},
				"down": {"uv": [0, 0, 3, 12], "texture": "#0"}
			}
		},
		{
			"from": [4.75, 1.05, 19.5],
			"to": [6.25, 3.8, 21.251],
			"rotation": {"angle": 22.5, "axis": "x", "origin": [5.5, 2.425, 20.3755]},
			"faces": {
				"north": {"uv": [0, 0, 3, 8], "texture": "#0"},
				"east": {"uv": [0, 0, 3, 8], "texture": "#0"},
				"south": {"uv": [0, 0, 3, 8], "texture": "#0"},
				"west": {"uv": [0, 0, 3, 8], "texture": "#0"},
				"up": {"uv": [0, 0, 3, 3], "texture": "#0"},
				"down": {"uv": [0, 0, 3, 3], "texture": "#0"}
			}
		},
		{
			"from": [4.75, -1.25, 19],
			"to": [6.25, 1.5, 20.751],
			"rotation": {"angle": 0, "axis": "y", "origin": [5.5, 2.5, 20.2505]},
			"faces": {
				"north": {"uv": [0, 0, 3, 8], "texture": "#0"},
				"east": {"uv": [0, 0, 3, 8], "texture": "#0"},
				"south": {"uv": [0, 0, 3, 8], "texture": "#0"},
				"west": {"uv": [0, 0, 3, 8], "texture": "#0"},
				"up": {"uv": [0, 0, 3, 3], "texture": "#0"},
				"down": {"uv": [0, 0, 3, 3], "texture": "#0"}
			}
		},
		{
			"name": "octagon",
			"from": [4.39783, 2.43804, 20.35183],
			"to": [7.39783, 4.43804, 21.17317],
			"rotation": {"angle": 45, "axis": "x", "origin": [5.89783, 3.43804, 20.7625]},
			"faces": {
				"north": {"uv": [12, 15, 13, 16], "rotation": 180, "texture": "#0"},
				"east": {"uv": [15, 15, 16, 16], "rotation": 180, "texture": "#0"},
				"south": {"uv": [12, 15, 13, 16], "rotation": 180, "texture": "#0"},
				"west": {"uv": [14.5, 12.5, 16, 16], "rotation": 180, "texture": "#0"},
				"up": {"uv": [14.5, 12, 16, 16], "rotation": 90, "texture": "#0"},
				"down": {"uv": [14, 12, 15.5, 16], "rotation": 270, "texture": "#0"}
			}
		},
		{
			"name": "octagon",
			"from": [4.3979, 3.02737, 19.7625],
			"to": [7.3979, 3.8487, 21.7625],
			"rotation": {"angle": 0, "axis": "x", "origin": [5.89783, 3.43804, 20.7625]},
			"faces": {
				"north": {"uv": [14.5, 12, 16, 16], "rotation": 270, "texture": "#0"},
				"east": {"uv": [15, 15, 16, 16], "rotation": 270, "texture": "#0"},
				"south": {"uv": [14, 12, 15.5, 16], "rotation": 270, "texture": "#0"},
				"west": {"uv": [14.5, 12.5, 16, 16], "rotation": 90, "texture": "#0"},
				"up": {"uv": [12, 15, 13, 16], "rotation": 180, "texture": "#0"},
				"down": {"uv": [12, 15, 13, 16], "texture": "#0"}
			}
		},
		{
			"name": "octagon",
			"from": [4.398, 3.02737, 19.7625],
			"to": [7.398, 3.8487, 21.7625],
			"rotation": {"angle": 45, "axis": "x", "origin": [5.89783, 3.43804, 20.7625]},
			"faces": {
				"north": {"uv": [14.5, 12, 16, 16], "rotation": 270, "texture": "#0"},
				"east": {"uv": [15, 15, 16, 16], "rotation": 270, "texture": "#0"},
				"south": {"uv": [14, 12, 15.5, 16], "rotation": 270, "texture": "#0"},
				"west": {"uv": [14.5, 12.5, 16, 16], "rotation": 90, "texture": "#0"},
				"up": {"uv": [12, 15, 13, 16], "rotation": 180, "texture": "#0"},
				"down": {"uv": [12, 15, 13, 16], "texture": "#0"}
			}
		},
		{
			"name": "octagon",
			"from": [4.3979, 2.43804, 20.35183],
			"to": [7.3979, 4.43804, 21.17317],
			"rotation": {"angle": 0, "axis": "x", "origin": [5.89783, 3.43804, 20.7625]},
			"faces": {
				"north": {"uv": [12, 15, 13, 16], "rotation": 180, "texture": "#0"},
				"east": {"uv": [15, 15, 16, 16], "rotation": 180, "texture": "#0"},
				"south": {"uv": [12, 15, 13, 16], "rotation": 180, "texture": "#0"},
				"west": {"uv": [14.5, 12.5, 16, 16], "rotation": 180, "texture": "#0"},
				"up": {"uv": [14.5, 12, 16, 16], "rotation": 90, "texture": "#0"},
				"down": {"uv": [14, 12, 15.5, 16], "rotation": 270, "texture": "#0"}
			}
		},
		{
			"from": [7.25, 3, 14],
			"to": [8.75, 5, 26],
			"rotation": {"angle": 0, "axis": "y", "origin": [4, 1, 8]},
			"faces": {
				"north": {"uv": [0, 0, 3, 4], "texture": "#0"},
				"east": {"uv": [0, 0, 12, 4], "texture": "#0"},
				"south": {"uv": [0, 0, 3, 4], "texture": "#0"},
				"west": {"uv": [0, 0, 12, 4], "texture": "#0"},
				"up": {"uv": [0, 0, 3, 12], "texture": "#0"},
				"down": {"uv": [0, 0, 3, 12], "texture": "#0"}
			}
		},
		{
			"from": [7, 3.75, 14],
			"to": [8, 4.75, 26],
			"rotation": {"angle": -22.5, "axis": "z", "origin": [7.75, 4.25, 14.5]},
			"faces": {
				"north": {"uv": [0, 0, 2, 2], "texture": "#0"},
				"east": {"uv": [0, 0, 12, 2], "texture": "#0"},
				"south": {"uv": [0, 0, 2, 2], "texture": "#0"},
				"west": {"uv": [2, 0, 14, 2], "texture": "#0"},
				"up": {"uv": [0, 0, 2, 12], "texture": "#0"},
				"down": {"uv": [0, 0, 2, 12], "texture": "#0"}
			}
		},
		{
			"from": [8, 3.75, 14],
			"to": [9, 4.75, 26],
			"rotation": {"angle": 22.5, "axis": "z", "origin": [8.25, 4.25, 14.5]},
			"faces": {
				"north": {"uv": [0, 0, 2, 2], "texture": "#0"},
				"east": {"uv": [3, 0, 15, 2], "texture": "#0"},
				"south": {"uv": [0, 0, 2, 2], "texture": "#0"},
				"west": {"uv": [0, 0, 12, 2], "texture": "#0"},
				"up": {"uv": [0, 0, 2, 12], "texture": "#0"},
				"down": {"uv": [0, 0, 2, 12], "texture": "#0"}
			}
		},
		{
			"from": [8, 3.25, 14],
			"to": [9, 4.25, 26],
			"rotation": {"angle": -22.5, "axis": "z", "origin": [8.25, 3.75, 14.5]},
			"faces": {
				"north": {"uv": [0, 0, 2, 2], "texture": "#0"},
				"east": {"uv": [1, 0, 13, 2], "texture": "#0"},
				"south": {"uv": [0, 0, 2, 2], "texture": "#0"},
				"west": {"uv": [0, 0, 12, 2], "texture": "#0"},
				"up": {"uv": [0, 0, 2, 12], "texture": "#0"},
				"down": {"uv": [0, 0, 2, 12], "texture": "#0"}
			}
		},
		{
			"from": [7, 3.25, 14],
			"to": [8, 4.25, 26],
			"rotation": {"angle": 22.5, "axis": "z", "origin": [7.75, 3.75, 14.5]},
			"faces": {
				"north": {"uv": [0, 0, 2, 2], "texture": "#0"},
				"east": {"uv": [0, 0, 12, 2], "texture": "#0"},
				"south": {"uv": [0, 0, 2, 2], "texture": "#0"},
				"west": {"uv": [3, 0, 15, 2], "texture": "#0"},
				"up": {"uv": [0, 0, 2, 12], "texture": "#0"},
				"down": {"uv": [0, 0, 2, 12], "texture": "#0"}
			}
		},
		{
			"from": [6.85, 3.925, 14],
			"to": [9.134, 4.075, 26],
			"rotation": {"angle": 0, "axis": "y", "origin": [4, 1, 8]},
			"faces": {
				"north": {"uv": [0, 0, 4.6, 0.3], "texture": "#0"},
				"east": {"uv": [0, 0, 12, 0.3], "texture": "#0"},
				"south": {"uv": [0, 0, 4.6, 0.3], "texture": "#0"},
				"west": {"uv": [0, 0, 12, 0.3], "texture": "#0"},
				"up": {"uv": [0, 0, 4.6, 12], "texture": "#0"},
				"down": {"uv": [0, 0, 4.6, 12], "texture": "#0"}
			}
		},
		{
			"from": [7.25, 3, 6.5],
			"to": [8.75, 5, 14],
			"rotation": {"angle": 0, "axis": "y", "origin": [4, 1, 2]},
			"faces": {
				"north": {"uv": [0, 0, 3, 4], "texture": "#0"},
				"south": {"uv": [0, 0, 3, 4], "texture": "#0"},
				"up": {"uv": [0, 0, 16, 3.5], "rotation": 90, "texture": "#1"},
				"down": {"uv": [16, 0, 0, 3.5], "rotation": 90, "texture": "#1"}
			}
		},
		{
			"from": [7, 3.75, 6.5],
			"to": [8, 4.75, 14],
			"rotation": {"angle": -22.5, "axis": "z", "origin": [7.75, 4.25, 8.5]},
			"faces": {
				"north": {"uv": [0, 0, 2, 2], "texture": "#0"},
				"south": {"uv": [0, 0, 2, 2], "texture": "#0"},
				"west": {"uv": [0, 0, 16, 2.5], "texture": "#1"}
			}
		},
		{
			"from": [8, 3.75, 6.5],
			"to": [9, 4.75, 14],
			"rotation": {"angle": 22.5, "axis": "z", "origin": [8.25, 4.25, 8.5]},
			"faces": {
				"north": {"uv": [0, 0, 2, 2], "texture": "#0"},
				"east": {"uv": [16, 0, 0, 2.5], "texture": "#1"},
				"south": {"uv": [0, 0, 2, 2], "texture": "#0"}
			}
		},
		{
			"from": [8, 3.25, 6.5],
			"to": [9, 4.25, 14],
			"rotation": {"angle": -22.5, "axis": "z", "origin": [8.25, 3.75, 8.5]},
			"faces": {
				"north": {"uv": [0, 0, 2, 2], "texture": "#0"},
				"east": {"uv": [16, 0, 0, 2.5], "texture": "#1"},
				"south": {"uv": [0, 0, 2, 2], "texture": "#0"}
			}
		},
		{
			"from": [7, 3.25, 6.5],
			"to": [8, 4.25, 14],
			"rotation": {"angle": 22.5, "axis": "z", "origin": [7.75, 3.75, 8.5]},
			"faces": {
				"north": {"uv": [0, 0, 2, 2], "texture": "#0"},
				"east": {"uv": [0, 0, 7, 2], "texture": "#0"},
				"south": {"uv": [0, 0, 2, 2], "texture": "#0"},
				"west": {"uv": [0, 0, 16, 2.5], "texture": "#1"}
			}
		},
		{
			"from": [6.85, 3.925, 6.5],
			"to": [9.15, 4.075, 14],
			"rotation": {"angle": 0, "axis": "y", "origin": [4, 1, 2]},
			"faces": {
				"north": {"uv": [0, 0, 4.6, 0.3], "texture": "#0"},
				"east": {"uv": [16, 2.5, 0, 3], "texture": "#1"},
				"south": {"uv": [0, 0, 4.6, 0.3], "texture": "#0"},
				"west": {"uv": [0, 2.5, 16, 3], "texture": "#1"}
			}
		},
		{
			"name": "octagon",
			"from": [7.79289, 3.5, -11.5],
			"to": [8.20711, 3.75, -5.5],
			"rotation": {"angle": 45, "axis": "z", "origin": [8, 4, -6]},
			"faces": {
				"north": {"uv": [15, 15, 16, 16], "texture": "#0"},
				"east": {"uv": [4, 15, 5, 16], "texture": "#0"},
				"south": {"uv": [15, 15, 16, 16], "texture": "#0"},
				"west": {"uv": [4, 15, 5, 16], "texture": "#0"},
				"up": {"uv": [15, 4, 16, 5], "texture": "#0"},
				"down": {"uv": [15, 0, 16, 12], "texture": "#0"}
			}
		},
		{
			"name": "octagon",
			"from": [7.79289, 3.5, -11.5],
			"to": [8.20711, 3.75, -5.5],
			"rotation": {"angle": 0, "axis": "y", "origin": [8, 4, -6]},
			"faces": {
				"north": {"uv": [15, 15, 16, 16], "texture": "#0"},
				"east": {"uv": [4, 15, 5, 16], "texture": "#0"},
				"south": {"uv": [15, 15, 16, 16], "texture": "#0"},
				"west": {"uv": [4, 15, 5, 16], "texture": "#0"},
				"up": {"uv": [15, 4, 16, 5], "texture": "#0"},
				"down": {"uv": [15, 3, 16, 15], "texture": "#0"}
			}
		},
		{
			"name": "octagon",
			"from": [7.79289, 4.25, -11.5],
			"to": [8.20711, 4.5, -5.5],
			"rotation": {"angle": 45, "axis": "z", "origin": [8, 4, -6]},
			"faces": {
				"north": {"uv": [15, 15, 16, 16], "texture": "#0"},
				"east": {"uv": [4, 15, 5, 16], "texture": "#0"},
				"south": {"uv": [15, 15, 16, 16], "texture": "#0"},
				"west": {"uv": [4, 15, 5, 16], "texture": "#0"},
				"up": {"uv": [15, 2, 16, 14], "texture": "#0"},
				"down": {"uv": [15, 4, 16, 5], "texture": "#0"}
			}
		},
		{
			"name": "octagon",
			"from": [7.79289, 4.25, -11.5],
			"to": [8.20711, 4.5, -5.5],
			"rotation": {"angle": 0, "axis": "y", "origin": [8, 4, -6]},
			"faces": {
				"north": {"uv": [15, 15, 16, 16], "texture": "#0"},
				"east": {"uv": [4, 15, 5, 16], "texture": "#0"},
				"south": {"uv": [15, 15, 16, 16], "texture": "#0"},
				"west": {"uv": [4, 15, 5, 16], "texture": "#0"},
				"up": {"uv": [15, 3, 16, 15], "texture": "#0"},
				"down": {"uv": [15, 4, 16, 5], "texture": "#0"}
			}
		},
		{
			"name": "octagon",
			"from": [7.5, 3.79289, -11.5],
			"to": [7.75, 4.20711, -5.5],
			"rotation": {"angle": 45, "axis": "z", "origin": [8, 4, -6]},
			"faces": {
				"north": {"uv": [15, 15, 16, 16], "texture": "#0"},
				"east": {"uv": [4, 15, 5, 16], "texture": "#0"},
				"south": {"uv": [15, 15, 16, 16], "texture": "#0"},
				"west": {"uv": [3, 15, 15, 16], "texture": "#0"},
				"up": {"uv": [15, 4, 16, 5], "texture": "#0"},
				"down": {"uv": [15, 4, 16, 5], "texture": "#0"}
			}
		},
		{
			"name": "octagon",
			"from": [7.5, 3.79289, -11.5],
			"to": [7.75, 4.20711, -5.5],
			"rotation": {"angle": 0, "axis": "y", "origin": [8, 4, -6]},
			"faces": {
				"north": {"uv": [15, 15, 16, 16], "texture": "#0"},
				"east": {"uv": [4, 15, 5, 16], "texture": "#0"},
				"south": {"uv": [15, 15, 16, 16], "texture": "#0"},
				"west": {"uv": [2, 15, 14, 16], "texture": "#0"},
				"up": {"uv": [15, 4, 16, 5], "texture": "#0"},
				"down": {"uv": [15, 4, 16, 5], "texture": "#0"}
			}
		},
		{
			"name": "octagon",
			"from": [8.25, 3.79289, -11.5],
			"to": [8.5, 4.20711, -5.5],
			"rotation": {"angle": 45, "axis": "z", "origin": [8, 4, -6]},
			"faces": {
				"north": {"uv": [15, 15, 16, 16], "texture": "#0"},
				"east": {"uv": [3, 15, 15, 16], "texture": "#0"},
				"south": {"uv": [15, 15, 16, 16], "texture": "#0"},
				"west": {"uv": [4, 15, 5, 16], "texture": "#0"},
				"up": {"uv": [15, 4, 16, 5], "texture": "#0"},
				"down": {"uv": [15, 4, 16, 5], "texture": "#0"}
			}
		},
		{
			"name": "octagon",
			"from": [8.25, 3.79289, -11.5],
			"to": [8.5, 4.20711, -5.5],
			"rotation": {"angle": 0, "axis": "y", "origin": [8, 4, -6]},
			"faces": {
				"north": {"uv": [15, 15, 16, 16], "texture": "#0"},
				"east": {"uv": [0, 15, 12, 16], "texture": "#0"},
				"south": {"uv": [15, 15, 16, 16], "texture": "#0"},
				"west": {"uv": [4, 15, 5, 16], "texture": "#0"},
				"up": {"uv": [15, 4, 16, 5], "texture": "#0"},
				"down": {"uv": [15, 4, 16, 5], "texture": "#0"}
			}
		},
		{
			"name": "octagon",
			"from": [7.79289, 3.5, 6.5],
			"to": [8.20711, 3.75, 12.5],
			"rotation": {"angle": 45, "axis": "z", "origin": [8, 4, 12]},
			"faces": {
				"north": {"uv": [15, 15, 16, 16], "texture": "#0"},
				"east": {"uv": [4, 15, 5, 16], "texture": "#0"},
				"south": {"uv": [15, 15, 16, 16], "texture": "#0"},
				"west": {"uv": [4, 15, 5, 16], "texture": "#0"},
				"up": {"uv": [15, 4, 16, 5], "texture": "#0"},
				"down": {"uv": [15, 0, 16, 12], "texture": "#0"}
			}
		},
		{
			"name": "octagon",
			"from": [7.79289, 3.5, 6.5],
			"to": [8.20711, 3.75, 12.5],
			"rotation": {"angle": 0, "axis": "y", "origin": [8, 4, 12]},
			"faces": {
				"north": {"uv": [15, 15, 16, 16], "texture": "#0"},
				"east": {"uv": [4, 15, 5, 16], "texture": "#0"},
				"south": {"uv": [15, 15, 16, 16], "texture": "#0"},
				"west": {"uv": [4, 15, 5, 16], "texture": "#0"},
				"up": {"uv": [15, 4, 16, 5], "texture": "#0"},
				"down": {"uv": [15, 3, 16, 15], "texture": "#0"}
			}
		},
		{
			"name": "octagon",
			"from": [7.79289, 4.25, 6.5],
			"to": [8.20711, 4.5, 12.5],
			"rotation": {"angle": 45, "axis": "z", "origin": [8, 4, 12]},
			"faces": {
				"north": {"uv": [15, 15, 16, 16], "texture": "#0"},
				"east": {"uv": [4, 15, 5, 16], "texture": "#0"},
				"south": {"uv": [15, 15, 16, 16], "texture": "#0"},
				"west": {"uv": [4, 15, 5, 16], "texture": "#0"},
				"up": {"uv": [15, 2, 16, 14], "texture": "#0"},
				"down": {"uv": [15, 4, 16, 5], "texture": "#0"}
			}
		},
		{
			"name": "octagon",
			"from": [7.79289, 4.25, 6.5],
			"to": [8.20711, 4.5, 12.5],
			"rotation": {"angle": 0, "axis": "y", "origin": [8, 4, 12]},
			"faces": {
				"north": {"uv": [15, 15, 16, 16], "texture": "#0"},
				"east": {"uv": [4, 15, 5, 16], "texture": "#0"},
				"south": {"uv": [15, 15, 16, 16], "texture": "#0"},
				"west": {"uv": [4, 15, 5, 16], "texture": "#0"},
				"up": {"uv": [15, 3, 16, 15], "texture": "#0"},
				"down": {"uv": [15, 4, 16, 5], "texture": "#0"}
			}
		},
		{
			"name": "octagon",
			"from": [7.5, 3.79289, 6.5],
			"to": [7.75, 4.20711, 12.5],
			"rotation": {"angle": 45, "axis": "z", "origin": [8, 4, 12]},
			"faces": {
				"north": {"uv": [15, 15, 16, 16], "texture": "#0"},
				"east": {"uv": [4, 15, 5, 16], "texture": "#0"},
				"south": {"uv": [15, 15, 16, 16], "texture": "#0"},
				"west": {"uv": [3, 15, 15, 16], "texture": "#0"},
				"up": {"uv": [15, 4, 16, 5], "texture": "#0"},
				"down": {"uv": [15, 4, 16, 5], "texture": "#0"}
			}
		},
		{
			"name": "octagon",
			"from": [7.5, 3.79289, 6.5],
			"to": [7.75, 4.20711, 12.5],
			"rotation": {"angle": 0, "axis": "y", "origin": [8, 4, 12]},
			"faces": {
				"north": {"uv": [15, 15, 16, 16], "texture": "#0"},
				"east": {"uv": [4, 15, 5, 16], "texture": "#0"},
				"south": {"uv": [15, 15, 16, 16], "texture": "#0"},
				"west": {"uv": [2, 15, 14, 16], "texture": "#0"},
				"up": {"uv": [15, 4, 16, 5], "texture": "#0"},
				"down": {"uv": [15, 4, 16, 5], "texture": "#0"}
			}
		},
		{
			"name": "octagon",
			"from": [8.25, 3.79289, 6.5],
			"to": [8.5, 4.20711, 12.5],
			"rotation": {"angle": 45, "axis": "z", "origin": [8, 4, 12]},
			"faces": {
				"north": {"uv": [15, 15, 16, 16], "texture": "#0"},
				"east": {"uv": [3, 15, 15, 16], "texture": "#0"},
				"south": {"uv": [15, 15, 16, 16], "texture": "#0"},
				"west": {"uv": [4, 15, 5, 16], "texture": "#0"},
				"up": {"uv": [15, 4, 16, 5], "texture": "#0"},
				"down": {"uv": [15, 4, 16, 5], "texture": "#0"}
			}
		},
		{
			"name": "octagon",
			"from": [8.25, 3.79289, 6.5],
			"to": [8.5, 4.20711, 12.5],
			"rotation": {"angle": 0, "axis": "y", "origin": [8, 4, 12]},
			"faces": {
				"north": {"uv": [15, 15, 16, 16], "texture": "#0"},
				"east": {"uv": [0, 15, 12, 16], "texture": "#0"},
				"south": {"uv": [15, 15, 16, 16], "texture": "#0"},
				"west": {"uv": [4, 15, 5, 16], "texture": "#0"},
				"up": {"uv": [15, 4, 16, 5], "texture": "#0"},
				"down": {"uv": [15, 4, 16, 5], "texture": "#0"}
			}
		},
		{
			"name": "octagon",
			"from": [7.79289, 3.5, -5.5],
			"to": [8.20711, 3.75, 0.5],
			"rotation": {"angle": 45, "axis": "z", "origin": [8, 4, 0]},
			"faces": {
				"north": {"uv": [15, 15, 16, 16], "texture": "#0"},
				"east": {"uv": [4, 15, 5, 16], "texture": "#0"},
				"south": {"uv": [15, 15, 16, 16], "texture": "#0"},
				"west": {"uv": [4, 15, 5, 16], "texture": "#0"},
				"up": {"uv": [15, 4, 16, 5], "texture": "#0"},
				"down": {"uv": [15, 0, 16, 12], "texture": "#0"}
			}
		},
		{
			"name": "octagon",
			"from": [7.79289, 3.5, -5.5],
			"to": [8.20711, 3.75, 0.5],
			"rotation": {"angle": 0, "axis": "y", "origin": [8, 4, 0]},
			"faces": {
				"north": {"uv": [15, 15, 16, 16], "texture": "#0"},
				"east": {"uv": [4, 15, 5, 16], "texture": "#0"},
				"south": {"uv": [15, 15, 16, 16], "texture": "#0"},
				"west": {"uv": [4, 15, 5, 16], "texture": "#0"},
				"up": {"uv": [15, 4, 16, 5], "texture": "#0"},
				"down": {"uv": [15, 3, 16, 15], "texture": "#0"}
			}
		},
		{
			"name": "octagon",
			"from": [7.79289, 4.25, -5.5],
			"to": [8.20711, 4.5, 0.5],
			"rotation": {"angle": 45, "axis": "z", "origin": [8, 4, 0]},
			"faces": {
				"north": {"uv": [15, 15, 16, 16], "texture": "#0"},
				"east": {"uv": [4, 15, 5, 16], "texture": "#0"},
				"south": {"uv": [15, 15, 16, 16], "texture": "#0"},
				"west": {"uv": [4, 15, 5, 16], "texture": "#0"},
				"up": {"uv": [15, 2, 16, 14], "texture": "#0"},
				"down": {"uv": [15, 4, 16, 5], "texture": "#0"}
			}
		},
		{
			"name": "octagon",
			"from": [7.79289, 4.25, -5.5],
			"to": [8.20711, 4.5, 0.5],
			"rotation": {"angle": 0, "axis": "y", "origin": [8, 4, 0]},
			"faces": {
				"north": {"uv": [15, 15, 16, 16], "texture": "#0"},
				"east": {"uv": [4, 15, 5, 16], "texture": "#0"},
				"south": {"uv": [15, 15, 16, 16], "texture": "#0"},
				"west": {"uv": [4, 15, 5, 16], "texture": "#0"},
				"up": {"uv": [15, 3, 16, 15], "texture": "#0"},
				"down": {"uv": [15, 4, 16, 5], "texture": "#0"}
			}
		},
		{
			"name": "octagon",
			"from": [7.5, 3.79289, -5.5],
			"to": [7.75, 4.20711, 0.5],
			"rotation": {"angle": 45, "axis": "z", "origin": [8, 4, 0]},
			"faces": {
				"north": {"uv": [15, 15, 16, 16], "texture": "#0"},
				"east": {"uv": [4, 15, 5, 16], "texture": "#0"},
				"south": {"uv": [15, 15, 16, 16], "texture": "#0"},
				"west": {"uv": [3, 15, 15, 16], "texture": "#0"},
				"up": {"uv": [15, 4, 16, 5], "texture": "#0"},
				"down": {"uv": [15, 4, 16, 5], "texture": "#0"}
			}
		},
		{
			"name": "octagon",
			"from": [7.5, 3.79289, -5.5],
			"to": [7.75, 4.20711, 0.5],
			"rotation": {"angle": 0, "axis": "y", "origin": [8, 4, 0]},
			"faces": {
				"north": {"uv": [15, 15, 16, 16], "texture": "#0"},
				"east": {"uv": [4, 15, 5, 16], "texture": "#0"},
				"south": {"uv": [15, 15, 16, 16], "texture": "#0"},
				"west": {"uv": [2, 15, 14, 16], "texture": "#0"},
				"up": {"uv": [15, 4, 16, 5], "texture": "#0"},
				"down": {"uv": [15, 4, 16, 5], "texture": "#0"}
			}
		},
		{
			"name": "octagon",
			"from": [8.25, 3.79289, -5.5],
			"to": [8.5, 4.20711, 0.5],
			"rotation": {"angle": 45, "axis": "z", "origin": [8, 4, 0]},
			"faces": {
				"north": {"uv": [15, 15, 16, 16], "texture": "#0"},
				"east": {"uv": [3, 15, 15, 16], "texture": "#0"},
				"south": {"uv": [15, 15, 16, 16], "texture": "#0"},
				"west": {"uv": [4, 15, 5, 16], "texture": "#0"},
				"up": {"uv": [15, 4, 16, 5], "texture": "#0"},
				"down": {"uv": [15, 4, 16, 5], "texture": "#0"}
			}
		},
		{
			"name": "octagon",
			"from": [8.25, 3.79289, -5.5],
			"to": [8.5, 4.20711, 0.5],
			"rotation": {"angle": 0, "axis": "y", "origin": [8, 4, 0]},
			"faces": {
				"north": {"uv": [15, 15, 16, 16], "texture": "#0"},
				"east": {"uv": [0, 15, 12, 16], "texture": "#0"},
				"south": {"uv": [15, 15, 16, 16], "texture": "#0"},
				"west": {"uv": [4, 15, 5, 16], "texture": "#0"},
				"up": {"uv": [15, 4, 16, 5], "texture": "#0"},
				"down": {"uv": [15, 4, 16, 5], "texture": "#0"}
			}
		},
		{
			"name": "octagon",
			"from": [7.79289, 3.5, 0.5],
			"to": [8.20711, 3.75, 6.5],
			"rotation": {"angle": 45, "axis": "z", "origin": [8, 4, 6]},
			"faces": {
				"north": {"uv": [15, 15, 16, 16], "texture": "#0"},
				"east": {"uv": [4, 15, 5, 16], "texture": "#0"},
				"south": {"uv": [15, 15, 16, 16], "texture": "#0"},
				"west": {"uv": [4, 15, 5, 16], "texture": "#0"},
				"up": {"uv": [15, 4, 16, 5], "texture": "#0"},
				"down": {"uv": [15, 0, 16, 12], "texture": "#0"}
			}
		},
		{
			"name": "octagon",
			"from": [7.79289, 3.5, 0.5],
			"to": [8.20711, 3.75, 6.5],
			"rotation": {"angle": 0, "axis": "y", "origin": [8, 4, 6]},
			"faces": {
				"north": {"uv": [15, 15, 16, 16], "texture": "#0"},
				"east": {"uv": [4, 15, 5, 16], "texture": "#0"},
				"south": {"uv": [15, 15, 16, 16], "texture": "#0"},
				"west": {"uv": [4, 15, 5, 16], "texture": "#0"},
				"up": {"uv": [15, 4, 16, 5], "texture": "#0"},
				"down": {"uv": [15, 3, 16, 15], "texture": "#0"}
			}
		},
		{
			"name": "octagon",
			"from": [7.79289, 4.25, 0.5],
			"to": [8.20711, 4.5, 6.5],
			"rotation": {"angle": 45, "axis": "z", "origin": [8, 4, 6]},
			"faces": {
				"north": {"uv": [15, 15, 16, 16], "texture": "#0"},
				"east": {"uv": [4, 15, 5, 16], "texture": "#0"},
				"south": {"uv": [15, 15, 16, 16], "texture": "#0"},
				"west": {"uv": [4, 15, 5, 16], "texture": "#0"},
				"up": {"uv": [15, 2, 16, 14], "texture": "#0"},
				"down": {"uv": [15, 4, 16, 5], "texture": "#0"}
			}
		},
		{
			"name": "octagon",
			"from": [7.79289, 4.25, 0.5],
			"to": [8.20711, 4.5, 6.5],
			"rotation": {"angle": 0, "axis": "y", "origin": [8, 4, 6]},
			"faces": {
				"north": {"uv": [15, 15, 16, 16], "texture": "#0"},
				"east": {"uv": [4, 15, 5, 16], "texture": "#0"},
				"south": {"uv": [15, 15, 16, 16], "texture": "#0"},
				"west": {"uv": [4, 15, 5, 16], "texture": "#0"},
				"up": {"uv": [15, 3, 16, 15], "texture": "#0"},
				"down": {"uv": [15, 4, 16, 5], "texture": "#0"}
			}
		},
		{
			"name": "octagon",
			"from": [7.5, 3.79289, 0.5],
			"to": [7.75, 4.20711, 6.5],
			"rotation": {"angle": 45, "axis": "z", "origin": [8, 4, 6]},
			"faces": {
				"north": {"uv": [15, 15, 16, 16], "texture": "#0"},
				"east": {"uv": [4, 15, 5, 16], "texture": "#0"},
				"south": {"uv": [15, 15, 16, 16], "texture": "#0"},
				"west": {"uv": [3, 15, 15, 16], "texture": "#0"},
				"up": {"uv": [15, 4, 16, 5], "texture": "#0"},
				"down": {"uv": [15, 4, 16, 5], "texture": "#0"}
			}
		},
		{
			"name": "octagon",
			"from": [7.5, 3.79289, 0.5],
			"to": [7.75, 4.20711, 6.5],
			"rotation": {"angle": 0, "axis": "y", "origin": [8, 4, 6]},
			"faces": {
				"north": {"uv": [15, 15, 16, 16], "texture": "#0"},
				"east": {"uv": [4, 15, 5, 16], "texture": "#0"},
				"south": {"uv": [15, 15, 16, 16], "texture": "#0"},
				"west": {"uv": [2, 15, 14, 16], "texture": "#0"},
				"up": {"uv": [15, 4, 16, 5], "texture": "#0"},
				"down": {"uv": [15, 4, 16, 5], "texture": "#0"}
			}
		},
		{
			"name": "octagon",
			"from": [8.25, 3.79289, 0.5],
			"to": [8.5, 4.20711, 6.5],
			"rotation": {"angle": 45, "axis": "z", "origin": [8, 4, 6]},
			"faces": {
				"north": {"uv": [15, 15, 16, 16], "texture": "#0"},
				"east": {"uv": [3, 15, 15, 16], "texture": "#0"},
				"south": {"uv": [15, 15, 16, 16], "texture": "#0"},
				"west": {"uv": [4, 15, 5, 16], "texture": "#0"},
				"up": {"uv": [15, 4, 16, 5], "texture": "#0"},
				"down": {"uv": [15, 4, 16, 5], "texture": "#0"}
			}
		},
		{
			"name": "octagon",
			"from": [8.25, 3.79289, 0.5],
			"to": [8.5, 4.20711, 6.5],
			"rotation": {"angle": 0, "axis": "y", "origin": [8, 4, 6]},
			"faces": {
				"north": {"uv": [15, 15, 16, 16], "texture": "#0"},
				"east": {"uv": [0, 15, 12, 16], "texture": "#0"},
				"south": {"uv": [15, 15, 16, 16], "texture": "#0"},
				"west": {"uv": [4, 15, 5, 16], "texture": "#0"},
				"up": {"uv": [15, 4, 16, 5], "texture": "#0"},
				"down": {"uv": [15, 4, 16, 5], "texture": "#0"}
			}
		},
		{
			"from": [8.3, 3.7, -14.501],
			"to": [8.7, 4.27493, -11.501],
			"rotation": {"angle": 0, "axis": "y", "origin": [8, 3.98747, -13]},
			"faces": {
				"north": {"uv": [11.5, 14, 13, 15], "rotation": 90, "texture": "#0"},
				"east": {"uv": [10, 8.5, 15, 10], "texture": "#0"},
				"south": {"uv": [13.5, 13.5, 14.5, 15], "texture": "#0"},
				"west": {"uv": [10, 9, 15, 10.5], "texture": "#0"},
				"up": {"uv": [12, 11, 15, 15], "texture": "#0"},
				"down": {"uv": [12, 11, 15, 15], "texture": "#0"}
			}
		},
		{
			"from": [7.3, 3.7, -14.5],
			"to": [7.7, 4.27493, -11.5],
			"rotation": {"angle": -45, "axis": "z", "origin": [8, 3.98747, -13]},
			"faces": {
				"north": {"uv": [11.5, 14, 13, 15], "rotation": 90, "texture": "#0"},
				"east": {"uv": [10, 8.5, 15, 10], "texture": "#0"},
				"south": {"uv": [13.5, 13.5, 14.5, 15], "texture": "#0"},
				"west": {"uv": [10, 9, 15, 10.5], "texture": "#0"},
				"up": {"uv": [12, 11, 15, 15], "texture": "#0"},
				"down": {"uv": [12, 11, 15, 15], "texture": "#0"}
			}
		},
		{
			"from": [7.71253, 4.28747, -14.501],
			"to": [8.28747, 4.68747, -11.501],
			"rotation": {"angle": 0, "axis": "z", "origin": [8, 3.98747, -13]},
			"faces": {
				"north": {"uv": [11.5, 14, 13, 15], "texture": "#0"},
				"east": {"uv": [12, 11, 15, 15], "rotation": 90, "texture": "#0"},
				"south": {"uv": [13.5, 13.5, 14.5, 15], "rotation": 90, "texture": "#0"},
				"west": {"uv": [12, 11, 15, 15], "rotation": 90, "texture": "#0"},
				"up": {"uv": [10, 9, 15, 10.5], "rotation": 90, "texture": "#0"},
				"down": {"uv": [10, 8.5, 15, 10], "rotation": 90, "texture": "#0"}
			}
		},
		{
			"from": [7.3, 3.7, -14.501],
			"to": [7.7, 4.27493, -11.501],
			"rotation": {"angle": 0, "axis": "z", "origin": [8, 3.98747, -13]},
			"faces": {
				"north": {"uv": [11.5, 14, 13, 15], "rotation": 90, "texture": "#0"},
				"east": {"uv": [10, 8.5, 15, 10], "texture": "#0"},
				"south": {"uv": [13.5, 13.5, 14.5, 15], "texture": "#0"},
				"west": {"uv": [10, 9, 15, 10.5], "texture": "#0"},
				"up": {"uv": [12, 11, 15, 15], "texture": "#0"},
				"down": {"uv": [12, 11, 15, 15], "texture": "#0"}
			}
		},
		{
			"from": [7.71253, 3.28747, -14.5],
			"to": [8.28747, 3.68747, -11.5],
			"rotation": {"angle": -45, "axis": "z", "origin": [8, 3.98747, -13]},
			"faces": {
				"north": {"uv": [11.5, 14, 13, 15], "rotation": 180, "texture": "#0"},
				"east": {"uv": [12, 11, 15, 15], "rotation": 270, "texture": "#0"},
				"south": {"uv": [13.5, 13.5, 14.5, 15], "rotation": 270, "texture": "#0"},
				"west": {"uv": [12, 11, 15, 15], "rotation": 270, "texture": "#0"},
				"up": {"uv": [10, 8.5, 15, 10], "rotation": 270, "texture": "#0"},
				"down": {"uv": [10, 9, 15, 10.5], "rotation": 270, "texture": "#0"}
			}
		},
		{
			"from": [7.71253, 3.28747, -14.501],
			"to": [8.28747, 3.68747, -11.501],
			"rotation": {"angle": 0, "axis": "z", "origin": [8, 3.98747, -13]},
			"faces": {
				"north": {"uv": [11.5, 14, 13, 15], "rotation": 180, "texture": "#0"},
				"east": {"uv": [12, 11, 15, 15], "rotation": 270, "texture": "#0"},
				"south": {"uv": [13.5, 13.5, 14.5, 15], "rotation": 270, "texture": "#0"},
				"west": {"uv": [12, 11, 15, 15], "rotation": 270, "texture": "#0"},
				"up": {"uv": [10, 8.5, 15, 10], "rotation": 270, "texture": "#0"},
				"down": {"uv": [10, 9, 15, 10.5], "rotation": 270, "texture": "#0"}
			}
		},
		{
			"from": [7.71253, 3.28747, -14.5],
			"to": [8.28747, 3.68747, -11.5],
			"rotation": {"angle": 45, "axis": "z", "origin": [8, 3.98747, -13]},
			"faces": {
				"north": {"uv": [11.5, 14, 13, 15], "rotation": 180, "texture": "#0"},
				"east": {"uv": [12, 11, 15, 15], "rotation": 270, "texture": "#0"},
				"south": {"uv": [13.5, 13.5, 14.5, 15], "rotation": 270, "texture": "#0"},
				"west": {"uv": [12, 11, 15, 15], "rotation": 270, "texture": "#0"},
				"up": {"uv": [10, 8.5, 15, 10], "rotation": 270, "texture": "#0"},
				"down": {"uv": [10, 9, 15, 10.5], "rotation": 270, "texture": "#0"}
			}
		},
		{
			"from": [7.71253, 4.28747, -14.5],
			"to": [8.28747, 4.68747, -11.5],
			"rotation": {"angle": -45, "axis": "z", "origin": [8, 3.98747, -13]},
			"faces": {
				"north": {"uv": [11.5, 14, 13, 15], "texture": "#0"},
				"east": {"uv": [12, 11, 15, 15], "rotation": 90, "texture": "#0"},
				"south": {"uv": [13.5, 13.5, 14.5, 15], "rotation": 90, "texture": "#0"},
				"west": {"uv": [12, 11, 15, 15], "rotation": 90, "texture": "#0"},
				"up": {"uv": [10, 9, 15, 10.5], "rotation": 90, "texture": "#0"},
				"down": {"uv": [10, 8.5, 15, 10], "rotation": 90, "texture": "#0"}
			}
		},
		{
			"name": "octagon",
			"from": [5.527, 4.6375, 15.4],
			"to": [5.86871, 5.4625, 16.4],
			"rotation": {"angle": 0, "axis": "z", "origin": [5.69786, 5.05, 15.9]},
			"faces": {
				"north": {"uv": [15, 15, 16, 16], "texture": "#0"},
				"east": {"uv": [14, 15, 15, 16], "texture": "#0"},
				"south": {"uv": [15, 15, 16, 16], "texture": "#0"},
				"west": {"uv": [14, 15, 15, 16], "texture": "#0"},
				"up": {"uv": [13, 11, 14, 13], "texture": "#0"},
				"down": {"uv": [15, 14, 16, 16], "texture": "#0"}
			}
		},
		{
			"name": "octagon",
			"from": [5.527, 4.6375, 15.4],
			"to": [5.86871, 5.4625, 16.4],
			"rotation": {"angle": 45, "axis": "z", "origin": [5.69786, 5.05, 15.9]},
			"faces": {
				"north": {"uv": [15, 15, 16, 16], "texture": "#0"},
				"east": {"uv": [14, 15, 15, 16], "texture": "#0"},
				"south": {"uv": [15, 15, 16, 16], "texture": "#0"},
				"west": {"uv": [14, 15, 15, 16], "texture": "#0"},
				"up": {"uv": [13, 11, 14, 13], "texture": "#0"},
				"down": {"uv": [15, 14, 16, 16], "texture": "#0"}
			}
		},
		{
			"name": "octagon",
			"from": [5.28536, 4.87914, 15.4],
			"to": [6.11036, 5.22086, 16.4],
			"rotation": {"angle": 0, "axis": "z", "origin": [5.69786, 5.05, 15.9]},
			"faces": {
				"north": {"uv": [15, 15, 16, 16], "rotation": 90, "texture": "#0"},
				"east": {"uv": [15, 14, 16, 16], "rotation": 270, "texture": "#0"},
				"south": {"uv": [15, 15, 16, 16], "rotation": 270, "texture": "#0"},
				"west": {"uv": [13, 11, 14, 13], "rotation": 270, "texture": "#0"},
				"up": {"uv": [14, 15, 15, 16], "rotation": 270, "texture": "#0"},
				"down": {"uv": [14, 15, 15, 16], "rotation": 270, "texture": "#0"}
			}
		},
		{
			"name": "octagon",
			"from": [5.28536, 4.87914, 15.4],
			"to": [6.11036, 5.22086, 16.4],
			"rotation": {"angle": 45, "axis": "z", "origin": [5.69786, 5.05, 15.9]},
			"faces": {
				"north": {"uv": [15, 15, 16, 16], "rotation": 90, "texture": "#0"},
				"east": {"uv": [15, 14, 16, 16], "rotation": 270, "texture": "#0"},
				"south": {"uv": [15, 15, 16, 16], "rotation": 270, "texture": "#0"},
				"west": {"uv": [13, 11, 14, 13], "rotation": 270, "texture": "#0"},
				"up": {"uv": [14, 15, 15, 16], "rotation": 270, "texture": "#0"},
				"down": {"uv": [14, 15, 15, 16], "rotation": 270, "texture": "#0"}
			}
		},
		{
			"name": "octagon",
			"from": [5.5011, 4.575, 18.4],
			"to": [5.8946, 5.525, 19.4],
			"rotation": {"angle": 0, "axis": "z", "origin": [5.69785, 5.05, 18.9]},
			"faces": {
				"north": {"uv": [15, 15, 16, 16], "texture": "#0"},
				"east": {"uv": [14, 15, 15, 16], "texture": "#0"},
				"south": {"uv": [15, 15, 16, 16], "texture": "#0"},
				"west": {"uv": [14, 15, 15, 16], "texture": "#0"},
				"up": {"uv": [15, 14, 16, 16], "texture": "#0"},
				"down": {"uv": [15, 14, 16, 16], "texture": "#0"}
			}
		},
		{
			"name": "octagon",
			"from": [5.5011, 4.575, 18.4],
			"to": [5.8946, 5.525, 19.4],
			"rotation": {"angle": 45, "axis": "z", "origin": [5.69785, 5.05, 18.9]},
			"faces": {
				"north": {"uv": [15, 15, 16, 16], "texture": "#0"},
				"east": {"uv": [14, 15, 15, 16], "texture": "#0"},
				"south": {"uv": [15, 15, 16, 16], "texture": "#0"},
				"west": {"uv": [14, 15, 15, 16], "texture": "#0"},
				"up": {"uv": [15, 14, 16, 16], "texture": "#0"},
				"down": {"uv": [15, 14, 16, 16], "texture": "#0"}
			}
		},
		{
			"name": "octagon",
			"from": [5.22285, 4.85325, 18.4],
			"to": [6.17285, 5.24675, 19.4],
			"rotation": {"angle": 0, "axis": "z", "origin": [5.69785, 5.05, 18.9]},
			"faces": {
				"north": {"uv": [15, 15, 16, 16], "rotation": 90, "texture": "#0"},
				"east": {"uv": [15, 14, 16, 16], "rotation": 270, "texture": "#0"},
				"south": {"uv": [15, 15, 16, 16], "rotation": 270, "texture": "#0"},
				"west": {"uv": [15, 14, 16, 16], "rotation": 270, "texture": "#0"},
				"up": {"uv": [14, 15, 15, 16], "rotation": 270, "texture": "#0"},
				"down": {"uv": [14, 15, 15, 16], "rotation": 270, "texture": "#0"}
			}
		},
		{
			"name": "octagon",
			"from": [5.22285, 4.85325, 18.4],
			"to": [6.17285, 5.24675, 19.4],
			"rotation": {"angle": 45, "axis": "z", "origin": [5.69785, 5.05, 18.9]},
			"faces": {
				"north": {"uv": [15, 15, 16, 16], "rotation": 90, "texture": "#0"},
				"east": {"uv": [15, 14, 16, 16], "rotation": 270, "texture": "#0"},
				"south": {"uv": [15, 15, 16, 16], "rotation": 270, "texture": "#0"},
				"west": {"uv": [15, 14, 16, 16], "rotation": 270, "texture": "#0"},
				"up": {"uv": [14, 15, 15, 16], "rotation": 270, "texture": "#0"},
				"down": {"uv": [14, 15, 15, 16], "rotation": 270, "texture": "#0"}
			}
		},
		{
			"name": "octagon",
			"from": [5.5658, 4.73125, 19.41],
			"to": [5.82985, 5.36875, 19.41],
			"rotation": {"angle": 0, "axis": "z", "origin": [5.69783, 5.05, 19.41]},
			"faces": {
				"north": {"uv": [4, 13, 5, 14], "texture": "#0"},
				"east": {"uv": [4, 13, 5, 14], "texture": "#0"},
				"south": {"uv": [5, 13, 6, 14], "texture": "#0"},
				"west": {"uv": [4, 13, 5, 14], "texture": "#0"},
				"up": {"uv": [5, 12, 6, 14], "texture": "#0"},
				"down": {"uv": [4, 12, 5, 14], "texture": "#0"}
			}
		},
		{
			"name": "octagon",
			"from": [5.5658, 4.73125, 19.41],
			"to": [5.82985, 5.36875, 19.41],
			"rotation": {"angle": 45, "axis": "z", "origin": [5.69783, 5.05, 19.41]},
			"faces": {
				"north": {"uv": [4, 13, 5, 14], "texture": "#0"},
				"east": {"uv": [4, 13, 5, 14], "texture": "#0"},
				"south": {"uv": [5, 13, 6, 14], "texture": "#0"},
				"west": {"uv": [4, 13, 5, 14], "texture": "#0"},
				"up": {"uv": [5, 12, 6, 14], "texture": "#0"},
				"down": {"uv": [4, 12, 5, 14], "texture": "#0"}
			}
		},
		{
			"name": "octagon",
			"from": [5.37908, 4.91797, 19.41],
			"to": [6.01658, 5.18203, 19.41],
			"rotation": {"angle": 0, "axis": "y", "origin": [5.69783, 5.05, 19.41]},
			"faces": {
				"north": {"uv": [4, 13, 5, 14], "rotation": 90, "texture": "#0"},
				"east": {"uv": [4, 12, 5, 14], "rotation": 270, "texture": "#0"},
				"south": {"uv": [5, 13, 6, 14], "rotation": 270, "texture": "#0"},
				"west": {"uv": [5, 12, 6, 14], "rotation": 270, "texture": "#0"},
				"up": {"uv": [4, 13, 5, 14], "rotation": 270, "texture": "#0"},
				"down": {"uv": [4, 13, 5, 14], "rotation": 270, "texture": "#0"}
			}
		},
		{
			"name": "octagon",
			"from": [5.37908, 4.91797, 19.41],
			"to": [6.01658, 5.18203, 19.41],
			"rotation": {"angle": 45, "axis": "z", "origin": [5.69783, 5.05, 19.41]},
			"faces": {
				"north": {"uv": [4, 13, 5, 14], "rotation": 90, "texture": "#0"},
				"east": {"uv": [4, 12, 5, 14], "rotation": 270, "texture": "#0"},
				"south": {"uv": [5, 13, 6, 14], "rotation": 270, "texture": "#0"},
				"west": {"uv": [5, 12, 6, 14], "rotation": 270, "texture": "#0"},
				"up": {"uv": [4, 13, 5, 14], "rotation": 270, "texture": "#0"},
				"down": {"uv": [4, 13, 5, 14], "rotation": 270, "texture": "#0"}
			}
		},
		{
			"name": "octagon",
			"from": [5.5658, 4.73125, 13.39],
			"to": [5.82985, 5.36875, 13.39],
			"rotation": {"angle": 0, "axis": "y", "origin": [5.69783, 5.05, 13.39]},
			"faces": {
				"north": {"uv": [4, 13, 5, 14], "texture": "#0"},
				"east": {"uv": [4, 13, 5, 14], "texture": "#0"},
				"south": {"uv": [5, 13, 6, 14], "texture": "#0"},
				"west": {"uv": [4, 13, 5, 14], "texture": "#0"},
				"up": {"uv": [5, 12, 6, 14], "texture": "#0"},
				"down": {"uv": [4, 12, 5, 14], "texture": "#0"}
			}
		},
		{
			"name": "octagon",
			"from": [5.5658, 4.73125, 13.39],
			"to": [5.82985, 5.36875, 13.39],
			"rotation": {"angle": 45, "axis": "z", "origin": [5.69783, 5.05, 13.39]},
			"faces": {
				"north": {"uv": [4, 13, 5, 14], "texture": "#0"},
				"east": {"uv": [4, 13, 5, 14], "texture": "#0"},
				"south": {"uv": [5, 13, 6, 14], "texture": "#0"},
				"west": {"uv": [4, 13, 5, 14], "texture": "#0"},
				"up": {"uv": [5, 12, 6, 14], "texture": "#0"},
				"down": {"uv": [4, 12, 5, 14], "texture": "#0"}
			}
		},
		{
			"name": "octagon",
			"from": [5.37908, 4.91797, 13.39],
			"to": [6.01658, 5.18203, 13.39],
			"rotation": {"angle": 0, "axis": "z", "origin": [5.69783, 5.05, 13.39]},
			"faces": {
				"north": {"uv": [4, 13, 5, 14], "rotation": 90, "texture": "#0"},
				"east": {"uv": [4, 12, 5, 14], "rotation": 270, "texture": "#0"},
				"south": {"uv": [5, 13, 6, 14], "rotation": 270, "texture": "#0"},
				"west": {"uv": [5, 12, 6, 14], "rotation": 270, "texture": "#0"},
				"up": {"uv": [4, 13, 5, 14], "rotation": 270, "texture": "#0"},
				"down": {"uv": [4, 13, 5, 14], "rotation": 270, "texture": "#0"}
			}
		},
		{
			"name": "octagon",
			"from": [5.37908, 4.91797, 13.39],
			"to": [6.01658, 5.18203, 13.39],
			"rotation": {"angle": 45, "axis": "z", "origin": [5.69783, 5.05, 13.39]},
			"faces": {
				"north": {"uv": [4, 13, 5, 14], "rotation": 90, "texture": "#0"},
				"east": {"uv": [4, 12, 5, 14], "rotation": 270, "texture": "#0"},
				"south": {"uv": [5, 13, 6, 14], "rotation": 270, "texture": "#0"},
				"west": {"uv": [5, 12, 6, 14], "rotation": 270, "texture": "#0"},
				"up": {"uv": [4, 13, 5, 14], "rotation": 270, "texture": "#0"},
				"down": {"uv": [4, 13, 5, 14], "rotation": 270, "texture": "#0"}
			}
		},
		{
			"name": "octagon",
			"from": [5.5011, 4.575, 14.4],
			"to": [5.89459, 5.525, 15.4],
			"rotation": {"angle": 0, "axis": "z", "origin": [5.69785, 5.05, 14.9]},
			"faces": {
				"north": {"uv": [15, 15, 16, 16], "texture": "#0"},
				"east": {"uv": [14, 15, 15, 16], "texture": "#0"},
				"south": {"uv": [15, 15, 16, 16], "texture": "#0"},
				"west": {"uv": [14, 15, 15, 16], "texture": "#0"},
				"up": {"uv": [11, 14, 12, 16], "texture": "#0"},
				"down": {"uv": [15, 14, 16, 16], "texture": "#0"}
			}
		},
		{
			"name": "octagon",
			"from": [5.5011, 4.575, 14.4],
			"to": [5.89459, 5.525, 15.4],
			"rotation": {"angle": 45, "axis": "z", "origin": [5.69785, 5.05, 14.9]},
			"faces": {
				"north": {"uv": [15, 15, 16, 16], "texture": "#0"},
				"east": {"uv": [14, 15, 15, 16], "texture": "#0"},
				"south": {"uv": [15, 15, 16, 16], "texture": "#0"},
				"west": {"uv": [14, 15, 15, 16], "texture": "#0"},
				"up": {"uv": [11, 14, 12, 16], "texture": "#0"},
				"down": {"uv": [15, 14, 16, 16], "texture": "#0"}
			}
		},
		{
			"name": "octagon",
			"from": [5.22285, 4.85325, 14.4],
			"to": [6.17285, 5.24675, 15.4],
			"rotation": {"angle": 0, "axis": "z", "origin": [5.69785, 5.05, 14.9]},
			"faces": {
				"north": {"uv": [15, 15, 16, 16], "rotation": 90, "texture": "#0"},
				"east": {"uv": [15, 14, 16, 16], "rotation": 270, "texture": "#0"},
				"south": {"uv": [15, 15, 16, 16], "rotation": 270, "texture": "#0"},
				"west": {"uv": [11, 14, 12, 16], "rotation": 270, "texture": "#0"},
				"up": {"uv": [14, 15, 15, 16], "rotation": 270, "texture": "#0"},
				"down": {"uv": [14, 15, 15, 16], "rotation": 270, "texture": "#0"}
			}
		},
		{
			"name": "octagon",
			"from": [5.22285, 4.85325, 14.4],
			"to": [6.17285, 5.24675, 15.4],
			"rotation": {"angle": 45, "axis": "z", "origin": [5.69785, 5.05, 14.9]},
			"faces": {
				"north": {"uv": [15, 15, 16, 16], "rotation": 90, "texture": "#0"},
				"east": {"uv": [15, 14, 16, 16], "rotation": 270, "texture": "#0"},
				"south": {"uv": [15, 15, 16, 16], "rotation": 270, "texture": "#0"},
				"west": {"uv": [11, 14, 12, 16], "rotation": 270, "texture": "#0"},
				"up": {"uv": [14, 15, 15, 16], "rotation": 270, "texture": "#0"},
				"down": {"uv": [14, 15, 15, 16], "rotation": 270, "texture": "#0"}
			}
		},
		{
			"name": "octagon",
			"from": [5.4752, 4.5125, 13.4],
			"to": [5.92047, 5.5875, 14.4],
			"rotation": {"angle": 0, "axis": "z", "origin": [5.69783, 5.05, 13.4]},
			"faces": {
				"north": {"uv": [15, 15, 16, 16], "texture": "#0"},
				"east": {"uv": [12, 15, 13, 16], "texture": "#0"},
				"south": {"uv": [15, 15, 16, 16], "texture": "#0"},
				"west": {"uv": [12, 15, 13, 16], "texture": "#0"},
				"up": {"uv": [14, 12, 15, 16], "texture": "#0"},
				"down": {"uv": [15, 12, 16, 16], "texture": "#0"}
			}
		},
		{
			"name": "octagon",
			"from": [5.4752, 4.5125, 13.4],
			"to": [5.92047, 5.5875, 14.4],
			"rotation": {"angle": 45, "axis": "z", "origin": [5.69783, 5.05, 13.4]},
			"faces": {
				"north": {"uv": [15, 15, 16, 16], "texture": "#0"},
				"east": {"uv": [12, 15, 13, 16], "texture": "#0"},
				"south": {"uv": [15, 15, 16, 16], "texture": "#0"},
				"west": {"uv": [12, 15, 13, 16], "texture": "#0"},
				"up": {"uv": [14, 12, 15, 16], "texture": "#0"},
				"down": {"uv": [15, 12, 16, 16], "texture": "#0"}
			}
		},
		{
			"name": "octagon",
			"from": [5.16033, 4.82737, 13.4],
			"to": [6.23533, 5.27263, 14.4],
			"rotation": {"angle": 0, "axis": "z", "origin": [5.69783, 5.05, 13.4]},
			"faces": {
				"north": {"uv": [15, 15, 16, 16], "rotation": 90, "texture": "#0"},
				"east": {"uv": [15, 12, 16, 16], "rotation": 270, "texture": "#0"},
				"south": {"uv": [15, 15, 16, 16], "rotation": 270, "texture": "#0"},
				"west": {"uv": [14, 12, 15, 16], "rotation": 270, "texture": "#0"},
				"up": {"uv": [12, 15, 13, 16], "rotation": 270, "texture": "#0"},
				"down": {"uv": [12, 15, 13, 16], "rotation": 270, "texture": "#0"}
			}
		},
		{
			"name": "octagon",
			"from": [5.16033, 4.82737, 13.4],
			"to": [6.23533, 5.27263, 14.4],
			"rotation": {"angle": 45, "axis": "z", "origin": [5.69783, 5.05, 13.4]},
			"faces": {
				"north": {"uv": [15, 15, 16, 16], "rotation": 90, "texture": "#0"},
				"east": {"uv": [15, 12, 16, 16], "rotation": 270, "texture": "#0"},
				"south": {"uv": [15, 15, 16, 16], "rotation": 270, "texture": "#0"},
				"west": {"uv": [14, 12, 15, 16], "rotation": 270, "texture": "#0"},
				"up": {"uv": [12, 15, 13, 16], "rotation": 270, "texture": "#0"},
				"down": {"uv": [12, 15, 13, 16], "rotation": 270, "texture": "#0"}
			}
		},
		{
			"name": "octagon",
			"from": [5.5529, 4.7, 16.4],
			"to": [5.84284, 5.4, 18.4],
			"rotation": {"angle": 0, "axis": "z", "origin": [5.69787, 5.05, 17.9]},
			"faces": {
				"north": {"uv": [15, 15, 16, 16], "texture": "#0"},
				"east": {"uv": [10, 15, 11, 16], "texture": "#0"},
				"south": {"uv": [15, 15, 16, 16], "texture": "#0"},
				"west": {"uv": [10, 15, 11, 16], "texture": "#0"},
				"up": {"uv": [15, 4, 16, 10], "texture": "#0"},
				"down": {"uv": [15, 10, 16, 16], "texture": "#0"}
			}
		},
		{
			"name": "octagon",
			"from": [5.5529, 4.7, 16.4],
			"to": [5.84284, 5.4, 18.4],
			"rotation": {"angle": 45, "axis": "z", "origin": [5.69787, 5.05, 17.9]},
			"faces": {
				"north": {"uv": [15, 15, 16, 16], "texture": "#0"},
				"east": {"uv": [10, 15, 11, 16], "texture": "#0"},
				"south": {"uv": [15, 15, 16, 16], "texture": "#0"},
				"west": {"uv": [10, 15, 11, 16], "texture": "#0"},
				"up": {"uv": [15, 4, 16, 10], "texture": "#0"},
				"down": {"uv": [15, 10, 16, 16], "texture": "#0"}
			}
		},
		{
			"name": "octagon",
			"from": [5.34787, 4.90503, 16.4],
			"to": [6.04787, 5.19497, 18.4],
			"rotation": {"angle": 0, "axis": "z", "origin": [5.69787, 5.05, 17.9]},
			"faces": {
				"north": {"uv": [15, 15, 16, 16], "rotation": 90, "texture": "#0"},
				"east": {"uv": [15, 10, 16, 16], "rotation": 270, "texture": "#0"},
				"south": {"uv": [15, 15, 16, 16], "rotation": 270, "texture": "#0"},
				"west": {"uv": [15, 4, 16, 10], "rotation": 270, "texture": "#0"},
				"up": {"uv": [10, 15, 11, 16], "rotation": 270, "texture": "#0"},
				"down": {"uv": [10, 15, 11, 16], "rotation": 270, "texture": "#0"}
			}
		},
		{
			"name": "octagon",
			"from": [5.34787, 4.90503, 16.4],
			"to": [6.04787, 5.19497, 18.4],
			"rotation": {"angle": 45, "axis": "z", "origin": [5.69787, 5.05, 17.9]},
			"faces": {
				"north": {"uv": [15, 15, 16, 16], "rotation": 90, "texture": "#0"},
				"east": {"uv": [15, 10, 16, 16], "rotation": 270, "texture": "#0"},
				"south": {"uv": [15, 15, 16, 16], "rotation": 270, "texture": "#0"},
				"west": {"uv": [15, 4, 16, 10], "rotation": 270, "texture": "#0"},
				"up": {"uv": [10, 15, 11, 16], "rotation": 270, "texture": "#0"},
				"down": {"uv": [10, 15, 11, 16], "rotation": 270, "texture": "#0"}
			}
		},
		{
			"from": [5.95, 4.65, 17],
			"to": [6.45, 5.15, 17.5],
			"rotation": {"angle": 0, "axis": "y", "origin": [6.2, 5.15, 17.25]},
			"faces": {
				"north": {"uv": [15.5, 14, 16, 16], "texture": "#0"},
				"east": {"uv": [14, 14, 16, 16], "texture": "#0"},
				"south": {"uv": [15.5, 14, 16, 16], "texture": "#0"},
				"west": {"uv": [14, 14, 16, 16], "texture": "#0"},
				"up": {"uv": [15.5, 15, 16, 16], "texture": "#0"},
				"down": {"uv": [15.5, 15, 16, 16], "texture": "#0"}
			}
		}
	],
	"display": {
		"thirdperson_righthand": {
			"translation": [-13.25, 13.5, -40.5],
			"scale": [3.13, 3.13, 3.13]
		},
		"thirdperson_lefthand": {
			"translation": [-12, 8.75, -2.25],
			"scale": [1.75, 1.75, 1.75]
		},
		"firstperson_righthand": {
			"rotation": [0, -10, 0],
			"translation": [-5.25, 31, -13],
			"scale": [4, 4, 1.78]
		},
		"firstperson_lefthand": {
			"translation": [0, 8.25, -1.75],
			"scale": [1.25, 1.25, 1.25]
		},
		"ground": {
			"translation": [-2.75, 12.75, -36],
			"scale": [2.3, 2.3, 2.3]
		},
		"gui": {
			"rotation": [21, 150, 0],
			"translation": [-7.75, 1.75, 0],
			"scale": [1.3, 1.3, 1.3]
		},
		"head": {
			"translation": [0, 0, -17.5],
			"scale": [0.5, 0.5, 2]
		},
		"fixed": {
			"rotation": [0, -90, 90],
			"translation": [62.5, -1.25, -38.25],
			"scale": [4, 4, 4]
		}
	},
	"groups": [
		{
			"name": "part",
			"origin": [0, 0, 12],
			"color": 0,
			"children": [
				0,
				1,
				2,
				3,
				4,
				5,
				6,
				7,
				8,
				9,
				10,
				11,
				12,
				13,
				14,
				{
					"name": "mount",
					"origin": [5.89783, 3.43804, 20.7625],
					"color": 0,
					"children": [15, 16, 17, 18, 19, 20]
				}
			]
		},
		{
			"name": "part",
			"origin": [0, 0, 12],
			"color": 0,
			"children": [21, 22, 23, 24, 25, 26]
		},
		{
			"name": "part",
			"origin": [0, 0, 12],
			"color": 0,
			"children": [
				27,
				{
					"name": "group",
					"origin": [4, 1, 1],
					"color": 0,
					"children": [
						{
							"name": "group",
							"origin": [4, 1, 1],
							"color": 0,
							"children": []
						}
					]
				},
				28,
				29,
				30,
				31,
				32
			]
		},
		{
			"name": "octagon",
			"origin": [8, 8, 8],
			"color": 0,
			"children": [
				33,
				34,
				35,
				36,
				37,
				38,
				39,
				40,
				{
					"name": "octagon",
					"origin": [8, 8, 8],
					"color": 0,
					"children": [41, 42, 43, 44, 45, 46, 47, 48]
				}
			]
		},
		{
			"name": "octagon",
			"origin": [8, 8, 8],
			"color": 0,
			"children": [49, 50, 51, 52, 53, 54, 55, 56]
		},
		{
			"name": "octagon",
			"origin": [8, 8, 8],
			"color": 0,
			"children": [57, 58, 59, 60, 61, 62, 63, 64]
		},
		{
			"name": "octagon",
			"origin": [8, 8, 8],
			"color": 0,
			"children": [65, 66, 67, 68, 69, 70, 71, 72]
		},
		{
			"name": "scope",
			"origin": [8, 8, 8],
			"color": 0,
			"children": [
				{
					"name": "scope",
					"origin": [8, 8, 8],
					"color": 0,
					"children": [73, 74, 75, 76]
				},
				{
					"name": "scope",
					"origin": [8, 9.7125, 3.375],
					"color": 0,
					"children": [77, 78, 79, 80]
				},
				{
					"name": "scope",
					"origin": [8, 8, 8],
					"color": 0,
					"children": [81, 82, 83, 84]
				},
				{
					"name": "scope",
					"origin": [8, 8, 8],
					"color": 0,
					"children": [85, 86, 87, 88]
				},
				{
					"name": "scope",
					"origin": [8, 8, 8],
					"color": 0,
					"children": [89, 90, 91, 92]
				},
				{
					"name": "scope",
					"origin": [8, 8, 8],
					"color": 0,
					"children": [93, 94, 95, 96]
				},
				{
					"name": "scope",
					"origin": [8, 8, 8],
					"color": 0,
					"children": [97, 98, 99, 100]
				}
			]
		},
		101
	]
}