{
	"format_version": "1.21.6",
	"credit": "Made with Blockbench",
	"textures": {
		"0": "chems_guns:item/gun_ammo/aa12",
		"particle": "chems_guns:item/gun_ammo/aa12"
	},
	"elements": [
		{
			"from": [7.501, 1.3, 11.88],
			"to": [8.498, 5.3, 13.38],
			"rotation": {"angle": -22.5, "axis": "x", "origin": [8, 4.5, 11]},
			"faces": {
				"north": {"uv": [14.503, 6, 16, 14], "texture": "#0"},
				"east": {"uv": [11.5, 6, 15, 14], "texture": "#0"},
				"south": {"uv": [11.003, 6, 12.5, 14], "texture": "#0"},
				"west": {"uv": [11, 6, 14.5, 14], "texture": "#0"},
				"up": {"uv": [13.003, 10, 16, 13], "texture": "#0"},
				"down": {"uv": [14.503, 9.5, 16, 13], "texture": "#0"}
			}
		},
		{
			"from": [7.6, 5.5, 1.25],
			"to": [8.4, 7.6, 5.25],
			"rotation": {"angle": 0, "axis": "y", "origin": [0, 1, 2.25]},
			"faces": {
				"north": {"uv": [1.5, 5.5, 5.5, 7.5], "rotation": 90, "texture": "#0"},
				"east": {"uv": [8.5, 0, 13, 2.5], "texture": "#0"},
				"south": {"uv": [0, 14, 2, 16], "texture": "#0"},
				"west": {"uv": [8.5, 0.2, 13, 2.5], "texture": "#0"},
				"up": {"uv": [8.5, 1.5, 13, 2.5], "rotation": 270, "texture": "#0"},
				"down": {"uv": [0, 7, 1, 12.5], "texture": "#0"}
			}
		},
		{
			"from": [7.75, 6, -2],
			"to": [8.25, 6.5, 2],
			"rotation": {"angle": 0, "axis": "y", "origin": [0, 1, -2]},
			"faces": {
				"north": {"uv": [13, 1, 15, 3], "texture": "#0"},
				"east": {"uv": [9.5, 10.5, 10, 16], "rotation": 90, "texture": "#0"},
				"south": {"uv": [15, 0, 16, 1], "texture": "#0"},
				"west": {"uv": [9.5, 11.5, 10, 16], "rotation": 90, "texture": "#0"},
				"up": {"uv": [9.5, 11, 10, 16], "texture": "#0"},
				"down": {"uv": [9.5, 11, 10, 16], "texture": "#0"}
			}
		},
		{
			"from": [7.75, 7.5, 1.35],
			"to": [8.25, 8.6, 1.55],
			"rotation": {"angle": 0, "axis": "y", "origin": [0, 2.5, 1.25]},
			"faces": {
				"north": {"uv": [12, 14, 14, 16], "texture": "#0"},
				"east": {"uv": [9.5, 10.5, 10, 13.5], "rotation": 180, "texture": "#0"},
				"south": {"uv": [12, 14, 14, 16], "texture": "#0"},
				"west": {"uv": [9.5, 11.5, 10, 13.5], "rotation": 180, "texture": "#0"},
				"up": {"uv": [9.5, 11, 10, 12], "rotation": 90, "texture": "#0"},
				"down": {"uv": [9.5, 11, 10.5, 11.5], "rotation": 180, "texture": "#0"}
			}
		},
		{
			"from": [7.75, 7, 5.35],
			"to": [8.25, 8.1, 5.55],
			"rotation": {"angle": 0, "axis": "y", "origin": [0, 2, 5.25]},
			"faces": {
				"north": {"uv": [12, 14, 14, 16], "texture": "#0"},
				"east": {"uv": [9.5, 10.5, 10, 13.5], "rotation": 180, "texture": "#0"},
				"south": {"uv": [12, 14, 14, 16], "texture": "#0"},
				"west": {"uv": [9.5, 11.5, 10, 13.5], "rotation": 180, "texture": "#0"},
				"up": {"uv": [9.5, 11, 10, 12], "rotation": 90, "texture": "#0"},
				"down": {"uv": [9.5, 11, 10.5, 11.5], "rotation": 180, "texture": "#0"}
			}
		},
		{
			"from": [7.75, 7.5, 12.35],
			"to": [8.25, 9.35, 12.55],
			"rotation": {"angle": 0, "axis": "y", "origin": [0, 2.5, 12.25]},
			"faces": {
				"north": {"uv": [12, 14, 16, 16], "rotation": 90, "texture": "#0"},
				"east": {"uv": [9.5, 10.5, 10, 13.5], "rotation": 180, "texture": "#0"},
				"south": {"uv": [12, 14, 16, 16], "rotation": 90, "texture": "#0"},
				"west": {"uv": [9.5, 11.5, 10, 13.5], "rotation": 180, "texture": "#0"},
				"up": {"uv": [9.5, 11, 10, 12], "rotation": 90, "texture": "#0"},
				"down": {"uv": [9.5, 11, 10.5, 11.5], "rotation": 180, "texture": "#0"}
			}
		},
		{
			"from": [7.75, 7.9, 15.05],
			"to": [8.25, 9.75, 15.25],
			"rotation": {"angle": -22.5, "axis": "x", "origin": [0, 2.9, 14.95]},
			"faces": {
				"north": {"uv": [12, 14, 16, 16], "rotation": 90, "texture": "#0"},
				"east": {"uv": [9.5, 10.5, 10, 13.5], "rotation": 180, "texture": "#0"},
				"south": {"uv": [12, 14, 16, 16], "rotation": 90, "texture": "#0"},
				"west": {"uv": [9.5, 11.5, 10, 13.5], "rotation": 180, "texture": "#0"},
				"up": {"uv": [9.5, 11, 10, 12], "rotation": 90, "texture": "#0"},
				"down": {"uv": [9.5, 11, 10.5, 11.5], "rotation": 180, "texture": "#0"}
			}
		},
		{
			"from": [7.75, 3.75, 9.95],
			"to": [8.25, 4.05, 13.1],
			"rotation": {"angle": 0, "axis": "y", "origin": [-0.5, 0.75, 1.1]},
			"faces": {
				"north": {"uv": [3.5, 10.5, 4.5, 12.5], "texture": "#0"},
				"east": {"uv": [10, 13, 11, 16], "rotation": 90, "texture": "#0"},
				"south": {"uv": [4.5, 10.5, 5.5, 12.5], "texture": "#0"},
				"west": {"uv": [10, 13, 11, 16], "rotation": 90, "texture": "#0"},
				"up": {"uv": [10, 13, 11, 16], "texture": "#0"},
				"down": {"uv": [10, 13, 11, 16], "texture": "#0"}
			}
		},
		{
			"from": [7.75, 1.75, 9.65],
			"to": [8.25, 1.85, 13.1],
			"rotation": {"angle": 0, "axis": "z", "origin": [-0.5, -1.25, 0.8]},
			"faces": {
				"north": {"uv": [3.5, 10.5, 4.5, 12.5], "texture": "#0"},
				"east": {"uv": [10, 13, 11, 16], "rotation": 90, "texture": "#0"},
				"south": {"uv": [9.5, 15.5, 10.5, 16], "texture": "#0"},
				"west": {"uv": [10, 13, 11, 16], "rotation": 90, "texture": "#0"},
				"up": {"uv": [10, 2.5, 11, 9], "texture": "#0"},
				"down": {"uv": [10, 2.5, 11, 9], "texture": "#0"}
			}
		},
		{
			"from": [7.75, 4, 9.9],
			"to": [8.25, 5.15, 10.25],
			"rotation": {"angle": 0, "axis": "x", "origin": [-0.5, 1.1, -0.25]},
			"faces": {
				"north": {"uv": [3.5, 10.5, 4.5, 12.5], "texture": "#0"},
				"east": {"uv": [10, 13, 11, 16], "rotation": 90, "texture": "#0"},
				"south": {"uv": [10, 13, 11, 16], "texture": "#0"},
				"west": {"uv": [10, 13, 11, 16], "rotation": 90, "texture": "#0"},
				"up": {"uv": [3.5, 10.5, 4.5, 12.5], "texture": "#0"},
				"down": {"uv": [4.5, 10.5, 5.5, 12.5], "texture": "#0"}
			}
		},
		{
			"from": [7.25, 5, 10],
			"to": [8.75, 7.8, 13.5],
			"rotation": {"angle": 0, "axis": "x", "origin": [0, 0, 2]},
			"faces": {
				"north": {"uv": [0, 0, 3, 3], "texture": "#0"},
				"east": {"uv": [0, 0, 3.5, 3], "texture": "#0"},
				"south": {"uv": [0, 0, 3, 3], "texture": "#0"},
				"west": {"uv": [0.5, 0, 4.5, 2.8], "texture": "#0"},
				"up": {"uv": [0, 10, 2, 13.5], "texture": "#0"},
				"down": {"uv": [0, 0, 3, 6], "texture": "#0"}
			}
		},
		{
			"from": [7.3, 5.75, 13.5],
			"to": [8.6, 7.85, 20.01],
			"rotation": {"angle": 0, "axis": "y", "origin": [0, 0, 6]},
			"faces": {
				"north": {"uv": [0, 0, 3, 3], "texture": "#0"},
				"east": {"uv": [0, 0, 7, 2.5], "texture": "#0"},
				"south": {"uv": [0, 11, 1.5, 13.5], "texture": "#0"},
				"west": {"uv": [0, 0, 8, 2.8], "texture": "#0"},
				"up": {"uv": [0, 6.5, 1.5, 13.5], "texture": "#0"},
				"down": {"uv": [2.5, 0, 4.5, 1], "texture": "#0"}
			}
		},
		{
			"from": [7.32, 4.75, 18.5],
			"to": [8.58, 5.85, 20],
			"rotation": {"angle": 0, "axis": "y", "origin": [0, -1, 6]},
			"faces": {
				"east": {"uv": [0, 0, 2, 1.5], "texture": "#0"},
				"south": {"uv": [0, 11.375, 1.25, 13.375], "texture": "#0"},
				"west": {"uv": [0, 0, 2, 1.3], "texture": "#0"},
				"down": {"uv": [2.5, 0, 4.5, 1], "texture": "#0"}
			}
		},
		{
			"from": [7.31, 10.5, 14.5],
			"to": [8.59, 11.6, 17.5],
			"rotation": {"angle": 22.5, "axis": "x", "origin": [0, 4.75, 3.5]},
			"faces": {
				"east": {"uv": [0, 0, 4, 1], "texture": "#0"},
				"west": {"uv": [0, 0, 4, 0.8], "texture": "#0"},
				"down": {"uv": [2.5, 0, 4.5, 1], "texture": "#0"}
			}
		},
		{
			"from": [7.31, 12.75, 10.9],
			"to": [8.59, 13.75, 11.9],
			"rotation": {"angle": 45, "axis": "x", "origin": [0, 7, 3.4]},
			"faces": {
				"east": {"uv": [0, 0, 6, 3], "texture": "#0"},
				"south": {"uv": [0, 0, 3, 3], "texture": "#0"},
				"west": {"uv": [0, 0, 1, 2.3], "texture": "#0"},
				"up": {"uv": [0, 0, 2, 1], "texture": "#0"}
			}
		},
		{
			"from": [7.2, 1.5, 7.74],
			"to": [9.2, 5.5, 9.76],
			"rotation": {"angle": 0, "axis": "y", "origin": [-0.3, -0.5, -3.5]},
			"faces": {
				"north": {"uv": [5.5, 10, 8.5, 16], "texture": "#0"},
				"south": {"uv": [9, 3, 6.5, 8.5], "texture": "#0"},
				"up": {"uv": [6, 13, 9, 16], "rotation": 90, "texture": "#0"},
				"down": {"uv": [6, 13, 9, 14.5], "rotation": 270, "texture": "#0"}
			}
		},
		{
			"from": [6.2, 2.5, 7.76],
			"to": [7.2, 4.5, 9.74],
			"rotation": {"angle": 0, "axis": "y", "origin": [-1.3, 0.5, -3.5]},
			"faces": {
				"north": {"uv": [6, 9.5, 8, 15.5], "texture": "#0"},
				"east": {"uv": [6, 10, 9, 16], "texture": "#0"},
				"south": {"uv": [2, 7.5, 4.5, 11], "texture": "#0"},
				"west": {"uv": [6, 10, 9, 16], "texture": "#0"}
			}
		},
		{
			"from": [15.1, 3.34, 7.75],
			"to": [16.51, 4.75, 9.75],
			"rotation": {"angle": -45, "axis": "z", "origin": [13.05, 12.25, -3.5]},
			"faces": {
				"north": {"uv": [6, 12, 8.5, 14.5], "rotation": 270, "texture": "#0"},
				"south": {"uv": [2, 8, 4.5, 10.5], "rotation": 90, "texture": "#0"},
				"up": {"uv": [6, 10, 9, 16], "rotation": 90, "texture": "#0"}
			}
		},
		{
			"from": [13.1, 1.34, 7.75],
			"to": [14.51, 2.75, 9.75],
			"rotation": {"angle": -45, "axis": "z", "origin": [11.05, 10.25, -3.5]},
			"faces": {
				"north": {"uv": [6, 11.5, 8.5, 14], "rotation": 270, "texture": "#0"},
				"south": {"uv": [4.5, 8, 2, 10.5], "rotation": 90, "texture": "#0"},
				"down": {"uv": [9, 10, 6, 16], "rotation": 90, "texture": "#0"}
			}
		},
		{
			"from": [8.95, 8.4, 7.75],
			"to": [10.36, 9.81, 9.75],
			"rotation": {"angle": -45, "axis": "z", "origin": [1.45, 6.35, -3.5]},
			"faces": {
				"north": {"uv": [6.5, 3.5, 9, 6], "texture": "#0"},
				"east": {"uv": [9, 10, 6, 16], "texture": "#0"},
				"south": {"uv": [4.5, 8, 2, 10.5], "texture": "#0"}
			}
		},
		{
			"from": [6.95, 10.4, 7.75],
			"to": [8.36, 11.81, 9.75],
			"rotation": {"angle": -45, "axis": "z", "origin": [-0.55, 8.35, -3.5]},
			"faces": {
				"north": {"uv": [6, 10.5, 8.5, 13], "texture": "#0"},
				"south": {"uv": [2, 8, 5, 10.5], "texture": "#0"},
				"west": {"uv": [6, 10, 9, 16], "texture": "#0"}
			}
		},
		{
			"from": [9.2, 2.5, 7.76],
			"to": [10.2, 4.5, 9.74],
			"rotation": {"angle": 0, "axis": "y", "origin": [1.7, 0.5, -3.5]},
			"faces": {
				"north": {"uv": [6.5, 10, 8.5, 16], "texture": "#0"},
				"east": {"uv": [9, 10, 6, 16], "texture": "#0"},
				"south": {"uv": [4.5, 7.5, 2, 11], "texture": "#0"},
				"west": {"uv": [6, 10, 9, 16], "texture": "#0"}
			}
		},
		{
			"from": [7.45, 5.5, 5.25],
			"to": [8.55, 7.7, 10],
			"rotation": {"angle": 0, "axis": "y", "origin": [0, 0, 2]},
			"faces": {
				"north": {"uv": [6, 0, 8, 0.75], "rotation": 90, "texture": "#0"},
				"east": {"uv": [6, 0, 12, 2], "texture": "#0"},
				"south": {"uv": [0, 2.5, 1.75, 4.5], "texture": "#0"},
				"west": {"uv": [7.5, 0, 12.75, 2.3], "texture": "#0"},
				"up": {"uv": [0, 6.05, 5.25, 7.3], "rotation": 90, "texture": "#0"},
				"down": {"uv": [6, 0, 11, 2.25], "rotation": 90, "texture": "#0"}
			}
		},
		{
			"from": [-4.249, 1.3, 11.88],
			"to": [-3.252, 5.3, 13.38],
			"rotation": {"angle": -22.5, "axis": "x", "origin": [-3.75, 4.5, 11]},
			"faces": {
				"north": {"uv": [14.503, 6, 16, 14], "texture": "#0"},
				"east": {"uv": [11.5, 6, 15, 14], "texture": "#0"},
				"south": {"uv": [11.003, 6, 12.5, 14], "texture": "#0"},
				"west": {"uv": [11, 6, 14.5, 14], "texture": "#0"},
				"up": {"uv": [13.003, 10, 16, 13], "texture": "#0"},
				"down": {"uv": [14.503, 9.5, 16, 13], "texture": "#0"}
			}
		},
		{
			"from": [-4.15, 5.5, 1.25],
			"to": [-3.35, 7.6, 5.25],
			"rotation": {"angle": 0, "axis": "y", "origin": [-11.75, 1, 2.25]},
			"faces": {
				"north": {"uv": [1.5, 5.5, 5.5, 7.5], "rotation": 90, "texture": "#0"},
				"east": {"uv": [8.5, 0, 13, 2.5], "texture": "#0"},
				"south": {"uv": [0, 14, 2, 16], "texture": "#0"},
				"west": {"uv": [8.5, 0.2, 13, 2.5], "texture": "#0"},
				"up": {"uv": [8.5, 1.5, 13, 2.5], "rotation": 270, "texture": "#0"},
				"down": {"uv": [0, 7, 1, 12.5], "texture": "#0"}
			}
		},
		{
			"from": [-4, 6, -2],
			"to": [-3.5, 6.5, 2],
			"rotation": {"angle": 0, "axis": "y", "origin": [-11.75, 1, -2]},
			"faces": {
				"north": {"uv": [13, 1, 15, 3], "texture": "#0"},
				"east": {"uv": [9.5, 10.5, 10, 16], "rotation": 90, "texture": "#0"},
				"south": {"uv": [15, 0, 16, 1], "texture": "#0"},
				"west": {"uv": [9.5, 11.5, 10, 16], "rotation": 90, "texture": "#0"},
				"up": {"uv": [9.5, 11, 10, 16], "texture": "#0"},
				"down": {"uv": [9.5, 11, 10, 16], "texture": "#0"}
			}
		},
		{
			"from": [-4, 7.5, 1.35],
			"to": [-3.5, 8.6, 1.55],
			"rotation": {"angle": 0, "axis": "y", "origin": [-11.75, 2.5, 1.25]},
			"faces": {
				"north": {"uv": [12, 14, 14, 16], "texture": "#0"},
				"east": {"uv": [9.5, 10.5, 10, 13.5], "rotation": 180, "texture": "#0"},
				"south": {"uv": [12, 14, 14, 16], "texture": "#0"},
				"west": {"uv": [9.5, 11.5, 10, 13.5], "rotation": 180, "texture": "#0"},
				"up": {"uv": [9.5, 11, 10, 12], "rotation": 90, "texture": "#0"},
				"down": {"uv": [9.5, 11, 10.5, 11.5], "rotation": 180, "texture": "#0"}
			}
		},
		{
			"from": [-4, 7, 5.35],
			"to": [-3.5, 8.1, 5.55],
			"rotation": {"angle": 0, "axis": "y", "origin": [-11.75, 2, 5.25]},
			"faces": {
				"north": {"uv": [12, 14, 14, 16], "texture": "#0"},
				"east": {"uv": [9.5, 10.5, 10, 13.5], "rotation": 180, "texture": "#0"},
				"south": {"uv": [12, 14, 14, 16], "texture": "#0"},
				"west": {"uv": [9.5, 11.5, 10, 13.5], "rotation": 180, "texture": "#0"},
				"up": {"uv": [9.5, 11, 10, 12], "rotation": 90, "texture": "#0"},
				"down": {"uv": [9.5, 11, 10.5, 11.5], "rotation": 180, "texture": "#0"}
			}
		},
		{
			"from": [-4, 7.5, 12.35],
			"to": [-3.5, 9.35, 12.55],
			"rotation": {"angle": 0, "axis": "y", "origin": [-11.75, 2.5, 12.25]},
			"faces": {
				"north": {"uv": [12, 14, 16, 16], "rotation": 90, "texture": "#0"},
				"east": {"uv": [9.5, 10.5, 10, 13.5], "rotation": 180, "texture": "#0"},
				"south": {"uv": [12, 14, 16, 16], "rotation": 90, "texture": "#0"},
				"west": {"uv": [9.5, 11.5, 10, 13.5], "rotation": 180, "texture": "#0"},
				"up": {"uv": [9.5, 11, 10, 12], "rotation": 90, "texture": "#0"},
				"down": {"uv": [9.5, 11, 10.5, 11.5], "rotation": 180, "texture": "#0"}
			}
		},
		{
			"from": [-4, 7.9, 15.05],
			"to": [-3.5, 9.75, 15.25],
			"rotation": {"angle": -22.5, "axis": "x", "origin": [-11.75, 2.9, 14.95]},
			"faces": {
				"north": {"uv": [12, 14, 16, 16], "rotation": 90, "texture": "#0"},
				"east": {"uv": [9.5, 10.5, 10, 13.5], "rotation": 180, "texture": "#0"},
				"south": {"uv": [12, 14, 16, 16], "rotation": 90, "texture": "#0"},
				"west": {"uv": [9.5, 11.5, 10, 13.5], "rotation": 180, "texture": "#0"},
				"up": {"uv": [9.5, 11, 10, 12], "rotation": 90, "texture": "#0"},
				"down": {"uv": [9.5, 11, 10.5, 11.5], "rotation": 180, "texture": "#0"}
			}
		},
		{
			"from": [-4, 3.75, 9.95],
			"to": [-3.5, 4.05, 13.1],
			"rotation": {"angle": 0, "axis": "y", "origin": [-12.25, 0.75, 1.1]},
			"faces": {
				"north": {"uv": [3.5, 10.5, 4.5, 12.5], "texture": "#0"},
				"east": {"uv": [10, 13, 11, 16], "rotation": 90, "texture": "#0"},
				"south": {"uv": [4.5, 10.5, 5.5, 12.5], "texture": "#0"},
				"west": {"uv": [10, 13, 11, 16], "rotation": 90, "texture": "#0"},
				"up": {"uv": [10, 13, 11, 16], "texture": "#0"},
				"down": {"uv": [10, 13, 11, 16], "texture": "#0"}
			}
		},
		{
			"from": [-4, 1.75, 9.65],
			"to": [-3.5, 1.85, 13.1],
			"rotation": {"angle": 0, "axis": "y", "origin": [-12.25, -1.25, 0.8]},
			"faces": {
				"north": {"uv": [3.5, 10.5, 4.5, 12.5], "texture": "#0"},
				"east": {"uv": [10, 13, 11, 16], "rotation": 90, "texture": "#0"},
				"south": {"uv": [9.5, 15.5, 10.5, 16], "texture": "#0"},
				"west": {"uv": [10, 13, 11, 16], "rotation": 90, "texture": "#0"},
				"up": {"uv": [10, 2.5, 11, 9], "texture": "#0"},
				"down": {"uv": [10, 2.5, 11, 9], "texture": "#0"}
			}
		},
		{
			"from": [-4, 4, 9.9],
			"to": [-3.5, 5.15, 10.25],
			"rotation": {"angle": 0, "axis": "y", "origin": [-12.25, 1.1, -0.25]},
			"faces": {
				"north": {"uv": [3.5, 10.5, 4.5, 12.5], "texture": "#0"},
				"east": {"uv": [10, 13, 11, 16], "rotation": 90, "texture": "#0"},
				"south": {"uv": [10, 13, 11, 16], "texture": "#0"},
				"west": {"uv": [10, 13, 11, 16], "rotation": 90, "texture": "#0"},
				"up": {"uv": [3.5, 10.5, 4.5, 12.5], "texture": "#0"},
				"down": {"uv": [4.5, 10.5, 5.5, 12.5], "texture": "#0"}
			}
		},
		{
			"from": [-4.5, 5, 10],
			"to": [-3, 7.8, 13.5],
			"rotation": {"angle": 0, "axis": "y", "origin": [-11.75, 0, 2]},
			"faces": {
				"north": {"uv": [0, 0, 3, 3], "texture": "#0"},
				"east": {"uv": [0, 0, 3.5, 3], "texture": "#0"},
				"south": {"uv": [0, 0, 3, 3], "texture": "#0"},
				"west": {"uv": [0.5, 0, 4.5, 2.8], "texture": "#0"},
				"up": {"uv": [0, 10, 2, 13.5], "texture": "#0"},
				"down": {"uv": [0, 0, 3, 6], "texture": "#0"}
			}
		},
		{
			"from": [-4.45, 5.75, 13.5],
			"to": [-3.15, 7.85, 20.01],
			"rotation": {"angle": 0, "axis": "y", "origin": [-11.75, 0, 6]},
			"faces": {
				"north": {"uv": [0, 0, 3, 3], "texture": "#0"},
				"east": {"uv": [0, 0, 7, 2.5], "texture": "#0"},
				"south": {"uv": [0, 11, 1.5, 13.5], "texture": "#0"},
				"west": {"uv": [0, 0, 8, 2.8], "texture": "#0"},
				"up": {"uv": [0, 6.5, 1.5, 13.5], "texture": "#0"},
				"down": {"uv": [2.5, 0, 4.5, 1], "texture": "#0"}
			}
		},
		{
			"from": [-4.43, 4.75, 18.5],
			"to": [-3.17, 5.85, 20],
			"rotation": {"angle": 0, "axis": "y", "origin": [-11.75, -1, 6]},
			"faces": {
				"east": {"uv": [0, 0, 2, 1.5], "texture": "#0"},
				"south": {"uv": [0, 11.375, 1.25, 13.375], "texture": "#0"},
				"west": {"uv": [0, 0, 2, 1.3], "texture": "#0"},
				"down": {"uv": [2.5, 0, 4.5, 1], "texture": "#0"}
			}
		},
		{
			"from": [-4.44, 10.5, 14.5],
			"to": [-3.16, 11.6, 17.5],
			"rotation": {"angle": 22.5, "axis": "x", "origin": [-11.75, 4.75, 3.5]},
			"faces": {
				"east": {"uv": [0, 0, 4, 1], "texture": "#0"},
				"west": {"uv": [0, 0, 4, 0.8], "texture": "#0"},
				"down": {"uv": [2.5, 0, 4.5, 1], "texture": "#0"}
			}
		},
		{
			"from": [-4.44, 12.75, 10.9],
			"to": [-3.16, 13.75, 11.9],
			"rotation": {"angle": 45, "axis": "x", "origin": [-11.75, 7, 3.4]},
			"faces": {
				"east": {"uv": [0, 0, 6, 3], "texture": "#0"},
				"south": {"uv": [0, 0, 3, 3], "texture": "#0"},
				"west": {"uv": [0, 0, 1, 2.3], "texture": "#0"},
				"up": {"uv": [0, 0, 2, 1], "texture": "#0"}
			}
		},
		{
			"from": [-4.55, 1.5, 7.74],
			"to": [-2.55, 5.5, 9.76],
			"rotation": {"angle": 0, "axis": "y", "origin": [-12.05, -0.5, -3.5]},
			"faces": {
				"north": {"uv": [5.5, 10, 8.5, 16], "texture": "#0"},
				"south": {"uv": [9, 3, 6.5, 8.5], "texture": "#0"},
				"up": {"uv": [6, 13, 9, 16], "rotation": 90, "texture": "#0"},
				"down": {"uv": [6, 13, 9, 14.5], "rotation": 270, "texture": "#0"}
			}
		},
		{
			"from": [-5.55, 2.5, 7.76],
			"to": [-4.55, 4.5, 9.74],
			"rotation": {"angle": 0, "axis": "y", "origin": [-13.05, 0.5, -3.5]},
			"faces": {
				"north": {"uv": [6, 9.5, 8, 15.5], "texture": "#0"},
				"east": {"uv": [6, 10, 9, 16], "texture": "#0"},
				"south": {"uv": [2, 7.5, 4.5, 11], "texture": "#0"},
				"west": {"uv": [6, 10, 9, 16], "texture": "#0"}
			}
		},
		{
			"from": [3.35, 3.34, 7.75],
			"to": [4.76, 4.75, 9.75],
			"rotation": {"angle": -45, "axis": "z", "origin": [1.3, 12.25, -3.5]},
			"faces": {
				"north": {"uv": [6, 12, 8.5, 14.5], "rotation": 270, "texture": "#0"},
				"south": {"uv": [2, 8, 4.5, 10.5], "rotation": 90, "texture": "#0"},
				"up": {"uv": [6, 10, 9, 16], "rotation": 90, "texture": "#0"}
			}
		},
		{
			"from": [1.35, 1.34, 7.75],
			"to": [2.76, 2.75, 9.75],
			"rotation": {"angle": -45, "axis": "z", "origin": [-0.7, 10.25, -3.5]},
			"faces": {
				"north": {"uv": [6, 11.5, 8.5, 14], "rotation": 270, "texture": "#0"},
				"south": {"uv": [4.5, 8, 2, 10.5], "rotation": 90, "texture": "#0"},
				"down": {"uv": [9, 10, 6, 16], "rotation": 90, "texture": "#0"}
			}
		},
		{
			"from": [-2.8, 8.4, 7.75],
			"to": [-1.39, 9.81, 9.75],
			"rotation": {"angle": -45, "axis": "z", "origin": [-10.3, 6.35, -3.5]},
			"faces": {
				"north": {"uv": [6.5, 3.5, 9, 6], "texture": "#0"},
				"east": {"uv": [9, 10, 6, 16], "texture": "#0"},
				"south": {"uv": [4.5, 8, 2, 10.5], "texture": "#0"}
			}
		},
		{
			"from": [-4.8, 10.4, 7.75],
			"to": [-3.39, 11.81, 9.75],
			"rotation": {"angle": -45, "axis": "z", "origin": [-12.3, 8.35, -3.5]},
			"faces": {
				"north": {"uv": [6, 10.5, 8.5, 13], "texture": "#0"},
				"south": {"uv": [2, 8, 5, 10.5], "texture": "#0"},
				"west": {"uv": [6, 10, 9, 16], "texture": "#0"}
			}
		},
		{
			"from": [-2.55, 2.5, 7.76],
			"to": [-1.55, 4.5, 9.74],
			"rotation": {"angle": 0, "axis": "y", "origin": [-10.05, 0.5, -3.5]},
			"faces": {
				"north": {"uv": [6.5, 10, 8.5, 16], "texture": "#0"},
				"east": {"uv": [9, 10, 6, 16], "texture": "#0"},
				"south": {"uv": [4.5, 7.5, 2, 11], "texture": "#0"},
				"west": {"uv": [6, 10, 9, 16], "texture": "#0"}
			}
		},
		{
			"from": [-4.3, 5.5, 5.25],
			"to": [-3.2, 7.7, 10],
			"rotation": {"angle": 0, "axis": "y", "origin": [-11.75, 0, 2]},
			"faces": {
				"north": {"uv": [6, 0, 8, 0.75], "rotation": 90, "texture": "#0"},
				"east": {"uv": [6, 0, 12, 2], "texture": "#0"},
				"south": {"uv": [0, 2.5, 1.75, 4.5], "texture": "#0"},
				"west": {"uv": [7.5, 0, 12.75, 2.3], "texture": "#0"},
				"up": {"uv": [0, 6.05, 5.25, 7.3], "rotation": 90, "texture": "#0"},
				"down": {"uv": [6, 0, 11, 2.25], "rotation": 90, "texture": "#0"}
			}
		},
		{
			"from": [7.95, 8.6, 1.35],
			"to": [8.05, 8.9, 1.55],
			"rotation": {"angle": 0, "axis": "y", "origin": [8, 8.75, 1.45]},
			"faces": {
				"north": {"uv": [13.5, 14, 14, 16], "texture": "#0"},
				"east": {"uv": [9.5, 10.5, 10, 13.5], "rotation": 180, "texture": "#0"},
				"south": {"uv": [13.5, 14, 14, 16], "texture": "#0"},
				"west": {"uv": [9.5, 11.5, 10, 13.5], "rotation": 180, "texture": "#0"},
				"up": {"uv": [9.5, 11, 10, 12], "rotation": 90, "texture": "#0"},
				"down": {"uv": [9.5, 11, 10.5, 11.5], "rotation": 180, "texture": "#0"}
			}
		},
		{
			"from": [-3.8, 8.6, 1.35],
			"to": [-3.7, 8.9, 1.55],
			"rotation": {"angle": 0, "axis": "y", "origin": [-3.8, 8.75, 1.45]},
			"faces": {
				"north": {"uv": [13.5, 14, 14, 16], "texture": "#0"},
				"east": {"uv": [9.5, 10.5, 10, 13.5], "rotation": 180, "texture": "#0"},
				"south": {"uv": [13.5, 14, 14, 16], "texture": "#0"},
				"west": {"uv": [9.5, 11.5, 10, 13.5], "rotation": 180, "texture": "#0"},
				"up": {"uv": [9.5, 11, 10, 12], "rotation": 90, "texture": "#0"},
				"down": {"uv": [9.5, 11, 10.5, 11.5], "rotation": 180, "texture": "#0"}
			}
		}
	],
	"display": {
		"thirdperson_righthand": {
			"translation": [0, 3, -1.75]
		},
		"thirdperson_lefthand": {
			"translation": [-12, 3, 0],
			"scale": [0, 0, 0]
		},
		"firstperson_righthand": {
			"translation": [15, 1, -29],
			"scale": [4, 4, 4]
		},
		"firstperson_lefthand": {
			"translation": [0, -80, 0]
		},
		"ground": {
			"rotation": [0, 0, -90],
			"translation": [2.25, -2.5, 0],
			"scale": [0.7, 0.7, 0.7]
		},
		"gui": {
			"rotation": [42, 134, -26],
			"translation": [-4, 1.5, 0],
			"scale": [0.52, 1.1, 1.1]
		},
		"fixed": {
			"rotation": [0, -90, 0],
			"translation": [0, 2.5, -1],
			"scale": [1.5, 1.5, 1.5]
		}
	},
	"groups": [
		{
			"name": "group",
			"origin": [0, 0, 2],
			"color": 0,
			"children": [
				0,
				1,
				2,
				3,
				4,
				5,
				6,
				7,
				8,
				9,
				10,
				11,
				12,
				13,
				14,
				15,
				16,
				17,
				18,
				19,
				20,
				21,
				22,
				{
					"name": "group",
					"origin": [0, 0, 2],
					"color": 0,
					"children": [23, 24, 25, 26, 27, 28, 29, 30, 31, 32, 33, 34, 35, 36, 37, 38, 39, 40, 41, 42, 43, 44, 45]
				}
			]
		},
		46,
		47
	]
}