{
	"format_version": "1.21.6",
	"credit": "Made with Blockbench",
	"textures": {
		"0": "chems_guns:item/gun_ammo/ak47",
		"particle": "chems_guns:item/gun_ammo/ak47"
	},
	"elements": [
		{
			"name": "octagon",
			"from": [7.79289, 5.55, -13.01],
			"to": [8.20711, 5.85, -3.01],
			"rotation": {"angle": 0, "axis": "z", "origin": [8, 5.35, -12]},
			"faces": {
				"north": {"uv": [1, 1, 2, 2], "texture": "#0"},
				"east": {"uv": [0, 0, 1, 1], "texture": "#0"},
				"south": {"uv": [0, 0, 1, 1], "texture": "#0"},
				"west": {"uv": [0, 0, 1, 1], "texture": "#0"},
				"up": {"uv": [0, 0, 1, 10], "texture": "#0"},
				"down": {"uv": [0, 0, 1, 1], "texture": "#0"}
			}
		},
		{
			"name": "octagon",
			"from": [7.5, 5.14289, -13],
			"to": [7.8, 5.55711, -3],
			"rotation": {"angle": 45, "axis": "z", "origin": [8, 5.35, -12]},
			"faces": {
				"north": {"uv": [1, 1, 2, 2], "texture": "#0"},
				"east": {"uv": [0, 0, 1, 1], "texture": "#0"},
				"south": {"uv": [0, 0, 1, 1], "texture": "#0"},
				"west": {"uv": [0, 0, 10, 1], "texture": "#0"},
				"up": {"uv": [0, 0, 1, 1], "texture": "#0"},
				"down": {"uv": [0, 0, 1, 1], "texture": "#0"}
			}
		},
		{
			"name": "octagon",
			"from": [7.5, 5.14289, -13.01],
			"to": [7.8, 5.55711, -3.01],
			"rotation": {"angle": 0, "axis": "z", "origin": [8, 5.35, -12]},
			"faces": {
				"north": {"uv": [1, 0, 2, 1], "texture": "#0"},
				"east": {"uv": [0, 0, 1, 1], "texture": "#0"},
				"south": {"uv": [0, 0, 1, 1], "texture": "#0"},
				"west": {"uv": [0, 1, 10, 2], "texture": "#0"},
				"up": {"uv": [0, 0, 1, 1], "texture": "#0"},
				"down": {"uv": [0, 0, 1, 1], "texture": "#0"}
			}
		},
		{
			"name": "octagon",
			"from": [8.2, 5.14289, -13],
			"to": [8.5, 5.55711, -3],
			"rotation": {"angle": 45, "axis": "z", "origin": [8, 5.35, -12]},
			"faces": {
				"north": {"uv": [2, 12, 3, 13], "texture": "#0"},
				"east": {"uv": [0, 0, 10, 1], "texture": "#0"},
				"south": {"uv": [0, 0, 1, 1], "texture": "#0"},
				"west": {"uv": [0, 0, 1, 1], "texture": "#0"},
				"up": {"uv": [0, 0, 1, 1], "texture": "#0"},
				"down": {"uv": [0, 0, 1, 1], "texture": "#0"}
			}
		},
		{
			"name": "octagon",
			"from": [8.2, 5.14289, -13.01],
			"to": [8.5, 5.55711, -3.01],
			"rotation": {"angle": 0, "axis": "z", "origin": [8, 5.35, -12]},
			"faces": {
				"north": {"uv": [1, 2, 2, 3], "texture": "#0"},
				"east": {"uv": [0, 0, 10, 1], "texture": "#0"},
				"south": {"uv": [0, 0, 1, 1], "texture": "#0"},
				"west": {"uv": [0, 0, 1, 1], "texture": "#0"},
				"up": {"uv": [0, 0, 1, 1], "texture": "#0"},
				"down": {"uv": [0, 0, 1, 1], "texture": "#0"}
			}
		},
		{
			"from": [7.6, 5.55, -11.5],
			"to": [8.4, 7.05, -11.1],
			"rotation": {"angle": 0, "axis": "y", "origin": [8, 6.3, -11.25]},
			"faces": {
				"north": {"uv": [1, 1, 2, 2.5], "texture": "#0"},
				"east": {"uv": [0, 0, 0.5, 1.5], "texture": "#0"},
				"south": {"uv": [0, 0, 1, 1.5], "texture": "#0"},
				"west": {"uv": [0, 0, 0.5, 1.5], "texture": "#0"},
				"up": {"uv": [0, 0, 1, 0.5], "texture": "#0"},
				"down": {"uv": [0, 0, 1, 0.5], "texture": "#0"}
			}
		},
		{
			"from": [7.6, 5.55, -11],
			"to": [8.4, 7.15, -10.6],
			"rotation": {"angle": -22.5, "axis": "x", "origin": [8, 6.3, -10.85]},
			"faces": {
				"north": {"uv": [1, 1, 2, 2.5], "texture": "#0"},
				"east": {"uv": [0, 0, 0.5, 1.5], "texture": "#0"},
				"south": {"uv": [0, 0, 1, 1.5], "texture": "#0"},
				"west": {"uv": [0, 0, 0.5, 1.5], "texture": "#0"},
				"up": {"uv": [0, 0, 1, 0.5], "texture": "#0"},
				"down": {"uv": [0, 0, 1, 0.5], "texture": "#0"}
			}
		},
		{
			"from": [7.4, 7.15, -11.5],
			"to": [7.5, 7.63, -10.9],
			"rotation": {"angle": 22.5, "axis": "z", "origin": [8, 7.65, -11.25]},
			"faces": {
				"north": {"uv": [0, 0, 0.25, 0.5], "texture": "#0"},
				"east": {"uv": [0, 0, 0.4, 0.5], "texture": "#0"},
				"south": {"uv": [1, 4, 2, 11], "texture": "#0"},
				"west": {"uv": [0, 0, 0.4, 0.5], "texture": "#0"},
				"up": {"uv": [0, 0, 0.25, 0.4], "texture": "#0"},
				"down": {"uv": [0, 0, 0.25, 0.4], "texture": "#0"}
			}
		},
		{
			"from": [7.4, 7.15, 1.1],
			"to": [7.8, 7.43, 3.4],
			"rotation": {"angle": 0, "axis": "z", "origin": [8, 7.65, 1.75]},
			"faces": {
				"north": {"uv": [0, 0, 0.25, 0.5], "texture": "#0"},
				"east": {"uv": [0, 0, 9.4, 1.5], "texture": "#0"},
				"south": {"uv": [2, 2, 5, 4], "texture": "#0"},
				"west": {"uv": [2, 1, 6.4, 2.5], "texture": "#0"},
				"up": {"uv": [0, 0, 1, 6], "texture": "#0"},
				"down": {"uv": [0, 0, 0.25, 0.4], "texture": "#0"}
			}
		},
		{
			"from": [7.2, 5.65, -2],
			"to": [8.8, 5.93, 1.2],
			"rotation": {"angle": 0, "axis": "y", "origin": [7.8, 6.15, -0.85]},
			"faces": {
				"north": {"uv": [0, 0, 0.25, 0.5], "texture": "#0"},
				"east": {"uv": [13, 8, 3, 9], "texture": "#0"},
				"south": {"uv": [6, 4, 7, 11], "texture": "#0"},
				"west": {"uv": [3, 8, 13, 9.5], "texture": "#0"},
				"up": {"uv": [3, 8, 13, 9], "rotation": 90, "texture": "#0"},
				"down": {"uv": [0, 0, 0.25, 0.4], "texture": "#0"}
			}
		},
		{
			"from": [8.2, 7.15, 1.1],
			"to": [8.6, 7.43, 3.4],
			"rotation": {"angle": 0, "axis": "y", "origin": [8.8, 7.65, 1.75]},
			"faces": {
				"north": {"uv": [0, 0, 0.25, 0.5], "texture": "#0"},
				"east": {"uv": [0, 0, 0.4, 0.5], "texture": "#0"},
				"south": {"uv": [8, 2, 11, 4], "texture": "#0"},
				"west": {"uv": [0, 0, 0.4, 0.5], "texture": "#0"},
				"up": {"uv": [2, 8, 3, 14], "texture": "#0"},
				"down": {"uv": [0, 0, 0.25, 0.4], "texture": "#0"}
			}
		},
		{
			"from": [7.95, 6.95, -11.5],
			"to": [8.05, 7.43, -10.9],
			"rotation": {"angle": 0, "axis": "z", "origin": [7.95, 7.19, -11.25]},
			"faces": {
				"north": {"uv": [0, 0, 0.25, 0.5], "texture": "#0"},
				"east": {"uv": [0, 0, 0.4, 0.5], "texture": "#0"},
				"south": {"uv": [2, 15, 3, 10], "texture": "#0"},
				"west": {"uv": [0, 0, 0.4, 0.5], "texture": "#0"},
				"up": {"uv": [0, 0, 0.25, 0.4], "texture": "#0"},
				"down": {"uv": [0, 0, 0.25, 0.4], "texture": "#0"}
			}
		},
		{
			"from": [8.3, 7.14, -11.5],
			"to": [8.4, 7.54, -10.9],
			"rotation": {"angle": 22.5, "axis": "z", "origin": [7.8, 7.65, -11.25]},
			"faces": {
				"north": {"uv": [0.25, 0, 0, 0.5], "texture": "#0"},
				"east": {"uv": [0.4, 0, 0, 0.5], "texture": "#0"},
				"south": {"uv": [1, 7, 0, 14], "texture": "#0"},
				"west": {"uv": [0.4, 0, 0, 0.5], "texture": "#0"},
				"up": {"uv": [0.25, 0, 0, 0.4], "texture": "#0"},
				"down": {"uv": [0.25, 0, 0, 0.4], "texture": "#0"}
			}
		},
		{
			"from": [8.5, 7.15, -11.5],
			"to": [8.6, 7.63, -10.9],
			"rotation": {"angle": -22.5, "axis": "z", "origin": [8, 7.65, -11.25]},
			"faces": {
				"north": {"uv": [0.25, 0, 0, 0.5], "texture": "#0"},
				"east": {"uv": [0.4, 0, 0, 0.5], "texture": "#0"},
				"south": {"uv": [1, 7, 0, 14], "texture": "#0"},
				"west": {"uv": [0.4, 0, 0, 0.5], "texture": "#0"},
				"up": {"uv": [0.25, 0, 0, 0.4], "texture": "#0"},
				"down": {"uv": [0.25, 0, 0, 0.4], "texture": "#0"}
			}
		},
		{
			"from": [7.6, 7.14, -11.5],
			"to": [7.7, 7.54, -10.9],
			"rotation": {"angle": -22.5, "axis": "z", "origin": [8.2, 7.65, -11.25]},
			"faces": {
				"north": {"uv": [0, 0, 0.25, 0.5], "texture": "#0"},
				"east": {"uv": [0, 0, 0.4, 0.5], "texture": "#0"},
				"south": {"uv": [0, 5, 1, 12], "texture": "#0"},
				"west": {"uv": [0, 0, 0.4, 0.5], "texture": "#0"},
				"up": {"uv": [0, 0, 0.25, 0.4], "texture": "#0"},
				"down": {"uv": [0, 0, 0.25, 0.4], "texture": "#0"}
			}
		},
		{
			"name": "octagon",
			"from": [7.84467, 4.975, -12.75],
			"to": [8.15533, 5.725, -12.75],
			"rotation": {"angle": 45, "axis": "z", "origin": [8, 5.35, -10.5]},
			"faces": {
				"north": {"uv": [15, 4, 16, 5], "texture": "#0"},
				"east": {"uv": [15, 4, 16, 5], "texture": "#0"},
				"south": {"uv": [15, 4, 16, 5], "texture": "#0"},
				"west": {"uv": [15, 4, 16, 5], "texture": "#0"},
				"up": {"uv": [15, 4, 16, 5], "texture": "#0"},
				"down": {"uv": [15, 4, 16, 5], "texture": "#0"}
			}
		},
		{
			"name": "octagon",
			"from": [7.84467, 4.975, -12.75],
			"to": [8.15533, 5.725, -12.75],
			"rotation": {"angle": 0, "axis": "y", "origin": [8, 5.35, -10.5]},
			"faces": {
				"north": {"uv": [15, 4, 16, 5], "texture": "#0"},
				"east": {"uv": [15, 4, 16, 5], "texture": "#0"},
				"south": {"uv": [15, 4, 16, 5], "texture": "#0"},
				"west": {"uv": [15, 4, 16, 5], "texture": "#0"},
				"up": {"uv": [15, 4, 16, 5], "texture": "#0"},
				"down": {"uv": [15, 4, 16, 5], "texture": "#0"}
			}
		},
		{
			"name": "octagon",
			"from": [7.625, 5.19467, -12.75],
			"to": [8.375, 5.50533, -12.75],
			"rotation": {"angle": 45, "axis": "z", "origin": [8, 5.35, -10.5]},
			"faces": {
				"north": {"uv": [15, 4, 16, 5], "texture": "#0"},
				"east": {"uv": [15, 4, 16, 5], "texture": "#0"},
				"south": {"uv": [15, 4, 16, 5], "texture": "#0"},
				"west": {"uv": [15, 4, 16, 5], "texture": "#0"},
				"up": {"uv": [15, 4, 16, 5], "texture": "#0"},
				"down": {"uv": [15, 4, 16, 5], "texture": "#0"}
			}
		},
		{
			"name": "octagon",
			"from": [7.625, 5.19467, -12.75],
			"to": [8.375, 5.50533, -12.75],
			"rotation": {"angle": 0, "axis": "y", "origin": [8, 5.35, -10.5]},
			"faces": {
				"north": {"uv": [15, 4, 16, 5], "texture": "#0"},
				"east": {"uv": [15, 4, 16, 5], "texture": "#0"},
				"south": {"uv": [15, 4, 16, 5], "texture": "#0"},
				"west": {"uv": [15, 4, 16, 5], "texture": "#0"},
				"up": {"uv": [15, 4, 16, 5], "texture": "#0"},
				"down": {"uv": [15, 4, 16, 5], "texture": "#0"}
			}
		},
		{
			"name": "octagon",
			"from": [8.23223, 4.95, 12],
			"to": [8.76777, 5.95, 22],
			"rotation": {"angle": 45, "axis": "z", "origin": [8.25, 4.7, 21]},
			"faces": {
				"north": {"uv": [15, 15, 16, 16], "texture": "#0"},
				"east": {"uv": [15, 15, 16, 16], "texture": "#0"},
				"south": {"uv": [14, 14, 15, 16], "texture": "#0"},
				"west": {"uv": [15, 15, 16, 16], "texture": "#0"},
				"up": {"uv": [15, 5, 16, 15], "texture": "#0"},
				"down": {"uv": [15, 15, 16, 16], "texture": "#0"}
			}
		},
		{
			"name": "octagon",
			"from": [7.73223, 2.35, 20],
			"to": [8.26777, 5.95, 22],
			"rotation": {"angle": 0, "axis": "z", "origin": [8, 5.2, 21]},
			"faces": {
				"north": {"uv": [15, 15, 16, 16], "texture": "#0"},
				"east": {"uv": [15, 15, 16, 16], "texture": "#0"},
				"south": {"uv": [15, 15, 16, 16], "texture": "#0"},
				"west": {"uv": [15, 15, 16, 16], "texture": "#0"},
				"up": {"uv": [15, 14, 16, 16], "texture": "#0"},
				"down": {"uv": [15, 15, 16, 16], "texture": "#0"}
			}
		},
		{
			"name": "octagon",
			"from": [7.73223, 4.95, 12],
			"to": [8.26777, 5.95, 20],
			"rotation": {"angle": 0, "axis": "y", "origin": [8, 5.2, 21]},
			"faces": {
				"north": {"uv": [15, 15, 16, 16], "texture": "#0"},
				"east": {"uv": [15, 15, 16, 16], "texture": "#0"},
				"south": {"uv": [15, 15, 16, 16], "texture": "#0"},
				"west": {"uv": [15, 15, 16, 16], "texture": "#0"},
				"up": {"uv": [15, 6, 16, 14], "texture": "#0"},
				"down": {"uv": [15, 15, 16, 16], "texture": "#0"}
			}
		},
		{
			"name": "octagon",
			"from": [8, 4.68223, 12],
			"to": [9, 5.21777, 22],
			"rotation": {"angle": 45, "axis": "z", "origin": [7.75, 4.7, 21]},
			"faces": {
				"north": {"uv": [15, 15, 16, 16], "texture": "#0"},
				"east": {"uv": [6, 15, 16, 16], "texture": "#0"},
				"south": {"uv": [13, 14, 15, 15], "texture": "#0"},
				"west": {"uv": [15, 15, 16, 16], "texture": "#0"},
				"up": {"uv": [15, 15, 16, 16], "texture": "#0"},
				"down": {"uv": [15, 15, 16, 16], "texture": "#0"}
			}
		},
		{
			"name": "octagon",
			"from": [8.23223, 2.7, 20],
			"to": [8.76777, 3.2, 22],
			"rotation": {"angle": 45, "axis": "z", "origin": [8.25, 1.95, 21]},
			"faces": {
				"north": {"uv": [15, 15, 16, 16], "texture": "#0"},
				"east": {"uv": [15, 15, 16, 16], "texture": "#0"},
				"south": {"uv": [14, 14, 15, 16], "texture": "#0"},
				"west": {"uv": [15, 15, 16, 16], "texture": "#0"},
				"up": {"uv": [15, 5, 16, 15], "texture": "#0"},
				"down": {"uv": [15, 15, 16, 16], "texture": "#0"}
			}
		},
		{
			"name": "octagon",
			"from": [8.5, 1.93223, 20],
			"to": [9, 2.46777, 22],
			"rotation": {"angle": 45, "axis": "z", "origin": [7.75, 1.95, 21]},
			"faces": {
				"north": {"uv": [15, 15, 16, 16], "texture": "#0"},
				"east": {"uv": [6, 15, 16, 16], "texture": "#0"},
				"south": {"uv": [13, 14, 15, 15], "texture": "#0"},
				"west": {"uv": [15, 15, 16, 16], "texture": "#0"},
				"up": {"uv": [15, 15, 16, 16], "texture": "#0"},
				"down": {"uv": [15, 15, 16, 16], "texture": "#0"}
			}
		},
		{
			"name": "octagon",
			"from": [7.35, 2.78223, 20.01],
			"to": [8.65, 5.58223, 22.01],
			"rotation": {"angle": 0, "axis": "z", "origin": [8, 5.3, 21]},
			"faces": {
				"north": {"uv": [15, 15, 16, 16], "texture": "#0"},
				"east": {"uv": [14, 13.25, 16, 15.75], "texture": "#0"},
				"south": {"uv": [14, 13, 16, 16], "texture": "#0"},
				"west": {"uv": [13, 11.25, 16, 15.75], "texture": "#0"},
				"up": {"uv": [15, 15, 16, 16], "texture": "#0"},
				"down": {"uv": [15, 15, 16, 16], "texture": "#0"}
			}
		},
		{
			"from": [7.35, 4.05, 12],
			"to": [8.65, 5.6, 20],
			"rotation": {"angle": 0, "axis": "y", "origin": [0, -0.2, 0]},
			"faces": {
				"north": {"uv": [13.5, 14.25, 16, 16], "texture": "#0"},
				"east": {"uv": [7, 13.25, 16, 16], "texture": "#0"},
				"south": {"uv": [13.5, 14.25, 16, 16], "texture": "#0"},
				"west": {"uv": [8, 13.25, 16, 16], "texture": "#0"},
				"up": {"uv": [13.5, 8, 16, 16], "texture": "#0"},
				"down": {"uv": [13.5, 8, 16, 16], "texture": "#0"}
			}
		},
		{
			"from": [7.36, 3.03076, 16.68995],
			"to": [8.649, 4.33076, 20.48995],
			"rotation": {"angle": 22.5, "axis": "x", "origin": [8.01, 3.78076, 19.48995]},
			"faces": {
				"north": {"uv": [13.5, 14.7, 16, 16], "texture": "#0"},
				"east": {"uv": [11, 14.7, 16, 16], "texture": "#0"},
				"south": {"uv": [13.5, 14.7, 16, 16], "texture": "#0"},
				"west": {"uv": [11, 14.7, 16, 16], "texture": "#0"},
				"up": {"uv": [13.5, 11, 16, 16], "texture": "#0"},
				"down": {"uv": [13.5, 11, 16, 16], "texture": "#0"}
			}
		},
		{
			"from": [7.35, 4.35, -3],
			"to": [8.65, 6.9, 1],
			"rotation": {"angle": 0, "axis": "y", "origin": [0, 0.6, -19]},
			"faces": {
				"north": {"uv": [13.5, 14.25, 16, 16], "texture": "#0"},
				"east": {"uv": [8, 12, 16, 16], "texture": "#0"},
				"south": {"uv": [13.5, 14.25, 16, 16], "texture": "#0"},
				"west": {"uv": [8, 12, 16, 16], "texture": "#0"},
				"up": {"uv": [13.5, 8, 16, 16], "texture": "#0"},
				"down": {"uv": [13.5, 8, 16, 16], "texture": "#0"}
			}
		},
		{
			"name": "octagon",
			"from": [8.23223, 6.25, -3],
			"to": [8.76777, 7.25, 1],
			"rotation": {"angle": 45, "axis": "z", "origin": [8.25, 6, 2]},
			"faces": {
				"north": {"uv": [15, 15, 16, 16], "texture": "#0"},
				"east": {"uv": [15, 15, 16, 16], "texture": "#0"},
				"south": {"uv": [14, 14, 15, 16], "texture": "#0"},
				"west": {"uv": [15, 15, 16, 16], "texture": "#0"},
				"up": {"uv": [15, 5, 16, 15], "texture": "#0"},
				"down": {"uv": [15, 15, 16, 16], "texture": "#0"}
			}
		},
		{
			"name": "octagon",
			"from": [8, 5.98223, -3],
			"to": [9, 6.51777, 1],
			"rotation": {"angle": 45, "axis": "z", "origin": [7.75, 6, 2]},
			"faces": {
				"north": {"uv": [15, 15, 16, 16], "texture": "#0"},
				"east": {"uv": [6, 15, 16, 16], "texture": "#0"},
				"south": {"uv": [13, 14, 15, 15], "texture": "#0"},
				"west": {"uv": [15, 15, 16, 16], "texture": "#0"},
				"up": {"uv": [15, 15, 16, 16], "texture": "#0"},
				"down": {"uv": [15, 15, 16, 16], "texture": "#0"}
			}
		},
		{
			"name": "octagon",
			"from": [7.73223, 5.75, -3],
			"to": [8.26777, 7.25, 1],
			"rotation": {"angle": 0, "axis": "y", "origin": [8, 6, 2]},
			"faces": {
				"north": {"uv": [15, 15, 16, 16], "texture": "#0"},
				"east": {"uv": [15, 15, 16, 16], "texture": "#0"},
				"south": {"uv": [15, 15, 16, 16], "texture": "#0"},
				"west": {"uv": [15, 15, 16, 16], "texture": "#0"},
				"up": {"uv": [15, 6, 16, 14], "texture": "#0"},
				"down": {"uv": [15, 15, 16, 16], "texture": "#0"}
			}
		},
		{
			"from": [7.19, 3.75, 0.5],
			"to": [8.792, 5.65, 3],
			"rotation": {"angle": 0, "axis": "y", "origin": [8, 5.45, 3]},
			"faces": {
				"north": {"uv": [14, 13.5, 16, 16], "texture": "#0"},
				"east": {"uv": [12, 13.5, 16, 16], "texture": "#0"},
				"south": {"uv": [14, 13.5, 16, 16], "texture": "#0"},
				"west": {"uv": [12, 13.5, 16, 16], "texture": "#0"},
				"up": {"uv": [14, 11, 16, 16], "texture": "#0"},
				"down": {"uv": [14, 11, 16, 16], "texture": "#0"}
			}
		},
		{
			"from": [7.19, 3.95, -0.8],
			"to": [8.792, 5.65, 0.6],
			"rotation": {"angle": 0, "axis": "y", "origin": [8, 5.45, 0.6]},
			"faces": {
				"north": {"uv": [14, 13.5, 16, 16], "texture": "#0"},
				"east": {"uv": [7, 12.5, 9, 15], "texture": "#0"},
				"south": {"uv": [14, 13.5, 16, 16], "texture": "#0"},
				"west": {"uv": [14, 10.5, 16, 13], "texture": "#0"},
				"up": {"uv": [14, 11, 16, 16], "texture": "#0"},
				"down": {"uv": [14, 11, 16, 16], "texture": "#0"}
			}
		},
		{
			"from": [7.19, 4.15, -2],
			"to": [8.792, 5.65, -0.8],
			"rotation": {"angle": 0, "axis": "y", "origin": [8, 5.45, -0.6]},
			"faces": {
				"north": {"uv": [14, 13.5, 16, 16], "texture": "#0"},
				"east": {"uv": [7, 13.5, 10, 16], "texture": "#0"},
				"south": {"uv": [14, 13.5, 16, 16], "texture": "#0"},
				"west": {"uv": [9, 13.5, 11, 16], "texture": "#0"},
				"up": {"uv": [14, 11, 16, 16], "texture": "#0"},
				"down": {"uv": [14, 11, 16, 16], "texture": "#0"}
			}
		},
		{
			"from": [7.5, -0.65, 10.5],
			"to": [8.5, 4.35, 12.5],
			"rotation": {"angle": -22.5, "axis": "x", "origin": [8, 1.5, 10.75]},
			"faces": {
				"north": {"uv": [14, 11, 16, 16], "texture": "#0"},
				"east": {"uv": [14, 11, 16, 16], "texture": "#0"},
				"south": {"uv": [14, 11, 16, 16], "texture": "#0"},
				"west": {"uv": [14, 11, 16, 16], "texture": "#0"},
				"up": {"uv": [14, 14, 16, 16], "texture": "#0"},
				"down": {"uv": [14, 14, 16, 16], "texture": "#0"}
			}
		},
		{
			"from": [7.75, 2.75, 8.5],
			"to": [8.25, 4.75, 10.5],
			"rotation": {"angle": 0, "axis": "y", "origin": [0, 0.5, 0]},
			"faces": {
				"north": {"uv": [0, 13, 2, 16], "texture": "#0"},
				"east": {"uv": [0, 13, 3, 16], "texture": "#0"},
				"south": {"uv": [0, 13, 2, 16], "texture": "#0"},
				"west": {"uv": [0, 13, 3, 16], "texture": "#0"},
				"up": {"uv": [0, 13, 2, 16], "texture": "#0"},
				"down": {"uv": [0, 13, 2, 16], "texture": "#0"}
			}
		},
		{
			"from": [7.25, 4, 1],
			"to": [8.75, 6.8, 11],
			"faces": {
				"north": {"uv": [0, 0, 2.5, 3], "texture": "#0"},
				"east": {"uv": [0, 0, 14, 4], "texture": "#0"},
				"south": {"uv": [0, 0, 2.5, 3], "texture": "#0"},
				"west": {"uv": [0, 0, 14, 4], "texture": "#0"},
				"up": {"uv": [0, 0, 2, 14], "texture": "#0"},
				"down": {"uv": [0, 0, 2, 14], "texture": "#0"}
			}
		},
		{
			"from": [7.25, 4, 11],
			"to": [8.75, 5.8, 12],
			"rotation": {"angle": 0, "axis": "y", "origin": [0, 0, 10]},
			"faces": {
				"north": {"uv": [0, 0, 2.5, 3], "texture": "#0"},
				"east": {"uv": [0, 0, 2, 3], "texture": "#0"},
				"south": {"uv": [0, 0, 2.5, 3], "texture": "#0"},
				"west": {"uv": [8, 1, 10, 4], "texture": "#0"},
				"up": {"uv": [0, 0, 2, 14], "texture": "#0"},
				"down": {"uv": [0, 0, 2, 14], "texture": "#0"}
			}
		},
		{
			"from": [7.251, 5.27, 14.1],
			"to": [8.749, 6.68, 15.51],
			"rotation": {"angle": -45, "axis": "x", "origin": [0, 1.3, 13.15]},
			"faces": {
				"north": {"uv": [0, 0, 2.5, 3], "texture": "#0"},
				"east": {"uv": [0, 0, 2, 2], "texture": "#0"},
				"south": {"uv": [0, 0, 2.5, 2], "texture": "#0"},
				"west": {"uv": [6, 1, 8, 3], "texture": "#0"},
				"up": {"uv": [0, 0, 2, 14], "texture": "#0"},
				"down": {"uv": [0, 0, 2, 14], "texture": "#0"}
			}
		},
		{
			"from": [7.1501, 5.67099, 1.00954],
			"to": [8.8481, 7.18099, 3.41954],
			"rotation": {"angle": 0, "axis": "x", "origin": [7.9991, 6.47599, 2.01454]},
			"faces": {
				"north": {"uv": [0, 0, 2.5, 3], "texture": "#0"},
				"east": {"uv": [0, 0, 2, 2], "texture": "#0"},
				"south": {"uv": [0, 0, 2.5, 2], "texture": "#0"},
				"west": {"uv": [6, 1, 8, 3], "texture": "#0"},
				"up": {"uv": [0, 0, 3, 3], "texture": "#0"},
				"down": {"uv": [0, 0, 2, 14], "texture": "#0"}
			}
		},
		{
			"from": [7.5001, -0.43, 5.03],
			"to": [8.5001, 2.07, 7.53],
			"rotation": {"angle": 22.5, "axis": "x", "origin": [8, 2.5, 6]},
			"faces": {
				"north": {"uv": [14, 0, 15, 3.5], "texture": "#0"},
				"east": {"uv": [16, 0, 14, 3.5], "texture": "#0"},
				"south": {"uv": [15, 0, 16, 3.5], "texture": "#0"},
				"west": {"uv": [14, 0, 16, 3.5], "texture": "#0"},
				"up": {"uv": [15, 0, 16, 2], "texture": "#0"},
				"down": {"uv": [14, 0, 15, 2], "texture": "#0"}
			}
		},
		{
			"from": [7.5, -2.85, 4.63],
			"to": [8.5, 0.15, 7.13],
			"rotation": {"angle": 45, "axis": "x", "origin": [8, 0.7, 5.6]},
			"faces": {
				"north": {"uv": [14, 0, 15, 3.5], "texture": "#0"},
				"east": {"uv": [16, 0, 14, 3.5], "texture": "#0"},
				"south": {"uv": [15, 0, 16, 3.5], "texture": "#0"},
				"west": {"uv": [14, 0, 16, 3.5], "texture": "#0"},
				"up": {"uv": [15, 0, 16, 2], "texture": "#0"},
				"down": {"uv": [14, 0, 15, 2], "texture": "#0"}
			}
		},
		{
			"from": [7.5, 1.5, 4.75],
			"to": [8.5, 4, 7.25],
			"rotation": {"angle": 0, "axis": "y", "origin": [0, -0.5, 0.25]},
			"faces": {
				"north": {"uv": [14, 0, 15, 2.5], "texture": "#0"},
				"east": {"uv": [16, 0, 14, 2.5], "texture": "#0"},
				"south": {"uv": [15, 0, 16, 2.5], "texture": "#0"},
				"west": {"uv": [14, 0, 16, 2.5], "texture": "#0"},
				"up": {"uv": [15, 0, 16, 2], "texture": "#0"},
				"down": {"uv": [15, 0, 16, 2], "texture": "#0"}
			}
		},
		{
			"name": "octagon",
			"from": [7.79289, 5.35, -7.17],
			"to": [8.20711, 6.35, -5.32],
			"rotation": {"angle": -45, "axis": "x", "origin": [8, 5.85, -6.585]},
			"faces": {
				"north": {"uv": [1, 0, 2, 1], "texture": "#0"},
				"east": {"uv": [0, 0, 1, 1], "texture": "#0"},
				"south": {"uv": [0, 0, 1, 1], "texture": "#0"},
				"west": {"uv": [0, 0, 1, 1], "texture": "#0"},
				"up": {"uv": [0, 0, 1, 4], "texture": "#0"},
				"down": {"uv": [0, 0, 1, 4], "texture": "#0"}
			}
		},
		{
			"name": "octagon",
			"from": [7.5, 5.64289, -6.86],
			"to": [8.5, 6.05711, -5.51],
			"rotation": {"angle": -45, "axis": "x", "origin": [8, 5.85, -6.585]},
			"faces": {
				"north": {"uv": [1, 1, 2, 2], "texture": "#0"},
				"east": {"uv": [0, 0, 4, 1], "texture": "#0"},
				"south": {"uv": [0, 0, 1, 1], "texture": "#0"},
				"west": {"uv": [0, 0, 4, 1], "texture": "#0"},
				"up": {"uv": [0, 0, 1, 1], "texture": "#0"},
				"down": {"uv": [0, 0, 1, 1], "texture": "#0"}
			}
		},
		{
			"name": "octagon",
			"from": [7.79289, 6.1, -6],
			"to": [8.20711, 7.1, -3],
			"rotation": {"angle": 45, "axis": "z", "origin": [8, 6.6, -4]},
			"faces": {
				"north": {"uv": [2, 2, 3, 3], "texture": "#0"},
				"east": {"uv": [0, 0, 1, 1], "texture": "#0"},
				"south": {"uv": [0, 0, 1, 1], "texture": "#0"},
				"west": {"uv": [0, 0, 1, 1], "texture": "#0"},
				"up": {"uv": [0, 0, 1, 4], "texture": "#0"},
				"down": {"uv": [0, 0, 1, 4], "texture": "#0"}
			}
		},
		{
			"name": "octagon",
			"from": [7.79289, 6.1, -6.02],
			"to": [8.20711, 7.1, -3.02],
			"rotation": {"angle": 0, "axis": "y", "origin": [8, 6.6, -4]},
			"faces": {
				"north": {"uv": [1, 0, 2, 1], "texture": "#0"},
				"east": {"uv": [0, 0, 1, 1], "texture": "#0"},
				"south": {"uv": [0, 0, 1, 1], "texture": "#0"},
				"west": {"uv": [0, 0, 1, 1], "texture": "#0"},
				"up": {"uv": [0, 0, 1, 4], "texture": "#0"},
				"down": {"uv": [0, 0, 1, 4], "texture": "#0"}
			}
		},
		{
			"name": "octagon",
			"from": [7.5, 6.39289, -6],
			"to": [8.5, 6.80711, -3],
			"rotation": {"angle": 45, "axis": "z", "origin": [8, 6.6, -4]},
			"faces": {
				"north": {"uv": [0, 2, 1, 3], "texture": "#0"},
				"east": {"uv": [0, 0, 4, 1], "texture": "#0"},
				"south": {"uv": [0, 0, 1, 1], "texture": "#0"},
				"west": {"uv": [0, 0, 4, 1], "texture": "#0"},
				"up": {"uv": [0, 0, 1, 1], "texture": "#0"},
				"down": {"uv": [0, 0, 1, 1], "texture": "#0"}
			}
		},
		{
			"name": "octagon",
			"from": [7.5, 6.39289, -6.01],
			"to": [8.5, 6.80711, -3.01],
			"rotation": {"angle": 0, "axis": "y", "origin": [8, 6.6, -4]},
			"faces": {
				"north": {"uv": [1, 1, 2, 2], "texture": "#0"},
				"east": {"uv": [0, 0, 4, 1], "texture": "#0"},
				"south": {"uv": [0, 0, 1, 1], "texture": "#0"},
				"west": {"uv": [0, 0, 4, 1], "texture": "#0"},
				"up": {"uv": [0, 0, 1, 1], "texture": "#0"},
				"down": {"uv": [0, 0, 1, 1], "texture": "#0"}
			}
		},
		{
			"name": "octagon",
			"from": [7.79289, 4.85, -13],
			"to": [8.20711, 5.15, -3],
			"rotation": {"angle": 45, "axis": "z", "origin": [8, 5.35, -12]},
			"faces": {
				"north": {"uv": [0, 0, 1, 1], "texture": "#0"},
				"east": {"uv": [0, 0, 1, 1], "texture": "#0"},
				"south": {"uv": [0, 0, 1, 1], "texture": "#0"},
				"west": {"uv": [0, 0, 1, 1], "texture": "#0"},
				"up": {"uv": [0, 0, 1, 1], "texture": "#0"},
				"down": {"uv": [0, 0, 1, 10], "texture": "#0"}
			}
		},
		{
			"name": "octagon",
			"from": [7.79289, 4.85, -13.01],
			"to": [8.20711, 5.15, -3.01],
			"rotation": {"angle": 0, "axis": "z", "origin": [8, 5.35, -12]},
			"faces": {
				"north": {"uv": [0, 1, 1, 2], "texture": "#0"},
				"east": {"uv": [0, 0, 1, 1], "texture": "#0"},
				"south": {"uv": [0, 0, 1, 1], "texture": "#0"},
				"west": {"uv": [0, 0, 1, 1], "texture": "#0"},
				"up": {"uv": [0, 0, 1, 1], "texture": "#0"},
				"down": {"uv": [0, 0, 1, 10], "texture": "#0"}
			}
		},
		{
			"name": "octagon",
			"from": [7.79289, 5.55, -13],
			"to": [8.20711, 5.85, -3],
			"rotation": {"angle": 45, "axis": "z", "origin": [8, 5.35, -12]},
			"faces": {
				"north": {"uv": [0, 0, 1, 1], "texture": "#0"},
				"east": {"uv": [0, 0, 1, 1], "texture": "#0"},
				"south": {"uv": [0, 0, 1, 1], "texture": "#0"},
				"west": {"uv": [0, 0, 1, 1], "texture": "#0"},
				"up": {"uv": [0, 0, 1, 10], "texture": "#0"},
				"down": {"uv": [0, 0, 1, 1], "texture": "#0"}
			}
		}
	],
	"display": {
		"thirdperson_righthand": {
			"translation": [0, 3.25, 0.25],
			"scale": [0.81, 0.81, 0.81]
		},
		"thirdperson_lefthand": {
			"translation": [-12, 4, 0]
		},
		"firstperson_righthand": {
			"translation": [-8.97, 18.5, 13],
			"scale": [1, 1, 0.75]
		},
		"firstperson_lefthand": {
			"translation": [-18, 5.5, 3]
		},
		"ground": {
			"rotation": [0, 0, -90],
			"translation": [3.25, -2.25, 1.5],
			"scale": [0.9, 0.9, 0.9]
		},
		"gui": {
			"rotation": [28, 136, -23],
			"translation": [1.5, 5, 0]
		},
		"head": {
			"translation": [0, 9.75, -13.75],
			"scale": [3, 3, 0.5]
		},
		"fixed": {
			"rotation": [0, -90, 0],
			"translation": [-1.75, 3.5, 1]
		}
	},
	"groups": [
		0,
		1,
		2,
		3,
		4,
		5,
		6,
		7,
		8,
		9,
		10,
		11,
		12,
		13,
		14,
		15,
		16,
		17,
		18,
		{
			"name": "stock",
			"origin": [8, 8, 8],
			"color": 0,
			"children": [19, 20, 21, 22, 23, 24, 25, 26, 27]
		},
		{
			"name": "gun_base",
			"origin": [0, 0, 0],
			"color": 0,
			"children": [28, 29, 30, 31]
		},
		{
			"name": "magazine",
			"origin": [0, -0.5, -0.25],
			"color": 0,
			"children": [32, 33]
		},
		{
			"name": "above_barrel",
			"origin": [8, 8, 8],
			"color": 0,
			"children": [34, 35, 36, 37]
		},
		{
			"name": "barrel",
			"origin": [8, 8, 8],
			"color": 0,
			"children": [38, 39, 40, 41, 42, 43, 44, 45]
		},
		{
			"name": "iron_sight",
			"origin": [0, 0, 0],
			"color": 0,
			"children": [46, 47, 48]
		},
		{
			"name": "hole",
			"origin": [8, 8, 8],
			"color": 0,
			"children": [49, 50, 51, 52]
		}
	]
}