{
	"format_version": "1.21.6",
	"credit": "Made with Blockbench",
	"textures": {
		"0": "chems_guns:item/gun_ammo/ak50",
		"1": "chems_guns:item/gun_ammo/20mmholes",
		"2": "chems_guns:item/gun_ammo/bm50",
		"3": "chems_guns:item/gun_ammo/sniper_scope",
		"particle": "chems_guns:item/gun_ammo/ak50"
	},
	"elements": [
		{
			"name": "octagon",
			"from": [7.31092, 8.06065, 5.7501],
			"to": [7.46092, 8.63556, 10.7501],
			"rotation": {"angle": 0, "axis": "y", "origin": [8.01092, 8.3481, 8.2501]},
			"faces": {
				"north": {"uv": [2, 10, 0, 10.5], "rotation": 90, "texture": "#2"},
				"east": {"uv": [9.5, 4, 8.5, 10], "rotation": 270, "texture": "#2"},
				"south": {"uv": [2.5, 11.5, 0.5, 12], "rotation": 270, "texture": "#2"},
				"west": {"uv": [3.5, 11.5, 11, 10], "texture": "#2"},
				"up": {"uv": [2, 10, 0, 12], "rotation": 270, "texture": "#2"},
				"down": {"uv": [11, 10, 0, 11.5], "rotation": 270, "texture": "#2"}
			}
		},
		{
			"name": "octagon",
			"from": [7.72346, 7.6481, 5.7501],
			"to": [8.29837, 7.79811, 10.7501],
			"rotation": {"angle": -45, "axis": "z", "origin": [8.01092, 8.3481, 8.2501]},
			"faces": {
				"north": {"uv": [2, 10, 0, 10.5], "rotation": 180, "texture": "#2"},
				"east": {"uv": [11, 10, 0, 11.5], "rotation": 180, "texture": "#2"},
				"south": {"uv": [0.5, 11.5, 2.5, 12], "rotation": 180, "texture": "#2"},
				"west": {"uv": [2, 10, 0, 12], "rotation": 180, "texture": "#2"},
				"up": {"uv": [9.5, 4, 8.5, 10], "rotation": 180, "texture": "#2"},
				"down": {"uv": [3.5, 11.5, 11, 10], "rotation": 90, "texture": "#2"}
			}
		},
		{
			"name": "octagon",
			"from": [7.72346, 7.6481, 5.7501],
			"to": [8.29837, 7.79811, 10.7501],
			"rotation": {"angle": 0, "axis": "z", "origin": [8.01092, 8.3481, 8.2501]},
			"faces": {
				"north": {"uv": [2, 10, 0, 10.5], "rotation": 180, "texture": "#2"},
				"east": {"uv": [11, 10, 0, 11.5], "rotation": 180, "texture": "#2"},
				"south": {"uv": [2.5, 11.5, 0.5, 12], "rotation": 180, "texture": "#2"},
				"west": {"uv": [2, 10, 0, 12], "rotation": 180, "texture": "#2"},
				"up": {"uv": [9.5, 4, 8.5, 10], "rotation": 180, "texture": "#2"},
				"down": {"uv": [3.5, 11.5, 11, 10], "rotation": 90, "texture": "#2"}
			}
		},
		{
			"name": "octagon",
			"from": [8.56092, 8.06065, 5.7501],
			"to": [8.71092, 8.63556, 10.7501],
			"rotation": {"angle": -45, "axis": "z", "origin": [8.01092, 8.3481, 8.2501]},
			"faces": {
				"north": {"uv": [2, 10, 0, 10.5], "rotation": 270, "texture": "#2"},
				"east": {"uv": [1.5, 10, 9, 11.5], "texture": "#2"},
				"south": {"uv": [0.5, 11.5, 2.5, 12], "rotation": 90, "texture": "#2"},
				"west": {"uv": [9.5, 4, 8.5, 10], "rotation": 90, "texture": "#2"},
				"up": {"uv": [11, 10, 0, 11.5], "rotation": 90, "texture": "#2"},
				"down": {"uv": [2, 10, 0, 12], "rotation": 90, "texture": "#2"}
			}
		},
		{
			"name": "octagon",
			"from": [8.56092, 8.06065, 5.7501],
			"to": [8.71092, 8.63556, 10.7501],
			"rotation": {"angle": 0, "axis": "z", "origin": [8.01092, 8.3481, 8.2501]},
			"faces": {
				"north": {"uv": [2, 10, 0, 10.5], "rotation": 270, "texture": "#2"},
				"east": {"uv": [1.5, 11.5, 9, 10], "texture": "#2"},
				"south": {"uv": [2.5, 11.5, 0.5, 12], "rotation": 90, "texture": "#2"},
				"west": {"uv": [9.5, 4, 8.5, 10], "rotation": 90, "texture": "#2"},
				"up": {"uv": [11, 10, 0, 11.5], "rotation": 90, "texture": "#2"},
				"down": {"uv": [2, 10, 0, 12], "rotation": 90, "texture": "#2"}
			}
		},
		{
			"name": "octagon",
			"from": [7.31092, 8.06065, 5.7501],
			"to": [7.46092, 8.63556, 10.7501],
			"rotation": {"angle": -45, "axis": "z", "origin": [8.01092, 8.3481, 8.2501]},
			"faces": {
				"north": {"uv": [2, 10, 0, 10.5], "rotation": 90, "texture": "#2"},
				"east": {"uv": [9.5, 4, 8.5, 10], "rotation": 270, "texture": "#2"},
				"south": {"uv": [0.5, 11.5, 2.5, 12], "rotation": 270, "texture": "#2"},
				"west": {"uv": [11, 11.5, 3.5, 10], "texture": "#2"},
				"up": {"uv": [2, 10, 0, 12], "rotation": 270, "texture": "#2"},
				"down": {"uv": [11, 10, 0, 11.5], "rotation": 270, "texture": "#2"}
			}
		},
		{
			"name": "octagon",
			"from": [7.82346, 8.9981, 10.3501],
			"to": [8.39837, 9.1481, 10.6501],
			"rotation": {"angle": -45, "axis": "z", "origin": [8.11092, 8.4481, 8.8501]},
			"faces": {
				"north": {"uv": [2, 10, 0, 10.5], "texture": "#2"},
				"east": {"uv": [2, 10, 0, 12], "texture": "#2"},
				"south": {"uv": [2.5, 11.5, 0.5, 12], "texture": "#2"},
				"west": {"uv": [11, 10, 0, 11.5], "texture": "#2"},
				"up": {"uv": [11, 11.5, 10, 10], "rotation": 90, "texture": "#2"},
				"down": {"uv": [3, 10.5, 1.5, 12.5], "texture": "#2"}
			}
		},
		{
			"name": "octagon",
			"from": [8.66092, 7.96065, 10.3501],
			"to": [8.81092, 8.53556, 10.6501],
			"rotation": {"angle": -45, "axis": "z", "origin": [8.11092, 8.2481, 8.8501]},
			"faces": {
				"north": {"uv": [2, 10, 0, 10.5], "rotation": 270, "texture": "#2"},
				"east": {"uv": [8, 10, 9, 11.5], "texture": "#2"},
				"south": {"uv": [2.5, 11.5, 0.5, 12], "rotation": 90, "texture": "#2"},
				"west": {"uv": [3, 10.5, 1.5, 12.5], "rotation": 90, "texture": "#2"},
				"up": {"uv": [11, 10.5, 10, 11.5], "rotation": 90, "texture": "#2"},
				"down": {"uv": [2, 10, 0, 12], "rotation": 90, "texture": "#2"}
			}
		},
		{
			"name": "octagon",
			"from": [7.62347, 7.54811, 10.3501],
			"to": [8.19837, 7.69811, 10.6501],
			"rotation": {"angle": -45, "axis": "z", "origin": [7.91092, 8.2481, 8.8501]},
			"faces": {
				"north": {"uv": [2, 10, 0, 10.5], "rotation": 180, "texture": "#2"},
				"east": {"uv": [11, 10, 0, 11.5], "rotation": 180, "texture": "#2"},
				"south": {"uv": [2.5, 11.5, 0.5, 12], "rotation": 180, "texture": "#2"},
				"west": {"uv": [1, 10, 0, 11], "rotation": 180, "texture": "#2"},
				"up": {"uv": [3, 10.5, 1.5, 12.5], "rotation": 180, "texture": "#2"},
				"down": {"uv": [10, 11.5, 11, 10], "rotation": 90, "texture": "#2"}
			}
		},
		{
			"name": "octagon",
			"from": [7.21092, 8.16065, 10.3501],
			"to": [7.36092, 8.73556, 10.6501],
			"rotation": {"angle": -45, "axis": "z", "origin": [7.91092, 8.4481, 8.8501]},
			"faces": {
				"north": {"uv": [2, 10, 0, 10.5], "rotation": 90, "texture": "#2"},
				"east": {"uv": [3, 10.5, 1.5, 12.5], "rotation": 270, "texture": "#2"},
				"south": {"uv": [2.5, 11.5, 0.5, 12], "rotation": 270, "texture": "#2"},
				"west": {"uv": [11, 11.5, 10, 10], "texture": "#2"},
				"up": {"uv": [2, 10, 0, 12], "rotation": 270, "texture": "#2"},
				"down": {"uv": [1, 10, 0, 11], "rotation": 270, "texture": "#2"}
			}
		},
		{
			"name": "octagon",
			"from": [7.60163, 7.5519, 5.85],
			"to": [8.37654, 7.7019, 6.152],
			"rotation": {"angle": 0, "axis": "y", "origin": [8, 8.35, 6]},
			"faces": {
				"north": {"uv": [2, 10, 0, 10.5], "rotation": 180, "texture": "#2"},
				"east": {"uv": [1, 10, 0, 11], "rotation": 180, "texture": "#2"},
				"south": {"uv": [2.5, 11.5, 0.5, 12], "rotation": 180, "texture": "#2"},
				"west": {"uv": [2, 10, 0, 12], "rotation": 180, "texture": "#2"},
				"up": {"uv": [3, 10.5, 1.5, 12.5], "rotation": 180, "texture": "#2"},
				"down": {"uv": [11, 11.5, 10, 10], "rotation": 270, "texture": "#2"}
			}
		},
		{
			"name": "octagon",
			"from": [8.66092, 7.96065, 5.8501],
			"to": [8.81092, 8.53556, 6.1501],
			"rotation": {"angle": -45, "axis": "z", "origin": [8.11092, 8.2481, 4.3501]},
			"faces": {
				"north": {"uv": [2, 10, 0, 10.5], "rotation": 270, "texture": "#2"},
				"east": {"uv": [8, 10, 9, 11.5], "texture": "#2"},
				"south": {"uv": [2.5, 11.5, 0.5, 12], "rotation": 90, "texture": "#2"},
				"west": {"uv": [3, 10.5, 1.5, 12.5], "rotation": 90, "texture": "#2"},
				"up": {"uv": [11, 10.5, 10, 11.5], "rotation": 90, "texture": "#2"},
				"down": {"uv": [2, 10, 0, 12], "rotation": 90, "texture": "#2"}
			}
		},
		{
			"name": "octagon",
			"from": [8.6481, 7.95163, 5.85],
			"to": [8.7981, 8.72654, 6.152],
			"rotation": {"angle": 0, "axis": "y", "origin": [8, 8.35, 6]},
			"faces": {
				"north": {"uv": [2, 10, 0, 10.5], "rotation": 270, "texture": "#2"},
				"east": {"uv": [11, 11.5, 10, 10], "rotation": 180, "texture": "#2"},
				"south": {"uv": [2.5, 11.5, 0.5, 12], "rotation": 90, "texture": "#2"},
				"west": {"uv": [3, 10.5, 1.5, 12.5], "rotation": 90, "texture": "#2"},
				"up": {"uv": [1, 10, 0, 11], "rotation": 90, "texture": "#2"},
				"down": {"uv": [2, 10, 0, 12], "rotation": 90, "texture": "#2"}
			}
		},
		{
			"name": "octagon",
			"from": [7.82346, 8.9981, 5.8501],
			"to": [8.39837, 9.1481, 6.1501],
			"rotation": {"angle": -45, "axis": "z", "origin": [8.11092, 8.4481, 4.3501]},
			"faces": {
				"north": {"uv": [2, 10, 0, 10.5], "texture": "#2"},
				"east": {"uv": [2, 10, 0, 12], "texture": "#2"},
				"south": {"uv": [2.5, 11.5, 0.5, 12], "texture": "#2"},
				"west": {"uv": [11, 10, 0, 11.5], "texture": "#2"},
				"up": {"uv": [11, 11.5, 10, 10], "rotation": 90, "texture": "#2"},
				"down": {"uv": [3, 10.5, 1.5, 12.5], "texture": "#2"}
			}
		},
		{
			"name": "octagon",
			"from": [7.62347, 7.54811, 5.8501],
			"to": [8.19837, 7.69811, 6.1501],
			"rotation": {"angle": -45, "axis": "z", "origin": [7.91092, 8.2481, 4.3501]},
			"faces": {
				"north": {"uv": [2, 10, 0, 10.5], "rotation": 180, "texture": "#2"},
				"east": {"uv": [11, 10, 0, 11.5], "rotation": 180, "texture": "#2"},
				"south": {"uv": [2.5, 11.5, 0.5, 12], "rotation": 180, "texture": "#2"},
				"west": {"uv": [1, 10, 0, 11], "rotation": 180, "texture": "#2"},
				"up": {"uv": [3, 10.5, 1.5, 12.5], "rotation": 180, "texture": "#2"},
				"down": {"uv": [10, 11.5, 11, 10], "rotation": 90, "texture": "#2"}
			}
		},
		{
			"name": "octagon",
			"from": [7.2019, 7.97346, 5.85],
			"to": [7.3519, 8.74837, 6.152],
			"rotation": {"angle": 0, "axis": "y", "origin": [8, 8.35, 6]},
			"faces": {
				"north": {"uv": [2, 10, 0, 10.5], "rotation": 90, "texture": "#2"},
				"east": {"uv": [3, 10.5, 1.5, 12.5], "rotation": 270, "texture": "#2"},
				"south": {"uv": [2.5, 11.5, 0.5, 12], "rotation": 270, "texture": "#2"},
				"west": {"uv": [11, 11.5, 10, 10], "texture": "#2"},
				"up": {"uv": [2, 10, 0, 12], "rotation": 270, "texture": "#2"},
				"down": {"uv": [1, 10, 0, 11], "rotation": 270, "texture": "#2"}
			}
		},
		{
			"name": "octagon",
			"from": [7.62347, 8.9981, 5.85],
			"to": [8.39837, 9.1481, 6.152],
			"rotation": {"angle": 0, "axis": "y", "origin": [8, 8.35, 6]},
			"faces": {
				"north": {"uv": [2, 10, 0, 10.5], "texture": "#2"},
				"east": {"uv": [2, 10, 0, 12], "texture": "#2"},
				"south": {"uv": [2.5, 11.5, 0.5, 12], "texture": "#2"},
				"west": {"uv": [1, 10, 0, 11], "texture": "#2"},
				"up": {"uv": [11, 11.5, 10, 10], "rotation": 90, "texture": "#2"},
				"down": {"uv": [3, 10.5, 1.5, 12.5], "texture": "#2"}
			}
		},
		{
			"name": "octagon",
			"from": [7.21092, 8.16065, 5.8501],
			"to": [7.36092, 8.73556, 6.1501],
			"rotation": {"angle": -45, "axis": "z", "origin": [7.91092, 8.4481, 4.3501]},
			"faces": {
				"north": {"uv": [2, 10, 0, 10.5], "rotation": 90, "texture": "#2"},
				"east": {"uv": [3, 10.5, 1.5, 12.5], "rotation": 270, "texture": "#2"},
				"south": {"uv": [2.5, 11.5, 0.5, 12], "rotation": 270, "texture": "#2"},
				"west": {"uv": [11, 11.5, 10, 10], "texture": "#2"},
				"up": {"uv": [2, 10, 0, 12], "rotation": 270, "texture": "#2"},
				"down": {"uv": [1, 10, 0, 11], "rotation": 270, "texture": "#2"}
			}
		},
		{
			"name": "octagon",
			"from": [7.62347, 8.9981, 10.35],
			"to": [8.39837, 9.1481, 10.652],
			"rotation": {"angle": 0, "axis": "z", "origin": [8, 8.35, 10.5]},
			"faces": {
				"north": {"uv": [2, 10, 0, 10.5], "texture": "#2"},
				"east": {"uv": [2, 10, 0, 12], "texture": "#2"},
				"south": {"uv": [2.5, 11.5, 0.5, 12], "texture": "#2"},
				"west": {"uv": [1, 10, 0, 11], "texture": "#2"},
				"up": {"uv": [11, 11.5, 10, 10], "rotation": 90, "texture": "#2"},
				"down": {"uv": [3, 10.5, 1.5, 12.5], "texture": "#2"}
			}
		},
		{
			"name": "octagon",
			"from": [7.2019, 7.97346, 10.35],
			"to": [7.3519, 8.74837, 10.652],
			"rotation": {"angle": 0, "axis": "z", "origin": [8, 8.35, 10.5]},
			"faces": {
				"north": {"uv": [2, 10, 0, 10.5], "rotation": 90, "texture": "#2"},
				"east": {"uv": [3, 10.5, 1.5, 12.5], "rotation": 270, "texture": "#2"},
				"south": {"uv": [2.5, 11.5, 0.5, 12], "rotation": 270, "texture": "#2"},
				"west": {"uv": [11, 11.5, 10, 10], "texture": "#2"},
				"up": {"uv": [2, 10, 0, 12], "rotation": 270, "texture": "#2"},
				"down": {"uv": [1, 10, 0, 11], "rotation": 270, "texture": "#2"}
			}
		},
		{
			"name": "octagon",
			"from": [7.60163, 7.5519, 10.35],
			"to": [8.37654, 7.7019, 10.652],
			"rotation": {"angle": 0, "axis": "z", "origin": [8, 8.35, 10.5]},
			"faces": {
				"north": {"uv": [2, 10, 0, 10.5], "rotation": 180, "texture": "#2"},
				"east": {"uv": [1, 10, 0, 11], "rotation": 180, "texture": "#2"},
				"south": {"uv": [2.5, 11.5, 0.5, 12], "rotation": 180, "texture": "#2"},
				"west": {"uv": [2, 10, 0, 12], "rotation": 180, "texture": "#2"},
				"up": {"uv": [3, 10.5, 1.5, 12.5], "rotation": 180, "texture": "#2"},
				"down": {"uv": [11, 11.5, 10, 10], "rotation": 270, "texture": "#2"}
			}
		},
		{
			"name": "octagon",
			"from": [8.6481, 7.95163, 10.35],
			"to": [8.7981, 8.72654, 10.652],
			"rotation": {"angle": 0, "axis": "z", "origin": [8, 8.35, 10.5]},
			"faces": {
				"north": {"uv": [2, 10, 0, 10.5], "rotation": 270, "texture": "#2"},
				"east": {"uv": [11, 11.5, 10, 10], "rotation": 180, "texture": "#2"},
				"south": {"uv": [2.5, 11.5, 0.5, 12], "rotation": 90, "texture": "#2"},
				"west": {"uv": [3, 10.5, 1.5, 12.5], "rotation": 90, "texture": "#2"},
				"up": {"uv": [1, 10, 0, 11], "rotation": 90, "texture": "#2"},
				"down": {"uv": [2, 10, 0, 12], "rotation": 90, "texture": "#2"}
			}
		},
		{
			"name": "octagon",
			"from": [7.72346, 8.8981, 5.7501],
			"to": [8.29837, 9.0481, 10.7501],
			"rotation": {"angle": 0, "axis": "z", "origin": [8.01092, 8.3481, 8.2501]},
			"faces": {
				"north": {"uv": [2, 10, 0, 10.5], "texture": "#2"},
				"east": {"uv": [2, 10, 0, 12], "texture": "#2"},
				"south": {"uv": [2.5, 11.5, 0.5, 12], "texture": "#2"},
				"west": {"uv": [11, 10, 0, 11.5], "texture": "#2"},
				"up": {"uv": [3.5, 10, 11, 11.5], "rotation": 90, "texture": "#2"},
				"down": {"uv": [9.5, 4, 8.5, 10], "texture": "#2"}
			}
		},
		{
			"name": "octagon",
			"from": [7.72346, 8.8981, 5.7501],
			"to": [8.29837, 9.0481, 10.7501],
			"rotation": {"angle": -45, "axis": "z", "origin": [8.01092, 8.3481, 8.2501]},
			"faces": {
				"north": {"uv": [2, 10, 0, 10.5], "texture": "#2"},
				"east": {"uv": [2, 10, 0, 12], "texture": "#2"},
				"south": {"uv": [0.5, 11.5, 2.5, 12], "texture": "#2"},
				"west": {"uv": [11, 10, 0, 11.5], "texture": "#2"},
				"up": {"uv": [11, 11.5, 3.5, 10], "rotation": 90, "texture": "#2"},
				"down": {"uv": [9.5, 6.5, 8, 8.5], "texture": "#2"}
			}
		},
		{
			"name": "octagon",
			"from": [7.71092, 7.21065, 6.7501],
			"to": [8.33222, 7.71065, 9.7501],
			"rotation": {"angle": 0, "axis": "y", "origin": [8.02157, 6.21065, 8.2501]},
			"faces": {
				"north": {"uv": [2, 10, 0, 10.5], "rotation": 270, "texture": "#2"},
				"east": {"uv": [3.5, 11, 1.5, 13], "rotation": 90, "texture": "#2"},
				"south": {"uv": [2.5, 11.5, 0.5, 12], "rotation": 90, "texture": "#2"},
				"west": {"uv": [3, 10.5, 1.5, 12.5], "rotation": 90, "texture": "#2"},
				"up": {"uv": [0, 11.5, 11, 10], "rotation": 90, "texture": "#2"},
				"down": {"uv": [2, 10, 0, 12], "rotation": 90, "texture": "#2"}
			}
		},
		{
			"from": [7.4, 7.8, 10.5],
			"to": [8.6, 8.9, 10.5],
			"rotation": {"angle": 0, "axis": "y", "origin": [8, 8.35, 10.5]},
			"faces": {
				"north": {"uv": [0, 0, 0, 0], "texture": "#2"},
				"east": {"uv": [4.5, 13, 5, 16], "texture": "#2"},
				"south": {"uv": [4, 4, 12.25, 12.25], "texture": "#3"},
				"west": {"uv": [7, 13, 7.5, 16], "texture": "#2"},
				"up": {"uv": [4.5, 13, 7.5, 13.5], "texture": "#2"},
				"down": {"uv": [4.5, 15.5, 7.5, 16], "texture": "#2"}
			}
		},
		{
			"from": [7.45, 7.8, 6],
			"to": [8.55, 8.9, 6],
			"rotation": {"angle": 0, "axis": "y", "origin": [8, 8.35, 6]},
			"faces": {
				"north": {"uv": [4, 4, 12.25, 12.25], "texture": "#3"},
				"east": {"uv": [7, 13, 7.5, 16], "texture": "#2"},
				"south": {"uv": [0, 0, 16, 16], "texture": "#3"},
				"west": {"uv": [4.5, 13, 5, 16], "texture": "#2"},
				"up": {"uv": [4.5, 13, 7.5, 13.5], "rotation": 180, "texture": "#2"},
				"down": {"uv": [4.5, 15.5, 7.5, 16], "rotation": 180, "texture": "#2"}
			}
		},
		{
			"from": [7.325, 5.875, -16],
			"to": [8.675, 6.075, -12],
			"rotation": {"angle": 0, "axis": "z", "origin": [8, 5.325, -14]},
			"faces": {
				"north": {"uv": [13, 13, 13.5, 16], "rotation": 270, "texture": "#1"},
				"east": {"uv": [13, 8, 16, 16], "rotation": 90, "texture": "#0"},
				"south": {"uv": [13.5, 14.25, 14, 16], "rotation": 90, "texture": "#0"},
				"west": {"uv": [13, 8, 16, 16], "rotation": 90, "texture": "#0"},
				"up": {"uv": [0, 13.375, 5, 15.625], "rotation": 270, "texture": "#1"},
				"down": {"uv": [0, 13.375, 4.5, 15.625], "rotation": 90, "texture": "#1"}
			}
		},
		{
			"from": [7.325, 4.575, -16],
			"to": [8.675, 4.775, -12],
			"rotation": {"angle": 0, "axis": "z", "origin": [8, 5.325, -14]},
			"faces": {
				"north": {"uv": [13, 13, 13.5, 16], "rotation": 90, "texture": "#1"},
				"east": {"uv": [13, 8, 16, 16], "rotation": 270, "texture": "#0"},
				"south": {"uv": [13.5, 14.25, 14, 16], "rotation": 270, "texture": "#0"},
				"west": {"uv": [13, 8, 16, 16], "rotation": 270, "texture": "#0"},
				"up": {"uv": [0, 13.375, 5.5, 15.125], "rotation": 270, "texture": "#1"},
				"down": {"uv": [0, 13.375, 5, 15.125], "rotation": 90, "texture": "#1"}
			}
		},
		{
			"from": [8.55, 4.65, -16],
			"to": [8.75, 6, -12],
			"rotation": {"angle": 0, "axis": "z", "origin": [8, 5.325, -14]},
			"faces": {
				"north": {"uv": [13, 13, 13.5, 16], "rotation": 180, "texture": "#1"},
				"east": {"uv": [5, 13.875, 11.5, 14.625], "texture": "#1"},
				"south": {"uv": [13.5, 14.25, 14, 16], "rotation": 180, "texture": "#0"},
				"west": {"uv": [5, 13.875, 11.5, 14.625], "rotation": 180, "texture": "#1"},
				"up": {"uv": [13, 8, 16, 16], "rotation": 180, "texture": "#0"},
				"down": {"uv": [13, 8, 16, 16], "rotation": 180, "texture": "#0"}
			}
		},
		{
			"from": [7.25, 4.65, -16],
			"to": [7.45, 6, -12],
			"rotation": {"angle": 0, "axis": "y", "origin": [8, 5.325, -14]},
			"faces": {
				"north": {"uv": [13, 13, 13.5, 16], "texture": "#1"},
				"east": {"uv": [5, 13.875, 11.5, 14.625], "texture": "#1"},
				"south": {"uv": [13.5, 14.25, 14, 16], "texture": "#0"},
				"west": {"uv": [5, 13.875, 11.5, 14.625], "rotation": 180, "texture": "#1"},
				"up": {"uv": [13, 8, 16, 16], "texture": "#0"},
				"down": {"uv": [13, 8, 16, 16], "texture": "#0"}
			}
		},
		{
			"from": [7.25, 4.65, -12.1],
			"to": [8.75, 6, -11.9],
			"rotation": {"angle": 0, "axis": "y", "origin": [8, 5.325, -13.9]},
			"faces": {
				"north": {"uv": [13, 13, 16, 16], "texture": "#1"},
				"east": {"uv": [11, 13.375, 11.5, 14.625], "texture": "#1"},
				"south": {"uv": [13, 13, 15.5, 15.5], "texture": "#0"},
				"west": {"uv": [5, 13.375, 5.5, 14.625], "rotation": 180, "texture": "#1"},
				"up": {"uv": [13, 8, 16, 16], "texture": "#0"},
				"down": {"uv": [13, 8, 16, 16], "texture": "#0"}
			}
		},
		{
			"from": [7.25, 4.65, -16],
			"to": [8.75, 6, -15.8],
			"rotation": {"angle": 0, "axis": "y", "origin": [8, 5.325, -14]},
			"faces": {
				"north": {"uv": [13.5, 9.5, 15.5, 11.5], "texture": "#1"},
				"east": {"uv": [5, 12.875, 5.5, 14.625], "texture": "#1"},
				"south": {"uv": [13.5, 14.25, 16, 16], "texture": "#0"},
				"west": {"uv": [5, 13.375, 5.5, 14.625], "rotation": 180, "texture": "#1"},
				"up": {"uv": [13, 8, 16, 16], "texture": "#0"},
				"down": {"uv": [13, 8, 16, 16], "texture": "#0"}
			}
		},
		{
			"name": "octagon",
			"from": [8.23223, 4.95, 17],
			"to": [8.76777, 5.95, 24],
			"rotation": {"angle": 45, "axis": "z", "origin": [8.25, 4.7, 22]},
			"faces": {
				"north": {"uv": [15, 15, 16, 16], "texture": "#0"},
				"east": {"uv": [15, 15, 16, 16], "texture": "#0"},
				"south": {"uv": [14, 14, 15, 16], "texture": "#0"},
				"west": {"uv": [15, 15, 16, 16], "texture": "#0"},
				"up": {"uv": [15, 5, 16, 15], "texture": "#0"},
				"down": {"uv": [15, 15, 16, 16], "texture": "#0"}
			}
		},
		{
			"name": "octagon",
			"from": [7.73223, 2.35, 21],
			"to": [8.26777, 5.95, 24],
			"rotation": {"angle": 0, "axis": "z", "origin": [8, 5.2, 22]},
			"faces": {
				"north": {"uv": [15, 15, 16, 16], "texture": "#0"},
				"east": {"uv": [15, 15, 16, 16], "texture": "#0"},
				"south": {"uv": [15, 15, 16, 16], "texture": "#0"},
				"west": {"uv": [15, 15, 16, 16], "texture": "#0"},
				"up": {"uv": [15, 14, 16, 16], "texture": "#0"},
				"down": {"uv": [15, 15, 16, 16], "texture": "#0"}
			}
		},
		{
			"name": "octagon",
			"from": [7.73223, 4.95, 17],
			"to": [8.26777, 5.95, 21],
			"rotation": {"angle": 0, "axis": "y", "origin": [8, 5.2, 22]},
			"faces": {
				"north": {"uv": [15, 15, 16, 16], "texture": "#0"},
				"east": {"uv": [15, 15, 16, 16], "texture": "#0"},
				"south": {"uv": [15, 15, 16, 16], "texture": "#0"},
				"west": {"uv": [15, 15, 16, 16], "texture": "#0"},
				"up": {"uv": [15, 6, 16, 14], "texture": "#0"},
				"down": {"uv": [15, 15, 16, 16], "texture": "#0"}
			}
		},
		{
			"name": "octagon",
			"from": [8, 4.68223, 17],
			"to": [9, 5.21777, 24],
			"rotation": {"angle": 45, "axis": "z", "origin": [7.75, 4.7, 22]},
			"faces": {
				"north": {"uv": [15, 15, 16, 16], "texture": "#0"},
				"east": {"uv": [6, 15, 16, 16], "texture": "#0"},
				"south": {"uv": [13, 14, 15, 15], "texture": "#0"},
				"west": {"uv": [15, 15, 16, 16], "texture": "#0"},
				"up": {"uv": [15, 15, 16, 16], "texture": "#0"},
				"down": {"uv": [15, 15, 16, 16], "texture": "#0"}
			}
		},
		{
			"name": "octagon",
			"from": [8.23223, 2.7, 21],
			"to": [8.76777, 3.2, 24],
			"rotation": {"angle": 45, "axis": "z", "origin": [8.25, 1.95, 22]},
			"faces": {
				"north": {"uv": [15, 15, 16, 16], "texture": "#0"},
				"east": {"uv": [15, 15, 16, 16], "texture": "#0"},
				"south": {"uv": [14, 14, 15, 16], "texture": "#0"},
				"west": {"uv": [15, 15, 16, 16], "texture": "#0"},
				"up": {"uv": [15, 5, 16, 15], "texture": "#0"},
				"down": {"uv": [15, 15, 16, 16], "texture": "#0"}
			}
		},
		{
			"name": "octagon",
			"from": [8.5, 1.93223, 21],
			"to": [9, 2.46777, 24],
			"rotation": {"angle": 45, "axis": "z", "origin": [7.75, 1.95, 22]},
			"faces": {
				"north": {"uv": [15, 15, 16, 16], "texture": "#0"},
				"east": {"uv": [6, 15, 16, 16], "texture": "#0"},
				"south": {"uv": [13, 14, 15, 15], "texture": "#0"},
				"west": {"uv": [15, 15, 16, 16], "texture": "#0"},
				"up": {"uv": [15, 15, 16, 16], "texture": "#0"},
				"down": {"uv": [15, 15, 16, 16], "texture": "#0"}
			}
		},
		{
			"name": "octagon",
			"from": [7.35, 2.78223, 21.01],
			"to": [8.65, 5.58223, 24.01],
			"rotation": {"angle": 0, "axis": "z", "origin": [8, 5.3, 22]},
			"faces": {
				"north": {"uv": [15, 15, 16, 16], "texture": "#0"},
				"east": {"uv": [14, 13.25, 16, 15.75], "texture": "#0"},
				"south": {"uv": [14, 13, 16, 16], "texture": "#0"},
				"west": {"uv": [13, 11.25, 16, 15.75], "texture": "#0"},
				"up": {"uv": [15, 15, 16, 16], "texture": "#0"},
				"down": {"uv": [15, 15, 16, 16], "texture": "#0"}
			}
		},
		{
			"from": [7.35, 4.05, 17],
			"to": [8.65, 5.6, 21],
			"rotation": {"angle": 0, "axis": "y", "origin": [0, -0.2, 1]},
			"faces": {
				"north": {"uv": [13.5, 14.25, 16, 16], "texture": "#0"},
				"east": {"uv": [7, 13.25, 16, 16], "texture": "#0"},
				"south": {"uv": [13.5, 14.25, 16, 16], "texture": "#0"},
				"west": {"uv": [8, 13.25, 16, 16], "texture": "#0"},
				"up": {"uv": [13.5, 8, 16, 16], "texture": "#0"},
				"down": {"uv": [13.5, 8, 16, 16], "texture": "#0"}
			}
		},
		{
			"from": [7.36, 3.23076, 19.18995],
			"to": [8.649, 4.53076, 21.88995],
			"rotation": {"angle": 45, "axis": "x", "origin": [8.01, 3.98076, 20.88995]},
			"faces": {
				"north": {"uv": [13.5, 14.7, 16, 16], "texture": "#0"},
				"east": {"uv": [11, 14.7, 16, 16], "texture": "#0"},
				"south": {"uv": [13.5, 14.7, 16, 16], "texture": "#0"},
				"west": {"uv": [9, 12.7, 16, 16], "texture": "#0"},
				"up": {"uv": [13.5, 11, 16, 16], "texture": "#0"},
				"down": {"uv": [13.5, 11, 16, 16], "texture": "#0"}
			}
		},
		{
			"from": [7.35, 5.65, -2.8],
			"to": [8.65, 6.95, 1.5],
			"rotation": {"angle": 0, "axis": "y", "origin": [0, 0.65, -18.5]},
			"faces": {
				"north": {"uv": [13.5, 14.25, 16, 16], "texture": "#0"},
				"east": {"uv": [13, 9.75, 3, 12.5], "texture": "#1"},
				"south": {"uv": [13.5, 14.25, 16, 16], "texture": "#0"},
				"west": {"uv": [13, 9.75, 3, 12.5], "texture": "#1"},
				"up": {"uv": [13.5, 8, 16, 16], "texture": "#0"},
				"down": {"uv": [13.5, 8, 16, 16], "texture": "#0"}
			}
		},
		{
			"from": [7.3501, 4.25, 0.85],
			"to": [8.6481, 5.55, 2.15],
			"rotation": {"angle": 45, "axis": "x", "origin": [8, 4.9, 1.5]},
			"faces": {
				"north": {"uv": [0, 4.25, 2.5, 6], "texture": "#0"},
				"east": {"uv": [0, 3, 3, 6], "texture": "#0"},
				"south": {"uv": [13.5, 14.25, 16, 16], "texture": "#0"},
				"west": {"uv": [0, 3.25, 3, 6], "texture": "#0"},
				"up": {"uv": [13.5, 8, 16, 16], "texture": "#0"},
				"down": {"uv": [13, 13, 16, 16], "texture": "#0"}
			}
		},
		{
			"from": [7.349, 5.4, -3.45],
			"to": [8.651, 6.7, -2.5],
			"rotation": {"angle": 45, "axis": "x", "origin": [8, 6.05, -2.825]},
			"faces": {
				"north": {"uv": [13.5, 14.25, 16, 16], "texture": "#0"},
				"east": {"uv": [0, 3, 2, 6], "texture": "#0"},
				"south": {"uv": [13.5, 14.25, 16, 16], "texture": "#0"},
				"west": {"uv": [0, 3, 2, 6], "texture": "#0"},
				"up": {"uv": [13.5, 8, 16, 16], "texture": "#0"},
				"down": {"uv": [13.5, 8, 16, 16], "texture": "#0"}
			}
		},
		{
			"name": "octagon",
			"from": [7.73223, 6.8, -2.5],
			"to": [8.26777, 7.3, 1.5],
			"rotation": {"angle": 0, "axis": "y", "origin": [8, 6.05, 2.5]},
			"faces": {
				"north": {"uv": [15, 15, 16, 16], "texture": "#0"},
				"east": {"uv": [15, 15, 16, 16], "texture": "#0"},
				"south": {"uv": [15, 15, 16, 16], "texture": "#0"},
				"west": {"uv": [15, 15, 16, 16], "texture": "#0"},
				"up": {"uv": [15, 6, 16, 14], "texture": "#0"},
				"down": {"uv": [15, 15, 16, 16], "texture": "#0"}
			}
		},
		{
			"name": "octagon",
			"from": [8.23223, 6.3, -2.5],
			"to": [8.76777, 7.3, 1.5],
			"rotation": {"angle": 45, "axis": "z", "origin": [8.25, 6.05, 2.5]},
			"faces": {
				"north": {"uv": [15, 15, 16, 16], "texture": "#0"},
				"east": {"uv": [15, 15, 16, 16], "texture": "#0"},
				"south": {"uv": [14, 14, 15, 16], "texture": "#0"},
				"west": {"uv": [15, 15, 16, 16], "texture": "#0"},
				"up": {"uv": [15, 5, 16, 15], "texture": "#0"},
				"down": {"uv": [15, 15, 16, 16], "texture": "#0"}
			}
		},
		{
			"name": "octagon",
			"from": [8, 6.03223, 1.5],
			"to": [9, 6.56777, 5.5],
			"rotation": {"angle": 45, "axis": "z", "origin": [7.75, 6.05, 6.5]},
			"faces": {
				"north": {"uv": [15, 15, 16, 16], "texture": "#0"},
				"east": {"uv": [6, 15, 16, 16], "texture": "#0"},
				"south": {"uv": [13, 14, 15, 15], "texture": "#0"},
				"west": {"uv": [15, 15, 16, 16], "texture": "#0"},
				"up": {"uv": [15, 15, 16, 16], "texture": "#0"},
				"down": {"uv": [15, 15, 16, 16], "texture": "#0"}
			}
		},
		{
			"name": "octagon",
			"from": [7.73223, 6.8, 1.5],
			"to": [8.26777, 7.3, 5.5],
			"rotation": {"angle": 0, "axis": "y", "origin": [8, 6.05, 6.5]},
			"faces": {
				"north": {"uv": [15, 15, 16, 16], "texture": "#0"},
				"east": {"uv": [15, 15, 16, 16], "texture": "#0"},
				"south": {"uv": [15, 15, 16, 16], "texture": "#0"},
				"west": {"uv": [15, 15, 16, 16], "texture": "#0"},
				"up": {"uv": [15, 6, 16, 14], "texture": "#0"},
				"down": {"uv": [15, 15, 16, 16], "texture": "#0"}
			}
		},
		{
			"name": "octagon",
			"from": [8.23223, 6.3, 1.5],
			"to": [8.76777, 7.3, 5.5],
			"rotation": {"angle": 45, "axis": "z", "origin": [8.25, 6.05, 6.5]},
			"faces": {
				"north": {"uv": [15, 15, 16, 16], "texture": "#0"},
				"east": {"uv": [15, 15, 16, 16], "texture": "#0"},
				"south": {"uv": [14, 14, 15, 16], "texture": "#0"},
				"west": {"uv": [15, 15, 16, 16], "texture": "#0"},
				"up": {"uv": [15, 5, 16, 15], "texture": "#0"},
				"down": {"uv": [15, 15, 16, 16], "texture": "#0"}
			}
		},
		{
			"name": "octagon",
			"from": [8, 6.03223, 5.5],
			"to": [9, 6.56777, 9.5],
			"rotation": {"angle": 45, "axis": "z", "origin": [7.75, 6.05, 10.5]},
			"faces": {
				"north": {"uv": [15, 15, 16, 16], "texture": "#0"},
				"east": {"uv": [6, 15, 16, 16], "texture": "#0"},
				"south": {"uv": [13, 14, 15, 15], "texture": "#0"},
				"west": {"uv": [15, 15, 16, 16], "texture": "#0"},
				"up": {"uv": [15, 15, 16, 16], "texture": "#0"},
				"down": {"uv": [15, 15, 16, 16], "texture": "#0"}
			}
		},
		{
			"name": "octagon",
			"from": [7.73223, 6.8, 5.5],
			"to": [8.26777, 7.3, 9.5],
			"rotation": {"angle": 0, "axis": "y", "origin": [8, 6.05, 10.5]},
			"faces": {
				"north": {"uv": [15, 15, 16, 16], "texture": "#0"},
				"east": {"uv": [15, 15, 16, 16], "texture": "#0"},
				"south": {"uv": [15, 15, 16, 16], "texture": "#0"},
				"west": {"uv": [15, 15, 16, 16], "texture": "#0"},
				"up": {"uv": [15, 6, 16, 14], "texture": "#0"},
				"down": {"uv": [15, 15, 16, 16], "texture": "#0"}
			}
		},
		{
			"name": "octagon",
			"from": [8.23223, 6.3, 5.5],
			"to": [8.76777, 7.3, 9.5],
			"rotation": {"angle": 45, "axis": "z", "origin": [8.25, 6.05, 10.5]},
			"faces": {
				"north": {"uv": [15, 15, 16, 16], "texture": "#0"},
				"east": {"uv": [15, 15, 16, 16], "texture": "#0"},
				"south": {"uv": [14, 14, 15, 16], "texture": "#0"},
				"west": {"uv": [15, 15, 16, 16], "texture": "#0"},
				"up": {"uv": [15, 5, 16, 15], "texture": "#0"},
				"down": {"uv": [15, 15, 16, 16], "texture": "#0"}
			}
		},
		{
			"name": "octagon",
			"from": [8, 6.03223, 9.5],
			"to": [9, 6.56777, 13.5],
			"rotation": {"angle": 45, "axis": "z", "origin": [7.75, 6.05, 14.5]},
			"faces": {
				"north": {"uv": [15, 15, 16, 16], "texture": "#0"},
				"east": {"uv": [6, 15, 16, 16], "texture": "#0"},
				"south": {"uv": [13, 14, 15, 15], "texture": "#0"},
				"west": {"uv": [15, 15, 16, 16], "texture": "#0"},
				"up": {"uv": [15, 15, 16, 16], "texture": "#0"},
				"down": {"uv": [15, 15, 16, 16], "texture": "#0"}
			}
		},
		{
			"name": "octagon",
			"from": [7.73223, 6.8, 9.5],
			"to": [8.26777, 7.3, 13.5],
			"rotation": {"angle": 0, "axis": "y", "origin": [8, 6.05, 14.5]},
			"faces": {
				"north": {"uv": [15, 15, 16, 16], "texture": "#0"},
				"east": {"uv": [15, 15, 16, 16], "texture": "#0"},
				"south": {"uv": [15, 15, 16, 16], "texture": "#0"},
				"west": {"uv": [15, 15, 16, 16], "texture": "#0"},
				"up": {"uv": [15, 6, 16, 14], "texture": "#0"},
				"down": {"uv": [15, 15, 16, 16], "texture": "#0"}
			}
		},
		{
			"name": "octagon",
			"from": [8.23223, 6.3, 9.5],
			"to": [8.76777, 7.3, 13.5],
			"rotation": {"angle": 45, "axis": "z", "origin": [8.25, 6.05, 14.5]},
			"faces": {
				"north": {"uv": [15, 15, 16, 16], "texture": "#0"},
				"east": {"uv": [15, 15, 16, 16], "texture": "#0"},
				"south": {"uv": [14, 14, 15, 16], "texture": "#0"},
				"west": {"uv": [15, 15, 16, 16], "texture": "#0"},
				"up": {"uv": [15, 5, 16, 15], "texture": "#0"},
				"down": {"uv": [15, 15, 16, 16], "texture": "#0"}
			}
		},
		{
			"name": "octagon",
			"from": [8, 6.03223, 13.5],
			"to": [9, 6.56777, 16],
			"rotation": {"angle": 45, "axis": "z", "origin": [7.75, 6.05, 18.5]},
			"faces": {
				"north": {"uv": [15, 15, 16, 16], "texture": "#0"},
				"east": {"uv": [6, 15, 16, 16], "texture": "#0"},
				"south": {"uv": [13, 14, 15, 15], "texture": "#0"},
				"west": {"uv": [15, 15, 16, 16], "texture": "#0"},
				"up": {"uv": [15, 15, 16, 16], "texture": "#0"},
				"down": {"uv": [15, 15, 16, 16], "texture": "#0"}
			}
		},
		{
			"name": "octagon",
			"from": [7.73223, 6.8, 13.5],
			"to": [8.26777, 7.3, 16],
			"rotation": {"angle": 0, "axis": "y", "origin": [8, 6.05, 18.5]},
			"faces": {
				"north": {"uv": [15, 15, 16, 16], "texture": "#0"},
				"east": {"uv": [15, 15, 16, 16], "texture": "#0"},
				"south": {"uv": [15, 15, 16, 16], "texture": "#0"},
				"west": {"uv": [15, 15, 16, 16], "texture": "#0"},
				"up": {"uv": [15, 6, 16, 14], "texture": "#0"},
				"down": {"uv": [15, 15, 16, 16], "texture": "#0"}
			}
		},
		{
			"name": "octagon",
			"from": [8.23223, 6.3, 13.5],
			"to": [8.76777, 7.3, 16],
			"rotation": {"angle": 45, "axis": "z", "origin": [8.25, 6.05, 18.5]},
			"faces": {
				"north": {"uv": [15, 15, 16, 16], "texture": "#0"},
				"east": {"uv": [15, 15, 16, 16], "texture": "#0"},
				"south": {"uv": [14, 14, 15, 16], "texture": "#0"},
				"west": {"uv": [15, 15, 16, 16], "texture": "#0"},
				"up": {"uv": [15, 5, 16, 15], "texture": "#0"},
				"down": {"uv": [15, 15, 16, 16], "texture": "#0"}
			}
		},
		{
			"name": "octagon",
			"from": [8, 6.03223, -2.5],
			"to": [9, 6.56777, 1.5],
			"rotation": {"angle": 45, "axis": "z", "origin": [7.75, 6.05, 2.5]},
			"faces": {
				"north": {"uv": [15, 15, 16, 16], "texture": "#0"},
				"east": {"uv": [6, 15, 16, 16], "texture": "#0"},
				"south": {"uv": [13, 14, 15, 15], "texture": "#0"},
				"west": {"uv": [15, 15, 16, 16], "texture": "#0"},
				"up": {"uv": [15, 15, 16, 16], "texture": "#0"},
				"down": {"uv": [15, 15, 16, 16], "texture": "#0"}
			}
		},
		{
			"from": [7.44, 4.85, -3.75],
			"to": [8.542, 6, 3],
			"rotation": {"angle": 0, "axis": "y", "origin": [8, 6.55, -0.75]},
			"faces": {
				"north": {"uv": [14, 13.5, 16, 16], "texture": "#0"},
				"east": {"uv": [3, 9.5, 15, 12], "texture": "#1"},
				"south": {"uv": [14, 13.5, 16, 16], "texture": "#0"},
				"west": {"uv": [3, 9.5, 15, 12], "texture": "#1"},
				"up": {"uv": [14, 7, 16, 16], "texture": "#0"},
				"down": {"uv": [14, 11, 16, 16], "texture": "#0"}
			}
		},
		{
			"from": [7.5, -0.15, 12.5],
			"to": [8.5, 4.35, 14.25],
			"rotation": {"angle": -22.5, "axis": "x", "origin": [8, 1.5, 12.75]},
			"faces": {
				"north": {"uv": [14, 11, 16, 16], "texture": "#0"},
				"east": {"uv": [14, 11, 16, 16], "texture": "#0"},
				"south": {"uv": [14, 11, 16, 16], "texture": "#0"},
				"west": {"uv": [14, 11, 16, 16], "texture": "#0"},
				"up": {"uv": [14, 14, 16, 16], "texture": "#0"},
				"down": {"uv": [14, 14, 16, 16], "texture": "#0"}
			}
		},
		{
			"from": [7.75, 2.75, 10.5],
			"to": [8.25, 4.75, 12.5],
			"rotation": {"angle": 0, "axis": "y", "origin": [0, 0.5, 2]},
			"faces": {
				"north": {"uv": [0, 15, 1, 16], "texture": "#0"},
				"east": {"uv": [0, 15, 1, 16], "texture": "#0"},
				"south": {"uv": [0, 15, 1, 16], "texture": "#0"},
				"west": {"uv": [0, 15, 1, 16], "texture": "#0"},
				"up": {"uv": [0, 15, 1, 16], "texture": "#0"},
				"down": {"uv": [0, 15, 1, 16], "texture": "#0"}
			}
		},
		{
			"from": [6.75, 5.65, 9],
			"to": [7.55, 6.15, 9.5],
			"rotation": {"angle": 0, "axis": "y", "origin": [-2, 2.7, 0]},
			"faces": {
				"north": {"uv": [2, 15, 3, 16], "texture": "#0"},
				"east": {"uv": [2, 15, 3, 16], "texture": "#0"},
				"south": {"uv": [2, 15, 3, 16], "texture": "#0"},
				"west": {"uv": [2, 15, 3, 16], "texture": "#0"},
				"up": {"uv": [2, 15, 3, 16], "texture": "#0"},
				"down": {"uv": [2, 15, 3, 16], "texture": "#0"}
			}
		},
		{
			"from": [7.35, 4, 8.75],
			"to": [8.65, 6.95, 16],
			"rotation": {"angle": 0, "axis": "y", "origin": [8, 5.5, 11]},
			"faces": {
				"north": {"uv": [0, 0, 2, 4], "texture": "#0"},
				"east": {"uv": [0, 0, 12, 6], "texture": "#0"},
				"south": {"uv": [0, 0, 2.5, 3], "texture": "#0"},
				"west": {"uv": [14, 0, 2, 6], "texture": "#0"},
				"up": {"uv": [0, 0, 2, 14], "texture": "#0"},
				"down": {"uv": [0, 0, 2, 14], "texture": "#0"}
			}
		},
		{
			"from": [7.35, 4, 1.5],
			"to": [8.65, 6.95, 8.75],
			"rotation": {"angle": 0, "axis": "y", "origin": [8, 5.5, 3.75]},
			"faces": {
				"north": {"uv": [0, 0, 2, 4], "texture": "#0"},
				"east": {"uv": [14, 0, 0, 6], "texture": "#0"},
				"south": {"uv": [0, 0, 2.5, 3], "texture": "#0"},
				"west": {"uv": [0, 0, 14, 6], "texture": "#0"},
				"up": {"uv": [0, 0, 2, 14], "texture": "#0"},
				"down": {"uv": [0, 0, 2, 14], "texture": "#0"}
			}
		},
		{
			"from": [7.35, 4, 16],
			"to": [8.65, 6, 17.25],
			"rotation": {"angle": 0, "axis": "y", "origin": [8, 5, 16.625]},
			"faces": {
				"north": {"uv": [0, 0, 2.5, 3], "texture": "#0"},
				"east": {"uv": [0, 0, 2, 3], "texture": "#0"},
				"south": {"uv": [0, 0, 2.5, 3], "texture": "#0"},
				"west": {"uv": [8, 6, 6, 3], "texture": "#0"},
				"up": {"uv": [0, 0, 2, 14], "texture": "#0"},
				"down": {"uv": [0, 0, 2, 14], "texture": "#0"}
			}
		},
		{
			"from": [7.55, 2.25, 9.25],
			"to": [8.45, 2.5, 12.25],
			"rotation": {"angle": 0, "axis": "y", "origin": [8, 3.25, 10.875]},
			"faces": {
				"north": {"uv": [0, 0, 2.5, 3], "texture": "#0"},
				"east": {"uv": [0, 0, 5, 1], "texture": "#0"},
				"south": {"uv": [0, 0, 2.5, 3], "texture": "#0"},
				"west": {"uv": [11, 6, 6, 5], "texture": "#0"},
				"up": {"uv": [0, 0, 2, 5], "texture": "#0"},
				"down": {"uv": [0, 0, 2, 5], "texture": "#0"}
			}
		},
		{
			"from": [7.7322, 5.39, 19.39],
			"to": [8.2677, 7.3, 20.8],
			"rotation": {"angle": -45, "axis": "x", "origin": [0, 1.5, 18.4]},
			"faces": {
				"north": {"uv": [0, 0, 2.5, 3], "texture": "#0"},
				"east": {"uv": [0, 0, 3, 3], "texture": "#0"},
				"south": {"uv": [0, 0, 2, 5], "texture": "#0"},
				"west": {"uv": [5, 1, 8, 4], "texture": "#0"},
				"up": {"uv": [0, 0, 2, 14], "texture": "#0"},
				"down": {"uv": [0, 0, 2, 14], "texture": "#0"}
			}
		},
		{
			"from": [7.38, 4.85, 15.42],
			"to": [7.9155, 6.76, 16.83],
			"rotation": {"angle": -45, "axis": "x", "origin": [7.69995, 5.82448, 16.17261]},
			"faces": {
				"north": {"uv": [0, 0, 2.5, 3], "texture": "#0"},
				"east": {"uv": [0, 0, 3, 3], "texture": "#0"},
				"south": {"uv": [0, 0, 2, 5], "texture": "#0"},
				"west": {"uv": [5, 1, 8, 4], "texture": "#0"},
				"up": {"uv": [0, 0, 2, 14], "texture": "#0"},
				"down": {"uv": [0, 0, 2, 14], "texture": "#0"}
			}
		},
		{
			"from": [8.08, 4.85, 15.42],
			"to": [8.6155, 6.76, 16.83],
			"rotation": {"angle": -45, "axis": "x", "origin": [8.39995, 5.82448, 16.17261]},
			"faces": {
				"north": {"uv": [0, 0, 2.5, 3], "texture": "#0"},
				"east": {"uv": [0, 0, 3, 3], "texture": "#0"},
				"south": {"uv": [0, 0, 2, 5], "texture": "#0"},
				"west": {"uv": [5, 1, 8, 4], "texture": "#0"},
				"up": {"uv": [0, 0, 2, 14], "texture": "#0"},
				"down": {"uv": [0, 0, 2, 14], "texture": "#0"}
			}
		},
		{
			"from": [7.5, 0.5, 4.75],
			"to": [8.5, 4, 9.25],
			"rotation": {"angle": 0, "axis": "y", "origin": [8, 2.75, 6.75]},
			"faces": {
				"north": {"uv": [7, 10, 13, 12], "rotation": 90, "texture": "#0"},
				"east": {"uv": [13, 6, 6, 12], "texture": "#0"},
				"south": {"uv": [7, 10, 13, 12], "rotation": 90, "texture": "#0"},
				"west": {"uv": [6, 6, 13, 12], "texture": "#0"},
				"up": {"uv": [15, 0, 16, 2], "texture": "#0"},
				"down": {"uv": [6, 10, 13, 12], "texture": "#0"}
			}
		},
		{
			"from": [7.5, -1.94, 4.47],
			"to": [8.5, 1.56, 8.97],
			"rotation": {"angle": 22.5, "axis": "x", "origin": [8, 0.35, 6.45]},
			"faces": {
				"north": {"uv": [7, 10, 13, 12], "rotation": 90, "texture": "#0"},
				"east": {"uv": [13, 6, 6, 12], "texture": "#0"},
				"south": {"uv": [7, 10, 13, 12], "rotation": 90, "texture": "#0"},
				"west": {"uv": [6, 6, 13, 12], "texture": "#0"},
				"up": {"uv": [15, 0, 16, 2], "texture": "#0"},
				"down": {"uv": [6, 10, 13, 12], "texture": "#0"}
			}
		},
		{
			"name": "octagon",
			"from": [7.79289, 5.35, -6.17],
			"to": [8.20711, 6.35, -4.32],
			"rotation": {"angle": -45, "axis": "x", "origin": [8, 5.85, -5.585]},
			"faces": {
				"north": {"uv": [1, 0, 2, 1], "texture": "#0"},
				"east": {"uv": [0, 0, 1, 1], "texture": "#0"},
				"south": {"uv": [0, 0, 1, 1], "texture": "#0"},
				"west": {"uv": [0, 0, 1, 1], "texture": "#0"},
				"up": {"uv": [0, 0, 1, 4], "texture": "#0"},
				"down": {"uv": [0, 0, 1, 4], "texture": "#0"}
			}
		},
		{
			"name": "octagon",
			"from": [7.5, 5.64289, -5.86],
			"to": [8.5, 6.05711, -4.51],
			"rotation": {"angle": -45, "axis": "x", "origin": [8, 5.85, -5.585]},
			"faces": {
				"north": {"uv": [1, 1, 2, 2], "texture": "#0"},
				"east": {"uv": [0, 0, 4, 1], "texture": "#0"},
				"south": {"uv": [0, 0, 1, 1], "texture": "#0"},
				"west": {"uv": [0, 0, 4, 1], "texture": "#0"},
				"up": {"uv": [0, 0, 1, 1], "texture": "#0"},
				"down": {"uv": [0, 0, 1, 1], "texture": "#0"}
			}
		},
		{
			"name": "octagon",
			"from": [7.79289, 6.1, -5],
			"to": [8.20711, 7.1, 2],
			"rotation": {"angle": 45, "axis": "z", "origin": [8, 6.6, -3]},
			"faces": {
				"north": {"uv": [2, 2, 3, 3], "texture": "#0"},
				"east": {"uv": [0, 0, 1, 1], "texture": "#0"},
				"south": {"uv": [0, 0, 1, 1], "texture": "#0"},
				"west": {"uv": [0, 0, 1, 1], "texture": "#0"},
				"up": {"uv": [0, 0, 1, 8], "texture": "#0"},
				"down": {"uv": [0, 0, 1, 4], "texture": "#0"}
			}
		},
		{
			"name": "octagon",
			"from": [7.79289, 6.1, -5.02],
			"to": [8.20711, 7.1, 1.98],
			"rotation": {"angle": 0, "axis": "y", "origin": [8, 6.6, -3]},
			"faces": {
				"north": {"uv": [1, 0, 2, 1], "texture": "#0"},
				"east": {"uv": [0, 0, 1, 1], "texture": "#0"},
				"south": {"uv": [0, 0, 1, 1], "texture": "#0"},
				"west": {"uv": [0, 0, 1, 1], "texture": "#0"},
				"up": {"uv": [0, 0, 1, 8], "texture": "#0"},
				"down": {"uv": [0, 0, 1, 4], "texture": "#0"}
			}
		},
		{
			"name": "octagon",
			"from": [7.5, 6.39289, -5],
			"to": [8.5, 6.80711, 2],
			"rotation": {"angle": 45, "axis": "z", "origin": [8, 6.6, -3]},
			"faces": {
				"north": {"uv": [0, 2, 1, 3], "texture": "#0"},
				"east": {"uv": [0, 0, 10, 1], "texture": "#0"},
				"south": {"uv": [0, 0, 1, 1], "texture": "#0"},
				"west": {"uv": [0, 0, 4, 1], "texture": "#0"},
				"up": {"uv": [0, 0, 1, 1], "texture": "#0"},
				"down": {"uv": [0, 0, 1, 1], "texture": "#0"}
			}
		},
		{
			"name": "octagon",
			"from": [7.5, 6.39289, -5.01],
			"to": [8.5, 6.80711, 1.99],
			"rotation": {"angle": 0, "axis": "y", "origin": [8, 6.6, -3]},
			"faces": {
				"north": {"uv": [1, 1, 2, 2], "texture": "#0"},
				"east": {"uv": [0, 0, 11, 1], "texture": "#0"},
				"south": {"uv": [0, 0, 1, 1], "texture": "#0"},
				"west": {"uv": [0, 0, 10, 1], "texture": "#0"},
				"up": {"uv": [0, 0, 1, 1], "texture": "#0"},
				"down": {"uv": [0, 0, 1, 1], "texture": "#0"}
			}
		},
		{
			"name": "octagon",
			"from": [7.79289, 4.85, -12.6],
			"to": [8.20711, 5.15, 2],
			"rotation": {"angle": 45, "axis": "z", "origin": [8, 5.35, -11]},
			"faces": {
				"north": {"uv": [0, 0, 1, 1], "texture": "#0"},
				"east": {"uv": [0, 0, 1, 1], "texture": "#0"},
				"south": {"uv": [0, 0, 1, 1], "texture": "#0"},
				"west": {"uv": [0, 0, 1, 1], "texture": "#0"},
				"up": {"uv": [0, 0, 1, 1], "texture": "#0"},
				"down": {"uv": [0, 0, 1, 14], "texture": "#0"}
			}
		},
		{
			"name": "octagon",
			"from": [7.79289, 4.85, -12.61],
			"to": [8.20711, 5.15, 1.99],
			"rotation": {"angle": 0, "axis": "z", "origin": [8, 5.35, -11]},
			"faces": {
				"north": {"uv": [0, 1, 1, 2], "texture": "#0"},
				"east": {"uv": [0, 0, 1, 1], "texture": "#0"},
				"south": {"uv": [0, 0, 1, 1], "texture": "#0"},
				"west": {"uv": [0, 0, 1, 1], "texture": "#0"},
				"up": {"uv": [0, 0, 1, 1], "texture": "#0"},
				"down": {"uv": [0, 0, 1, 14], "texture": "#0"}
			}
		},
		{
			"name": "octagon",
			"from": [7.79289, 5.55, -12.6],
			"to": [8.20711, 5.85, 2],
			"rotation": {"angle": 45, "axis": "z", "origin": [8, 5.35, -11]},
			"faces": {
				"north": {"uv": [0, 0, 1, 1], "texture": "#0"},
				"east": {"uv": [0, 0, 1, 1], "texture": "#0"},
				"south": {"uv": [0, 0, 1, 1], "texture": "#0"},
				"west": {"uv": [0, 0, 1, 1], "texture": "#0"},
				"up": {"uv": [0, 0, 1, 14], "texture": "#0"},
				"down": {"uv": [0, 0, 1, 1], "texture": "#0"}
			}
		},
		{
			"name": "octagon",
			"from": [7.79289, 5.55, -12.61],
			"to": [8.20711, 5.85, 1.99],
			"rotation": {"angle": 0, "axis": "z", "origin": [8, 5.35, -11]},
			"faces": {
				"north": {"uv": [1, 1, 2, 2], "texture": "#0"},
				"east": {"uv": [0, 0, 1, 1], "texture": "#0"},
				"south": {"uv": [0, 0, 1, 1], "texture": "#0"},
				"west": {"uv": [0, 0, 1, 1], "texture": "#0"},
				"up": {"uv": [0, 0, 1, 14], "texture": "#0"},
				"down": {"uv": [0, 0, 1, 1], "texture": "#0"}
			}
		},
		{
			"name": "octagon",
			"from": [7.5, 5.14289, -12.6],
			"to": [7.8, 5.55711, 2],
			"rotation": {"angle": 45, "axis": "z", "origin": [8, 5.35, -11]},
			"faces": {
				"north": {"uv": [1, 1, 2, 2], "texture": "#0"},
				"east": {"uv": [0, 0, 1, 1], "texture": "#0"},
				"south": {"uv": [0, 0, 1, 1], "texture": "#0"},
				"west": {"uv": [0, 0, 16, 1], "texture": "#0"},
				"up": {"uv": [0, 0, 1, 1], "texture": "#0"},
				"down": {"uv": [0, 0, 1, 1], "texture": "#0"}
			}
		},
		{
			"name": "octagon",
			"from": [7.5, 5.14289, -12.61],
			"to": [7.8, 5.55711, 1.99],
			"rotation": {"angle": 0, "axis": "z", "origin": [8, 5.35, -11]},
			"faces": {
				"north": {"uv": [1, 0, 2, 1], "texture": "#0"},
				"east": {"uv": [0, 0, 1, 1], "texture": "#0"},
				"south": {"uv": [0, 0, 1, 1], "texture": "#0"},
				"west": {"uv": [0, 1, 16, 2], "texture": "#0"},
				"up": {"uv": [0, 0, 1, 1], "texture": "#0"},
				"down": {"uv": [0, 0, 1, 1], "texture": "#0"}
			}
		},
		{
			"name": "octagon",
			"from": [8.2, 5.14289, -12.6],
			"to": [8.5, 5.55711, 2],
			"rotation": {"angle": 45, "axis": "z", "origin": [8, 5.35, -11]},
			"faces": {
				"north": {"uv": [2, 12, 3, 13], "texture": "#0"},
				"east": {"uv": [0, 0, 10, 1], "texture": "#0"},
				"south": {"uv": [0, 0, 1, 1], "texture": "#0"},
				"west": {"uv": [0, 0, 1, 1], "texture": "#0"},
				"up": {"uv": [0, 0, 1, 1], "texture": "#0"},
				"down": {"uv": [0, 0, 1, 1], "texture": "#0"}
			}
		},
		{
			"name": "octagon",
			"from": [8.2, 5.14289, -12.61],
			"to": [8.5, 5.55711, 1.99],
			"rotation": {"angle": 0, "axis": "z", "origin": [8, 5.35, -11]},
			"faces": {
				"north": {"uv": [1, 2, 2, 3], "texture": "#0"},
				"east": {"uv": [0, 0, 16, 1], "texture": "#0"},
				"south": {"uv": [0, 0, 1, 1], "texture": "#0"},
				"west": {"uv": [0, 0, 1, 1], "texture": "#0"},
				"up": {"uv": [0, 0, 1, 1], "texture": "#0"},
				"down": {"uv": [0, 0, 1, 1], "texture": "#0"}
			}
		},
		{
			"name": "octagon",
			"from": [7.84467, 4.975, -10.75],
			"to": [8.15533, 5.725, -10.75],
			"rotation": {"angle": 45, "axis": "z", "origin": [8, 5.35, -8.5]},
			"faces": {
				"north": {"uv": [6, 6, 7, 7], "texture": "#0"},
				"east": {"uv": [6, 6, 7, 7], "texture": "#0"},
				"south": {"uv": [6, 6, 7, 7], "texture": "#0"},
				"west": {"uv": [6, 6, 7, 7], "texture": "#0"},
				"up": {"uv": [6, 6, 7, 7], "texture": "#0"},
				"down": {"uv": [6, 6, 7, 7], "texture": "#0"}
			}
		},
		{
			"name": "octagon",
			"from": [7.84467, 4.975, -10.75],
			"to": [8.15533, 5.725, -10.75],
			"rotation": {"angle": 0, "axis": "y", "origin": [8, 5.35, -8.5]},
			"faces": {
				"north": {"uv": [6, 6, 7, 7], "texture": "#0"},
				"east": {"uv": [6, 6, 7, 7], "texture": "#0"},
				"south": {"uv": [6, 6, 7, 7], "texture": "#0"},
				"west": {"uv": [6, 6, 7, 7], "texture": "#0"},
				"up": {"uv": [6, 6, 7, 7], "texture": "#0"},
				"down": {"uv": [6, 6, 7, 7], "texture": "#0"}
			}
		},
		{
			"name": "octagon",
			"from": [7.625, 5.19467, -10.75],
			"to": [8.375, 5.50533, -10.75],
			"rotation": {"angle": 45, "axis": "z", "origin": [8, 5.35, -8.5]},
			"faces": {
				"north": {"uv": [6, 6, 7, 7], "texture": "#0"},
				"east": {"uv": [6, 6, 7, 7], "texture": "#0"},
				"south": {"uv": [6, 6, 7, 7], "texture": "#0"},
				"west": {"uv": [6, 6, 7, 7], "texture": "#0"},
				"up": {"uv": [6, 6, 7, 7], "texture": "#0"},
				"down": {"uv": [6, 6, 7, 7], "texture": "#0"}
			}
		},
		{
			"name": "octagon",
			"from": [7.625, 5.19467, -10.75],
			"to": [8.375, 5.50533, -10.75],
			"rotation": {"angle": 0, "axis": "y", "origin": [8, 5.35, -8.5]},
			"faces": {
				"north": {"uv": [6, 6, 7, 7], "texture": "#0"},
				"east": {"uv": [6, 6, 7, 7], "texture": "#0"},
				"south": {"uv": [6, 6, 7, 7], "texture": "#0"},
				"west": {"uv": [6, 6, 7, 7], "texture": "#0"},
				"up": {"uv": [6, 6, 7, 7], "texture": "#0"},
				"down": {"uv": [6, 6, 7, 7], "texture": "#0"}
			}
		},
		{
			"from": [7.15, 5.45, 4.8],
			"to": [7.25, 6.35, 9.75],
			"rotation": {"angle": 0, "axis": "y", "origin": [6.5, 5.8, 5.25]},
			"faces": {
				"north": {"uv": [0, 0, 2, 4], "texture": "#0"},
				"east": {"uv": [2, 0, 14, 6], "texture": "#0"},
				"south": {"uv": [0, 0, 2.5, 3], "texture": "#0"},
				"west": {"uv": [3.65, 15.35, 5.35, 6.7], "rotation": 90, "texture": "#0"},
				"up": {"uv": [0, 0, 2, 14], "texture": "#0"},
				"down": {"uv": [0, 0, 2, 14], "texture": "#0"}
			}
		}
	],
	"display": {
		"thirdperson_righthand": {
			"rotation": [0, -10, 0],
			"translation": [0, 3.5, -1.25],
			"scale": [0.85, 0.85, 0.85]
		},
		"thirdperson_lefthand": {
			"translation": [-12, 4, 0]
		},
		"firstperson_righthand": {
			"rotation": [0, -10, 0],
			"translation": [23.25, 1, -15.25],
			"scale": [4, 4, 4]
		},
		"firstperson_lefthand": {
			"translation": [-18, 5.5, 3]
		},
		"ground": {
			"rotation": [0, 0, -90],
			"translation": [3.25, -2.25, 1.5],
			"scale": [0.75, 0.75, 0.75]
		},
		"gui": {
			"rotation": [28, 136, -23],
			"translation": [1.25, 4, 0]
		},
		"head": {
			"translation": [0, 9.75, -13.75],
			"scale": [3, 3, 0.5]
		},
		"fixed": {
			"rotation": [0, -90, 0],
			"translation": [-3.75, 6.75, -0.75],
			"scale": [1.51, 1.51, 1.51]
		}
	},
	"groups": [
		{
			"name": "scope",
			"origin": [8, 8, 8],
			"color": 0,
			"children": [0, 1, 2, 3, 4, 5, 6, 7, 8, 9, 10, 11, 12, 13, 14, 15, 16, 17, 18, 19, 20, 21, 22, 23, 24, 25, 26]
		},
		{
			"name": "muzzle",
			"origin": [5, 5.325, -14],
			"color": 0,
			"children": [27, 28, 29, 30, 31, 32]
		},
		{
			"name": "stock",
			"origin": [8, 8, 8],
			"color": 0,
			"children": [33, 34, 35, 36, 37, 38, 39, 40, 41]
		},
		{
			"name": "handle",
			"origin": [8, 5.55, 3],
			"color": 0,
			"children": [42, 43, 44, 45, 46, 47, 48, 49, 50, 51, 52, 53, 54, 55, 56, 57, 58, 59, 60]
		},
		{
			"name": "gun_base",
			"origin": [0, 0, 0],
			"color": 0,
			"children": [61, 62, 63, 64, 65, 66, 67, 68, 69, 70]
		},
		{
			"name": "magazine",
			"origin": [0, -0.5, -0.25],
			"color": 0,
			"children": [71, 72]
		},
		{
			"name": "bend",
			"origin": [8, 8, 8],
			"color": 0,
			"children": [73, 74]
		},
		{
			"name": "above_barrel",
			"origin": [8, 8, 8],
			"color": 0,
			"children": [75, 76, 77, 78]
		},
		{
			"name": "barrel",
			"origin": [8, 8, 8],
			"color": 0,
			"children": [79, 80, 81, 82, 83, 84, 85, 86]
		},
		{
			"name": "iron_sight",
			"origin": [0, 0, 0],
			"color": 0,
			"children": []
		},
		{
			"name": "hole",
			"origin": [8, 8, 8],
			"color": 0,
			"children": [87, 88, 89, 90]
		},
		91
	]
}