{
	"format_version": "1.21.6",
	"credit": "Made with Blockbench",
	"textures": {
		"0": "chems_guns:item/gun_ammo/awm",
		"particle": "chems_guns:item/gun_ammo/awm"
	},
	"elements": [
		{
			"from": [7.6499, 3, 11.5],
			"to": [8.3499, 4, 12.9],
			"rotation": {"angle": 45, "axis": "x", "origin": [8, 3.55, 11.8]},
			"faces": {
				"north": {"uv": [0, 0, 1, 2], "texture": "#0"},
				"east": {"uv": [0, 0, 4, 3], "texture": "#0"},
				"south": {"uv": [0, 0, 0, 2], "texture": "#0"},
				"west": {"uv": [0, 0, 4, 3], "texture": "#0"},
				"up": {"uv": [0, 0, 1, 3], "texture": "#0"},
				"down": {"uv": [0, 0, 1, 3], "texture": "#0"}
			}
		},
		{
			"from": [7.651, 3.4, 14.14],
			"to": [8.349, 3.9, 14.64],
			"rotation": {"angle": -45, "axis": "x", "origin": [7.9999, 3.60251, 14.37678]},
			"faces": {
				"north": {"uv": [0, 0, 1, 2], "texture": "#0"},
				"east": {"uv": [0, 0, 1, 1], "texture": "#0"},
				"south": {"uv": [0, 0, 2, 1], "texture": "#0"},
				"west": {"uv": [0, 0, 1, 1], "texture": "#0"},
				"up": {"uv": [0, 0, 2, 1], "texture": "#0"},
				"down": {"uv": [0, 0, 1, 3], "texture": "#0"}
			}
		},
		{
			"from": [7.6502, 1.45, 11.85],
			"to": [8.3502, 2.95, 12.65],
			"rotation": {"angle": -22.5, "axis": "x", "origin": [8, 2.95, 12.4]},
			"faces": {
				"north": {"uv": [0, 0, 1, 3], "rotation": 180, "texture": "#0"},
				"east": {"uv": [0, 0, 3, 2], "rotation": 270, "texture": "#0"},
				"south": {"uv": [0, 0, 1, 3], "texture": "#0"},
				"west": {"uv": [0, 0, 3, 2], "rotation": 90, "texture": "#0"},
				"up": {"uv": [0, 0, 1, 2], "rotation": 180, "texture": "#0"},
				"down": {"uv": [0, 0, 2, 3], "texture": "#0"}
			}
		},
		{
			"from": [7.65, 1.35, 12.16],
			"to": [8.352, 2.05, 13.96],
			"rotation": {"angle": 0, "axis": "x", "origin": [8.0002, 1.7, 13.06]},
			"faces": {
				"north": {"uv": [0, 0, 1, 2], "texture": "#0"},
				"east": {"uv": [0, 0, 4, 2], "texture": "#0"},
				"south": {"uv": [0, 0, 2, 3], "texture": "#0"},
				"west": {"uv": [0, 0, 4, 2], "texture": "#0"},
				"up": {"uv": [0, 0, 1, 4], "texture": "#0"},
				"down": {"uv": [0, 0, 1, 4], "texture": "#0"}
			}
		},
		{
			"from": [7.6502, 2.25, 10.36],
			"to": [8.3502, 3.15, 10.46],
			"rotation": {"angle": -22.5, "axis": "x", "origin": [8.0002, 2.6, 10.41]},
			"faces": {
				"north": {"uv": [0, 0, 1, 2], "rotation": 180, "texture": "#0"},
				"east": {"uv": [0, 0, 2, 1], "rotation": 270, "texture": "#0"},
				"south": {"uv": [0, 0, 1, 2], "texture": "#0"},
				"west": {"uv": [0, 0, 2, 1], "rotation": 90, "texture": "#0"},
				"up": {"uv": [0, 0, 1, 2], "rotation": 180, "texture": "#0"},
				"down": {"uv": [0, 0, 2, 3], "texture": "#0"}
			}
		},
		{
			"from": [7.6502, 2.25, 11.56],
			"to": [8.3502, 3.15, 11.66],
			"rotation": {"angle": 22.5, "axis": "x", "origin": [8.0002, 2.6, 11.61]},
			"faces": {
				"north": {"uv": [0, 0, 1, 2], "rotation": 180, "texture": "#0"},
				"east": {"uv": [0, 0, 2, 1], "rotation": 270, "texture": "#0"},
				"south": {"uv": [0, 0, 1, 2], "texture": "#0"},
				"west": {"uv": [0, 0, 2, 1], "rotation": 90, "texture": "#0"},
				"up": {"uv": [0, 0, 1, 2], "rotation": 180, "texture": "#0"},
				"down": {"uv": [0, 0, 2, 3], "texture": "#0"}
			}
		},
		{
			"from": [7.8502, 2.55, 11.26],
			"to": [8.1502, 3.45, 11.36],
			"rotation": {"angle": 22.5, "axis": "x", "origin": [8.0002, 2.9, 11.31]},
			"faces": {
				"north": {"uv": [0, 0, 1, 2], "rotation": 180, "texture": "#0"},
				"east": {"uv": [0, 0, 2, 1], "rotation": 270, "texture": "#0"},
				"south": {"uv": [0, 0, 1, 2], "texture": "#0"},
				"west": {"uv": [0, 0, 2, 1], "rotation": 90, "texture": "#0"},
				"up": {"uv": [0, 0, 1, 2], "rotation": 180, "texture": "#0"},
				"down": {"uv": [0, 0, 2, 3], "texture": "#0"}
			}
		},
		{
			"from": [7.6502, 2.25, 10.5],
			"to": [8.3502, 2.35, 11.5],
			"rotation": {"angle": 0, "axis": "y", "origin": [8.0002, 2.3, 11.11]},
			"faces": {
				"north": {"uv": [0, 0, 1, 2], "texture": "#0"},
				"east": {"uv": [0, 0, 2, 1], "texture": "#0"},
				"south": {"uv": [0, 0, 2, 3], "texture": "#0"},
				"west": {"uv": [0, 0, 2, 1], "texture": "#0"},
				"up": {"uv": [0, 0, 1, 2], "texture": "#0"},
				"down": {"uv": [0, 0, 1, 2], "texture": "#0"}
			}
		},
		{
			"from": [7.6502, 1.775, 13.525],
			"to": [8.3502, 2.475, 15.025],
			"rotation": {"angle": -45, "axis": "x", "origin": [8.0002, 2.09969, 14.24843]},
			"faces": {
				"north": {"uv": [0, 0, 1, 2], "texture": "#0"},
				"east": {"uv": [0, 0, 4, 2], "texture": "#0"},
				"south": {"uv": [0, 0, 2, 3], "texture": "#0"},
				"west": {"uv": [0, 0, 4, 2], "texture": "#0"},
				"up": {"uv": [0, 0, 1, 3], "texture": "#0"},
				"down": {"uv": [0, 0, 1, 3], "texture": "#0"}
			}
		},
		{
			"from": [7.65, 2.25, 14.35],
			"to": [8.35, 4, 17.2],
			"rotation": {"angle": 0, "axis": "x", "origin": [8, 3.025, 15.65]},
			"faces": {
				"north": {"uv": [0, 0, 1, 3], "rotation": 180, "texture": "#0"},
				"east": {"uv": [0, 0, 3, 6], "rotation": 270, "texture": "#0"},
				"south": {"uv": [1, 0, 2, 3], "texture": "#0"},
				"west": {"uv": [0, 0, 3, 6], "rotation": 90, "texture": "#0"},
				"up": {"uv": [0, 0, 2, 6], "rotation": 180, "texture": "#0"},
				"down": {"uv": [0, 0, 2, 5], "texture": "#0"}
			}
		},
		{
			"from": [7.65, 1.75, 16.7],
			"to": [8.35, 2.25, 17.2],
			"rotation": {"angle": 0, "axis": "y", "origin": [8, 2, 16.95]},
			"faces": {
				"north": {"uv": [0, 0, 2, 1], "rotation": 180, "texture": "#0"},
				"east": {"uv": [2, 5, 3, 6], "rotation": 270, "texture": "#0"},
				"south": {"uv": [1, 0, 2, 1], "texture": "#0"},
				"west": {"uv": [0, 0, 1, 1], "rotation": 90, "texture": "#0"},
				"up": {"uv": [0, 0, 2, 6], "rotation": 180, "texture": "#0"},
				"down": {"uv": [0, 0, 2, 1], "texture": "#0"}
			}
		},
		{
			"from": [7.65, 1.75, 17.2],
			"to": [8.35, 4, 18.2],
			"rotation": {"angle": 0, "axis": "y", "origin": [8, 2, 17.45]},
			"faces": {
				"north": {"uv": [0, 0, 1, 3], "rotation": 180, "texture": "#0"},
				"east": {"uv": [7, 4, 13, 7], "rotation": 270, "texture": "#0"},
				"south": {"uv": [7, 8, 9, 14], "texture": "#0"},
				"west": {"uv": [7, 4, 13, 7], "rotation": 90, "texture": "#0"},
				"up": {"uv": [8, 4, 10, 7], "rotation": 180, "texture": "#0"},
				"down": {"uv": [9, 6, 11, 8], "texture": "#0"}
			}
		},
		{
			"from": [7.65, 3.05, 12],
			"to": [8.35, 3.8, 14.35],
			"rotation": {"angle": 0, "axis": "y", "origin": [8, 3.925, 12.55]},
			"faces": {
				"north": {"uv": [0, 0, 1, 3], "rotation": 180, "texture": "#0"},
				"east": {"uv": [0, 0, 2, 6], "rotation": 270, "texture": "#0"},
				"south": {"uv": [1, 0, 2, 3], "texture": "#0"},
				"west": {"uv": [0, 0, 2, 6], "rotation": 90, "texture": "#0"},
				"up": {"uv": [0, 0, 2, 6], "rotation": 180, "texture": "#0"},
				"down": {"uv": [0, 0, 2, 5], "texture": "#0"}
			}
		},
		{
			"name": "octagon",
			"from": [7.7752, 4.5125, 5.3],
			"to": [8.22047, 5.5875, 6.8],
			"rotation": {"angle": 0, "axis": "y", "origin": [7.99783, 5.05, 5.3]},
			"faces": {
				"north": {"uv": [15, 15, 16, 16], "texture": "#0"},
				"east": {"uv": [12, 15, 13, 16], "texture": "#0"},
				"south": {"uv": [15, 15, 16, 16], "texture": "#0"},
				"west": {"uv": [12, 15, 13, 16], "texture": "#0"},
				"up": {"uv": [14, 12, 15, 16], "texture": "#0"},
				"down": {"uv": [15, 12, 16, 16], "texture": "#0"}
			}
		},
		{
			"name": "octagon",
			"from": [7.7752, 4.5125, 5.3],
			"to": [8.22047, 5.5875, 6.8],
			"rotation": {"angle": 45, "axis": "z", "origin": [7.99783, 5.05, 5.3]},
			"faces": {
				"north": {"uv": [15, 15, 16, 16], "texture": "#0"},
				"east": {"uv": [12, 15, 13, 16], "texture": "#0"},
				"south": {"uv": [15, 15, 16, 16], "texture": "#0"},
				"west": {"uv": [12, 15, 13, 16], "texture": "#0"},
				"up": {"uv": [14, 12, 15, 16], "texture": "#0"},
				"down": {"uv": [15, 12, 16, 16], "texture": "#0"}
			}
		},
		{
			"name": "octagon",
			"from": [7.46033, 4.82737, 5.3],
			"to": [8.53533, 5.27263, 6.8],
			"rotation": {"angle": 0, "axis": "y", "origin": [7.99783, 5.05, 5.3]},
			"faces": {
				"north": {"uv": [15, 15, 16, 16], "rotation": 90, "texture": "#0"},
				"east": {"uv": [15, 12, 16, 16], "rotation": 270, "texture": "#0"},
				"south": {"uv": [15, 15, 16, 16], "rotation": 270, "texture": "#0"},
				"west": {"uv": [14, 12, 15, 16], "rotation": 270, "texture": "#0"},
				"up": {"uv": [12, 15, 13, 16], "rotation": 270, "texture": "#0"},
				"down": {"uv": [12, 15, 13, 16], "rotation": 270, "texture": "#0"}
			}
		},
		{
			"name": "octagon",
			"from": [7.46033, 4.82737, 5.3],
			"to": [8.53533, 5.27263, 6.8],
			"rotation": {"angle": 45, "axis": "z", "origin": [7.99783, 5.05, 5.3]},
			"faces": {
				"north": {"uv": [15, 15, 16, 16], "rotation": 90, "texture": "#0"},
				"east": {"uv": [15, 12, 16, 16], "rotation": 270, "texture": "#0"},
				"south": {"uv": [15, 15, 16, 16], "rotation": 270, "texture": "#0"},
				"west": {"uv": [14, 12, 15, 16], "rotation": 270, "texture": "#0"},
				"up": {"uv": [12, 15, 13, 16], "rotation": 270, "texture": "#0"},
				"down": {"uv": [12, 15, 13, 16], "rotation": 270, "texture": "#0"}
			}
		},
		{
			"name": "octagon",
			"from": [7.8011, 4.575, 6.8],
			"to": [8.19459, 5.525, 8.1],
			"rotation": {"angle": 0, "axis": "y", "origin": [7.99785, 5.05, 7.3]},
			"faces": {
				"north": {"uv": [15, 15, 16, 16], "texture": "#0"},
				"east": {"uv": [14, 15, 15, 16], "texture": "#0"},
				"south": {"uv": [15, 15, 16, 16], "texture": "#0"},
				"west": {"uv": [14, 15, 15, 16], "texture": "#0"},
				"up": {"uv": [11, 14, 12, 16], "texture": "#0"},
				"down": {"uv": [15, 14, 16, 16], "texture": "#0"}
			}
		},
		{
			"name": "octagon",
			"from": [7.8011, 4.575, 6.8],
			"to": [8.19459, 5.525, 8.1],
			"rotation": {"angle": 45, "axis": "z", "origin": [7.99785, 5.05, 7.3]},
			"faces": {
				"north": {"uv": [15, 15, 16, 16], "texture": "#0"},
				"east": {"uv": [14, 15, 15, 16], "texture": "#0"},
				"south": {"uv": [15, 15, 16, 16], "texture": "#0"},
				"west": {"uv": [14, 15, 15, 16], "texture": "#0"},
				"up": {"uv": [11, 14, 12, 16], "texture": "#0"},
				"down": {"uv": [15, 14, 16, 16], "texture": "#0"}
			}
		},
		{
			"name": "octagon",
			"from": [7.52285, 4.85325, 6.8],
			"to": [8.47285, 5.24675, 8.1],
			"rotation": {"angle": 0, "axis": "y", "origin": [7.99785, 5.05, 7.3]},
			"faces": {
				"north": {"uv": [15, 15, 16, 16], "rotation": 90, "texture": "#0"},
				"east": {"uv": [15, 14, 16, 16], "rotation": 270, "texture": "#0"},
				"south": {"uv": [15, 15, 16, 16], "rotation": 270, "texture": "#0"},
				"west": {"uv": [11, 14, 12, 16], "rotation": 270, "texture": "#0"},
				"up": {"uv": [14, 15, 15, 16], "rotation": 270, "texture": "#0"},
				"down": {"uv": [14, 15, 15, 16], "rotation": 270, "texture": "#0"}
			}
		},
		{
			"name": "octagon",
			"from": [7.52285, 4.85325, 6.8],
			"to": [8.47285, 5.24675, 8.1],
			"rotation": {"angle": 45, "axis": "z", "origin": [7.99785, 5.05, 7.3]},
			"faces": {
				"north": {"uv": [15, 15, 16, 16], "rotation": 90, "texture": "#0"},
				"east": {"uv": [15, 14, 16, 16], "rotation": 270, "texture": "#0"},
				"south": {"uv": [15, 15, 16, 16], "rotation": 270, "texture": "#0"},
				"west": {"uv": [11, 14, 12, 16], "rotation": 270, "texture": "#0"},
				"up": {"uv": [14, 15, 15, 16], "rotation": 270, "texture": "#0"},
				"down": {"uv": [14, 15, 15, 16], "rotation": 270, "texture": "#0"}
			}
		},
		{
			"name": "octagon",
			"from": [7.827, 4.6375, 8.1],
			"to": [8.16871, 5.4625, 9.3],
			"rotation": {"angle": 0, "axis": "y", "origin": [7.99786, 5.05, 8.8]},
			"faces": {
				"north": {"uv": [15, 15, 16, 16], "texture": "#0"},
				"east": {"uv": [14, 15, 15, 16], "texture": "#0"},
				"south": {"uv": [15, 15, 16, 16], "texture": "#0"},
				"west": {"uv": [14, 15, 15, 16], "texture": "#0"},
				"up": {"uv": [13, 11, 14, 13], "texture": "#0"},
				"down": {"uv": [15, 14, 16, 16], "texture": "#0"}
			}
		},
		{
			"name": "octagon",
			"from": [7.827, 4.6375, 8.1],
			"to": [8.16871, 5.4625, 9.3],
			"rotation": {"angle": 45, "axis": "z", "origin": [7.99786, 5.05, 8.8]},
			"faces": {
				"north": {"uv": [15, 15, 16, 16], "texture": "#0"},
				"east": {"uv": [14, 15, 15, 16], "texture": "#0"},
				"south": {"uv": [15, 15, 16, 16], "texture": "#0"},
				"west": {"uv": [14, 15, 15, 16], "texture": "#0"},
				"up": {"uv": [13, 11, 14, 13], "texture": "#0"},
				"down": {"uv": [15, 14, 16, 16], "texture": "#0"}
			}
		},
		{
			"name": "octagon",
			"from": [7.58536, 4.87914, 8.1],
			"to": [8.41036, 5.22086, 9.3],
			"rotation": {"angle": 0, "axis": "y", "origin": [7.99786, 5.05, 8.8]},
			"faces": {
				"north": {"uv": [15, 15, 16, 16], "rotation": 90, "texture": "#0"},
				"east": {"uv": [15, 14, 16, 16], "rotation": 270, "texture": "#0"},
				"south": {"uv": [15, 15, 16, 16], "rotation": 270, "texture": "#0"},
				"west": {"uv": [13, 11, 14, 13], "rotation": 270, "texture": "#0"},
				"up": {"uv": [14, 15, 15, 16], "rotation": 270, "texture": "#0"},
				"down": {"uv": [14, 15, 15, 16], "rotation": 270, "texture": "#0"}
			}
		},
		{
			"name": "octagon",
			"from": [7.58536, 4.87914, 8.1],
			"to": [8.41036, 5.22086, 9.3],
			"rotation": {"angle": 45, "axis": "z", "origin": [7.99786, 5.05, 8.8]},
			"faces": {
				"north": {"uv": [15, 15, 16, 16], "rotation": 90, "texture": "#0"},
				"east": {"uv": [15, 14, 16, 16], "rotation": 270, "texture": "#0"},
				"south": {"uv": [15, 15, 16, 16], "rotation": 270, "texture": "#0"},
				"west": {"uv": [13, 11, 14, 13], "rotation": 270, "texture": "#0"},
				"up": {"uv": [14, 15, 15, 16], "rotation": 270, "texture": "#0"},
				"down": {"uv": [14, 15, 15, 16], "rotation": 270, "texture": "#0"}
			}
		},
		{
			"name": "octagon",
			"from": [7.8011, 4.575, 11.3],
			"to": [8.1946, 5.525, 12.3],
			"rotation": {"angle": 0, "axis": "y", "origin": [7.99785, 5.05, 11.8]},
			"faces": {
				"north": {"uv": [15, 15, 16, 16], "texture": "#0"},
				"east": {"uv": [14, 15, 15, 16], "texture": "#0"},
				"south": {"uv": [15, 15, 16, 16], "texture": "#0"},
				"west": {"uv": [14, 15, 15, 16], "texture": "#0"},
				"up": {"uv": [15, 14, 16, 16], "texture": "#0"},
				"down": {"uv": [15, 14, 16, 16], "texture": "#0"}
			}
		},
		{
			"name": "octagon",
			"from": [7.8011, 4.575, 11.3],
			"to": [8.1946, 5.525, 12.3],
			"rotation": {"angle": 45, "axis": "z", "origin": [7.99785, 5.05, 11.8]},
			"faces": {
				"north": {"uv": [15, 15, 16, 16], "texture": "#0"},
				"east": {"uv": [14, 15, 15, 16], "texture": "#0"},
				"south": {"uv": [15, 15, 16, 16], "texture": "#0"},
				"west": {"uv": [14, 15, 15, 16], "texture": "#0"},
				"up": {"uv": [15, 14, 16, 16], "texture": "#0"},
				"down": {"uv": [15, 14, 16, 16], "texture": "#0"}
			}
		},
		{
			"name": "octagon",
			"from": [7.52285, 4.85325, 11.3],
			"to": [8.47285, 5.24675, 12.3],
			"rotation": {"angle": 0, "axis": "y", "origin": [7.99785, 5.05, 11.8]},
			"faces": {
				"north": {"uv": [15, 15, 16, 16], "rotation": 90, "texture": "#0"},
				"east": {"uv": [15, 14, 16, 16], "rotation": 270, "texture": "#0"},
				"south": {"uv": [15, 15, 16, 16], "rotation": 270, "texture": "#0"},
				"west": {"uv": [15, 14, 16, 16], "rotation": 270, "texture": "#0"},
				"up": {"uv": [14, 15, 15, 16], "rotation": 270, "texture": "#0"},
				"down": {"uv": [14, 15, 15, 16], "rotation": 270, "texture": "#0"}
			}
		},
		{
			"name": "octagon",
			"from": [7.52285, 4.85325, 11.3],
			"to": [8.47285, 5.24675, 12.3],
			"rotation": {"angle": 45, "axis": "z", "origin": [7.99785, 5.05, 11.8]},
			"faces": {
				"north": {"uv": [15, 15, 16, 16], "rotation": 90, "texture": "#0"},
				"east": {"uv": [15, 14, 16, 16], "rotation": 270, "texture": "#0"},
				"south": {"uv": [15, 15, 16, 16], "rotation": 270, "texture": "#0"},
				"west": {"uv": [15, 14, 16, 16], "rotation": 270, "texture": "#0"},
				"up": {"uv": [14, 15, 15, 16], "rotation": 270, "texture": "#0"},
				"down": {"uv": [14, 15, 15, 16], "rotation": 270, "texture": "#0"}
			}
		},
		{
			"name": "octagon",
			"from": [7.8658, 4.73125, 12.31],
			"to": [8.12985, 5.36875, 12.31],
			"rotation": {"angle": 0, "axis": "y", "origin": [7.99783, 5.05, 12.31]},
			"faces": {
				"north": {"uv": [4, 13, 5, 14], "texture": "#0"},
				"east": {"uv": [4, 13, 5, 14], "texture": "#0"},
				"south": {"uv": [5, 13, 6, 14], "texture": "#0"},
				"west": {"uv": [4, 13, 5, 14], "texture": "#0"},
				"up": {"uv": [5, 12, 6, 14], "texture": "#0"},
				"down": {"uv": [4, 12, 5, 14], "texture": "#0"}
			}
		},
		{
			"name": "octagon",
			"from": [7.8658, 4.73125, 12.31],
			"to": [8.12985, 5.36875, 12.31],
			"rotation": {"angle": 45, "axis": "z", "origin": [7.99783, 5.05, 12.31]},
			"faces": {
				"north": {"uv": [4, 13, 5, 14], "texture": "#0"},
				"east": {"uv": [4, 13, 5, 14], "texture": "#0"},
				"south": {"uv": [5, 13, 6, 14], "texture": "#0"},
				"west": {"uv": [4, 13, 5, 14], "texture": "#0"},
				"up": {"uv": [5, 12, 6, 14], "texture": "#0"},
				"down": {"uv": [4, 12, 5, 14], "texture": "#0"}
			}
		},
		{
			"name": "octagon",
			"from": [7.67908, 4.91797, 12.31],
			"to": [8.31658, 5.18203, 12.31],
			"rotation": {"angle": 0, "axis": "y", "origin": [7.99783, 5.05, 12.31]},
			"faces": {
				"north": {"uv": [4, 13, 5, 14], "rotation": 90, "texture": "#0"},
				"east": {"uv": [4, 12, 5, 14], "rotation": 270, "texture": "#0"},
				"south": {"uv": [5, 13, 6, 14], "rotation": 270, "texture": "#0"},
				"west": {"uv": [5, 12, 6, 14], "rotation": 270, "texture": "#0"},
				"up": {"uv": [4, 13, 5, 14], "rotation": 270, "texture": "#0"},
				"down": {"uv": [4, 13, 5, 14], "rotation": 270, "texture": "#0"}
			}
		},
		{
			"name": "octagon",
			"from": [7.67908, 4.91797, 12.31],
			"to": [8.31658, 5.18203, 12.31],
			"rotation": {"angle": 45, "axis": "z", "origin": [7.99783, 5.05, 12.31]},
			"faces": {
				"north": {"uv": [4, 13, 5, 14], "rotation": 90, "texture": "#0"},
				"east": {"uv": [4, 12, 5, 14], "rotation": 270, "texture": "#0"},
				"south": {"uv": [5, 13, 6, 14], "rotation": 270, "texture": "#0"},
				"west": {"uv": [5, 12, 6, 14], "rotation": 270, "texture": "#0"},
				"up": {"uv": [4, 13, 5, 14], "rotation": 270, "texture": "#0"},
				"down": {"uv": [4, 13, 5, 14], "rotation": 270, "texture": "#0"}
			}
		},
		{
			"name": "octagon",
			"from": [7.8658, 4.73125, 5.29],
			"to": [8.12985, 5.36875, 5.29],
			"rotation": {"angle": 0, "axis": "y", "origin": [7.99783, 5.05, 5.29]},
			"faces": {
				"north": {"uv": [4, 13, 5, 14], "texture": "#0"},
				"east": {"uv": [4, 13, 5, 14], "texture": "#0"},
				"south": {"uv": [5, 13, 6, 14], "texture": "#0"},
				"west": {"uv": [4, 13, 5, 14], "texture": "#0"},
				"up": {"uv": [5, 12, 6, 14], "texture": "#0"},
				"down": {"uv": [4, 12, 5, 14], "texture": "#0"}
			}
		},
		{
			"name": "octagon",
			"from": [7.8658, 4.73125, 5.29],
			"to": [8.12985, 5.36875, 5.29],
			"rotation": {"angle": 45, "axis": "z", "origin": [7.99783, 5.05, 5.29]},
			"faces": {
				"north": {"uv": [4, 13, 5, 14], "texture": "#0"},
				"east": {"uv": [4, 13, 5, 14], "texture": "#0"},
				"south": {"uv": [5, 13, 6, 14], "texture": "#0"},
				"west": {"uv": [4, 13, 5, 14], "texture": "#0"},
				"up": {"uv": [5, 12, 6, 14], "texture": "#0"},
				"down": {"uv": [4, 12, 5, 14], "texture": "#0"}
			}
		},
		{
			"name": "octagon",
			"from": [7.67908, 4.91797, 5.29],
			"to": [8.31658, 5.18203, 5.29],
			"rotation": {"angle": 0, "axis": "y", "origin": [7.99783, 5.05, 5.29]},
			"faces": {
				"north": {"uv": [4, 13, 5, 14], "rotation": 90, "texture": "#0"},
				"east": {"uv": [4, 12, 5, 14], "rotation": 270, "texture": "#0"},
				"south": {"uv": [5, 13, 6, 14], "rotation": 270, "texture": "#0"},
				"west": {"uv": [5, 12, 6, 14], "rotation": 270, "texture": "#0"},
				"up": {"uv": [4, 13, 5, 14], "rotation": 270, "texture": "#0"},
				"down": {"uv": [4, 13, 5, 14], "rotation": 270, "texture": "#0"}
			}
		},
		{
			"name": "octagon",
			"from": [7.67908, 4.91797, 5.29],
			"to": [8.31658, 5.18203, 5.29],
			"rotation": {"angle": 45, "axis": "z", "origin": [7.99783, 5.05, 5.29]},
			"faces": {
				"north": {"uv": [4, 13, 5, 14], "rotation": 90, "texture": "#0"},
				"east": {"uv": [4, 12, 5, 14], "rotation": 270, "texture": "#0"},
				"south": {"uv": [5, 13, 6, 14], "rotation": 270, "texture": "#0"},
				"west": {"uv": [5, 12, 6, 14], "rotation": 270, "texture": "#0"},
				"up": {"uv": [4, 13, 5, 14], "rotation": 270, "texture": "#0"},
				"down": {"uv": [4, 13, 5, 14], "rotation": 270, "texture": "#0"}
			}
		},
		{
			"name": "octagon",
			"from": [7.8529, 4.7, 9.3],
			"to": [8.14284, 5.4, 11.3],
			"rotation": {"angle": 0, "axis": "y", "origin": [7.99787, 5.05, 10.8]},
			"faces": {
				"north": {"uv": [15, 15, 16, 16], "texture": "#0"},
				"east": {"uv": [10, 15, 11, 16], "texture": "#0"},
				"south": {"uv": [15, 15, 16, 16], "texture": "#0"},
				"west": {"uv": [10, 15, 11, 16], "texture": "#0"},
				"up": {"uv": [15, 4, 16, 10], "texture": "#0"},
				"down": {"uv": [15, 10, 16, 16], "texture": "#0"}
			}
		},
		{
			"name": "octagon",
			"from": [7.8529, 4.7, 9.3],
			"to": [8.14284, 5.4, 11.3],
			"rotation": {"angle": 45, "axis": "z", "origin": [7.99787, 5.05, 10.8]},
			"faces": {
				"north": {"uv": [15, 15, 16, 16], "texture": "#0"},
				"east": {"uv": [10, 15, 11, 16], "texture": "#0"},
				"south": {"uv": [15, 15, 16, 16], "texture": "#0"},
				"west": {"uv": [10, 15, 11, 16], "texture": "#0"},
				"up": {"uv": [15, 4, 16, 10], "texture": "#0"},
				"down": {"uv": [15, 10, 16, 16], "texture": "#0"}
			}
		},
		{
			"name": "octagon",
			"from": [7.64787, 4.90503, 9.3],
			"to": [8.34787, 5.19497, 11.3],
			"rotation": {"angle": 0, "axis": "y", "origin": [7.99787, 5.05, 10.8]},
			"faces": {
				"north": {"uv": [15, 15, 16, 16], "rotation": 90, "texture": "#0"},
				"east": {"uv": [15, 10, 16, 16], "rotation": 270, "texture": "#0"},
				"south": {"uv": [15, 15, 16, 16], "rotation": 270, "texture": "#0"},
				"west": {"uv": [15, 4, 16, 10], "rotation": 270, "texture": "#0"},
				"up": {"uv": [10, 15, 11, 16], "rotation": 270, "texture": "#0"},
				"down": {"uv": [10, 15, 11, 16], "rotation": 270, "texture": "#0"}
			}
		},
		{
			"name": "octagon",
			"from": [7.64787, 4.90503, 9.3],
			"to": [8.34787, 5.19497, 11.3],
			"rotation": {"angle": 45, "axis": "z", "origin": [7.99787, 5.05, 10.8]},
			"faces": {
				"north": {"uv": [15, 15, 16, 16], "rotation": 90, "texture": "#0"},
				"east": {"uv": [15, 10, 16, 16], "rotation": 270, "texture": "#0"},
				"south": {"uv": [15, 15, 16, 16], "rotation": 270, "texture": "#0"},
				"west": {"uv": [15, 4, 16, 10], "rotation": 270, "texture": "#0"},
				"up": {"uv": [10, 15, 11, 16], "rotation": 270, "texture": "#0"},
				"down": {"uv": [10, 15, 11, 16], "rotation": 270, "texture": "#0"}
			}
		},
		{
			"from": [7.75, 3.95, 10.05],
			"to": [8.25, 4.95, 10.55],
			"rotation": {"angle": 0, "axis": "y", "origin": [0, -4.05, -2.2]},
			"faces": {
				"north": {"uv": [15.5, 14, 16, 16], "texture": "#0"},
				"east": {"uv": [14, 14, 16, 16], "texture": "#0"},
				"south": {"uv": [15.5, 14, 16, 16], "texture": "#0"},
				"west": {"uv": [14, 14, 16, 16], "texture": "#0"},
				"up": {"uv": [15.5, 15, 16, 16], "texture": "#0"},
				"down": {"uv": [15.5, 15, 16, 16], "texture": "#0"}
			}
		},
		{
			"from": [7.75, 3.95, 8.2],
			"to": [8.25, 4.95, 8.7],
			"rotation": {"angle": 0, "axis": "y", "origin": [0, -4.05, -0.8]},
			"faces": {
				"north": {"uv": [15.5, 14, 16, 16], "texture": "#0"},
				"east": {"uv": [14, 14, 16, 16], "texture": "#0"},
				"south": {"uv": [15.5, 14, 16, 16], "texture": "#0"},
				"west": {"uv": [14, 14, 16, 16], "texture": "#0"},
				"up": {"uv": [15.5, 15, 16, 16], "texture": "#0"},
				"down": {"uv": [15.5, 15, 16, 16], "texture": "#0"}
			}
		},
		{
			"from": [7.565, 3.025, 3],
			"to": [8.4, 4.075, 7.5],
			"rotation": {"angle": 0, "axis": "y", "origin": [8, 4, 9.75]},
			"faces": {
				"north": {"uv": [0, 0, 2, 2], "texture": "#0"},
				"east": {"uv": [15, 0, 2, 3], "texture": "#0"},
				"south": {"uv": [0, 0, 4.6, 0.3], "texture": "#0"},
				"west": {"uv": [2, 0, 15, 3], "texture": "#0"},
				"up": {"uv": [0, 0, 12, 3], "rotation": 90, "texture": "#0"},
				"down": {"uv": [0, 0, 15, 3], "rotation": 90, "texture": "#0"}
			}
		},
		{
			"from": [7.565, 3.025, 7.5],
			"to": [8.4, 4.075, 12],
			"rotation": {"angle": 0, "axis": "y", "origin": [7.9825, 3.65, 9.75]},
			"faces": {
				"north": {"uv": [0, 0, 2, 2], "texture": "#0"},
				"east": {"uv": [2, 3, 15, 0], "texture": "#0"},
				"south": {"uv": [0, 0, 4.6, 0.3], "texture": "#0"},
				"west": {"uv": [15, 3, 2, 0], "texture": "#0"},
				"up": {"uv": [0, 0, 15, 3], "rotation": 90, "texture": "#0"},
				"down": {"uv": [15, 0, 0, 3], "rotation": 90, "texture": "#0"}
			}
		},
		{
			"from": [7.5651, 2.925, 7.3],
			"to": [8.3999, 3.525, 8.8],
			"rotation": {"angle": 22.5, "axis": "x", "origin": [7.9825, 3.35, 7.55]},
			"faces": {
				"north": {"uv": [0, 0, 2, 2], "texture": "#0"},
				"east": {"uv": [0, 2, 5, 0], "texture": "#0"},
				"south": {"uv": [0, 0, 4.6, 0.3], "texture": "#0"},
				"west": {"uv": [5, 2, 0, 0], "texture": "#0"},
				"up": {"uv": [0, 0, 15, 3], "rotation": 90, "texture": "#0"},
				"down": {"uv": [15, 0, 0, 3], "rotation": 90, "texture": "#0"}
			}
		},
		{
			"from": [7.5651, 2.475, 8.55],
			"to": [8.3999, 3.075, 10.35],
			"rotation": {"angle": 0, "axis": "x", "origin": [7.9825, 2.95, 8.75]},
			"faces": {
				"north": {"uv": [0, 0, 2, 2], "texture": "#0"},
				"east": {"uv": [5, 2, 0, 0], "texture": "#0"},
				"south": {"uv": [0, 0, 4.6, 0.3], "texture": "#0"},
				"west": {"uv": [0, 2, 5, 0], "texture": "#0"},
				"up": {"uv": [0, 0, 15, 3], "rotation": 90, "texture": "#0"},
				"down": {"uv": [15, 0, 0, 3], "rotation": 90, "texture": "#0"}
			}
		},
		{
			"from": [7.75, 2.025, 8.75],
			"to": [8.25, 3.125, 10.25],
			"rotation": {"angle": 0, "axis": "y", "origin": [8, 2.575, 9.85]},
			"faces": {
				"north": {"uv": [7, 4, 8, 7], "texture": "#0"},
				"east": {"uv": [7, 4, 13, 8], "texture": "#0"},
				"south": {"uv": [11, 4, 12, 7], "texture": "#0"},
				"west": {"uv": [7, 4, 13, 8], "texture": "#0"},
				"up": {"uv": [4, 9, 5, 11], "texture": "#0"},
				"down": {"uv": [7, 4, 13, 5], "rotation": 90, "texture": "#0"}
			}
		},
		{
			"name": "octagon",
			"from": [8.2, 3.89289, -6],
			"to": [8.3, 4.14141, 0],
			"rotation": {"angle": 0, "axis": "y", "origin": [8, 4.01715, -3]},
			"faces": {
				"north": {"uv": [15, 15, 16, 16], "texture": "#0"},
				"east": {"uv": [0, 16, 16, 15], "texture": "#0"},
				"south": {"uv": [15, 15, 16, 16], "texture": "#0"},
				"west": {"uv": [2, 15, 14, 16], "texture": "#0"},
				"up": {"uv": [15, 4, 16, 5], "texture": "#0"},
				"down": {"uv": [15, 4, 16, 5], "texture": "#0"}
			}
		},
		{
			"name": "octagon",
			"from": [8.2, 3.89289, -6],
			"to": [8.3, 4.14141, 0],
			"rotation": {"angle": 45, "axis": "z", "origin": [8, 4.01715, -3]},
			"faces": {
				"north": {"uv": [15, 15, 16, 16], "texture": "#0"},
				"east": {"uv": [0, 15, 16, 16], "texture": "#0"},
				"south": {"uv": [15, 15, 16, 16], "texture": "#0"},
				"west": {"uv": [2, 15, 14, 16], "texture": "#0"},
				"up": {"uv": [15, 4, 16, 5], "texture": "#0"},
				"down": {"uv": [15, 4, 16, 5], "texture": "#0"}
			}
		},
		{
			"name": "octagon",
			"from": [7.87574, 4.21715, -6],
			"to": [8.12426, 4.31715, 0],
			"rotation": {"angle": 0, "axis": "y", "origin": [8, 4.01715, -3]},
			"faces": {
				"north": {"uv": [15, 15, 16, 16], "rotation": 90, "texture": "#0"},
				"east": {"uv": [15, 4, 16, 5], "rotation": 270, "texture": "#0"},
				"south": {"uv": [15, 15, 16, 16], "rotation": 270, "texture": "#0"},
				"west": {"uv": [15, 4, 16, 5], "rotation": 270, "texture": "#0"},
				"up": {"uv": [0, 15, 16, 16], "rotation": 270, "texture": "#0"},
				"down": {"uv": [2, 15, 14, 16], "rotation": 270, "texture": "#0"}
			}
		},
		{
			"name": "octagon",
			"from": [7.87574, 4.21715, -6],
			"to": [8.12426, 4.31715, 0],
			"rotation": {"angle": 45, "axis": "z", "origin": [8, 4.01715, -3]},
			"faces": {
				"north": {"uv": [15, 15, 16, 16], "rotation": 90, "texture": "#0"},
				"east": {"uv": [15, 4, 16, 5], "rotation": 270, "texture": "#0"},
				"south": {"uv": [15, 15, 16, 16], "rotation": 270, "texture": "#0"},
				"west": {"uv": [15, 4, 16, 5], "rotation": 270, "texture": "#0"},
				"up": {"uv": [0, 15, 16, 16], "rotation": 270, "texture": "#0"},
				"down": {"uv": [2, 15, 14, 16], "rotation": 270, "texture": "#0"}
			}
		},
		{
			"name": "octagon",
			"from": [7.7, 3.89289, -6],
			"to": [7.8, 4.14141, 0],
			"rotation": {"angle": 0, "axis": "y", "origin": [8, 4.01715, -3]},
			"faces": {
				"north": {"uv": [15, 15, 16, 16], "rotation": 180, "texture": "#0"},
				"east": {"uv": [2, 15, 14, 16], "rotation": 180, "texture": "#0"},
				"south": {"uv": [15, 15, 16, 16], "rotation": 180, "texture": "#0"},
				"west": {"uv": [0, 15, 16, 16], "texture": "#0"},
				"up": {"uv": [15, 4, 16, 5], "rotation": 180, "texture": "#0"},
				"down": {"uv": [15, 4, 16, 5], "rotation": 180, "texture": "#0"}
			}
		},
		{
			"name": "octagon",
			"from": [7.7, 3.89289, -6],
			"to": [7.8, 4.14141, 0],
			"rotation": {"angle": 45, "axis": "z", "origin": [8, 4.01715, -3]},
			"faces": {
				"north": {"uv": [15, 15, 16, 16], "rotation": 180, "texture": "#0"},
				"east": {"uv": [2, 15, 14, 16], "rotation": 180, "texture": "#0"},
				"south": {"uv": [15, 15, 16, 16], "rotation": 180, "texture": "#0"},
				"west": {"uv": [4, 15, 5, 16], "rotation": 180, "texture": "#0"},
				"up": {"uv": [15, 4, 16, 5], "rotation": 180, "texture": "#0"},
				"down": {"uv": [15, 4, 16, 5], "rotation": 180, "texture": "#0"}
			}
		},
		{
			"name": "octagon",
			"from": [7.87574, 3.71715, -6],
			"to": [8.12426, 3.81715, 0],
			"rotation": {"angle": 0, "axis": "y", "origin": [8, 4.01715, -3]},
			"faces": {
				"north": {"uv": [15, 15, 16, 16], "rotation": 270, "texture": "#0"},
				"east": {"uv": [15, 4, 16, 5], "rotation": 90, "texture": "#0"},
				"south": {"uv": [15, 15, 16, 16], "rotation": 90, "texture": "#0"},
				"west": {"uv": [15, 4, 16, 5], "rotation": 90, "texture": "#0"},
				"up": {"uv": [2, 15, 14, 16], "rotation": 90, "texture": "#0"},
				"down": {"uv": [0, 15, 16, 16], "rotation": 90, "texture": "#0"}
			}
		},
		{
			"name": "octagon",
			"from": [7.87574, 3.71715, -6],
			"to": [8.12426, 3.81715, 0],
			"rotation": {"angle": 45, "axis": "z", "origin": [8, 4.01715, -3]},
			"faces": {
				"north": {"uv": [15, 15, 16, 16], "rotation": 270, "texture": "#0"},
				"east": {"uv": [15, 4, 16, 5], "rotation": 90, "texture": "#0"},
				"south": {"uv": [15, 15, 16, 16], "rotation": 90, "texture": "#0"},
				"west": {"uv": [15, 4, 16, 5], "rotation": 90, "texture": "#0"},
				"up": {"uv": [2, 15, 14, 16], "rotation": 90, "texture": "#0"},
				"down": {"uv": [0, 15, 16, 16], "rotation": 90, "texture": "#0"}
			}
		},
		{
			"name": "octagon",
			"from": [7.7, 3.89289, 6],
			"to": [8.3, 4.14141, 12.025],
			"rotation": {"angle": 45, "axis": "z", "origin": [8, 4.01715, 9]},
			"faces": {
				"north": {"uv": [15, 15, 16, 16], "texture": "#0"},
				"east": {"uv": [0, 15, 16, 16], "texture": "#0"},
				"south": {"uv": [15, 15, 16, 16], "texture": "#0"},
				"west": {"uv": [2, 15, 14, 16], "texture": "#0"},
				"up": {"uv": [15, 4, 16, 5], "texture": "#0"},
				"down": {"uv": [15, 4, 16, 5], "texture": "#0"}
			}
		},
		{
			"name": "octagon",
			"from": [7.87574, 3.71715, 6],
			"to": [8.12426, 4.31715, 12.025],
			"rotation": {"angle": 0, "axis": "y", "origin": [8, 4.01715, 9]},
			"faces": {
				"north": {"uv": [15, 15, 16, 16], "rotation": 90, "texture": "#0"},
				"east": {"uv": [15, 4, 16, 5], "rotation": 270, "texture": "#0"},
				"south": {"uv": [15, 15, 16, 16], "rotation": 270, "texture": "#0"},
				"west": {"uv": [15, 4, 16, 5], "rotation": 270, "texture": "#0"},
				"up": {"uv": [0, 15, 16, 16], "rotation": 270, "texture": "#0"},
				"down": {"uv": [2, 15, 14, 16], "rotation": 270, "texture": "#0"}
			}
		},
		{
			"name": "octagon",
			"from": [7.87574, 3.71715, 6],
			"to": [8.12426, 4.31715, 12.025],
			"rotation": {"angle": 45, "axis": "z", "origin": [8, 4.01715, 9]},
			"faces": {
				"north": {"uv": [15, 15, 16, 16], "rotation": 90, "texture": "#0"},
				"east": {"uv": [15, 4, 16, 5], "rotation": 270, "texture": "#0"},
				"south": {"uv": [15, 15, 16, 16], "rotation": 270, "texture": "#0"},
				"west": {"uv": [15, 4, 16, 5], "rotation": 270, "texture": "#0"},
				"up": {"uv": [0, 15, 16, 16], "rotation": 270, "texture": "#0"},
				"down": {"uv": [2, 15, 14, 16], "rotation": 270, "texture": "#0"}
			}
		},
		{
			"name": "octagon",
			"from": [7.7, 3.89289, 6],
			"to": [8.3, 4.14141, 12.025],
			"rotation": {"angle": 0, "axis": "y", "origin": [8, 4.01715, 9]},
			"faces": {
				"north": {"uv": [15, 15, 16, 16], "rotation": 180, "texture": "#0"},
				"east": {"uv": [2, 15, 14, 16], "rotation": 180, "texture": "#0"},
				"south": {"uv": [15, 15, 16, 16], "rotation": 180, "texture": "#0"},
				"west": {"uv": [0, 15, 16, 16], "texture": "#0"},
				"up": {"uv": [15, 4, 16, 5], "rotation": 180, "texture": "#0"},
				"down": {"uv": [15, 4, 16, 5], "rotation": 180, "texture": "#0"}
			}
		},
		{
			"name": "octagon",
			"from": [8.2, 3.89289, 0],
			"to": [8.3, 4.14141, 6],
			"rotation": {"angle": 0, "axis": "z", "origin": [8, 4.01715, 3]},
			"faces": {
				"north": {"uv": [15, 15, 16, 16], "texture": "#0"},
				"east": {"uv": [0, 16, 16, 15], "texture": "#0"},
				"south": {"uv": [15, 15, 16, 16], "texture": "#0"},
				"west": {"uv": [2, 15, 14, 16], "texture": "#0"},
				"up": {"uv": [15, 4, 16, 5], "texture": "#0"},
				"down": {"uv": [15, 4, 16, 5], "texture": "#0"}
			}
		},
		{
			"name": "octagon",
			"from": [8.2, 3.89289, 0],
			"to": [8.3, 4.14141, 6],
			"rotation": {"angle": 45, "axis": "z", "origin": [8, 4.01715, 3]},
			"faces": {
				"north": {"uv": [15, 15, 16, 16], "texture": "#0"},
				"east": {"uv": [0, 15, 16, 16], "texture": "#0"},
				"south": {"uv": [15, 15, 16, 16], "texture": "#0"},
				"west": {"uv": [2, 15, 14, 16], "texture": "#0"},
				"up": {"uv": [15, 4, 16, 5], "texture": "#0"},
				"down": {"uv": [15, 4, 16, 5], "texture": "#0"}
			}
		},
		{
			"name": "octagon",
			"from": [7.87574, 4.21715, 0],
			"to": [8.12426, 4.31715, 6],
			"rotation": {"angle": 0, "axis": "z", "origin": [8, 4.01715, 3]},
			"faces": {
				"north": {"uv": [15, 15, 16, 16], "rotation": 90, "texture": "#0"},
				"east": {"uv": [15, 4, 16, 5], "rotation": 270, "texture": "#0"},
				"south": {"uv": [15, 15, 16, 16], "rotation": 270, "texture": "#0"},
				"west": {"uv": [15, 4, 16, 5], "rotation": 270, "texture": "#0"},
				"up": {"uv": [0, 15, 16, 16], "rotation": 270, "texture": "#0"},
				"down": {"uv": [2, 15, 14, 16], "rotation": 270, "texture": "#0"}
			}
		},
		{
			"name": "octagon",
			"from": [7.87574, 4.21715, 0],
			"to": [8.12426, 4.31715, 6],
			"rotation": {"angle": 45, "axis": "z", "origin": [8, 4.01715, 3]},
			"faces": {
				"north": {"uv": [15, 15, 16, 16], "rotation": 90, "texture": "#0"},
				"east": {"uv": [15, 4, 16, 5], "rotation": 270, "texture": "#0"},
				"south": {"uv": [15, 15, 16, 16], "rotation": 270, "texture": "#0"},
				"west": {"uv": [15, 4, 16, 5], "rotation": 270, "texture": "#0"},
				"up": {"uv": [0, 15, 16, 16], "rotation": 270, "texture": "#0"},
				"down": {"uv": [2, 15, 14, 16], "rotation": 270, "texture": "#0"}
			}
		},
		{
			"name": "octagon",
			"from": [7.7, 3.89289, 0],
			"to": [7.8, 4.14141, 6],
			"rotation": {"angle": 0, "axis": "z", "origin": [8, 4.01715, 3]},
			"faces": {
				"north": {"uv": [15, 15, 16, 16], "rotation": 180, "texture": "#0"},
				"east": {"uv": [2, 15, 14, 16], "rotation": 180, "texture": "#0"},
				"south": {"uv": [15, 15, 16, 16], "rotation": 180, "texture": "#0"},
				"west": {"uv": [0, 15, 16, 16], "texture": "#0"},
				"up": {"uv": [15, 4, 16, 5], "rotation": 180, "texture": "#0"},
				"down": {"uv": [15, 4, 16, 5], "rotation": 180, "texture": "#0"}
			}
		},
		{
			"name": "octagon",
			"from": [7.7, 3.89289, 0],
			"to": [7.8, 4.14141, 6],
			"rotation": {"angle": 45, "axis": "z", "origin": [8, 4.01715, 3]},
			"faces": {
				"north": {"uv": [15, 15, 16, 16], "rotation": 180, "texture": "#0"},
				"east": {"uv": [2, 15, 14, 16], "rotation": 180, "texture": "#0"},
				"south": {"uv": [15, 15, 16, 16], "rotation": 180, "texture": "#0"},
				"west": {"uv": [4, 15, 5, 16], "rotation": 180, "texture": "#0"},
				"up": {"uv": [15, 4, 16, 5], "rotation": 180, "texture": "#0"},
				"down": {"uv": [15, 4, 16, 5], "rotation": 180, "texture": "#0"}
			}
		},
		{
			"name": "octagon",
			"from": [7.87574, 3.71715, 0],
			"to": [8.12426, 3.81715, 6],
			"rotation": {"angle": 0, "axis": "z", "origin": [8, 4.01715, 3]},
			"faces": {
				"north": {"uv": [15, 15, 16, 16], "rotation": 270, "texture": "#0"},
				"east": {"uv": [15, 4, 16, 5], "rotation": 90, "texture": "#0"},
				"south": {"uv": [15, 15, 16, 16], "rotation": 90, "texture": "#0"},
				"west": {"uv": [15, 4, 16, 5], "rotation": 90, "texture": "#0"},
				"up": {"uv": [2, 15, 14, 16], "rotation": 90, "texture": "#0"},
				"down": {"uv": [0, 15, 16, 16], "rotation": 90, "texture": "#0"}
			}
		},
		{
			"name": "octagon",
			"from": [7.87574, 3.71715, 0],
			"to": [8.12426, 3.81715, 6],
			"rotation": {"angle": 45, "axis": "z", "origin": [8, 4.01715, 3]},
			"faces": {
				"north": {"uv": [15, 15, 16, 16], "rotation": 270, "texture": "#0"},
				"east": {"uv": [15, 4, 16, 5], "rotation": 90, "texture": "#0"},
				"south": {"uv": [15, 15, 16, 16], "rotation": 90, "texture": "#0"},
				"west": {"uv": [15, 4, 16, 5], "rotation": 90, "texture": "#0"},
				"up": {"uv": [2, 15, 14, 16], "rotation": 90, "texture": "#0"},
				"down": {"uv": [0, 15, 16, 16], "rotation": 90, "texture": "#0"}
			}
		}
	],
	"display": {
		"thirdperson_righthand": {
			"rotation": [0, -10, 0],
			"translation": [0.75, 6, -2.5],
			"scale": [1.25, 1.25, 1.25]
		},
		"thirdperson_lefthand": {
			"translation": [-14, 8.75, -2.25],
			"scale": [1.75, 1.75, 1.75]
		},
		"firstperson_righthand": {
			"rotation": [0, -10, 0],
			"translation": [8.75, 12.25, -3.75],
			"scale": [2.01, 2.01, 1.99]
		},
		"firstperson_lefthand": {
			"translation": [0, 8.25, -1.75],
			"scale": [1.25, 1.25, 1.25]
		},
		"ground": {
			"rotation": [0, 0, -90],
			"translation": [5.75, -2.25, 4.75],
			"scale": [1.15, 1.15, 1.15]
		},
		"gui": {
			"rotation": [21, 150, 0],
			"translation": [2, 7.5, 0],
			"scale": [1.72, 1.72, 1.72]
		},
		"head": {
			"translation": [0, 0, -17.5],
			"scale": [0.5, 0.5, 2]
		},
		"fixed": {
			"rotation": [0, -88, 0],
			"translation": [-4.25, 8, -0.75],
			"scale": [1.85, 1.85, 1.85]
		}
	},
	"groups": [
		{
			"name": "part",
			"origin": [0, 0, 12],
			"color": 0,
			"children": []
		},
		{
			"name": "part",
			"origin": [0, 0, 12],
			"color": 0,
			"children": [0, 1, 2, 3, 4, 5, 6, 7, 8, 9, 10, 11, 12]
		},
		{
			"name": "scope",
			"origin": [0, -3.35, 5],
			"color": 0,
			"children": [13, 14, 15, 16, 17, 18, 19, 20, 21, 22, 23, 24, 25, 26, 27, 28, 29, 30, 31, 32, 33, 34, 35, 36, 37, 38, 39, 40, 41, 42]
		},
		{
			"name": "part",
			"origin": [0, 0, 12],
			"color": 0,
			"children": [43, 44, 45, 46]
		},
		47,
		{
			"name": "octagon",
			"origin": [8, 8, 8],
			"color": 0,
			"children": []
		},
		{
			"name": "octagon",
			"origin": [8, 8, 8],
			"color": 0,
			"children": [48, 49, 50, 51, 52, 53, 54, 55]
		},
		{
			"name": "octagon",
			"origin": [8, 8, 8],
			"color": 0,
			"children": [56, 57, 58, 59]
		},
		{
			"name": "octagon",
			"origin": [8, 8, 8],
			"color": 0,
			"children": [60, 61, 62, 63, 64, 65, 66, 67]
		},
		{
			"name": "octagon",
			"origin": [8, 8, 8],
			"color": 0,
			"children": []
		},
		{
			"name": "octagon",
			"origin": [8, 8, 8],
			"color": 0,
			"children": []
		},
		{
			"name": "octagon",
			"origin": [8, 8, 8],
			"color": 0,
			"children": []
		},
		{
			"name": "octagon",
			"origin": [8, 8, 8],
			"color": 0,
			"children": []
		},
		{
			"name": "octagon",
			"origin": [8, 9.7125, 3.375],
			"color": 0,
			"children": []
		},
		{
			"name": "octagon",
			"origin": [8, 8, 8],
			"color": 0,
			"children": []
		},
		{
			"name": "octagon",
			"origin": [8, 8, 8],
			"color": 0,
			"children": []
		},
		{
			"name": "octagon",
			"origin": [8, 8, 8],
			"color": 0,
			"children": []
		}
	]
}