{
	"format_version": "1.21.6",
	"credit": "Made with Blockbench",
	"textures": {
		"1": "chems_guns:item/gun_ammo/bazooka"
	},
	"elements": [
		{
			"name": "handle",
			"from": [7, 6, 4],
			"to": [9, 13, 7],
			"rotation": {"angle": -22.5, "axis": "x", "origin": [7, 11, 8]},
			"faces": {
				"north": {"uv": [11, 0, 13, 7], "texture": "#1"},
				"east": {"uv": [13, 0, 16, 7], "texture": "#1"},
				"south": {"uv": [11, 0, 13, 7], "texture": "#1"},
				"west": {"uv": [13, 0, 16, 7], "texture": "#1"},
				"up": {"uv": [14, 0, 16, 3], "texture": "#1"},
				"down": {"uv": [15, 4, 16, 7], "texture": "#1"}
			}
		},
		{
			"name": "trigger",
			"from": [7.5, 9.05, 2.5],
			"to": [8.75, 11.05, 4.5],
			"rotation": {"angle": 0, "axis": "y", "origin": [7, 7.05, -5]},
			"faces": {
				"north": {"uv": [14.75, 7, 16, 9], "texture": "#1"},
				"east": {"uv": [14, 7, 16, 9], "texture": "#1"},
				"south": {"uv": [14.75, 7, 16, 9], "texture": "#1"},
				"west": {"uv": [14, 7, 16, 9], "texture": "#1"},
				"up": {"uv": [14.75, 7, 16, 9], "texture": "#1"},
				"down": {"uv": [14.75, 7, 16, 9], "texture": "#1"}
			}
		},
		{
			"name": "octagon",
			"from": [3.37868, 12, -3],
			"to": [4.62132, 12.5, -1],
			"rotation": {"angle": 45, "axis": "z", "origin": [4, 13.5, -2]},
			"faces": {
				"north": {"uv": [0, 0, 1.24264, 0.5], "texture": "#1"},
				"east": {"uv": [0, 0, 2, 0.5], "texture": "#1"},
				"south": {"uv": [0, 0, 1.24264, 0.5], "texture": "#1"},
				"west": {"uv": [0, 0, 2, 0.5], "texture": "#1"},
				"up": {"uv": [0, 0, 1.24264, 2], "texture": "#1"},
				"down": {"uv": [0, 0, 1.24264, 2], "texture": "#1"}
			}
		},
		{
			"name": "octagon",
			"from": [3.37868, 12, -3],
			"to": [4.62132, 12.5, -1],
			"rotation": {"angle": 0, "axis": "z", "origin": [4, 13.5, -2]},
			"faces": {
				"north": {"uv": [0, 0, 1.24264, 0.5], "texture": "#1"},
				"east": {"uv": [0, 0, 2, 0.5], "texture": "#1"},
				"south": {"uv": [0, 0, 1.24264, 0.5], "texture": "#1"},
				"west": {"uv": [0, 0, 2, 0.5], "texture": "#1"},
				"up": {"uv": [0, 0, 1.24264, 2], "texture": "#1"},
				"down": {"uv": [0, 0, 1.24264, 2], "texture": "#1"}
			}
		},
		{
			"name": "octagon",
			"from": [3.37868, 14.5, -3],
			"to": [4.62132, 15, -1],
			"rotation": {"angle": 45, "axis": "z", "origin": [4, 13.5, -2]},
			"faces": {
				"north": {"uv": [0, 0, 1.24264, 0.5], "texture": "#1"},
				"east": {"uv": [0, 0, 2, 0.5], "texture": "#1"},
				"south": {"uv": [0, 0, 1.24264, 0.5], "texture": "#1"},
				"west": {"uv": [0, 0, 2, 0.5], "texture": "#1"},
				"up": {"uv": [0, 0, 1.24264, 2], "texture": "#1"},
				"down": {"uv": [0, 0, 1.24264, 2], "texture": "#1"}
			}
		},
		{
			"name": "octagon",
			"from": [3.37868, 14.5, -3],
			"to": [4.62132, 15, -1],
			"rotation": {"angle": 0, "axis": "z", "origin": [4, 13.5, -2]},
			"faces": {
				"north": {"uv": [0, 0, 1.24264, 0.5], "texture": "#1"},
				"east": {"uv": [0, 0, 2, 0.5], "texture": "#1"},
				"south": {"uv": [0, 0, 1.24264, 0.5], "texture": "#1"},
				"west": {"uv": [0, 0, 2, 0.5], "texture": "#1"},
				"up": {"uv": [0, 0, 1.24264, 2], "texture": "#1"},
				"down": {"uv": [0, 0, 1.24264, 2], "texture": "#1"}
			}
		},
		{
			"name": "octagon",
			"from": [2.5, 12.87868, -3],
			"to": [3, 14.12132, -1],
			"rotation": {"angle": 45, "axis": "z", "origin": [4, 13.5, -2]},
			"faces": {
				"north": {"uv": [0, 0, 0.5, 1.24264], "texture": "#1"},
				"east": {"uv": [0, 0, 2, 1.24264], "texture": "#1"},
				"south": {"uv": [0, 0, 0.5, 1.24264], "texture": "#1"},
				"west": {"uv": [0, 0, 2, 1.24264], "texture": "#1"},
				"up": {"uv": [0, 0, 0.5, 2], "texture": "#1"},
				"down": {"uv": [0, 0, 0.5, 2], "texture": "#1"}
			}
		},
		{
			"name": "octagon",
			"from": [2.5, 12.87868, -3],
			"to": [3, 14.12132, -1],
			"rotation": {"angle": 0, "axis": "z", "origin": [4, 13.5, -2]},
			"faces": {
				"north": {"uv": [0, 0, 0.5, 1.24264], "texture": "#1"},
				"east": {"uv": [0, 0, 2, 1.24264], "texture": "#1"},
				"south": {"uv": [0, 0, 0.5, 1.24264], "texture": "#1"},
				"west": {"uv": [0, 0, 2, 1.24264], "texture": "#1"},
				"up": {"uv": [0, 0, 0.5, 2], "texture": "#1"},
				"down": {"uv": [0, 0, 0.5, 2], "texture": "#1"}
			}
		},
		{
			"name": "octagon",
			"from": [5, 12.87868, -3],
			"to": [5.5, 14.12132, -1],
			"rotation": {"angle": 45, "axis": "z", "origin": [4, 13.5, -2]},
			"faces": {
				"north": {"uv": [0, 0, 0.5, 1.24264], "texture": "#1"},
				"east": {"uv": [0, 0, 2, 1.24264], "texture": "#1"},
				"south": {"uv": [0, 0, 0.5, 1.24264], "texture": "#1"},
				"west": {"uv": [0, 0, 2, 1.24264], "texture": "#1"},
				"up": {"uv": [0, 0, 0.5, 2], "texture": "#1"},
				"down": {"uv": [0, 0, 0.5, 2], "texture": "#1"}
			}
		},
		{
			"name": "octagon",
			"from": [6.75736, 10.5, -10],
			"to": [9.24264, 11.5, 0],
			"rotation": {"angle": 45, "axis": "z", "origin": [8, 13.5, -7]},
			"faces": {
				"north": {"uv": [0, 0, 2.48528, 1], "texture": "#1"},
				"east": {"uv": [0, 0, 10, 1], "texture": "#1"},
				"south": {"uv": [0, 0, 2.48528, 1], "texture": "#1"},
				"west": {"uv": [0, 0, 10, 1], "texture": "#1"},
				"up": {"uv": [0, 0, 2.48528, 10], "texture": "#1"},
				"down": {"uv": [0, 3, 2.48528, 13], "texture": "#1"}
			}
		},
		{
			"name": "octagon",
			"from": [6.75736, 10.5, -10],
			"to": [9.24264, 11.5, 0],
			"rotation": {"angle": 0, "axis": "z", "origin": [8, 13.5, -7]},
			"faces": {
				"north": {"uv": [0, 0, 2.48528, 1], "texture": "#1"},
				"east": {"uv": [0, 0, 10, 1], "texture": "#1"},
				"south": {"uv": [0, 0, 2.48528, 1], "texture": "#1"},
				"west": {"uv": [0, 0, 10, 1], "texture": "#1"},
				"up": {"uv": [0, 0, 2.48528, 10], "texture": "#1"},
				"down": {"uv": [0, 3, 2.48528, 13], "texture": "#1"}
			}
		},
		{
			"name": "octagon",
			"from": [6.75736, 15.5, -10],
			"to": [9.24264, 16.5, 0],
			"rotation": {"angle": 45, "axis": "z", "origin": [8, 13.5, -7]},
			"faces": {
				"north": {"uv": [0, 0, 2.48528, 1], "texture": "#1"},
				"east": {"uv": [0, 0, 10, 1], "texture": "#1"},
				"south": {"uv": [0, 0, 2.48528, 1], "texture": "#1"},
				"west": {"uv": [0, 0, 10, 1], "texture": "#1"},
				"up": {"uv": [0, 3, 2.48528, 13], "texture": "#1"},
				"down": {"uv": [0, 3, 2.48528, 13], "texture": "#1"}
			}
		},
		{
			"name": "octagon",
			"from": [6.75736, 15.5, -10],
			"to": [9.24264, 16.5, 0],
			"rotation": {"angle": 0, "axis": "z", "origin": [8, 13.5, -7]},
			"faces": {
				"north": {"uv": [0, 0, 2.48528, 1], "texture": "#1"},
				"east": {"uv": [0, 0, 10, 1], "texture": "#1"},
				"south": {"uv": [0, 0, 2.48528, 1], "texture": "#1"},
				"west": {"uv": [0, 0, 10, 1], "texture": "#1"},
				"up": {"uv": [0, 3, 2.48528, 13], "texture": "#1"},
				"down": {"uv": [0, 3, 2.48528, 13], "texture": "#1"}
			}
		},
		{
			"name": "octagon",
			"from": [5, 12.25736, -10],
			"to": [6, 14.74264, 0],
			"rotation": {"angle": 45, "axis": "z", "origin": [8, 13.5, -7]},
			"faces": {
				"north": {"uv": [0, 0, 1, 2.48528], "texture": "#1"},
				"east": {"uv": [0, 0, 10, 2.48528], "texture": "#1"},
				"south": {"uv": [0, 0, 1, 2.48528], "texture": "#1"},
				"west": {"uv": [0, 0, 10, 2.48528], "texture": "#1"},
				"up": {"uv": [0, 0, 1, 10], "texture": "#1"},
				"down": {"uv": [0, 0, 1, 10], "texture": "#1"}
			}
		},
		{
			"name": "octagon",
			"from": [5, 12.25736, -10],
			"to": [6, 14.74264, 0],
			"rotation": {"angle": 0, "axis": "z", "origin": [8, 13.5, -7]},
			"faces": {
				"north": {"uv": [0, 0, 1, 2.48528], "texture": "#1"},
				"east": {"uv": [0, 0, 10, 2.48528], "texture": "#1"},
				"south": {"uv": [0, 0, 1, 2.48528], "texture": "#1"},
				"west": {"uv": [0, 0, 10, 2.48528], "texture": "#1"},
				"up": {"uv": [0, 0, 1, 10], "texture": "#1"},
				"down": {"uv": [0, 0, 1, 10], "texture": "#1"}
			}
		},
		{
			"name": "octagon",
			"from": [10, 12.25736, -10],
			"to": [11, 14.74264, 0],
			"rotation": {"angle": 45, "axis": "z", "origin": [8, 13.5, -7]},
			"faces": {
				"north": {"uv": [0, 0, 1, 2.48528], "texture": "#1"},
				"east": {"uv": [0, 0, 10, 2.48528], "texture": "#1"},
				"south": {"uv": [0, 0, 1, 2.48528], "texture": "#1"},
				"west": {"uv": [0, 0, 10, 2.48528], "texture": "#1"},
				"up": {"uv": [0, 0, 1, 10], "texture": "#1"},
				"down": {"uv": [0, 0, 1, 10], "texture": "#1"}
			}
		},
		{
			"name": "octagon",
			"from": [10, 12.25736, -10],
			"to": [11, 14.74264, 0],
			"rotation": {"angle": 0, "axis": "z", "origin": [8, 13.5, -7]},
			"faces": {
				"north": {"uv": [0, 0, 1, 2.48528], "texture": "#1"},
				"east": {"uv": [0, 0, 10, 2.48528], "texture": "#1"},
				"south": {"uv": [0, 0, 1, 2.48528], "texture": "#1"},
				"west": {"uv": [0, 0, 10, 2.48528], "texture": "#1"},
				"up": {"uv": [0, 0, 1, 10], "texture": "#1"},
				"down": {"uv": [0, 0, 1, 10], "texture": "#1"}
			}
		},
		{
			"name": "octagon",
			"from": [6.96447, 11, 0],
			"to": [9.03553, 12, 10],
			"rotation": {"angle": 45, "axis": "z", "origin": [8, 13.5, 3]},
			"faces": {
				"north": {"uv": [0, 0, 2.07107, 1], "texture": "#1"},
				"east": {"uv": [0, 0, 10, 1], "texture": "#1"},
				"south": {"uv": [0, 0, 2.07107, 1], "texture": "#1"},
				"west": {"uv": [0, 0, 10, 1], "texture": "#1"},
				"up": {"uv": [0, 0, 2.07107, 10], "texture": "#1"},
				"down": {"uv": [0, 3, 2.07107, 13], "texture": "#1"}
			}
		},
		{
			"name": "octagon",
			"from": [6.96447, 11, 0],
			"to": [9.03553, 12, 10],
			"rotation": {"angle": 0, "axis": "y", "origin": [8, 13.5, 3]},
			"faces": {
				"north": {"uv": [0, 0, 2.07107, 1], "texture": "#1"},
				"east": {"uv": [0, 0, 10, 1], "texture": "#1"},
				"south": {"uv": [0, 0, 2.07107, 1], "texture": "#1"},
				"west": {"uv": [0, 0, 10, 1], "texture": "#1"},
				"up": {"uv": [0, 0, 2.07107, 10], "texture": "#1"},
				"down": {"uv": [0, 3, 2.07107, 13], "texture": "#1"}
			}
		},
		{
			"name": "octagon",
			"from": [6.96447, 15, 0],
			"to": [9.03553, 16, 10],
			"rotation": {"angle": 45, "axis": "z", "origin": [8, 13.5, 3]},
			"faces": {
				"north": {"uv": [0, 0, 2.07107, 1], "texture": "#1"},
				"east": {"uv": [0, 0, 10, 1], "texture": "#1"},
				"south": {"uv": [0, 0, 2.07107, 1], "texture": "#1"},
				"west": {"uv": [0, 0, 10, 1], "texture": "#1"},
				"up": {"uv": [0, 3, 2.07107, 13], "texture": "#1"},
				"down": {"uv": [0, 0, 2.07107, 10], "texture": "#1"}
			}
		},
		{
			"name": "octagon",
			"from": [6.96447, 15, 0],
			"to": [9.03553, 16, 10],
			"rotation": {"angle": 0, "axis": "y", "origin": [8, 13.5, 3]},
			"faces": {
				"north": {"uv": [0, 0, 2.07107, 1], "texture": "#1"},
				"east": {"uv": [0, 0, 10, 1], "texture": "#1"},
				"south": {"uv": [0, 0, 2.07107, 1], "texture": "#1"},
				"west": {"uv": [0, 0, 10, 1], "texture": "#1"},
				"up": {"uv": [0, 3, 2.07107, 13], "texture": "#1"},
				"down": {"uv": [0, 0, 2.07107, 10], "texture": "#1"}
			}
		},
		{
			"name": "octagon",
			"from": [5.5, 12.46447, 0],
			"to": [6.5, 14.53553, 10],
			"rotation": {"angle": 45, "axis": "z", "origin": [8, 13.5, 3]},
			"faces": {
				"north": {"uv": [0, 0, 1, 2.07107], "texture": "#1"},
				"east": {"uv": [0, 0, 10, 2.07107], "texture": "#1"},
				"south": {"uv": [0, 0, 1, 2.07107], "texture": "#1"},
				"west": {"uv": [0, 0, 10, 2.07107], "texture": "#1"},
				"up": {"uv": [0, 0, 1, 10], "texture": "#1"},
				"down": {"uv": [0, 0, 1, 10], "texture": "#1"}
			}
		},
		{
			"name": "octagon",
			"from": [5.5, 12.46447, 0],
			"to": [6.5, 14.53553, 10],
			"rotation": {"angle": 0, "axis": "y", "origin": [8, 13.5, 3]},
			"faces": {
				"north": {"uv": [0, 0, 1, 2.07107], "texture": "#1"},
				"east": {"uv": [0, 0, 10, 2.07107], "texture": "#1"},
				"south": {"uv": [0, 0, 1, 2.07107], "texture": "#1"},
				"west": {"uv": [0, 0, 10, 2.07107], "texture": "#1"},
				"up": {"uv": [0, 0, 1, 10], "texture": "#1"},
				"down": {"uv": [0, 0, 1, 10], "texture": "#1"}
			}
		},
		{
			"name": "octagon",
			"from": [9.5, 12.46447, 0],
			"to": [10.5, 14.53553, 10],
			"rotation": {"angle": 45, "axis": "z", "origin": [8, 13.5, 3]},
			"faces": {
				"north": {"uv": [0, 0, 1, 2.07107], "texture": "#1"},
				"east": {"uv": [0, 0, 10, 2.07107], "texture": "#1"},
				"south": {"uv": [0, 0, 1, 2.07107], "texture": "#1"},
				"west": {"uv": [0, 0, 10, 2.07107], "texture": "#1"},
				"up": {"uv": [0, 0, 1, 10], "texture": "#1"},
				"down": {"uv": [0, 0, 1, 10], "texture": "#1"}
			}
		},
		{
			"name": "octagon",
			"from": [9.5, 12.46447, 0],
			"to": [10.5, 14.53553, 10],
			"rotation": {"angle": 0, "axis": "y", "origin": [8, 13.5, 3]},
			"faces": {
				"north": {"uv": [0, 0, 1, 2.07107], "texture": "#1"},
				"east": {"uv": [0, 0, 10, 2.07107], "texture": "#1"},
				"south": {"uv": [0, 0, 1, 2.07107], "texture": "#1"},
				"west": {"uv": [0, 0, 10, 2.07107], "texture": "#1"},
				"up": {"uv": [0, 0, 1, 10], "texture": "#1"},
				"down": {"uv": [0, 0, 1, 10], "texture": "#1"}
			}
		},
		{
			"name": "octagon",
			"from": [6.96447, 11, 10],
			"to": [9.03553, 12, 16],
			"rotation": {"angle": 45, "axis": "z", "origin": [8, 13.5, 3]},
			"faces": {
				"north": {"uv": [0, 0, 2.07107, 1], "texture": "#1"},
				"east": {"uv": [0, 0, 6, 1], "texture": "#1"},
				"south": {"uv": [0, 0, 2.07107, 1], "texture": "#1"},
				"west": {"uv": [0, 0, 6, 1], "texture": "#1"},
				"up": {"uv": [0, 0, 2.07107, 6], "texture": "#1"},
				"down": {"uv": [0, 13, 2.07107, 7], "texture": "#1"}
			}
		},
		{
			"name": "octagon",
			"from": [6.96447, 11, 10],
			"to": [9.03553, 12, 16],
			"rotation": {"angle": 0, "axis": "z", "origin": [8, 13.5, 3]},
			"faces": {
				"north": {"uv": [0, 0, 2.07107, 1], "texture": "#1"},
				"east": {"uv": [0, 0, 6, 1], "texture": "#1"},
				"south": {"uv": [0, 0, 2.07107, 1], "texture": "#1"},
				"west": {"uv": [0, 0, 6, 1], "texture": "#1"},
				"up": {"uv": [0, 0, 2.07107, 6], "texture": "#1"},
				"down": {"uv": [0, 13, 2.07107, 7], "texture": "#1"}
			}
		},
		{
			"name": "octagon",
			"from": [6.96447, 15, 10],
			"to": [9.03553, 16, 16],
			"rotation": {"angle": 45, "axis": "z", "origin": [8, 13.5, 3]},
			"faces": {
				"north": {"uv": [0, 0, 2.07107, 1], "texture": "#1"},
				"east": {"uv": [0, 0, 6, 1], "texture": "#1"},
				"south": {"uv": [0, 0, 2.07107, 1], "texture": "#1"},
				"west": {"uv": [0, 0, 6, 1], "texture": "#1"},
				"up": {"uv": [0, 13, 2.07107, 7], "texture": "#1"},
				"down": {"uv": [0, 0, 2.07107, 6], "texture": "#1"}
			}
		},
		{
			"name": "octagon",
			"from": [6.96447, 15, 10],
			"to": [9.03553, 16, 16],
			"rotation": {"angle": 0, "axis": "z", "origin": [8, 13.5, 3]},
			"faces": {
				"north": {"uv": [0, 0, 2.07107, 1], "texture": "#1"},
				"east": {"uv": [0, 0, 6, 1], "texture": "#1"},
				"south": {"uv": [0, 0, 2.07107, 1], "texture": "#1"},
				"west": {"uv": [0, 0, 6, 1], "texture": "#1"},
				"up": {"uv": [0, 13, 2.07107, 7], "texture": "#1"},
				"down": {"uv": [0, 0, 2.07107, 6], "texture": "#1"}
			}
		},
		{
			"name": "octagon",
			"from": [5.5, 12.46447, 10],
			"to": [6.5, 14.53553, 16],
			"rotation": {"angle": 45, "axis": "z", "origin": [8, 13.5, 3]},
			"faces": {
				"north": {"uv": [0, 0, 1, 2.07107], "texture": "#1"},
				"east": {"uv": [0, 0, 6, 2.07107], "texture": "#1"},
				"south": {"uv": [0, 0, 1, 2.07107], "texture": "#1"},
				"west": {"uv": [10, 1, 4, 3], "texture": "#1"},
				"up": {"uv": [0, 0, 1, 6], "texture": "#1"},
				"down": {"uv": [0, 0, 1, 6], "texture": "#1"}
			}
		},
		{
			"name": "octagon",
			"from": [5.5, 12.46447, 10],
			"to": [6.5, 14.53553, 16],
			"rotation": {"angle": 0, "axis": "z", "origin": [8, 13.5, 3]},
			"faces": {
				"north": {"uv": [0, 0, 1, 2.07107], "texture": "#1"},
				"east": {"uv": [0, 0, 6, 2.07107], "texture": "#1"},
				"south": {"uv": [0, 0, 1, 2.07107], "texture": "#1"},
				"west": {"uv": [10, 1, 4, 3], "texture": "#1"},
				"up": {"uv": [0, 0, 1, 6], "texture": "#1"},
				"down": {"uv": [0, 0, 1, 6], "texture": "#1"}
			}
		},
		{
			"name": "octagon",
			"from": [9.5, 12.46447, 10],
			"to": [10.5, 14.53553, 16],
			"rotation": {"angle": 45, "axis": "z", "origin": [8, 13.5, 3]},
			"faces": {
				"north": {"uv": [0, 0, 1, 2.07107], "texture": "#1"},
				"east": {"uv": [10, 1, 4, 3.07107], "texture": "#1"},
				"south": {"uv": [0, 0, 1, 2.07107], "texture": "#1"},
				"west": {"uv": [0, 0, 6, 2.07107], "texture": "#1"},
				"up": {"uv": [0, 0, 1, 6], "texture": "#1"},
				"down": {"uv": [0, 0, 1, 6], "texture": "#1"}
			}
		},
		{
			"name": "octagon",
			"from": [9.5, 12.46447, 10],
			"to": [10.5, 14.53553, 16],
			"rotation": {"angle": 0, "axis": "z", "origin": [8, 13.5, 3]},
			"faces": {
				"north": {"uv": [0, 0, 1, 2.07107], "texture": "#1"},
				"east": {"uv": [10, 1, 4, 3], "texture": "#1"},
				"south": {"uv": [0, 0, 1, 2.07107], "texture": "#1"},
				"west": {"uv": [0, 0, 6, 2.07107], "texture": "#1"},
				"up": {"uv": [0, 0, 1, 6], "texture": "#1"},
				"down": {"uv": [0, 0, 1, 6], "texture": "#1"}
			}
		},
		{
			"name": "octagon",
			"from": [6.75736, 10.5, 16],
			"to": [9.24264, 11.5, 22],
			"rotation": {"angle": 45, "axis": "z", "origin": [8, 13.5, 15]},
			"faces": {
				"north": {"uv": [0, 0, 2.48528, 1], "texture": "#1"},
				"east": {"uv": [0, 0, 6, 1], "texture": "#1"},
				"south": {"uv": [0, 0, 2.48528, 1], "texture": "#1"},
				"west": {"uv": [0, 0, 6, 1], "texture": "#1"},
				"up": {"uv": [0, 0, 2.48528, 6], "texture": "#1"},
				"down": {"uv": [0, 7, 2.48528, 13], "texture": "#1"}
			}
		},
		{
			"name": "octagon",
			"from": [6.75736, 10.5, 16],
			"to": [9.24264, 11.5, 22],
			"rotation": {"angle": 0, "axis": "z", "origin": [8, 13.5, 15]},
			"faces": {
				"north": {"uv": [0, 0, 2.48528, 1], "texture": "#1"},
				"east": {"uv": [0, 0, 6, 1], "texture": "#1"},
				"south": {"uv": [0, 0, 2.48528, 1], "texture": "#1"},
				"west": {"uv": [0, 0, 6, 1], "texture": "#1"},
				"up": {"uv": [0, 0, 2.48528, 6], "texture": "#1"},
				"down": {"uv": [0, 7, 2.48528, 13], "texture": "#1"}
			}
		},
		{
			"name": "octagon",
			"from": [6.75736, 15.5, 16],
			"to": [9.24264, 16.5, 22],
			"rotation": {"angle": 45, "axis": "z", "origin": [8, 13.5, 15]},
			"faces": {
				"north": {"uv": [0, 0, 2.48528, 1], "texture": "#1"},
				"east": {"uv": [0, 0, 6, 1], "texture": "#1"},
				"south": {"uv": [0, 0, 2.48528, 1], "texture": "#1"},
				"west": {"uv": [0, 0, 6, 1], "texture": "#1"},
				"up": {"uv": [0, 7, 2.48528, 13], "texture": "#1"},
				"down": {"uv": [0, 0, 2.48528, 6], "texture": "#1"}
			}
		},
		{
			"name": "octagon",
			"from": [6.75736, 15.5, 16],
			"to": [9.24264, 16.5, 22],
			"rotation": {"angle": 0, "axis": "z", "origin": [8, 13.5, 15]},
			"faces": {
				"north": {"uv": [0, 0, 2.48528, 1], "texture": "#1"},
				"east": {"uv": [0, 0, 6, 1], "texture": "#1"},
				"south": {"uv": [0, 0, 2.48528, 1], "texture": "#1"},
				"west": {"uv": [0, 0, 6, 1], "texture": "#1"},
				"up": {"uv": [0, 7, 2.48528, 13], "texture": "#1"},
				"down": {"uv": [0, 0, 2.48528, 6], "texture": "#1"}
			}
		},
		{
			"name": "octagon",
			"from": [5, 12.25736, 16],
			"to": [6, 14.74264, 22],
			"rotation": {"angle": 45, "axis": "z", "origin": [8, 13.5, 15]},
			"faces": {
				"north": {"uv": [0, 0, 1, 2.48528], "texture": "#1"},
				"east": {"uv": [0, 0, 6, 2.48528], "texture": "#1"},
				"south": {"uv": [0, 0, 1, 2.48528], "texture": "#1"},
				"west": {"uv": [4, 0, 10, 2.48528], "texture": "#1"},
				"up": {"uv": [0, 0, 1, 6], "texture": "#1"},
				"down": {"uv": [0, 0, 1, 6], "texture": "#1"}
			}
		},
		{
			"name": "octagon",
			"from": [5, 12.25736, 16],
			"to": [6, 14.74264, 22],
			"rotation": {"angle": 0, "axis": "z", "origin": [8, 13.5, 15]},
			"faces": {
				"north": {"uv": [0, 0, 1, 2.48528], "texture": "#1"},
				"east": {"uv": [0, 0, 6, 2.48528], "texture": "#1"},
				"south": {"uv": [0, 0, 1, 2.48528], "texture": "#1"},
				"west": {"uv": [4, 0, 10, 2.48528], "texture": "#1"},
				"up": {"uv": [0, 0, 1, 6], "texture": "#1"},
				"down": {"uv": [0, 0, 1, 6], "texture": "#1"}
			}
		},
		{
			"name": "octagon",
			"from": [10, 12.25736, 16],
			"to": [11, 14.74264, 22],
			"rotation": {"angle": 45, "axis": "z", "origin": [8, 13.5, 15]},
			"faces": {
				"north": {"uv": [0, 0, 1, 2.48528], "texture": "#1"},
				"east": {"uv": [4, 0, 10, 2.48528], "texture": "#1"},
				"south": {"uv": [0, 0, 1, 2.48528], "texture": "#1"},
				"west": {"uv": [0, 0, 6, 2.48528], "texture": "#1"},
				"up": {"uv": [0, 0, 1, 6], "texture": "#1"},
				"down": {"uv": [0, 0, 1, 6], "texture": "#1"}
			}
		},
		{
			"name": "octagon",
			"from": [10, 12.25736, 16],
			"to": [11, 14.74264, 22],
			"rotation": {"angle": 0, "axis": "z", "origin": [8, 13.5, 15]},
			"faces": {
				"north": {"uv": [0, 0, 1, 2.48528], "texture": "#1"},
				"east": {"uv": [4, 0, 10, 2.48528], "texture": "#1"},
				"south": {"uv": [0, 0, 1, 2.48528], "texture": "#1"},
				"west": {"uv": [0, 0, 6, 2.48528], "texture": "#1"},
				"up": {"uv": [0, 0, 1, 6], "texture": "#1"},
				"down": {"uv": [0, 0, 1, 6], "texture": "#1"}
			}
		},
		{
			"name": "cpu",
			"from": [6, 7.3, -7.5],
			"to": [10, 11.3, -0.5],
			"rotation": {"angle": 0, "axis": "y", "origin": [7, 7.3, -7.5]},
			"faces": {
				"north": {"uv": [4, 4, 8, 8], "texture": "#1"},
				"east": {"uv": [4, 4, 11, 8], "texture": "#1"},
				"south": {"uv": [7, 4, 11, 8], "texture": "#1"},
				"west": {"uv": [4, 4, 11, 8], "texture": "#1"},
				"up": {"uv": [4, 8, 8, 15], "texture": "#1"},
				"down": {"uv": [4, 8, 8, 15], "texture": "#1"}
			}
		},
		{
			"name": "screen",
			"from": [5.99, 7.8, -7],
			"to": [5.99, 10.8, -1],
			"rotation": {"angle": 0, "axis": "y", "origin": [7, 7.3, -7.5]},
			"faces": {
				"north": {"uv": [0, 0, 0, 3], "texture": "#1"},
				"east": {"uv": [0, 0, 6, 3], "texture": "#1"},
				"south": {"uv": [0, 0, 0, 3], "texture": "#1"},
				"west": {"uv": [9, 9, 15, 12], "texture": "#1"},
				"up": {"uv": [0, 0, 0, 6], "texture": "#1"},
				"down": {"uv": [0, 0, 0, 6], "texture": "#1"}
			}
		}
	],
	"gui_light": "front",
	"display": {
		"thirdperson_righthand": {
			"translation": [0, -3, 6]
		},
		"thirdperson_lefthand": {
			"translation": [0, -3, 6]
		},
		"firstperson_righthand": {
			"rotation": [0, -10, 0],
			"translation": [2.5, 3, 17.5]
		},
		"firstperson_lefthand": {
			"rotation": [0, -10, 0],
			"translation": [2.5, 3, 17.5]
		},
		"ground": {
			"rotation": [0, 0, -90],
			"translation": [-5.5, 0, 1.75],
			"scale": [0.85, 0.85, 0.85]
		},
		"gui": {
			"rotation": [12, 157, 0],
			"translation": [0, -4.25, 0],
			"scale": [1.25, 1.25, 1.25]
		},
		"head": {
			"rotation": [26, 0, 0],
			"translation": [0, 3.25, -15.75]
		}
	},
	"groups": [
		0,
		1,
		{
			"name": "sight",
			"origin": [8, 8, 8],
			"color": 0,
			"children": [2, 3, 4, 5, 6, 7, 8]
		},
		{
			"name": "barrel1",
			"origin": [8, 8, 8],
			"color": 0,
			"children": [9, 10, 11, 12, 13, 14, 15, 16]
		},
		{
			"name": "barrel2",
			"origin": [8, 8, 8],
			"color": 0,
			"children": [17, 18, 19, 20, 21, 22, 23, 24]
		},
		{
			"name": "barrel3",
			"origin": [8, 8, 8],
			"color": 0,
			"children": [25, 26, 27, 28, 29, 30, 31, 32]
		},
		{
			"name": "barrel4",
			"origin": [8, 8, 8],
			"color": 0,
			"children": [33, 34, 35, 36, 37, 38, 39, 40]
		},
		41,
		42
	]
}