{
	"format_version": "1.21.6",
	"credit": "Made with Blockbench",
	"textures": {
		"0": "chems_guns:item/gun_ammo/bm50",
		"1": "chems_guns:item/gun_ammo/sniper_scope",
		"particle": "chems_guns:item/gun_ammo/bm50"
	},
	"elements": [
		{
			"name": "octagon",
			"from": [6.92157, 8.25, 4.7501],
			"to": [7.17157, 8.8713, 9.7501],
			"rotation": {"angle": 0, "axis": "y", "origin": [7.67157, 8.56065, 7.2501]},
			"faces": {
				"north": {"uv": [2, 10, 0, 10.5], "rotation": 180, "texture": "#0"},
				"east": {"uv": [2, 10, 0, 12], "rotation": 180, "texture": "#0"},
				"south": {"uv": [2.5, 11.5, 0.5, 12], "rotation": 180, "texture": "#0"},
				"west": {"uv": [11, 10, 0, 11.5], "rotation": 180, "texture": "#0"},
				"up": {"uv": [3, 10.5, 1.5, 12.5], "rotation": 180, "texture": "#0"},
				"down": {"uv": [3.5, 11, 1.5, 13], "rotation": 180, "texture": "#0"}
			}
		},
		{
			"name": "octagon",
			"from": [7.36092, 9.06065, 4.7501],
			"to": [7.98222, 9.31065, 9.7501],
			"rotation": {"angle": 45, "axis": "z", "origin": [7.67157, 8.56065, 7.2501]},
			"faces": {
				"north": {"uv": [2, 10, 0, 10.5], "rotation": 90, "texture": "#0"},
				"east": {"uv": [3, 10.5, 1.5, 12.5], "rotation": 270, "texture": "#0"},
				"south": {"uv": [2.5, 11.5, 0.5, 12], "rotation": 270, "texture": "#0"},
				"west": {"uv": [3.5, 11, 1.5, 13], "rotation": 270, "texture": "#0"},
				"up": {"uv": [11, 11.5, 0, 10], "rotation": 270, "texture": "#0"},
				"down": {"uv": [2, 10, 0, 12], "rotation": 270, "texture": "#0"}
			}
		},
		{
			"name": "octagon",
			"from": [7.36092, 7.81065, 4.7501],
			"to": [7.98222, 8.06065, 9.7501],
			"rotation": {"angle": 0, "axis": "y", "origin": [7.67157, 8.56065, 7.2501]},
			"faces": {
				"north": {"uv": [2, 10, 0, 10.5], "rotation": 90, "texture": "#0"},
				"east": {"uv": [3, 10.5, 1.5, 12.5], "rotation": 270, "texture": "#0"},
				"south": {"uv": [2.5, 11.5, 0.5, 12], "rotation": 270, "texture": "#0"},
				"west": {"uv": [3.5, 11, 1.5, 13], "rotation": 270, "texture": "#0"},
				"up": {"uv": [2, 10, 0, 12], "rotation": 270, "texture": "#0"},
				"down": {"uv": [11, 10, 0, 11.5], "rotation": 270, "texture": "#0"}
			}
		},
		{
			"name": "octagon",
			"from": [6.92157, 8.25, 4.7501],
			"to": [7.17157, 8.8713, 9.7501],
			"rotation": {"angle": 45, "axis": "z", "origin": [7.67157, 8.56065, 7.2501]},
			"faces": {
				"north": {"uv": [2, 10, 0, 10.5], "texture": "#0"},
				"east": {"uv": [2, 10, 0, 12], "texture": "#0"},
				"south": {"uv": [2.5, 12, 0.5, 11.5], "texture": "#0"},
				"west": {"uv": [11, 10, 0, 11.5], "texture": "#0"},
				"up": {"uv": [3.5, 11, 1.5, 13], "texture": "#0"},
				"down": {"uv": [3, 10.5, 1.5, 12.5], "texture": "#0"}
			}
		},
		{
			"name": "octagon",
			"from": [6.82157, 8.05, 5.0501],
			"to": [7.07157, 8.6713, 5.6501],
			"rotation": {"angle": 45, "axis": "z", "origin": [7.57157, 8.36065, 3.2501]},
			"faces": {
				"north": {"uv": [2, 10, 0, 10.5], "texture": "#0"},
				"east": {"uv": [2, 10, 0, 12], "texture": "#0"},
				"south": {"uv": [2.5, 12, 0.5, 11.5], "texture": "#0"},
				"west": {"uv": [11, 10, 0, 11.5], "texture": "#0"},
				"up": {"uv": [3.5, 11, 1.5, 13], "texture": "#0"},
				"down": {"uv": [3, 10.5, 1.5, 12.5], "texture": "#0"}
			}
		},
		{
			"name": "octagon",
			"from": [8.17157, 8.25, 4.7501],
			"to": [8.42157, 8.8713, 9.7501],
			"rotation": {"angle": 0, "axis": "y", "origin": [7.67157, 8.56065, 7.2501]},
			"faces": {
				"north": {"uv": [2, 10, 0, 10.5], "texture": "#0"},
				"east": {"uv": [11, 10, 0, 11.5], "texture": "#0"},
				"south": {"uv": [2.5, 11.5, 0.5, 12], "texture": "#0"},
				"west": {"uv": [2, 10, 0, 12], "texture": "#0"},
				"up": {"uv": [3.5, 11, 1.5, 13], "texture": "#0"},
				"down": {"uv": [3, 10.5, 1.5, 12.5], "texture": "#0"}
			}
		},
		{
			"name": "octagon",
			"from": [8.17157, 8.25, 4.7501],
			"to": [8.42157, 8.8713, 9.7501],
			"rotation": {"angle": -45, "axis": "z", "origin": [7.67157, 8.56065, 7.2501]},
			"faces": {
				"north": {"uv": [2, 10, 0, 10.5], "texture": "#0"},
				"east": {"uv": [11, 11.5, 0, 10], "texture": "#0"},
				"south": {"uv": [2.5, 11.5, 0.5, 12], "texture": "#0"},
				"west": {"uv": [2, 10, 0, 12], "texture": "#0"},
				"up": {"uv": [3.5, 11, 1.5, 13], "texture": "#0"},
				"down": {"uv": [3, 10.5, 1.5, 12.5], "texture": "#0"}
			}
		},
		{
			"name": "octagon",
			"from": [7.36092, 9.06065, 4.7501],
			"to": [7.98222, 9.31065, 9.7501],
			"rotation": {"angle": 0, "axis": "y", "origin": [7.67157, 8.56065, 7.2501]},
			"faces": {
				"north": {"uv": [2, 10, 0, 10.5], "rotation": 270, "texture": "#0"},
				"east": {"uv": [3.5, 11, 1.5, 13], "rotation": 90, "texture": "#0"},
				"south": {"uv": [2.5, 11.5, 0.5, 12], "rotation": 90, "texture": "#0"},
				"west": {"uv": [3, 10.5, 1.5, 12.5], "rotation": 90, "texture": "#0"},
				"up": {"uv": [0, 11.5, 11, 10], "rotation": 90, "texture": "#0"},
				"down": {"uv": [2, 10, 0, 12], "rotation": 90, "texture": "#0"}
			}
		},
		{
			"name": "octagon",
			"from": [7.36092, 9.06065, 4.7501],
			"to": [7.98222, 9.31065, 9.7501],
			"rotation": {"angle": -45, "axis": "z", "origin": [7.67157, 8.56065, 7.2501]},
			"faces": {
				"north": {"uv": [2, 10, 0, 10.5], "rotation": 270, "texture": "#0"},
				"east": {"uv": [3.5, 11, 1.5, 13], "rotation": 90, "texture": "#0"},
				"south": {"uv": [2.5, 11.5, 0.5, 12], "rotation": 90, "texture": "#0"},
				"west": {"uv": [3, 10.5, 1.5, 12.5], "rotation": 90, "texture": "#0"},
				"up": {"uv": [11, 10, 0, 11.5], "rotation": 90, "texture": "#0"},
				"down": {"uv": [2, 10, 0, 12], "rotation": 90, "texture": "#0"}
			}
		},
		{
			"from": [7.15, 8.05, 5],
			"to": [8.25, 9.05, 5],
			"rotation": {"angle": 0, "axis": "y", "origin": [6.9, 9.8, 4]},
			"faces": {
				"north": {"uv": [1.3125, 1.375, 14.8125, 14.75], "texture": "#1"},
				"east": {"uv": [4.5, 13, 5, 16], "texture": "#0"},
				"south": {"uv": [4, 4, 12.25, 12.25], "texture": "#1"},
				"west": {"uv": [7, 13, 7.5, 16], "texture": "#0"},
				"up": {"uv": [4.5, 13, 7.5, 13.5], "texture": "#0"},
				"down": {"uv": [4.5, 15.5, 7.5, 16], "texture": "#0"}
			}
		},
		{
			"from": [8.5284, 7.1716, -8],
			"to": [9.0284, 8.8284, 16],
			"rotation": {"angle": 45, "axis": "z", "origin": [10.5284, 8, 4]},
			"faces": {
				"north": {"uv": [0, 0, 2, 0.5], "rotation": 90, "texture": "#0"},
				"east": {"uv": [14, 0, 16, 14], "rotation": 270, "texture": "#0"},
				"south": {"uv": [0, 0, 2, 0.5], "rotation": 270, "texture": "#0"},
				"west": {"uv": [16, 0, 14, 16], "rotation": 270, "texture": "#0"},
				"up": {"uv": [0, 0, 16, 0.5], "rotation": 270, "texture": "#0"},
				"down": {"uv": [0, 0, 16, 0.5], "rotation": 270, "texture": "#0"}
			}
		},
		{
			"from": [8.5284, 7.1716, -8.001],
			"to": [9.0284, 8.8284, 16.001],
			"rotation": {"angle": 0, "axis": "y", "origin": [10.5284, 8, 4]},
			"faces": {
				"north": {"uv": [2, 0, 0, 0.5], "rotation": 90, "texture": "#0"},
				"east": {"uv": [14, 0, 16, 14], "rotation": 270, "texture": "#0"},
				"south": {"uv": [2, 0, 0, 0.5], "rotation": 270, "texture": "#0"},
				"west": {"uv": [14, 0, 16, 16], "rotation": 270, "texture": "#0"},
				"up": {"uv": [0, 0, 16, 0.5], "rotation": 270, "texture": "#0"},
				"down": {"uv": [0, 0, 16, 0.5], "rotation": 270, "texture": "#0"}
			}
		},
		{
			"from": [9.7, 9.5, -8],
			"to": [11.3568, 10, 16],
			"rotation": {"angle": 45, "axis": "z", "origin": [10.5284, 8, 4]},
			"faces": {
				"north": {"uv": [0, 0, 2, 0.5], "texture": "#0"},
				"east": {"uv": [0, 0, 16, 0.5], "texture": "#0"},
				"south": {"uv": [0, 0, 2, 0.5], "texture": "#0"},
				"west": {"uv": [0, 0, 16, 0.5], "texture": "#0"},
				"up": {"uv": [16, 0, 14, 16], "texture": "#0"},
				"down": {"uv": [14, 0, 16, 14], "texture": "#0"}
			}
		},
		{
			"from": [9.7, 9.5, -8.001],
			"to": [11.3568, 10, 16.001],
			"rotation": {"angle": 0, "axis": "y", "origin": [10.5284, 8, 4]},
			"faces": {
				"north": {"uv": [2, 0, 0, 0.5], "texture": "#0"},
				"east": {"uv": [0, 0, 16, 0.5], "texture": "#0"},
				"south": {"uv": [2, 0, 0, 0.5], "texture": "#0"},
				"west": {"uv": [0, 0, 16, 0.5], "texture": "#0"},
				"up": {"uv": [14, 0, 16, 16], "texture": "#0"},
				"down": {"uv": [14, 0, 16, 14], "texture": "#0"}
			}
		},
		{
			"from": [9.7, 9.5, -8],
			"to": [11.3568, 10, 16],
			"rotation": {"angle": -45, "axis": "z", "origin": [10.5284, 8, 4]},
			"faces": {
				"north": {"uv": [0, 0, 2, 0.5], "texture": "#0"},
				"east": {"uv": [0, 0, 16, 0.5], "texture": "#0"},
				"south": {"uv": [0, 0, 2, 0.5], "texture": "#0"},
				"west": {"uv": [0, 0, 16, 0.5], "texture": "#0"},
				"up": {"uv": [16, 0, 14, 16], "texture": "#0"},
				"down": {"uv": [14, 0, 16, 14], "texture": "#0"}
			}
		},
		{
			"from": [12.0284, 7.1716, -8.001],
			"to": [12.5284, 8.8284, 16.001],
			"rotation": {"angle": 0, "axis": "y", "origin": [10.5284, 8, 4]},
			"faces": {
				"north": {"uv": [2, 0, 0, 0.5], "rotation": 270, "texture": "#0"},
				"east": {"uv": [14, 0, 16, 16], "rotation": 90, "texture": "#0"},
				"south": {"uv": [2, 0, 0, 0.5], "rotation": 90, "texture": "#0"},
				"west": {"uv": [14, 0, 16, 14], "rotation": 90, "texture": "#0"},
				"up": {"uv": [0, 0, 16, 0.5], "rotation": 90, "texture": "#0"},
				"down": {"uv": [0, 0, 16, 0.5], "rotation": 90, "texture": "#0"}
			}
		},
		{
			"from": [12.0284, 7.1716, -8],
			"to": [12.5284, 8.8284, 16],
			"rotation": {"angle": -45, "axis": "z", "origin": [10.5284, 8, 4]},
			"faces": {
				"north": {"uv": [0, 0, 2, 0.5], "rotation": 270, "texture": "#0"},
				"east": {"uv": [16, 0, 14, 16], "rotation": 90, "texture": "#0"},
				"south": {"uv": [0, 0, 2, 0.5], "rotation": 90, "texture": "#0"},
				"west": {"uv": [14, 0, 16, 14], "rotation": 90, "texture": "#0"},
				"up": {"uv": [0, 0, 16, 0.5], "rotation": 90, "texture": "#0"},
				"down": {"uv": [0, 0, 16, 0.5], "rotation": 90, "texture": "#0"}
			}
		},
		{
			"from": [9.7, 6, -8.001],
			"to": [11.3568, 6.5, 16.001],
			"rotation": {"angle": 0, "axis": "y", "origin": [10.5284, 8, 4]},
			"faces": {
				"north": {"uv": [2, 0, 0, 0.5], "rotation": 180, "texture": "#0"},
				"east": {"uv": [0, 0, 16, 0.5], "rotation": 180, "texture": "#0"},
				"south": {"uv": [2, 0, 0, 0.5], "rotation": 180, "texture": "#0"},
				"west": {"uv": [0, 0, 16, 0.5], "rotation": 180, "texture": "#0"},
				"up": {"uv": [14, 0, 16, 14], "rotation": 180, "texture": "#0"},
				"down": {"uv": [14, 0, 16, 16], "rotation": 180, "texture": "#0"}
			}
		},
		{
			"from": [9.2, 5.25, -4.001],
			"to": [11.8568, 6.5, 5.001],
			"rotation": {"angle": 0, "axis": "y", "origin": [10.5284, 8, 4]},
			"faces": {
				"north": {"uv": [11.5, 13, 7.5, 14.5], "rotation": 180, "texture": "#0"},
				"east": {"uv": [0, 0, 10.5, 1.5], "rotation": 180, "texture": "#0"},
				"south": {"uv": [10, 0.5, 8, 2.5], "rotation": 180, "texture": "#0"},
				"west": {"uv": [0, 0, 10.5, 1.5], "rotation": 180, "texture": "#0"},
				"down": {"uv": [14, 0, 16, 14.5], "rotation": 180, "texture": "#0"}
			}
		},
		{
			"from": [9.2, 5.25, -3.001],
			"to": [11.8568, 6.5, 4.001],
			"rotation": {"angle": -45, "axis": "z", "origin": [10.5284, 8, 4]},
			"faces": {
				"north": {"uv": [10.5, 12, 6.5, 13.5], "rotation": 180, "texture": "#0"},
				"east": {"uv": [0, 0, 10.5, 1.5], "rotation": 180, "texture": "#0"},
				"south": {"uv": [10, 0.5, 8, 2.5], "rotation": 180, "texture": "#0"},
				"west": {"uv": [0, 0, 10.5, 1.5], "rotation": 180, "texture": "#0"},
				"up": {"uv": [0, 0, 8.5, 8.5], "rotation": 180, "texture": "#0"},
				"down": {"uv": [4.5, 12, 12.5, 16], "rotation": 90, "texture": "#0"}
			}
		},
		{
			"from": [9.2, 5.25, 6.499],
			"to": [11.8568, 6.5, 11.001],
			"rotation": {"angle": 0, "axis": "y", "origin": [10.5284, 8, 10]},
			"faces": {
				"north": {"uv": [4, 0, 0, 1.5], "rotation": 180, "texture": "#0"},
				"east": {"uv": [10.5, 0, 14.5, 1.5], "rotation": 180, "texture": "#0"},
				"south": {"uv": [9.5, 0.5, 7.5, 2.5], "rotation": 180, "texture": "#0"},
				"west": {"uv": [10.5, 0, 14.5, 1.5], "rotation": 180, "texture": "#0"},
				"down": {"uv": [14, 0, 16, 14.5], "rotation": 180, "texture": "#0"}
			}
		},
		{
			"from": [9.7, 4, -3.001],
			"to": [11.3568, 5.25, 4.251],
			"rotation": {"angle": 0, "axis": "y", "origin": [10.5284, 6.75, 4]},
			"faces": {
				"north": {"uv": [10.5, 0.5, 8.5, 2.5], "rotation": 180, "texture": "#0"},
				"east": {"uv": [0, 0.5, 8, 2], "rotation": 180, "texture": "#0"},
				"south": {"uv": [9, 0, 7, 2], "rotation": 180, "texture": "#0"},
				"west": {"uv": [0, 0.5, 8, 2], "rotation": 180, "texture": "#0"},
				"up": {"uv": [14, 0, 16, 14], "rotation": 180, "texture": "#0"},
				"down": {"uv": [14, 0, 16, 14.5], "rotation": 180, "texture": "#0"}
			}
		},
		{
			"from": [7.65, 5.75, -3],
			"to": [9.3068, 7, 4],
			"rotation": {"angle": 0, "axis": "y", "origin": [8.5284, 5.875, 0.625]},
			"faces": {
				"north": {"uv": [10.5, 0.5, 8.5, 2.5], "rotation": 180, "texture": "#0"},
				"east": {"uv": [0, 0.5, 8, 2], "rotation": 180, "texture": "#0"},
				"south": {"uv": [9, 2, 7, 0], "rotation": 180, "texture": "#0"},
				"west": {"uv": [0, 0.5, 10, 2], "rotation": 180, "texture": "#0"},
				"up": {"uv": [14, 0, 16, 14], "rotation": 180, "texture": "#0"},
				"down": {"uv": [14, 0, 16, 14.5], "rotation": 180, "texture": "#0"}
			}
		},
		{
			"from": [10.1509, 3.8125, 7.375],
			"to": [10.9009, 5.8125, 9.375],
			"rotation": {"angle": 0, "axis": "y", "origin": [10.5259, 4.8125, 8.375]},
			"faces": {
				"north": {"uv": [12.688, 15, 14.688, 16], "rotation": 90, "texture": "#0"},
				"east": {"uv": [12.5, 14, 14.688, 16], "texture": "#0"},
				"south": {"uv": [0, 0, 9, 9], "texture": "#0"},
				"west": {"uv": [12.688, 14, 14.688, 16], "rotation": 90, "texture": "#0"},
				"up": {"uv": [12.688, 14.812, 14.688, 16], "texture": "#0"},
				"down": {"uv": [13.688, 14.312, 14.688, 16], "texture": "#0"}
			}
		},
		{
			"from": [10, 0.75, 9],
			"to": [11, 5.8125, 11],
			"rotation": {"angle": -22.5, "axis": "x", "origin": [11, 3.75, 10]},
			"faces": {
				"north": {"uv": [0, 10, 1, 13.063], "texture": "#0"},
				"east": {"uv": [0.5, 10.5, 3.563, 11.5], "rotation": 90, "texture": "#0"},
				"south": {"uv": [0.5, 10, 1.5, 13.063], "texture": "#0"},
				"west": {"uv": [0, 10, 1.5, 13.063], "texture": "#0"},
				"up": {"uv": [0.5, 11, 2.5, 12], "rotation": 90, "texture": "#0"},
				"down": {"uv": [0, 11.5, 1, 13], "texture": "#0"}
			}
		},
		{
			"from": [12.05695, 7.09305, 15.999],
			"to": [12.75695, 8.95695, 18.001],
			"rotation": {"angle": -45, "axis": "z", "origin": [10.53195, 8.025, 17]},
			"faces": {
				"north": {"uv": [2, 0, 0, 0.5], "rotation": 90, "texture": "#0"},
				"east": {"uv": [14, 9.5, 16, 11.5], "rotation": 270, "texture": "#0"},
				"south": {"uv": [2.5, 2, 0.5, 2.5], "rotation": 270, "texture": "#0"},
				"west": {"uv": [14, 7, 16, 9.5], "rotation": 270, "texture": "#0"},
				"up": {"uv": [0, 0, 16, 0.5], "rotation": 270, "texture": "#0"},
				"down": {"uv": [0, 0, 16, 0.5], "rotation": 270, "texture": "#0"}
			}
		},
		{
			"from": [12.05695, 7.09305, 15.999],
			"to": [12.75695, 8.95695, 18.001],
			"rotation": {"angle": 0, "axis": "y", "origin": [10.53195, 8.025, 17]},
			"faces": {
				"north": {"uv": [2, 0, 0, 0.5], "rotation": 90, "texture": "#0"},
				"east": {"uv": [16, 9.5, 14, 11.5], "rotation": 270, "texture": "#0"},
				"south": {"uv": [0.5, 2, 2.5, 2.5], "rotation": 270, "texture": "#0"},
				"west": {"uv": [16, 7, 14, 9.5], "rotation": 270, "texture": "#0"},
				"up": {"uv": [0, 0, 16, 0.5], "rotation": 270, "texture": "#0"},
				"down": {"uv": [0, 0, 16, 0.5], "rotation": 270, "texture": "#0"}
			}
		},
		{
			"from": [9.6, 9.55, 15.999],
			"to": [11.4639, 10.25, 18.001],
			"rotation": {"angle": -45, "axis": "z", "origin": [10.53195, 8.025, 17]},
			"faces": {
				"north": {"uv": [2, 0, 0, 0.5], "rotation": 180, "texture": "#0"},
				"east": {"uv": [0, 0, 16, 0.5], "rotation": 180, "texture": "#0"},
				"south": {"uv": [2.5, 2, 0.5, 2.5], "rotation": 180, "texture": "#0"},
				"west": {"uv": [0, 0, 16, 0.5], "rotation": 180, "texture": "#0"},
				"up": {"uv": [14, 9.5, 16, 11.5], "rotation": 180, "texture": "#0"},
				"down": {"uv": [14, 7, 16, 9.5], "rotation": 180, "texture": "#0"}
			}
		},
		{
			"from": [9.6, 9.55, 15.999],
			"to": [11.4639, 10.25, 18.001],
			"rotation": {"angle": 0, "axis": "y", "origin": [10.53195, 8.025, 17]},
			"faces": {
				"north": {"uv": [2, 0, 0, 0.5], "rotation": 180, "texture": "#0"},
				"east": {"uv": [0, 0, 16, 0.5], "rotation": 180, "texture": "#0"},
				"south": {"uv": [0.5, 2, 2.5, 2.5], "rotation": 180, "texture": "#0"},
				"west": {"uv": [0, 0, 16, 0.5], "rotation": 180, "texture": "#0"},
				"up": {"uv": [16, 9.5, 14, 11.5], "rotation": 180, "texture": "#0"},
				"down": {"uv": [16, 7, 14, 9.5], "rotation": 180, "texture": "#0"}
			}
		},
		{
			"from": [9.6, 5.8, 15.999],
			"to": [11.4639, 6.5, 18.001],
			"rotation": {"angle": -45, "axis": "z", "origin": [10.53195, 8.025, 17]},
			"faces": {
				"north": {"uv": [2, 0, 0, 0.5], "texture": "#0"},
				"east": {"uv": [0, 0, 16, 0.5], "texture": "#0"},
				"south": {"uv": [2.5, 2, 0.5, 2.5], "texture": "#0"},
				"west": {"uv": [0, 0, 16, 0.5], "texture": "#0"},
				"up": {"uv": [14, 7, 16, 9.5], "texture": "#0"},
				"down": {"uv": [14, 9.5, 16, 11.5], "texture": "#0"}
			}
		},
		{
			"from": [8.30695, 7.09305, 15.999],
			"to": [9.00695, 8.95695, 18.001],
			"rotation": {"angle": 0, "axis": "y", "origin": [10.53195, 8.025, 17]},
			"faces": {
				"north": {"uv": [2, 0, 0, 0.5], "rotation": 270, "texture": "#0"},
				"east": {"uv": [16, 7, 14, 9.5], "rotation": 90, "texture": "#0"},
				"south": {"uv": [0.5, 2, 2.5, 2.5], "rotation": 90, "texture": "#0"},
				"west": {"uv": [16, 9.5, 14, 11.5], "rotation": 90, "texture": "#0"},
				"up": {"uv": [0, 0, 16, 0.5], "rotation": 90, "texture": "#0"},
				"down": {"uv": [0, 0, 16, 0.5], "rotation": 90, "texture": "#0"}
			}
		},
		{
			"from": [8.30695, 7.09305, 15.999],
			"to": [9.00695, 8.95695, 18.001],
			"rotation": {"angle": -45, "axis": "z", "origin": [10.53195, 8.025, 17]},
			"faces": {
				"north": {"uv": [2, 0, 0, 0.5], "rotation": 270, "texture": "#0"},
				"east": {"uv": [14, 7, 16, 9.5], "rotation": 90, "texture": "#0"},
				"south": {"uv": [2.5, 2, 0.5, 2.5], "rotation": 90, "texture": "#0"},
				"west": {"uv": [14, 9.5, 16, 11.5], "rotation": 90, "texture": "#0"},
				"up": {"uv": [0, 0, 16, 0.5], "rotation": 90, "texture": "#0"},
				"down": {"uv": [0, 0, 16, 0.5], "rotation": 90, "texture": "#0"}
			}
		},
		{
			"from": [9.6, 5.8, 15.999],
			"to": [11.4639, 6.5, 18.001],
			"rotation": {"angle": 0, "axis": "y", "origin": [10.53195, 8.025, 17]},
			"faces": {
				"north": {"uv": [2, 0, 0, 0.5], "texture": "#0"},
				"east": {"uv": [0, 0, 16, 0.5], "texture": "#0"},
				"south": {"uv": [0.5, 2, 2.5, 2.5], "texture": "#0"},
				"west": {"uv": [0, 0, 16, 0.5], "texture": "#0"},
				"up": {"uv": [16, 7, 14, 9.5], "texture": "#0"},
				"down": {"uv": [16, 9.5, 14, 11.5], "texture": "#0"}
			}
		},
		{
			"from": [9.5284, 7.5716, -4.001],
			"to": [11.5284, 8.4, 17.001],
			"rotation": {"angle": 0, "axis": "y", "origin": [10.5284, 7.9858, 5.5]},
			"faces": {
				"north": {"uv": [3, 2.5, 2, 4.5], "rotation": 90, "texture": "#0"},
				"east": {"uv": [0, 2.5, 1, 10], "rotation": 90, "texture": "#0"},
				"south": {"uv": [0, 10, 2, 9], "texture": "#0"},
				"west": {"uv": [1, 10, 0, 2.5], "rotation": 90, "texture": "#0"},
				"up": {"uv": [0, 2.5, 2, 10], "texture": "#0"},
				"down": {"uv": [2, 10, 0, 2.5], "texture": "#0"}
			}
		},
		{
			"from": [9.5284, 7.5716, -4.001],
			"to": [11.5284, 8.4, 17.001],
			"rotation": {"angle": 45, "axis": "z", "origin": [10.5284, 7.9858, 5.5]},
			"faces": {
				"north": {"uv": [3, 2.5, 2, 4.5], "rotation": 90, "texture": "#0"},
				"east": {"uv": [0, 2.5, 1, 10], "rotation": 90, "texture": "#0"},
				"south": {"uv": [0, 10, 2, 9], "texture": "#0"},
				"west": {"uv": [1, 10, 0, 2.5], "rotation": 90, "texture": "#0"},
				"up": {"uv": [0, 2.5, 2, 10], "texture": "#0"},
				"down": {"uv": [2, 10, 0, 2.5], "texture": "#0"}
			}
		},
		{
			"from": [10.1142, 6.9858, -4.001],
			"to": [10.9426, 8.9858, 17.001],
			"rotation": {"angle": 0, "axis": "y", "origin": [10.5284, 7.9858, 5.5]},
			"faces": {
				"north": {"uv": [3, 2.5, 2, 4.5], "rotation": 180, "texture": "#0"},
				"east": {"uv": [2, 10, 0, 2.5], "rotation": 270, "texture": "#0"},
				"south": {"uv": [0, 10, 2, 9], "rotation": 270, "texture": "#0"},
				"west": {"uv": [0, 2.5, 2, 10], "rotation": 270, "texture": "#0"},
				"up": {"uv": [0, 2.5, 1, 10], "texture": "#0"},
				"down": {"uv": [1, 10, 0, 2.5], "texture": "#0"}
			}
		},
		{
			"from": [9.1142, 7.7358, 9.999],
			"to": [11.9426, 8.2358, 16.801],
			"rotation": {"angle": -45, "axis": "z", "origin": [10.5284, 7.9858, 5.5]},
			"faces": {
				"north": {"uv": [1, 7, 0, 9], "rotation": 180, "texture": "#0"},
				"east": {"uv": [2, 10, 0, 4.5], "rotation": 270, "texture": "#0"},
				"south": {"uv": [0, 9.5, 2, 8.5], "rotation": 270, "texture": "#0"},
				"west": {"uv": [0, 4.5, 2, 10], "rotation": 270, "texture": "#0"},
				"up": {"uv": [0, 4.5, 1, 10], "texture": "#0"},
				"down": {"uv": [1, 10, 0, 4.5], "texture": "#0"}
			}
		},
		{
			"from": [10.2784, 6.5716, 9.999],
			"to": [10.7784, 9.4, 16.801],
			"rotation": {"angle": -45, "axis": "z", "origin": [10.5284, 7.9858, 5.5]},
			"faces": {
				"north": {"uv": [1.5, 7, 0.5, 9], "rotation": 90, "texture": "#0"},
				"east": {"uv": [0, 4.5, 1, 10], "rotation": 90, "texture": "#0"},
				"south": {"uv": [0, 8.5, 2, 7.5], "texture": "#0"},
				"west": {"uv": [1, 10, 0, 4.5], "rotation": 90, "texture": "#0"},
				"up": {"uv": [0, 4.5, 2, 10], "texture": "#0"},
				"down": {"uv": [2, 10, 0, 4.5], "texture": "#0"}
			}
		},
		{
			"from": [10.1142, 6.9858, -4.001],
			"to": [10.9426, 8.9858, 17.001],
			"rotation": {"angle": 45, "axis": "z", "origin": [10.5284, 7.9858, 5.5]},
			"faces": {
				"north": {"uv": [3, 2.5, 2, 4.5], "rotation": 180, "texture": "#0"},
				"east": {"uv": [2, 10, 0, 2.5], "rotation": 270, "texture": "#0"},
				"south": {"uv": [0, 10, 2, 9], "rotation": 270, "texture": "#0"},
				"west": {"uv": [0, 2.5, 2, 10], "rotation": 270, "texture": "#0"},
				"up": {"uv": [0, 2.5, 1, 10], "texture": "#0"},
				"down": {"uv": [1, 10, 0, 2.5], "texture": "#0"}
			}
		}
	],
	"display": {
		"thirdperson_righthand": {
			"rotation": [28, -8, 0],
			"translation": [-2.25, 4.25, 6.25],
			"scale": [1.25, 1.25, 1.25]
		},
		"thirdperson_lefthand": {
			"translation": [-9, 3.5, 0],
			"scale": [1.25, 1.25, 1.25]
		},
		"firstperson_righthand": {
			"rotation": [0, -11, 0],
			"translation": [-0.015, 7.23, 11],
			"scale": [2, 2, 0.23]
		},
		"firstperson_lefthand": {
			"translation": [0, -80, 0]
		},
		"ground": {
			"rotation": [0, 0, 90],
			"translation": [-0.75, -3.5, 0.5]
		},
		"gui": {
			"rotation": [21, 150, 0],
			"translation": [4, 1, 0],
			"scale": [1.25, 1.25, 1.25]
		},
		"head": {
			"translation": [-2.5, 2, -14.5]
		},
		"fixed": {
			"rotation": [0, -89, 0],
			"translation": [-3, 2, -2],
			"scale": [1.25, 1.25, 1.25]
		}
	},
	"groups": [
		{
			"name": "scope",
			"origin": [8, 8, 8],
			"color": 0,
			"children": [
				{
					"name": "scope",
					"origin": [8, 8, 8],
					"color": 0,
					"children": [0, 1, 2, 3, 4, 5, 6, 7, 8, 9]
				},
				{
					"name": "tube",
					"origin": [10.5284, 8, 4],
					"color": 0,
					"children": [
						10,
						11,
						12,
						13,
						14,
						15,
						16,
						17,
						18,
						19,
						20,
						21,
						22,
						{
							"name": "handle",
							"origin": [11, 3.75, 10],
							"color": 0,
							"children": [23, 24]
						}
					]
				}
			]
		},
		{
			"name": "scope",
			"origin": [8, 8, 8],
			"color": 0,
			"children": []
		},
		{
			"name": "tube rear",
			"origin": [10.53195, 8.025, 17],
			"color": 0,
			"children": [25, 26, 27, 28, 29, 30, 31, 32]
		},
		{
			"name": "rocket",
			"origin": [11.5284, 8.4, 4],
			"color": 0,
			"children": [33, 34, 35, 36, 37, 38]
		}
	]
}