{
	"format_version": "1.21.6",
	"credit": "Made with Blockbench",
	"textures": {
		"0": "chems_guns:item/gun_ammo/csr50",
		"1": "chems_guns:item/gun_ammo/20mmholes",
		"particle": "chems_guns:item/gun_ammo/csr50"
	},
	"elements": [
		{
			"from": [7.75, 1.75, 23],
			"to": [8.25, 4, 24.751],
			"rotation": {"angle": 0, "axis": "y", "origin": [4, 3, 16]},
			"faces": {
				"north": {"uv": [0, 0, 3, 5.5], "texture": "#0"},
				"east": {"uv": [0, 0, 3, 4], "texture": "#0"},
				"south": {"uv": [0, 0, 3, 5.5], "texture": "#0"},
				"west": {"uv": [0, 0, 3, 4], "texture": "#0"},
				"up": {"uv": [0, 0, 2.5, 3], "texture": "#0"},
				"down": {"uv": [0, 0, 3, 3], "texture": "#0"}
			}
		},
		{
			"from": [7.25, 1.25, 24.75],
			"to": [8.75, 4.5, 25.251],
			"rotation": {"angle": 0, "axis": "y", "origin": [4, 3, 17.75]},
			"faces": {
				"north": {"uv": [0, 0, 3, 5.5], "texture": "#0"},
				"east": {"uv": [0, 0, 1, 5.5], "texture": "#0"},
				"south": {"uv": [0, 0, 3, 5.5], "texture": "#0"},
				"west": {"uv": [0, 0, 1, 5.5], "texture": "#0"},
				"up": {"uv": [0, 0, 3, 1], "texture": "#0"},
				"down": {"uv": [0, 0, 3, 1], "texture": "#0"}
			}
		},
		{
			"from": [7.75, 3, 14],
			"to": [8.25, 5, 20],
			"rotation": {"angle": 0, "axis": "y", "origin": [4, 1, 8]},
			"faces": {
				"north": {"uv": [0, 0, 3, 4], "texture": "#0"},
				"east": {"uv": [0, 12, 12, 16], "texture": "#1"},
				"south": {"uv": [0, 0, 1.5, 4.5], "texture": "#0"},
				"west": {"uv": [0, 12, 12, 16], "texture": "#1"},
				"up": {"uv": [0, 0, 1, 12], "texture": "#0"},
				"down": {"uv": [0, 0, 3, 12], "texture": "#0"}
			}
		},
		{
			"from": [7.75, 3.5, 20],
			"to": [8.25, 4.25, 23],
			"rotation": {"angle": 0, "axis": "y", "origin": [4, 1, 14]},
			"faces": {
				"north": {"uv": [0, 0, 3, 4], "texture": "#0"},
				"east": {"uv": [0, 14.5, 6, 16], "texture": "#1"},
				"south": {"uv": [0, 0, 3, 1.5], "texture": "#0"},
				"west": {"uv": [0, 14.5, 6, 16], "texture": "#1"},
				"up": {"uv": [0, 0, 3, 6], "texture": "#0"},
				"down": {"uv": [0, 0, 3, 12], "texture": "#0"}
			}
		},
		{
			"from": [7.5, 3.75, 14],
			"to": [7.9, 4.75, 20.001],
			"rotation": {"angle": -22.5, "axis": "z", "origin": [8.25, 4.25, 14.5]},
			"faces": {
				"north": {"uv": [0, 0, 2, 2], "texture": "#0"},
				"east": {"uv": [0, 0, 12, 2], "texture": "#0"},
				"south": {"uv": [0, 0, 1, 2], "texture": "#0"},
				"west": {"uv": [2, 0, 14, 2], "texture": "#0"},
				"up": {"uv": [0, 0, 2, 12], "texture": "#0"},
				"down": {"uv": [0, 0, 2, 12], "texture": "#0"}
			}
		},
		{
			"from": [8.1, 3.75, 14],
			"to": [8.5, 4.75, 20.002],
			"rotation": {"angle": 22.5, "axis": "z", "origin": [7.75, 4.25, 14.5]},
			"faces": {
				"north": {"uv": [0, 0, 2, 2], "texture": "#0"},
				"east": {"uv": [3, 0, 15, 2], "texture": "#0"},
				"south": {"uv": [0, 0, 1, 2], "texture": "#0"},
				"west": {"uv": [0, 0, 12, 2], "texture": "#0"},
				"up": {"uv": [0, 0, 2, 12], "texture": "#0"},
				"down": {"uv": [0, 0, 2, 12], "texture": "#0"}
			}
		},
		{
			"from": [8, 3.25, 14],
			"to": [8.5, 4.25, 18],
			"rotation": {"angle": -22.5, "axis": "z", "origin": [7.75, 3.75, 14.5]},
			"faces": {
				"north": {"uv": [0, 0, 2, 2], "texture": "#0"},
				"east": {"uv": [1, 0, 8, 2], "texture": "#0"},
				"south": {"uv": [0, 0, 2, 2], "texture": "#0"},
				"west": {"uv": [0, 0, 12, 2], "texture": "#0"},
				"up": {"uv": [0, 0, 2, 12], "texture": "#0"},
				"down": {"uv": [0, 0, 2, 12], "texture": "#0"}
			}
		},
		{
			"from": [7.5, 3.25, 14],
			"to": [8, 4.25, 18],
			"rotation": {"angle": 22.5, "axis": "z", "origin": [8.25, 3.75, 14.5]},
			"faces": {
				"north": {"uv": [0, 0, 2, 2], "texture": "#0"},
				"east": {"uv": [0, 0, 12, 2], "texture": "#0"},
				"south": {"uv": [0, 0, 2, 2], "texture": "#0"},
				"west": {"uv": [3, 0, 10, 2], "texture": "#0"},
				"up": {"uv": [0, 0, 2, 12], "texture": "#0"},
				"down": {"uv": [0, 0, 2, 12], "texture": "#0"}
			}
		},
		{
			"from": [7.35, 3.925, 14],
			"to": [8.65, 4.075, 20],
			"rotation": {"angle": 0, "axis": "y", "origin": [4, 1, 8]},
			"faces": {
				"north": {"uv": [0, 0, 4.6, 0.3], "texture": "#0"},
				"east": {"uv": [0, 0, 12, 0.3], "texture": "#0"},
				"south": {"uv": [0, 0, 4.6, 0.3], "texture": "#0"},
				"west": {"uv": [0, 0, 12, 0.3], "texture": "#0"},
				"up": {"uv": [0, 0, 2.1, 5], "texture": "#0"},
				"down": {"uv": [0, 0, 4.6, 12], "texture": "#0"}
			}
		},
		{
			"from": [7.75, 3, 6.5],
			"to": [8.25, 5, 14],
			"rotation": {"angle": 0, "axis": "y", "origin": [4, 1, 2]},
			"faces": {
				"north": {"uv": [0, 0, 3, 4], "texture": "#0"},
				"south": {"uv": [0, 0, 3, 4], "texture": "#0"},
				"up": {"uv": [0, 4.5, 16, 6], "rotation": 90, "texture": "#1"},
				"down": {"uv": [16, 4.5, 0, 6], "rotation": 90, "texture": "#1"}
			}
		},
		{
			"from": [7.5, 3.75, 6.5],
			"to": [7.75, 4.75, 14],
			"rotation": {"angle": -22.5, "axis": "z", "origin": [8.25, 4.25, 8.5]},
			"faces": {
				"north": {"uv": [0, 0, 2, 2], "texture": "#0"},
				"south": {"uv": [0, 0, 2, 2], "texture": "#0"},
				"west": {"uv": [0, 4.5, 16, 7], "texture": "#1"}
			}
		},
		{
			"from": [8.25, 3.75, 6.5],
			"to": [8.5, 4.75, 14],
			"rotation": {"angle": 22.5, "axis": "z", "origin": [7.75, 4.25, 8.5]},
			"faces": {
				"north": {"uv": [0, 0, 2, 2], "texture": "#0"},
				"east": {"uv": [16, 4.5, 0, 7], "texture": "#1"},
				"south": {"uv": [0, 0, 2, 2], "texture": "#0"}
			}
		},
		{
			"from": [8.25, 3.25, 6.5],
			"to": [8.5, 4.25, 14],
			"rotation": {"angle": -22.5, "axis": "z", "origin": [7.75, 3.75, 8.5]},
			"faces": {
				"north": {"uv": [0, 0, 2, 2], "texture": "#0"},
				"east": {"uv": [16, 4.5, 0, 7], "texture": "#1"},
				"south": {"uv": [0, 0, 2, 2], "texture": "#0"}
			}
		},
		{
			"from": [7.5, 3.25, 6.5],
			"to": [7.75, 4.25, 14],
			"rotation": {"angle": 22.5, "axis": "z", "origin": [8.25, 3.75, 8.5]},
			"faces": {
				"north": {"uv": [0, 0, 2, 2], "texture": "#0"},
				"east": {"uv": [0, 0, 7, 2], "texture": "#0"},
				"south": {"uv": [0, 0, 2, 2], "texture": "#0"},
				"west": {"uv": [0, 4.5, 16, 7], "texture": "#1"}
			}
		},
		{
			"from": [7.35, 3.925, 6.5],
			"to": [8.65, 4.075, 14],
			"rotation": {"angle": 0, "axis": "y", "origin": [4, 1, 2]},
			"faces": {
				"north": {"uv": [0, 0, 4.6, 0.3], "texture": "#0"},
				"east": {"uv": [16, 2.5, 0, 3], "texture": "#1"},
				"south": {"uv": [0, 0, 4.6, 0.3], "texture": "#0"},
				"west": {"uv": [0, 7, 16, 7.5], "texture": "#1"}
			}
		},
		{
			"from": [7.7501, 0.5, 19.3],
			"to": [8.2499, 3, 20.3],
			"rotation": {"angle": -22.5, "axis": "x", "origin": [8, 1.75, 19]},
			"faces": {
				"north": {"uv": [4, 3, 5, 8], "texture": "#0"},
				"east": {"uv": [6, 3, 4, 8], "texture": "#0"},
				"south": {"uv": [5, 3, 6, 8], "texture": "#0"},
				"west": {"uv": [4, 3, 6, 8], "texture": "#0"},
				"up": {"uv": [4, 6, 6, 8], "texture": "#0"},
				"down": {"uv": [4, 3, 6, 5], "texture": "#0"}
			}
		},
		{
			"from": [7.425, 2, 14.25],
			"to": [8.575, 4.05, 17.75],
			"rotation": {"angle": 0, "axis": "y", "origin": [4, 1, 12.5]},
			"faces": {
				"north": {"uv": [0, 0, 2.5, 2], "texture": "#0"},
				"east": {"uv": [0, 0, 6, 2], "texture": "#0"},
				"south": {"uv": [0, 0, 2.5, 2], "texture": "#0"},
				"west": {"uv": [0, 0, 6, 2], "texture": "#0"},
				"up": {"uv": [0, 0, 2.5, 6], "texture": "#0"},
				"down": {"uv": [0, 0, 2.5, 6], "texture": "#0"}
			}
		},
		{
			"from": [7.6, 0.5, 14.375],
			"to": [8.4, 2, 17.625],
			"rotation": {"angle": 0, "axis": "y", "origin": [4, 1, 12.5]},
			"faces": {
				"north": {"uv": [10, 6, 12, 8], "texture": "#0"},
				"east": {"uv": [7, 6, 12.5, 8], "texture": "#0"},
				"south": {"uv": [7, 6, 9, 8], "texture": "#0"},
				"west": {"uv": [7, 6, 12.5, 8], "texture": "#0"},
				"up": {"uv": [7, 8, 9, 13.5], "texture": "#0"},
				"down": {"uv": [7, 8.5, 9, 14], "texture": "#0"}
			}
		},
		{
			"from": [7.85, 2.125, 18.25],
			"to": [8.15, 3.125, 19.25],
			"rotation": {"angle": 0, "axis": "y", "origin": [4, 1, 12]},
			"faces": {
				"north": {"uv": [3.5, 9, 4.5, 11], "texture": "#0"},
				"east": {"uv": [4, 9, 6.5, 11.5], "texture": "#0"},
				"south": {"uv": [4, 9, 5, 11], "texture": "#0"},
				"west": {"uv": [6.5, 9, 4, 11.5], "texture": "#0"},
				"up": {"uv": [4, 9, 5, 11], "texture": "#0"},
				"down": {"uv": [3.5, 9, 4.5, 11], "texture": "#0"}
			}
		},
		{
			"name": "octagon",
			"from": [7.79289, 3.5, 6.5],
			"to": [8.20711, 3.75, 12.5],
			"rotation": {"angle": 45, "axis": "z", "origin": [8, 4, 12]},
			"faces": {
				"north": {"uv": [15, 15, 16, 16], "texture": "#0"},
				"east": {"uv": [4, 15, 5, 16], "texture": "#0"},
				"south": {"uv": [15, 15, 16, 16], "texture": "#0"},
				"west": {"uv": [4, 15, 5, 16], "texture": "#0"},
				"up": {"uv": [15, 4, 16, 5], "texture": "#0"},
				"down": {"uv": [15, 0, 16, 12], "texture": "#0"}
			}
		},
		{
			"name": "octagon",
			"from": [7.79289, 3.5, 6.5],
			"to": [8.20711, 3.75, 12.5],
			"rotation": {"angle": 0, "axis": "y", "origin": [8, 4, 12]},
			"faces": {
				"north": {"uv": [15, 15, 16, 16], "texture": "#0"},
				"east": {"uv": [4, 15, 5, 16], "texture": "#0"},
				"south": {"uv": [15, 15, 16, 16], "texture": "#0"},
				"west": {"uv": [4, 15, 5, 16], "texture": "#0"},
				"up": {"uv": [15, 4, 16, 5], "texture": "#0"},
				"down": {"uv": [15, 3, 16, 15], "texture": "#0"}
			}
		},
		{
			"name": "octagon",
			"from": [7.79289, 4.25, 6.5],
			"to": [8.20711, 4.5, 12.5],
			"rotation": {"angle": 45, "axis": "z", "origin": [8, 4, 12]},
			"faces": {
				"north": {"uv": [15, 15, 16, 16], "texture": "#0"},
				"east": {"uv": [4, 15, 5, 16], "texture": "#0"},
				"south": {"uv": [15, 15, 16, 16], "texture": "#0"},
				"west": {"uv": [4, 15, 5, 16], "texture": "#0"},
				"up": {"uv": [15, 2, 16, 14], "texture": "#0"},
				"down": {"uv": [15, 4, 16, 5], "texture": "#0"}
			}
		},
		{
			"name": "octagon",
			"from": [7.79289, 4.25, 6.5],
			"to": [8.20711, 4.5, 12.5],
			"rotation": {"angle": 0, "axis": "y", "origin": [8, 4, 12]},
			"faces": {
				"north": {"uv": [15, 15, 16, 16], "texture": "#0"},
				"east": {"uv": [4, 15, 5, 16], "texture": "#0"},
				"south": {"uv": [15, 15, 16, 16], "texture": "#0"},
				"west": {"uv": [4, 15, 5, 16], "texture": "#0"},
				"up": {"uv": [15, 3, 16, 15], "texture": "#0"},
				"down": {"uv": [15, 4, 16, 5], "texture": "#0"}
			}
		},
		{
			"name": "octagon",
			"from": [7.5, 3.79289, 6.5],
			"to": [7.75, 4.20711, 12.5],
			"rotation": {"angle": 45, "axis": "z", "origin": [8, 4, 12]},
			"faces": {
				"north": {"uv": [15, 15, 16, 16], "texture": "#0"},
				"east": {"uv": [4, 15, 5, 16], "texture": "#0"},
				"south": {"uv": [15, 15, 16, 16], "texture": "#0"},
				"west": {"uv": [3, 15, 15, 16], "texture": "#0"},
				"up": {"uv": [15, 4, 16, 5], "texture": "#0"},
				"down": {"uv": [15, 4, 16, 5], "texture": "#0"}
			}
		},
		{
			"name": "octagon",
			"from": [7.5, 3.79289, 6.5],
			"to": [7.75, 4.20711, 12.5],
			"rotation": {"angle": 0, "axis": "y", "origin": [8, 4, 12]},
			"faces": {
				"north": {"uv": [15, 15, 16, 16], "texture": "#0"},
				"east": {"uv": [4, 15, 5, 16], "texture": "#0"},
				"south": {"uv": [15, 15, 16, 16], "texture": "#0"},
				"west": {"uv": [2, 15, 14, 16], "texture": "#0"},
				"up": {"uv": [15, 4, 16, 5], "texture": "#0"},
				"down": {"uv": [15, 4, 16, 5], "texture": "#0"}
			}
		},
		{
			"name": "octagon",
			"from": [8.25, 3.79289, 6.5],
			"to": [8.5, 4.20711, 12.5],
			"rotation": {"angle": 45, "axis": "z", "origin": [8, 4, 12]},
			"faces": {
				"north": {"uv": [15, 15, 16, 16], "texture": "#0"},
				"east": {"uv": [3, 15, 15, 16], "texture": "#0"},
				"south": {"uv": [15, 15, 16, 16], "texture": "#0"},
				"west": {"uv": [4, 15, 5, 16], "texture": "#0"},
				"up": {"uv": [15, 4, 16, 5], "texture": "#0"},
				"down": {"uv": [15, 4, 16, 5], "texture": "#0"}
			}
		},
		{
			"name": "octagon",
			"from": [8.25, 3.79289, 6.5],
			"to": [8.5, 4.20711, 12.5],
			"rotation": {"angle": 0, "axis": "y", "origin": [8, 4, 12]},
			"faces": {
				"north": {"uv": [15, 15, 16, 16], "texture": "#0"},
				"east": {"uv": [0, 15, 12, 16], "texture": "#0"},
				"south": {"uv": [15, 15, 16, 16], "texture": "#0"},
				"west": {"uv": [4, 15, 5, 16], "texture": "#0"},
				"up": {"uv": [15, 4, 16, 5], "texture": "#0"},
				"down": {"uv": [15, 4, 16, 5], "texture": "#0"}
			}
		},
		{
			"name": "octagon",
			"from": [7.79289, 3.5, -5.5],
			"to": [8.20711, 3.75, 0.5],
			"rotation": {"angle": 45, "axis": "z", "origin": [8, 4, 0]},
			"faces": {
				"north": {"uv": [15, 15, 16, 16], "texture": "#0"},
				"east": {"uv": [4, 15, 5, 16], "texture": "#0"},
				"south": {"uv": [15, 15, 16, 16], "texture": "#0"},
				"west": {"uv": [4, 15, 5, 16], "texture": "#0"},
				"up": {"uv": [15, 4, 16, 5], "texture": "#0"},
				"down": {"uv": [15, 0, 16, 12], "texture": "#0"}
			}
		},
		{
			"name": "octagon",
			"from": [7.79289, 3.5, -5.5],
			"to": [8.20711, 3.75, 0.5],
			"rotation": {"angle": 0, "axis": "y", "origin": [8, 4, 0]},
			"faces": {
				"north": {"uv": [15, 15, 16, 16], "texture": "#0"},
				"east": {"uv": [4, 15, 5, 16], "texture": "#0"},
				"south": {"uv": [15, 15, 16, 16], "texture": "#0"},
				"west": {"uv": [4, 15, 5, 16], "texture": "#0"},
				"up": {"uv": [15, 4, 16, 5], "texture": "#0"},
				"down": {"uv": [15, 3, 16, 15], "texture": "#0"}
			}
		},
		{
			"name": "octagon",
			"from": [7.79289, 4.25, -5.5],
			"to": [8.20711, 4.5, 0.5],
			"rotation": {"angle": 45, "axis": "z", "origin": [8, 4, 0]},
			"faces": {
				"north": {"uv": [15, 15, 16, 16], "texture": "#0"},
				"east": {"uv": [4, 15, 5, 16], "texture": "#0"},
				"south": {"uv": [15, 15, 16, 16], "texture": "#0"},
				"west": {"uv": [4, 15, 5, 16], "texture": "#0"},
				"up": {"uv": [15, 2, 16, 14], "texture": "#0"},
				"down": {"uv": [15, 4, 16, 5], "texture": "#0"}
			}
		},
		{
			"name": "octagon",
			"from": [7.79289, 4.25, -5.5],
			"to": [8.20711, 4.5, 0.5],
			"rotation": {"angle": 0, "axis": "y", "origin": [8, 4, 0]},
			"faces": {
				"north": {"uv": [15, 15, 16, 16], "texture": "#0"},
				"east": {"uv": [4, 15, 5, 16], "texture": "#0"},
				"south": {"uv": [15, 15, 16, 16], "texture": "#0"},
				"west": {"uv": [4, 15, 5, 16], "texture": "#0"},
				"up": {"uv": [15, 3, 16, 15], "texture": "#0"},
				"down": {"uv": [15, 4, 16, 5], "texture": "#0"}
			}
		},
		{
			"name": "octagon",
			"from": [7.5, 3.79289, -5.5],
			"to": [7.75, 4.20711, 0.5],
			"rotation": {"angle": 45, "axis": "z", "origin": [8, 4, 0]},
			"faces": {
				"north": {"uv": [15, 15, 16, 16], "texture": "#0"},
				"east": {"uv": [4, 15, 5, 16], "texture": "#0"},
				"south": {"uv": [15, 15, 16, 16], "texture": "#0"},
				"west": {"uv": [3, 15, 15, 16], "texture": "#0"},
				"up": {"uv": [15, 4, 16, 5], "texture": "#0"},
				"down": {"uv": [15, 4, 16, 5], "texture": "#0"}
			}
		},
		{
			"name": "octagon",
			"from": [7.5, 3.79289, -5.5],
			"to": [7.75, 4.20711, 0.5],
			"rotation": {"angle": 0, "axis": "y", "origin": [8, 4, 0]},
			"faces": {
				"north": {"uv": [15, 15, 16, 16], "texture": "#0"},
				"east": {"uv": [4, 15, 5, 16], "texture": "#0"},
				"south": {"uv": [15, 15, 16, 16], "texture": "#0"},
				"west": {"uv": [2, 15, 14, 16], "texture": "#0"},
				"up": {"uv": [15, 4, 16, 5], "texture": "#0"},
				"down": {"uv": [15, 4, 16, 5], "texture": "#0"}
			}
		},
		{
			"name": "octagon",
			"from": [8.25, 3.79289, -5.5],
			"to": [8.5, 4.20711, 0.5],
			"rotation": {"angle": 45, "axis": "z", "origin": [8, 4, 0]},
			"faces": {
				"north": {"uv": [15, 15, 16, 16], "texture": "#0"},
				"east": {"uv": [3, 15, 15, 16], "texture": "#0"},
				"south": {"uv": [15, 15, 16, 16], "texture": "#0"},
				"west": {"uv": [4, 15, 5, 16], "texture": "#0"},
				"up": {"uv": [15, 4, 16, 5], "texture": "#0"},
				"down": {"uv": [15, 4, 16, 5], "texture": "#0"}
			}
		},
		{
			"name": "octagon",
			"from": [8.25, 3.79289, -5.5],
			"to": [8.5, 4.20711, 0.5],
			"rotation": {"angle": 0, "axis": "y", "origin": [8, 4, 0]},
			"faces": {
				"north": {"uv": [15, 15, 16, 16], "texture": "#0"},
				"east": {"uv": [0, 15, 12, 16], "texture": "#0"},
				"south": {"uv": [15, 15, 16, 16], "texture": "#0"},
				"west": {"uv": [4, 15, 5, 16], "texture": "#0"},
				"up": {"uv": [15, 4, 16, 5], "texture": "#0"},
				"down": {"uv": [15, 4, 16, 5], "texture": "#0"}
			}
		},
		{
			"name": "octagon",
			"from": [7.79289, 3.5, 0.5],
			"to": [8.20711, 3.75, 6.5],
			"rotation": {"angle": 45, "axis": "z", "origin": [8, 4, 6]},
			"faces": {
				"north": {"uv": [15, 15, 16, 16], "texture": "#0"},
				"east": {"uv": [4, 15, 5, 16], "texture": "#0"},
				"south": {"uv": [15, 15, 16, 16], "texture": "#0"},
				"west": {"uv": [4, 15, 5, 16], "texture": "#0"},
				"up": {"uv": [15, 4, 16, 5], "texture": "#0"},
				"down": {"uv": [15, 0, 16, 12], "texture": "#0"}
			}
		},
		{
			"name": "octagon",
			"from": [7.79289, 3.5, 0.5],
			"to": [8.20711, 3.75, 6.5],
			"rotation": {"angle": 0, "axis": "y", "origin": [8, 4, 6]},
			"faces": {
				"north": {"uv": [15, 15, 16, 16], "texture": "#0"},
				"east": {"uv": [4, 15, 5, 16], "texture": "#0"},
				"south": {"uv": [15, 15, 16, 16], "texture": "#0"},
				"west": {"uv": [4, 15, 5, 16], "texture": "#0"},
				"up": {"uv": [15, 4, 16, 5], "texture": "#0"},
				"down": {"uv": [15, 3, 16, 15], "texture": "#0"}
			}
		},
		{
			"name": "octagon",
			"from": [7.79289, 4.25, 0.5],
			"to": [8.20711, 4.5, 6.5],
			"rotation": {"angle": 45, "axis": "z", "origin": [8, 4, 6]},
			"faces": {
				"north": {"uv": [15, 15, 16, 16], "texture": "#0"},
				"east": {"uv": [4, 15, 5, 16], "texture": "#0"},
				"south": {"uv": [15, 15, 16, 16], "texture": "#0"},
				"west": {"uv": [4, 15, 5, 16], "texture": "#0"},
				"up": {"uv": [15, 2, 16, 14], "texture": "#0"},
				"down": {"uv": [15, 4, 16, 5], "texture": "#0"}
			}
		},
		{
			"name": "octagon",
			"from": [7.79289, 4.25, 0.5],
			"to": [8.20711, 4.5, 6.5],
			"rotation": {"angle": 0, "axis": "y", "origin": [8, 4, 6]},
			"faces": {
				"north": {"uv": [15, 15, 16, 16], "texture": "#0"},
				"east": {"uv": [4, 15, 5, 16], "texture": "#0"},
				"south": {"uv": [15, 15, 16, 16], "texture": "#0"},
				"west": {"uv": [4, 15, 5, 16], "texture": "#0"},
				"up": {"uv": [15, 3, 16, 15], "texture": "#0"},
				"down": {"uv": [15, 4, 16, 5], "texture": "#0"}
			}
		},
		{
			"name": "octagon",
			"from": [7.5, 3.79289, 0.5],
			"to": [7.75, 4.20711, 6.5],
			"rotation": {"angle": 45, "axis": "z", "origin": [8, 4, 6]},
			"faces": {
				"north": {"uv": [15, 15, 16, 16], "texture": "#0"},
				"east": {"uv": [4, 15, 5, 16], "texture": "#0"},
				"south": {"uv": [15, 15, 16, 16], "texture": "#0"},
				"west": {"uv": [3, 15, 15, 16], "texture": "#0"},
				"up": {"uv": [15, 4, 16, 5], "texture": "#0"},
				"down": {"uv": [15, 4, 16, 5], "texture": "#0"}
			}
		},
		{
			"name": "octagon",
			"from": [7.5, 3.79289, 0.5],
			"to": [7.75, 4.20711, 6.5],
			"rotation": {"angle": 0, "axis": "y", "origin": [8, 4, 6]},
			"faces": {
				"north": {"uv": [15, 15, 16, 16], "texture": "#0"},
				"east": {"uv": [4, 15, 5, 16], "texture": "#0"},
				"south": {"uv": [15, 15, 16, 16], "texture": "#0"},
				"west": {"uv": [2, 15, 14, 16], "texture": "#0"},
				"up": {"uv": [15, 4, 16, 5], "texture": "#0"},
				"down": {"uv": [15, 4, 16, 5], "texture": "#0"}
			}
		},
		{
			"name": "octagon",
			"from": [8.25, -0.75, 6.59289],
			"to": [8.75, 3, 7.00711],
			"rotation": {"angle": -22.5, "axis": "z", "origin": [8.75, 4.5, 6.8]},
			"faces": {
				"north": {"uv": [15, 4, 16, 16], "rotation": 180, "texture": "#0"},
				"east": {"uv": [15, 4, 16, 16], "texture": "#0"},
				"south": {"uv": [15, 4, 16, 16], "texture": "#0"},
				"west": {"uv": [2, 15, 14, 16], "rotation": 270, "texture": "#0"},
				"up": {"uv": [15, 15, 16, 16], "texture": "#0"},
				"down": {"uv": [15, 15, 16, 16], "rotation": 180, "texture": "#0"}
			}
		},
		{
			"name": "octagon",
			"from": [7.5, 2.85, 6.49289],
			"to": [8.55, 3.25, 7.10711],
			"rotation": {"angle": 0, "axis": "y", "origin": [12.25, 2.85, 6.8]},
			"faces": {
				"north": {"uv": [15, 4, 16, 5], "rotation": 90, "texture": "#0"},
				"east": {"uv": [15, 15, 16, 16], "rotation": 90, "texture": "#0"},
				"south": {"uv": [15, 4, 16, 5], "rotation": 90, "texture": "#0"},
				"west": {"uv": [15, 15, 16, 16], "rotation": 270, "texture": "#0"},
				"up": {"uv": [12, 15, 14, 16], "texture": "#0"},
				"down": {"uv": [4, 15, 5, 16], "rotation": 180, "texture": "#0"}
			}
		},
		{
			"name": "octagon",
			"from": [7.25, -0.65, 6.59289],
			"to": [7.75, 3.15, 7.00711],
			"rotation": {"angle": 22.5, "axis": "z", "origin": [7.75, 4.65, 6.8]},
			"faces": {
				"north": {"uv": [15, 4, 16, 16], "rotation": 180, "texture": "#0"},
				"east": {"uv": [15, 4, 16, 16], "texture": "#0"},
				"south": {"uv": [15, 4, 16, 16], "texture": "#0"},
				"west": {"uv": [2, 15, 14, 16], "rotation": 270, "texture": "#0"},
				"up": {"uv": [15, 15, 16, 16], "texture": "#0"},
				"down": {"uv": [15, 15, 16, 16], "rotation": 180, "texture": "#0"}
			}
		},
		{
			"name": "octagon",
			"from": [8.25, 3.79289, 0.5],
			"to": [8.5, 4.20711, 6.5],
			"rotation": {"angle": 45, "axis": "z", "origin": [8, 4, 6]},
			"faces": {
				"north": {"uv": [15, 15, 16, 16], "texture": "#0"},
				"east": {"uv": [3, 15, 15, 16], "texture": "#0"},
				"south": {"uv": [15, 15, 16, 16], "texture": "#0"},
				"west": {"uv": [4, 15, 5, 16], "texture": "#0"},
				"up": {"uv": [15, 4, 16, 5], "texture": "#0"},
				"down": {"uv": [15, 4, 16, 5], "texture": "#0"}
			}
		},
		{
			"name": "octagon",
			"from": [8.25, 3.79289, 0.5],
			"to": [8.5, 4.20711, 6.5],
			"rotation": {"angle": 0, "axis": "y", "origin": [8, 4, 6]},
			"faces": {
				"north": {"uv": [15, 15, 16, 16], "texture": "#0"},
				"east": {"uv": [0, 15, 12, 16], "texture": "#0"},
				"south": {"uv": [15, 15, 16, 16], "texture": "#0"},
				"west": {"uv": [4, 15, 5, 16], "texture": "#0"},
				"up": {"uv": [15, 4, 16, 5], "texture": "#0"},
				"down": {"uv": [15, 4, 16, 5], "texture": "#0"}
			}
		},
		{
			"from": [7.3, 3.5, -7.5],
			"to": [8.7, 4.5, -5.5],
			"rotation": {"angle": 0, "axis": "y", "origin": [0, -3, 1.5]},
			"faces": {
				"north": {"uv": [9, 12, 11, 15], "rotation": 90, "texture": "#0"},
				"east": {"uv": [11.5, 8.5, 15, 10.5], "texture": "#0"},
				"south": {"uv": [12, 13, 15, 15], "texture": "#0"},
				"west": {"uv": [11.5, 8.5, 15, 10.5], "texture": "#0"},
				"up": {"uv": [12, 11, 15, 15], "texture": "#0"},
				"down": {"uv": [12, 11, 15, 15], "texture": "#0"}
			}
		},
		{
			"name": "octagon",
			"from": [7.79289, 5.6, 15.5],
			"to": [8.20711, 6.6, 18.5],
			"rotation": {"angle": 45, "axis": "z", "origin": [8, 6.1, 18]},
			"faces": {
				"north": {"uv": [15, 15, 16, 16], "texture": "#0"},
				"east": {"uv": [10, 15, 11, 16], "texture": "#0"},
				"south": {"uv": [15, 15, 16, 16], "texture": "#0"},
				"west": {"uv": [10, 15, 11, 16], "texture": "#0"},
				"up": {"uv": [15, 10, 16, 16], "texture": "#0"},
				"down": {"uv": [15, 10, 16, 16], "texture": "#0"}
			}
		},
		{
			"name": "octagon",
			"from": [7.79289, 5.6, 15.5],
			"to": [8.20711, 6.6, 18.5],
			"rotation": {"angle": 0, "axis": "z", "origin": [8, 6.1, 18]},
			"faces": {
				"north": {"uv": [15, 15, 16, 16], "texture": "#0"},
				"east": {"uv": [10, 15, 11, 16], "texture": "#0"},
				"south": {"uv": [15, 15, 16, 16], "texture": "#0"},
				"west": {"uv": [10, 15, 11, 16], "texture": "#0"},
				"up": {"uv": [15, 4, 16, 10], "texture": "#0"},
				"down": {"uv": [15, 10, 16, 16], "texture": "#0"}
			}
		},
		{
			"name": "octagon",
			"from": [7.5, 5.89289, 15.5],
			"to": [8.5, 6.30711, 18.5],
			"rotation": {"angle": 45, "axis": "z", "origin": [8, 6.1, 18]},
			"faces": {
				"north": {"uv": [15, 15, 16, 16], "texture": "#0"},
				"east": {"uv": [8, 15, 14, 16], "texture": "#0"},
				"south": {"uv": [15, 15, 16, 16], "texture": "#0"},
				"west": {"uv": [0, 15, 6, 16], "texture": "#0"},
				"up": {"uv": [15, 10, 16, 11], "texture": "#0"},
				"down": {"uv": [15, 10, 16, 11], "texture": "#0"}
			}
		},
		{
			"name": "octagon",
			"from": [7.5, 5.89289, 15.5],
			"to": [8.5, 6.30711, 18.5],
			"rotation": {"angle": 0, "axis": "z", "origin": [8, 6.1, 18]},
			"faces": {
				"north": {"uv": [15, 15, 16, 16], "texture": "#0"},
				"east": {"uv": [10, 15, 16, 16], "texture": "#0"},
				"south": {"uv": [15, 15, 16, 16], "texture": "#0"},
				"west": {"uv": [5, 15, 11, 16], "texture": "#0"},
				"up": {"uv": [15, 10, 16, 11], "texture": "#0"},
				"down": {"uv": [15, 10, 16, 11], "texture": "#0"}
			}
		},
		{
			"name": "octagon",
			"from": [7.80584, 5.63125, 11.49],
			"to": [8.19416, 6.56875, 11.49],
			"rotation": {"angle": 45, "axis": "z", "origin": [8, 6.1, 11.125]},
			"faces": {
				"north": {"uv": [4, 13, 5, 14], "texture": "#0"},
				"east": {"uv": [4, 13, 5, 14], "texture": "#0"},
				"south": {"uv": [5, 13, 6, 14], "texture": "#0"},
				"west": {"uv": [4, 13, 5, 14], "texture": "#0"},
				"up": {"uv": [5, 12, 6, 14], "texture": "#0"},
				"down": {"uv": [4, 12, 5, 14], "texture": "#0"}
			}
		},
		{
			"name": "octagon",
			"from": [7.80584, 5.63125, 11.49],
			"to": [8.19416, 6.56875, 11.49],
			"rotation": {"angle": 0, "axis": "y", "origin": [8, 6.1, 11.125]},
			"faces": {
				"north": {"uv": [4, 13, 5, 14], "texture": "#0"},
				"east": {"uv": [4, 13, 5, 14], "texture": "#0"},
				"south": {"uv": [5, 13, 6, 14], "texture": "#0"},
				"west": {"uv": [4, 13, 5, 14], "texture": "#0"},
				"up": {"uv": [5, 12, 6, 14], "texture": "#0"},
				"down": {"uv": [4, 12, 5, 14], "texture": "#0"}
			}
		},
		{
			"name": "octagon",
			"from": [7.53125, 5.90584, 11.49],
			"to": [8.46875, 6.29416, 11.49],
			"rotation": {"angle": 45, "axis": "z", "origin": [8, 6.1, 11.125]},
			"faces": {
				"north": {"uv": [4, 13, 5, 14], "texture": "#0"},
				"east": {"uv": [4, 13, 6, 14], "texture": "#0"},
				"south": {"uv": [5, 13, 6, 14], "texture": "#0"},
				"west": {"uv": [4, 13, 6, 14], "texture": "#0"},
				"up": {"uv": [5, 12, 6, 13], "texture": "#0"},
				"down": {"uv": [4, 12, 5, 13], "texture": "#0"}
			}
		},
		{
			"name": "octagon",
			"from": [7.53125, 5.90584, 11.49],
			"to": [8.46875, 6.29416, 11.49],
			"rotation": {"angle": 0, "axis": "y", "origin": [8, 6.1, 11.125]},
			"faces": {
				"north": {"uv": [4, 13, 5, 14], "texture": "#0"},
				"east": {"uv": [4, 13, 6, 14], "texture": "#0"},
				"south": {"uv": [5, 13, 6, 14], "texture": "#0"},
				"west": {"uv": [4, 13, 6, 14], "texture": "#0"},
				"up": {"uv": [5, 12, 6, 13], "texture": "#0"},
				"down": {"uv": [4, 12, 5, 13], "texture": "#0"}
			}
		},
		{
			"name": "octagon",
			"from": [7.80584, 5.63125, 19.51],
			"to": [8.19416, 6.56875, 19.51],
			"rotation": {"angle": 45, "axis": "z", "origin": [8, 6.1, 19.125]},
			"faces": {
				"north": {"uv": [4, 13, 5, 14], "texture": "#0"},
				"east": {"uv": [4, 13, 5, 14], "texture": "#0"},
				"south": {"uv": [5, 13, 6, 14], "texture": "#0"},
				"west": {"uv": [4, 13, 5, 14], "texture": "#0"},
				"up": {"uv": [5, 12, 6, 14], "texture": "#0"},
				"down": {"uv": [4, 12, 5, 14], "texture": "#0"}
			}
		},
		{
			"name": "octagon",
			"from": [7.80584, 5.63125, 19.51],
			"to": [8.19416, 6.56875, 19.51],
			"rotation": {"angle": 0, "axis": "y", "origin": [8, 6.1, 19.125]},
			"faces": {
				"north": {"uv": [4, 13, 5, 14], "texture": "#0"},
				"east": {"uv": [4, 13, 5, 14], "texture": "#0"},
				"south": {"uv": [5, 13, 6, 14], "texture": "#0"},
				"west": {"uv": [4, 13, 5, 14], "texture": "#0"},
				"up": {"uv": [5, 12, 6, 14], "texture": "#0"},
				"down": {"uv": [4, 12, 5, 14], "texture": "#0"}
			}
		},
		{
			"name": "octagon",
			"from": [7.53125, 5.90584, 19.51],
			"to": [8.46875, 6.29416, 19.51],
			"rotation": {"angle": 45, "axis": "z", "origin": [8, 6.1, 19.125]},
			"faces": {
				"north": {"uv": [4, 13, 5, 14], "texture": "#0"},
				"east": {"uv": [4, 13, 6, 14], "texture": "#0"},
				"south": {"uv": [5, 13, 6, 14], "texture": "#0"},
				"west": {"uv": [4, 13, 6, 14], "texture": "#0"},
				"up": {"uv": [5, 12, 6, 13], "texture": "#0"},
				"down": {"uv": [4, 12, 5, 13], "texture": "#0"}
			}
		},
		{
			"name": "octagon",
			"from": [7.53125, 5.90584, 19.51],
			"to": [8.46875, 6.29416, 19.51],
			"rotation": {"angle": 0, "axis": "y", "origin": [8, 6.1, 19.125]},
			"faces": {
				"north": {"uv": [4, 13, 5, 14], "texture": "#0"},
				"east": {"uv": [4, 13, 6, 14], "texture": "#0"},
				"south": {"uv": [5, 13, 6, 14], "texture": "#0"},
				"west": {"uv": [4, 13, 6, 14], "texture": "#0"},
				"up": {"uv": [5, 12, 6, 13], "texture": "#0"},
				"down": {"uv": [4, 12, 5, 13], "texture": "#0"}
			}
		},
		{
			"name": "octagon",
			"from": [7.74112, 5.475, 18.5],
			"to": [8.25888, 6.725, 19.5],
			"rotation": {"angle": 45, "axis": "z", "origin": [8, 6.1, 19]},
			"faces": {
				"north": {"uv": [15, 15, 16, 16], "texture": "#0"},
				"east": {"uv": [14, 15, 15, 16], "texture": "#0"},
				"south": {"uv": [15, 15, 16, 16], "texture": "#0"},
				"west": {"uv": [14, 15, 15, 16], "texture": "#0"},
				"up": {"uv": [15, 14, 16, 16], "texture": "#0"},
				"down": {"uv": [15, 14, 16, 16], "texture": "#0"}
			}
		},
		{
			"name": "octagon",
			"from": [7.74112, 5.475, 18.5],
			"to": [8.25888, 6.725, 19.5],
			"rotation": {"angle": 0, "axis": "z", "origin": [8, 6.1, 19]},
			"faces": {
				"north": {"uv": [15, 15, 16, 16], "texture": "#0"},
				"east": {"uv": [14, 15, 15, 16], "texture": "#0"},
				"south": {"uv": [15, 15, 16, 16], "texture": "#0"},
				"west": {"uv": [14, 15, 15, 16], "texture": "#0"},
				"up": {"uv": [15, 14, 16, 16], "texture": "#0"},
				"down": {"uv": [15, 14, 16, 16], "texture": "#0"}
			}
		},
		{
			"name": "octagon",
			"from": [7.375, 5.84112, 18.5],
			"to": [8.625, 6.35888, 19.5],
			"rotation": {"angle": 45, "axis": "z", "origin": [8, 6.1, 19]},
			"faces": {
				"north": {"uv": [15, 15, 16, 16], "texture": "#0"},
				"east": {"uv": [14, 15, 16, 16], "texture": "#0"},
				"south": {"uv": [15, 15, 16, 16], "texture": "#0"},
				"west": {"uv": [14, 15, 16, 16], "texture": "#0"},
				"up": {"uv": [15, 14, 16, 15], "texture": "#0"},
				"down": {"uv": [15, 14, 16, 15], "texture": "#0"}
			}
		},
		{
			"name": "octagon",
			"from": [7.375, 5.84112, 18.5],
			"to": [8.625, 6.35888, 19.5],
			"rotation": {"angle": 0, "axis": "z", "origin": [8, 6.1, 19]},
			"faces": {
				"north": {"uv": [15, 15, 16, 16], "texture": "#0"},
				"east": {"uv": [14, 15, 16, 16], "texture": "#0"},
				"south": {"uv": [15, 15, 16, 16], "texture": "#0"},
				"west": {"uv": [14, 15, 16, 16], "texture": "#0"},
				"up": {"uv": [15, 14, 16, 15], "texture": "#0"},
				"down": {"uv": [15, 14, 16, 15], "texture": "#0"}
			}
		},
		{
			"name": "octagon",
			"from": [7.767, 5.5375, 14.5],
			"to": [8.233, 6.6625, 15.5],
			"rotation": {"angle": 45, "axis": "z", "origin": [8, 6.1, 15]},
			"faces": {
				"north": {"uv": [15, 15, 16, 16], "texture": "#0"},
				"east": {"uv": [14, 15, 15, 16], "texture": "#0"},
				"south": {"uv": [15, 15, 16, 16], "texture": "#0"},
				"west": {"uv": [14, 15, 15, 16], "texture": "#0"},
				"up": {"uv": [15, 14, 16, 16], "texture": "#0"},
				"down": {"uv": [15, 14, 16, 16], "texture": "#0"}
			}
		},
		{
			"name": "octagon",
			"from": [7.767, 5.5375, 14.5],
			"to": [8.233, 6.6625, 15.5],
			"rotation": {"angle": 0, "axis": "z", "origin": [8, 6.1, 15]},
			"faces": {
				"north": {"uv": [15, 15, 16, 16], "texture": "#0"},
				"east": {"uv": [14, 15, 15, 16], "texture": "#0"},
				"south": {"uv": [15, 15, 16, 16], "texture": "#0"},
				"west": {"uv": [14, 15, 15, 16], "texture": "#0"},
				"up": {"uv": [13, 11, 14, 13], "texture": "#0"},
				"down": {"uv": [15, 14, 16, 16], "texture": "#0"}
			}
		},
		{
			"name": "octagon",
			"from": [7.4375, 5.867, 14.5],
			"to": [8.5625, 6.333, 15.5],
			"rotation": {"angle": 45, "axis": "z", "origin": [8, 6.1, 15]},
			"faces": {
				"north": {"uv": [15, 15, 16, 16], "texture": "#0"},
				"east": {"uv": [13, 15, 15, 16], "texture": "#0"},
				"south": {"uv": [15, 15, 16, 16], "texture": "#0"},
				"west": {"uv": [14, 15, 16, 16], "texture": "#0"},
				"up": {"uv": [15, 14, 16, 15], "texture": "#0"},
				"down": {"uv": [15, 14, 16, 15], "texture": "#0"}
			}
		},
		{
			"name": "octagon",
			"from": [7.4375, 5.867, 14.5],
			"to": [8.5625, 6.333, 15.5],
			"rotation": {"angle": 0, "axis": "z", "origin": [8, 6.1, 15]},
			"faces": {
				"north": {"uv": [15, 15, 16, 16], "texture": "#0"},
				"east": {"uv": [11, 15, 13, 16], "texture": "#0"},
				"south": {"uv": [15, 15, 16, 16], "texture": "#0"},
				"west": {"uv": [8, 15, 10, 16], "texture": "#0"},
				"up": {"uv": [15, 14, 16, 15], "texture": "#0"},
				"down": {"uv": [15, 14, 16, 15], "texture": "#0"}
			}
		},
		{
			"name": "octagon",
			"from": [7.74112, 5.475, 13.5],
			"to": [8.25888, 6.725, 14.5],
			"rotation": {"angle": 45, "axis": "z", "origin": [8, 6.1, 14]},
			"faces": {
				"north": {"uv": [15, 15, 16, 16], "texture": "#0"},
				"east": {"uv": [14, 15, 15, 16], "texture": "#0"},
				"south": {"uv": [15, 15, 16, 16], "texture": "#0"},
				"west": {"uv": [14, 15, 15, 16], "texture": "#0"},
				"up": {"uv": [15, 7, 16, 9], "texture": "#0"},
				"down": {"uv": [15, 14, 16, 16], "texture": "#0"}
			}
		},
		{
			"name": "octagon",
			"from": [7.74112, 5.475, 13.5],
			"to": [8.25888, 6.725, 14.5],
			"rotation": {"angle": 0, "axis": "z", "origin": [8, 6.1, 14]},
			"faces": {
				"north": {"uv": [15, 15, 16, 16], "texture": "#0"},
				"east": {"uv": [14, 15, 15, 16], "texture": "#0"},
				"south": {"uv": [15, 15, 16, 16], "texture": "#0"},
				"west": {"uv": [14, 15, 15, 16], "texture": "#0"},
				"up": {"uv": [11, 14, 12, 16], "texture": "#0"},
				"down": {"uv": [15, 14, 16, 16], "texture": "#0"}
			}
		},
		{
			"name": "octagon",
			"from": [7.375, 5.84112, 13.5],
			"to": [8.625, 6.35888, 14.5],
			"rotation": {"angle": 45, "axis": "z", "origin": [8, 6.1, 14]},
			"faces": {
				"north": {"uv": [15, 15, 16, 16], "texture": "#0"},
				"east": {"uv": [14, 15, 16, 16], "texture": "#0"},
				"south": {"uv": [15, 15, 16, 16], "texture": "#0"},
				"west": {"uv": [14, 15, 16, 16], "texture": "#0"},
				"up": {"uv": [15, 14, 16, 15], "texture": "#0"},
				"down": {"uv": [15, 14, 16, 15], "texture": "#0"}
			}
		},
		{
			"name": "octagon",
			"from": [7.375, 5.84112, 13.5],
			"to": [8.625, 6.35888, 14.5],
			"rotation": {"angle": 0, "axis": "z", "origin": [8, 6.1, 14]},
			"faces": {
				"north": {"uv": [15, 15, 16, 16], "texture": "#0"},
				"east": {"uv": [14, 15, 16, 16], "texture": "#0"},
				"south": {"uv": [15, 15, 16, 16], "texture": "#0"},
				"west": {"uv": [3, 15, 5, 16], "texture": "#0"},
				"up": {"uv": [15, 14, 16, 15], "texture": "#0"},
				"down": {"uv": [15, 14, 16, 15], "texture": "#0"}
			}
		},
		{
			"name": "octagon",
			"from": [7.71523, 5.4125, 11.5],
			"to": [8.28477, 6.7875, 13.5],
			"rotation": {"angle": 45, "axis": "z", "origin": [8, 6.1, 13]},
			"faces": {
				"north": {"uv": [15, 15, 16, 16], "texture": "#0"},
				"east": {"uv": [12, 15, 13, 16], "texture": "#0"},
				"south": {"uv": [15, 15, 16, 16], "texture": "#0"},
				"west": {"uv": [12, 15, 13, 16], "texture": "#0"},
				"up": {"uv": [13, 11, 14, 15], "texture": "#0"},
				"down": {"uv": [15, 12, 16, 16], "texture": "#0"}
			}
		},
		{
			"name": "octagon",
			"from": [7.71523, 5.4125, 11.5],
			"to": [8.28477, 6.7875, 13.5],
			"rotation": {"angle": 0, "axis": "z", "origin": [8, 6.1, 13]},
			"faces": {
				"north": {"uv": [15, 15, 16, 16], "texture": "#0"},
				"east": {"uv": [12, 15, 13, 16], "texture": "#0"},
				"south": {"uv": [15, 15, 16, 16], "texture": "#0"},
				"west": {"uv": [12, 15, 13, 16], "texture": "#0"},
				"up": {"uv": [14, 12, 15, 16], "texture": "#0"},
				"down": {"uv": [15, 12, 16, 16], "texture": "#0"}
			}
		},
		{
			"name": "octagon",
			"from": [7.3125, 5.81523, 11.5],
			"to": [8.6875, 6.38477, 13.5],
			"rotation": {"angle": 45, "axis": "z", "origin": [8, 6.1, 13]},
			"faces": {
				"north": {"uv": [15, 15, 16, 16], "texture": "#0"},
				"east": {"uv": [10, 15, 14, 16], "texture": "#0"},
				"south": {"uv": [15, 15, 16, 16], "texture": "#0"},
				"west": {"uv": [6, 15, 10, 16], "texture": "#0"},
				"up": {"uv": [15, 12, 16, 13], "texture": "#0"},
				"down": {"uv": [15, 12, 16, 13], "texture": "#0"}
			}
		},
		{
			"name": "octagon",
			"from": [7.3125, 5.81523, 11.5],
			"to": [8.6875, 6.38477, 13.5],
			"rotation": {"angle": 0, "axis": "z", "origin": [8, 6.1, 13]},
			"faces": {
				"north": {"uv": [15, 15, 16, 16], "texture": "#0"},
				"east": {"uv": [10, 15, 14, 16], "texture": "#0"},
				"south": {"uv": [15, 15, 16, 16], "texture": "#0"},
				"west": {"uv": [7, 15, 11, 16], "texture": "#0"},
				"up": {"uv": [15, 12, 16, 13], "texture": "#0"},
				"down": {"uv": [15, 12, 16, 13], "texture": "#0"}
			}
		},
		{
			"from": [6.1, -0.35, 6.3],
			"to": [7.1, -0.1, 7.3],
			"rotation": {"angle": 0, "axis": "y", "origin": [6.6, -0.225, 6.8]},
			"faces": {
				"north": {"uv": [15.5, 14, 16, 16], "rotation": 90, "texture": "#0"},
				"east": {"uv": [15.5, 15, 16, 16], "rotation": 270, "texture": "#0"},
				"south": {"uv": [15.5, 14, 16, 16], "rotation": 270, "texture": "#0"},
				"west": {"uv": [15.5, 15, 16, 16], "rotation": 270, "texture": "#0"},
				"up": {"uv": [14, 14, 16, 16], "rotation": 270, "texture": "#0"},
				"down": {"uv": [14, 14, 16, 16], "rotation": 270, "texture": "#0"}
			}
		},
		{
			"from": [8.9, -0.35, 6.3],
			"to": [9.9, -0.1, 7.3],
			"rotation": {"angle": 0, "axis": "y", "origin": [9.4, -0.225, 6.8]},
			"faces": {
				"north": {"uv": [15.5, 14, 16, 16], "rotation": 90, "texture": "#0"},
				"east": {"uv": [15.5, 15, 16, 16], "rotation": 270, "texture": "#0"},
				"south": {"uv": [15.5, 14, 16, 16], "rotation": 270, "texture": "#0"},
				"west": {"uv": [15.5, 15, 16, 16], "rotation": 270, "texture": "#0"},
				"up": {"uv": [14, 14, 16, 16], "rotation": 270, "texture": "#0"},
				"down": {"uv": [14, 14, 16, 16], "rotation": 270, "texture": "#0"}
			}
		},
		{
			"from": [7.5, 4.65, 14.5],
			"to": [8.5, 5.4, 17.5],
			"rotation": {"angle": 0, "axis": "y", "origin": [0, -3.35, 5.5]},
			"faces": {
				"north": {"uv": [14.5, 15, 16, 16], "texture": "#0"},
				"east": {"uv": [11.5, 15, 16, 16], "texture": "#0"},
				"south": {"uv": [14.5, 15, 16, 16], "texture": "#0"},
				"west": {"uv": [11.5, 15, 16, 16], "texture": "#0"},
				"up": {"uv": [15, 11.5, 16, 16], "texture": "#0"},
				"down": {"uv": [15.5, 15, 16, 16], "texture": "#0"}
			}
		},
		{
			"from": [7.4, 5.4, 14.5],
			"to": [8.6, 6.3, 15.25],
			"rotation": {"angle": 0, "axis": "y", "origin": [0, -2.6, 5.5]},
			"faces": {
				"north": {"uv": [14.5, 15, 16, 16], "texture": "#0"},
				"east": {"uv": [15, 14.5, 16, 16], "texture": "#0"},
				"south": {"uv": [14.5, 15, 16, 16], "texture": "#0"},
				"west": {"uv": [15, 14.5, 16, 16], "texture": "#0"},
				"up": {"uv": [14.5, 15, 16, 16], "texture": "#0"},
				"down": {"uv": [15.5, 15, 16, 16], "texture": "#0"}
			}
		},
		{
			"from": [7.4, 5.4, 16.8],
			"to": [8.6, 6.3, 17.55],
			"rotation": {"angle": 0, "axis": "y", "origin": [0, -2.6, 7.8]},
			"faces": {
				"north": {"uv": [14.5, 15, 16, 16], "texture": "#0"},
				"east": {"uv": [15, 14.5, 16, 16], "texture": "#0"},
				"south": {"uv": [14.5, 15, 16, 16], "texture": "#0"},
				"west": {"uv": [15, 14.5, 16, 16], "texture": "#0"},
				"up": {"uv": [14.5, 15, 16, 16], "texture": "#0"},
				"down": {"uv": [15.5, 15, 16, 16], "texture": "#0"}
			}
		}
	],
	"display": {
		"thirdperson_righthand": {
			"translation": [0, 6.75, -12.5],
			"scale": [1.35, 1.35, 1.35]
		},
		"thirdperson_lefthand": {
			"translation": [-12, 8.75, -2.25],
			"scale": [1.75, 1.75, 1.75]
		},
		"firstperson_righthand": {
			"translation": [-1, 8.5, -8],
			"scale": [1.05, 1.05, 1.05]
		},
		"firstperson_lefthand": {
			"translation": [0, 8.25, -1.75],
			"scale": [1.25, 1.25, 1.25]
		},
		"ground": {
			"rotation": [0, 0, -90],
			"translation": [5.75, -2.25, 4.75],
			"scale": [1.25, 1.25, 1.25]
		},
		"gui": {
			"rotation": [21, 150, 0],
			"translation": [0, 4, 0],
			"scale": [1.3, 1.3, 1.3]
		},
		"head": {
			"translation": [0, 0, -17.5],
			"scale": [0.5, 0.5, 2]
		},
		"fixed": {
			"rotation": [0, -90, 0],
			"translation": [-4.25, 6, -1],
			"scale": [1.5, 1.5, 1.5]
		}
	},
	"groups": [
		{
			"name": "part",
			"origin": [0, 0, 12],
			"color": 0,
			"children": [0, 1]
		},
		{
			"name": "part",
			"origin": [0, 0, 12],
			"color": 0,
			"children": [2, 3, 4, 5, 6, 7, 8]
		},
		{
			"name": "part",
			"origin": [0, 0, 12],
			"color": 0,
			"children": [
				9,
				{
					"name": "group",
					"origin": [4, 1, 1],
					"color": 0,
					"children": [
						{
							"name": "group",
							"origin": [4, 1, 1],
							"color": 0,
							"children": []
						}
					]
				},
				10,
				11,
				12,
				13,
				14
			]
		},
		15,
		16,
		17,
		18,
		{
			"name": "octagon",
			"origin": [8, 8, 8],
			"color": 0,
			"children": [
				{
					"name": "octagon",
					"origin": [8, 8, 8],
					"color": 0,
					"children": [19, 20, 21, 22, 23, 24, 25, 26]
				}
			]
		},
		{
			"name": "octagon",
			"origin": [8, 8, 8],
			"color": 0,
			"children": [27, 28, 29, 30, 31, 32, 33, 34]
		},
		{
			"name": "octagon",
			"origin": [8, 8, 8],
			"color": 0,
			"children": [35, 36, 37, 38, 39, 40, 41, 42, 43, 44, 45]
		},
		{
			"name": "octagon",
			"origin": [8, 8, 8],
			"color": 0,
			"children": [46]
		},
		{
			"name": "scope",
			"origin": [8, 8, 8],
			"color": 0,
			"children": [47, 48, 49, 50]
		},
		{
			"name": "scope",
			"origin": [8, 8, 8],
			"color": 0,
			"children": [51, 52, 53, 54]
		},
		{
			"name": "scope",
			"origin": [8, 8, 8],
			"color": 0,
			"children": [55, 56, 57, 58]
		},
		{
			"name": "scope",
			"origin": [8, 9.7125, 3.375],
			"color": 0,
			"children": [59, 60, 61, 62]
		},
		{
			"name": "scope",
			"origin": [8, 8, 8],
			"color": 0,
			"children": [63, 64, 65, 66]
		},
		{
			"name": "scope",
			"origin": [8, 8, 8],
			"color": 0,
			"children": [67, 68, 69, 70]
		},
		{
			"name": "scope",
			"origin": [8, 8, 8],
			"color": 0,
			"children": [71, 72, 73, 74]
		},
		75,
		76,
		77,
		78,
		79
	]
}