{
	"format_version": "1.21.6",
	"credit": "Made with Blockbench",
	"textures": {
		"0": "chems_guns:item/gun_ammo/desert_eagle",
		"particle": "chems_guns:item/gun_ammo/desert_eagle"
	},
	"elements": [
		{
			"from": [7.199, 7, 7],
			"to": [8.801, 8.001, 11.6],
			"rotation": {"angle": 0, "axis": "y", "origin": [0, 1, 0]},
			"faces": {
				"north": {"uv": [0, 0, 2, 3], "texture": "#0"},
				"east": {"uv": [0, 0.375, 7, 2.375], "texture": "#0"},
				"south": {"uv": [0, 0, 2, 3], "texture": "#0"},
				"west": {"uv": [8, 0.375, 15, 2.375], "texture": "#0"},
				"up": {"uv": [0, 1.875, 2, 6.875], "texture": "#0"},
				"down": {"uv": [0, 3, 2, 15], "texture": "#0"}
			}
		},
		{
			"from": [7.2, 6, 7.02],
			"to": [8.8, 7, 12.02],
			"faces": {
				"north": {"uv": [0, 0, 3, 2], "texture": "#0"},
				"east": {"uv": [0, 4, 16, 6], "texture": "#0"},
				"south": {"uv": [2.8125, 2.25, 5.8125, 4.25], "texture": "#0"},
				"west": {"uv": [11.4375, 1.75, 3.5, 3.75], "texture": "#0"},
				"up": {"uv": [0, 3, 2, 15], "texture": "#0"},
				"down": {"uv": [4, 6, 16, 8], "rotation": 90, "texture": "#0"}
			}
		},
		{
			"from": [7.2, 6, 0.22],
			"to": [8.8, 7, 7.02],
			"faces": {
				"north": {"uv": [0, 0, 3, 2], "texture": "#0"},
				"east": {"uv": [0, 4, 16, 6], "texture": "#0"},
				"south": {"uv": [0, 2.1875, 3, 4.1875], "texture": "#0"},
				"west": {"uv": [0, 1.9375, 10.6875, 3.9375], "texture": "#0"},
				"up": {"uv": [0, 3, 2, 15], "texture": "#0"},
				"down": {"uv": [1.5625, 4.125, 11.9375, 2.125], "rotation": 90, "texture": "#0"}
			}
		},
		{
			"from": [7.201, 6.5, 0],
			"to": [8.799, 7, 0.5],
			"rotation": {"angle": 0, "axis": "y", "origin": [0, 0, -11.5]},
			"faces": {
				"north": {"uv": [0, 4, 3, 5], "texture": "#0"},
				"east": {"uv": [0, 4, 1, 5], "texture": "#0"},
				"south": {"uv": [0, 0, 3, 3], "texture": "#0"},
				"west": {"uv": [0, 3, 1, 4], "texture": "#0"},
				"up": {"uv": [0, 3, 2, 15], "texture": "#0"},
				"down": {"uv": [0, 5, 3, 6], "rotation": 90, "texture": "#0"}
			}
		},
		{
			"from": [7.201, 2.06, 3.6],
			"to": [8.799, 2.61, 4.1],
			"rotation": {"angle": -22.5, "axis": "x", "origin": [0, -4.5, -8]},
			"faces": {
				"north": {"uv": [0, 5, 3, 6], "texture": "#0"},
				"east": {"uv": [0, 4, 1, 5], "texture": "#0"},
				"south": {"uv": [0, 0, 3, 3], "texture": "#0"},
				"west": {"uv": [0, 3, 1, 4], "texture": "#0"},
				"up": {"uv": [0, 3, 2, 15], "texture": "#0"},
				"down": {"uv": [0, 5, 3, 6], "rotation": 90, "texture": "#0"}
			}
		},
		{
			"from": [7.601, 1.56, 3.81],
			"to": [8.399, 2.11, 4.31],
			"rotation": {"angle": -22.5, "axis": "x", "origin": [-0.4, -5, -7.8]},
			"faces": {
				"north": {"uv": [0.75, 6, 2.25, 7], "texture": "#0"},
				"east": {"uv": [0, 4, 1, 5], "texture": "#0"},
				"south": {"uv": [0, 0, 3, 3], "texture": "#0"},
				"west": {"uv": [0, 4, 1, 5], "texture": "#0"},
				"up": {"uv": [0, 3, 2, 15], "texture": "#0"},
				"down": {"uv": [0, 5, 3, 6], "rotation": 90, "texture": "#0"}
			}
		},
		{
			"from": [7.4, 7, 0],
			"to": [8.6, 8, 8],
			"rotation": {"angle": 0, "axis": "y", "origin": [0, 1, 0]},
			"faces": {
				"north": {"uv": [0, 0, 2, 2], "texture": "#0"},
				"east": {"uv": [0, 0.3125, 12, 1.3125], "texture": "#0"},
				"south": {"uv": [0, 0, 2, 3], "texture": "#0"},
				"west": {"uv": [0, 0.3125, 12, 1.6875], "texture": "#0"},
				"up": {"uv": [0, 0, 12, 2], "rotation": 90, "texture": "#0"},
				"down": {"uv": [0, 3, 2, 15], "texture": "#0"}
			}
		},
		{
			"from": [7.6, 5.5, 0.42],
			"to": [8.4, 6, 6.62],
			"rotation": {"angle": 0, "axis": "y", "origin": [0, -0.5, 0]},
			"faces": {
				"north": {"uv": [0, 0, 2, 1], "texture": "#0"},
				"east": {"uv": [0, 0, 12, 1], "texture": "#0"},
				"south": {"uv": [0, 0, 2, 3], "texture": "#0"},
				"west": {"uv": [0.375, 3.6875, 10.375, 4.6875], "texture": "#0"},
				"up": {"uv": [0, 3, 2, 15], "texture": "#0"},
				"down": {"uv": [0, 3.4375, 12, 5.4375], "rotation": 90, "texture": "#0"}
			}
		},
		{
			"from": [7.6, 8, 6],
			"to": [8.4, 8.1, 9.2],
			"rotation": {"angle": 0, "axis": "y", "origin": [0, 2, 6]},
			"faces": {
				"north": {"uv": [14, 15, 16, 16], "texture": "#0"},
				"east": {"uv": [4, 15, 16, 16], "texture": "#0"},
				"south": {"uv": [14, 15, 16, 16], "texture": "#0"},
				"west": {"uv": [4, 15, 16, 16], "texture": "#0"},
				"up": {"uv": [8, 14, 16, 16], "rotation": 90, "texture": "#0"},
				"down": {"uv": [3, 5, 15, 7], "rotation": 90, "texture": "#0"}
			}
		},
		{
			"from": [7.2, 5.5, 6.6],
			"to": [8.8, 6, 10],
			"rotation": {"angle": 0, "axis": "y", "origin": [0, -0.5, 6.6]},
			"faces": {
				"north": {"uv": [0, 0, 2, 3], "texture": "#0"},
				"east": {"uv": [0, 0, 5, 1], "texture": "#0"},
				"south": {"uv": [0, 0, 2, 3], "texture": "#0"},
				"west": {"uv": [10, 6, 16, 5], "texture": "#0"},
				"up": {"uv": [0, 3, 2, 15], "texture": "#0"},
				"down": {"uv": [0, 3, 2, 8], "texture": "#0"}
			}
		},
		{
			"from": [5.6, 11.05, 0],
			"to": [5.8, 11.65, 8],
			"rotation": {"angle": -22.5, "axis": "z", "origin": [-3.8, 5, 0]},
			"faces": {
				"north": {"uv": [0, 0.9375, 0.3125, 1.9375], "texture": "#0"},
				"east": {"uv": [0, 0, 12, 3], "texture": "#0"},
				"south": {"uv": [0, 0, 2, 3], "texture": "#0"},
				"west": {"uv": [0, 0.9375, 12, 1.9375], "texture": "#0"},
				"up": {"uv": [0, 3, 2, 15], "texture": "#0"},
				"down": {"uv": [0, 3, 2, 15], "texture": "#0"}
			}
		},
		{
			"from": [11.67, 3.8, 0],
			"to": [11.87, 4.4, 8],
			"rotation": {"angle": 22.5, "axis": "z", "origin": [2.3, -2.3, 0]},
			"faces": {
				"north": {"uv": [11.75, 0.6875, 12.25, 1.6875], "texture": "#0"},
				"east": {"uv": [0, 0.6875, 12, 1.6875], "texture": "#0"},
				"south": {"uv": [0, 0, 2, 3], "texture": "#0"},
				"west": {"uv": [0, 0, 12, 3], "texture": "#0"},
				"up": {"uv": [0, 3, 2, 15], "texture": "#0"},
				"down": {"uv": [0, 3, 2, 15], "texture": "#0"}
			}
		},
		{
			"from": [7.2, 6, 12],
			"to": [8.8, 6.3, 12.7],
			"rotation": {"angle": 0, "axis": "y", "origin": [0, 0, 3]},
			"faces": {
				"north": {"uv": [0, 0, 2, 3], "texture": "#0"},
				"east": {"uv": [0, 0, 1, 1], "texture": "#0"},
				"south": {"uv": [2.6875, 4.375, 5.6875, 5.125], "texture": "#0"},
				"west": {"uv": [15, 3, 16, 4], "texture": "#0"},
				"up": {"uv": [2.6875, 3.375, 5.6875, 4.375], "texture": "#0"},
				"down": {"uv": [0, 3, 3, 4], "texture": "#0"}
			}
		},
		{
			"from": [7.7, 4, 14.55],
			"to": [8.3, 4.6, 15.35],
			"rotation": {"angle": -22.5, "axis": "x", "origin": [0, -2, 5.6]},
			"faces": {
				"north": {"uv": [10, 14, 11, 15], "texture": "#0"},
				"east": {"uv": [10, 14, 11, 15], "texture": "#0"},
				"south": {"uv": [10, 14, 11, 15], "texture": "#0"},
				"west": {"uv": [10, 14, 11, 15], "texture": "#0"},
				"up": {"uv": [10, 14, 11, 15], "texture": "#0"},
				"down": {"uv": [10, 14, 11, 15], "texture": "#0"}
			}
		},
		{
			"from": [7.201, 4.393, 13.9],
			"to": [8.799, 5.493, 14.883],
			"rotation": {"angle": -22.5, "axis": "x", "origin": [0, -1.5, 6.9]},
			"faces": {
				"north": {"uv": [0, 0, 2, 3], "texture": "#0"},
				"east": {"uv": [0, 0, 2, 2], "texture": "#0"},
				"south": {"uv": [2.9375, 0.3125, 5.9375, 2.3125], "texture": "#0"},
				"west": {"uv": [14, 1, 16, 3], "texture": "#0"},
				"up": {"uv": [0, 3, 2, 15], "texture": "#0"},
				"down": {"uv": [0, 3, 2, 15], "texture": "#0"}
			}
		},
		{
			"from": [7.4, 12.2, 8.4],
			"to": [8.6, 13.7, 9.4],
			"rotation": {"angle": 45, "axis": "x", "origin": [0, 6.7, 1.4]},
			"faces": {
				"north": {"uv": [0, 0, 2, 3], "texture": "#0"},
				"east": {"uv": [0, 0, 2, 3], "texture": "#0"},
				"south": {"uv": [0, 0, 2, 3], "texture": "#0"},
				"west": {"uv": [14, 3, 16, 6], "texture": "#0"},
				"up": {"uv": [0, 3, 2, 15], "texture": "#0"},
				"down": {"uv": [0, 3, 2, 15], "texture": "#0"}
			}
		},
		{
			"from": [7.201, 10.18, 4.48],
			"to": [8.799, 11.28, 5.48],
			"rotation": {"angle": 22.5, "axis": "x", "origin": [0, 3.3, -2.5]},
			"faces": {
				"north": {"uv": [0, 0, 2, 3], "texture": "#0"},
				"east": {"uv": [0, 0, 2, 2], "texture": "#0"},
				"south": {"uv": [0, 0, 2, 3], "texture": "#0"},
				"west": {"uv": [10.1875, 0, 12.1875, 2], "texture": "#0"},
				"up": {"uv": [0, 3, 2, 15], "texture": "#0"},
				"down": {"uv": [0, 3, 2, 15], "texture": "#0"}
			}
		},
		{
			"from": [7.05, 10.2, 4.8],
			"to": [7.55, 10.7, 5.3],
			"rotation": {"angle": 45, "axis": "x", "origin": [-0.7, 2.2, 4.3]},
			"faces": {
				"north": {"uv": [6, 12, 7.83333, 13.5], "texture": "#0"},
				"east": {"uv": [6, 12, 11.5, 13.5], "texture": "#0"},
				"south": {"uv": [6, 12, 7.83333, 13.5], "texture": "#0"},
				"west": {"uv": [6, 12, 11.5, 13.5], "texture": "#0"},
				"up": {"uv": [6, 11.5, 8, 16], "texture": "#0"},
				"down": {"uv": [6, 12, 7.83333, 16.5], "texture": "#0"}
			}
		},
		{
			"from": [7.06, 7.5, 9.95],
			"to": [7.56, 7.85, 10.65],
			"rotation": {"angle": 0, "axis": "y", "origin": [-0.7, -0.5, 9.7]},
			"faces": {
				"north": {"uv": [6, 12, 7.83333, 13.5], "texture": "#0"},
				"east": {"uv": [6, 12, 11.5, 13.5], "texture": "#0"},
				"south": {"uv": [6, 12, 7.83333, 13.5], "texture": "#0"},
				"west": {"uv": [6, 12, 11.5, 13.5], "texture": "#0"},
				"up": {"uv": [6, 11.5, 8, 16], "texture": "#0"},
				"down": {"uv": [6, 12, 7.83333, 16.5], "texture": "#0"}
			}
		},
		{
			"from": [7.06, 8.19, 6.9],
			"to": [7.56, 8.54, 7.6],
			"rotation": {"angle": 22.5, "axis": "x", "origin": [-0.7, 0.2, 6.7]},
			"faces": {
				"north": {"uv": [6, 12, 7.83333, 13.5], "texture": "#0"},
				"east": {"uv": [6, 12, 11.5, 13.5], "texture": "#0"},
				"south": {"uv": [6, 12, 7.83333, 13.5], "texture": "#0"},
				"west": {"uv": [6, 12, 11.5, 13.5], "texture": "#0"},
				"up": {"uv": [6, 12, 7.83333, 16.5], "texture": "#0"},
				"down": {"uv": [6, 12, 7.83333, 16.5], "texture": "#0"}
			}
		},
		{
			"from": [7.6, 6.85, -0.01],
			"to": [8.4, 7.65, -0.01],
			"rotation": {"angle": 0, "axis": "y", "origin": [0, 0.6, 0]},
			"faces": {
				"north": {"uv": [15, 0, 16, 1], "texture": "#0"},
				"east": {"uv": [16, 0, 16, 1], "texture": "#0"},
				"south": {"uv": [15, 0, 16, 1], "texture": "#0"},
				"west": {"uv": [16, 0, 16, 1], "texture": "#0"},
				"up": {"uv": [15, 0, 16, 0], "texture": "#0"},
				"down": {"uv": [15, 0, 16, 0], "texture": "#0"}
			}
		},
		{
			"from": [7.75, 3.8, 6.55],
			"to": [8.25, 4.25, 8.3],
			"rotation": {"angle": 0, "axis": "y", "origin": [0, 0.3, -1.3]},
			"faces": {
				"north": {"uv": [15.5, 2, 16, 3.75], "texture": "#0"},
				"east": {"uv": [14.25, 2, 16, 3.75], "texture": "#0"},
				"south": {"uv": [15.5, 2, 16, 3.75], "texture": "#0"},
				"west": {"uv": [14.25, 2, 16, 3.75], "texture": "#0"},
				"up": {"uv": [15.5, 2, 16, 3.75], "texture": "#0"},
				"down": {"uv": [15.5, 2, 16, 3.75], "texture": "#0"}
			}
		},
		{
			"from": [7.75, 3.8, 6.15],
			"to": [8.25, 5.55, 6.6],
			"rotation": {"angle": 0, "axis": "y", "origin": [0, 0.3, -3]},
			"faces": {
				"north": {"uv": [15.5, 2, 16, 3.75], "texture": "#0"},
				"east": {"uv": [14.25, 2, 16, 3.75], "texture": "#0"},
				"south": {"uv": [15.5, 2, 16, 3.75], "texture": "#0"},
				"west": {"uv": [12, 6, 13, 10], "texture": "#0"},
				"up": {"uv": [15.5, 2, 16, 3.75], "texture": "#0"},
				"down": {"uv": [15.5, 2, 16, 3.75], "texture": "#0"}
			}
		},
		{
			"from": [7.35, -1.95, 6.6],
			"to": [8.65, 5.05, 9.6],
			"rotation": {"angle": -22.5, "axis": "x", "origin": [8, 7.3, 4.6]},
			"faces": {
				"north": {"uv": [0.5, 4, 14.5, 6.5], "rotation": 90, "texture": "#0"},
				"east": {"uv": [16, 10, 2, 16], "rotation": 90, "texture": "#0"},
				"south": {"uv": [16, 12, 2, 15], "rotation": 90, "texture": "#0"},
				"west": {"uv": [16, 16, 2, 10], "rotation": 90, "texture": "#0"},
				"up": {"uv": [14.5, 12, 16, 15], "texture": "#0"},
				"down": {"uv": [14.5, 6, 16, 9], "texture": "#0"}
			}
		},
		{
			"from": [7.95, 8.8, -2.7],
			"to": [8.05, 9.3, -1.2],
			"rotation": {"angle": 22.5, "axis": "x", "origin": [0, 0.8, -3.2]},
			"faces": {
				"north": {"uv": [6, 12, 7.83333, 13.5], "texture": "#0"},
				"east": {"uv": [6, 12, 11.5, 13.5], "texture": "#0"},
				"south": {"uv": [6, 12, 7.83333, 13.5], "texture": "#0"},
				"west": {"uv": [6, 12, 11.5, 13.5], "texture": "#0"},
				"up": {"uv": [6, 12, 7.83333, 16.5], "texture": "#0"},
				"down": {"uv": [6, 12, 7.83333, 16.5], "texture": "#0"}
			}
		},
		{
			"from": [7.55, 10.7, 5.3],
			"to": [7.95, 11.2, 5.8],
			"rotation": {"angle": 45, "axis": "x", "origin": [0, 2.7, 4.8]},
			"faces": {
				"north": {"uv": [6, 12, 7.83333, 13.5], "texture": "#0"},
				"east": {"uv": [6, 12, 11.5, 13.5], "texture": "#0"},
				"south": {"uv": [6, 12, 7.83333, 13.5], "texture": "#0"},
				"west": {"uv": [6, 12, 11.5, 13.5], "texture": "#0"},
				"up": {"uv": [6, 11.5, 8, 16], "texture": "#0"},
				"down": {"uv": [6, 12, 7.83333, 16.5], "texture": "#0"}
			}
		},
		{
			"from": [8.05, 10.7, 5.3],
			"to": [8.45, 11.2, 5.8],
			"rotation": {"angle": 45, "axis": "x", "origin": [0.6, 2.7, 4.8]},
			"faces": {
				"north": {"uv": [6, 12, 7.83333, 13.5], "texture": "#0"},
				"east": {"uv": [6, 12, 11.5, 13.5], "texture": "#0"},
				"south": {"uv": [6, 12, 7.83333, 13.5], "texture": "#0"},
				"west": {"uv": [6, 12, 11.5, 13.5], "texture": "#0"},
				"up": {"uv": [6, 11.5, 8, 16], "texture": "#0"},
				"down": {"uv": [6, 12, 7.83333, 16.5], "texture": "#0"}
			}
		}
	],
	"display": {
		"thirdperson_righthand": {
			"rotation": [0, -11, 0],
			"translation": [0, 2.25, 1],
			"scale": [0.8, 0.8, 0.8]
		},
		"thirdperson_lefthand": {
			"translation": [-12, 2.25, 1],
			"scale": [0.8, 0.8, 0.8]
		},
		"firstperson_righthand": {
			"rotation": [0, -10, 0],
			"translation": [43.75, -4, -25.5],
			"scale": [4, 4, 4]
		},
		"firstperson_lefthand": {
			"translation": [-16, 4.25, 0]
		},
		"ground": {
			"translation": [0, -0.25, 0.75],
			"scale": [0.8, 0.8, 0.8]
		},
		"gui": {
			"rotation": [17, 130, 0],
			"translation": [1.25, 2.75, 0],
			"scale": [1.1, 1.1, 1.1]
		},
		"head": {
			"translation": [0, 0, -4]
		},
		"fixed": {
			"rotation": [0, -90, 0],
			"translation": [-2.25, 2.75, -0.8]
		}
	}
}