{
	"format_version": "1.21.6",
	"credit": "Made with Blockbench",
	"textures": {
		"0": "chems_guns:item/gun_ammo/desert_eagle",
		"particle": "chems_guns:item/gun_ammo/desert_eagle"
	},
	"elements": [
		{
			"from": [-10.8, 6, 0.22],
			"to": [-9.2, 7, 12.02],
			"rotation": {"angle": 0, "axis": "y", "origin": [-18, 0, 0]},
			"faces": {
				"north": {"uv": [0, 0, 3, 2], "texture": "#0"},
				"east": {"uv": [0, 4, 16, 6], "texture": "#0"},
				"south": {"uv": [0, 0, 3, 3], "texture": "#0"},
				"west": {"uv": [0, 4, 16, 6], "texture": "#0"},
				"up": {"uv": [0, 3, 2, 15], "texture": "#0"},
				"down": {"uv": [4, 6, 16, 8], "rotation": 90, "texture": "#0"}
			}
		},
		{
			"from": [-10.8, 6.5, 0],
			"to": [-9.2, 7, 0.5],
			"rotation": {"angle": 0, "axis": "y", "origin": [-18, 0, -11.5]},
			"faces": {
				"north": {"uv": [0, 4, 3, 5], "texture": "#0"},
				"east": {"uv": [0, 4, 1, 5], "texture": "#0"},
				"south": {"uv": [0, 0, 3, 3], "texture": "#0"},
				"west": {"uv": [2, 5, 3, 6], "texture": "#0"},
				"up": {"uv": [0, 3, 2, 15], "texture": "#0"},
				"down": {"uv": [0, 5, 3, 6], "rotation": 90, "texture": "#0"}
			}
		},
		{
			"from": [-10.8, 2.06, 3.6],
			"to": [-9.2, 2.61, 4.1],
			"rotation": {"angle": -22.5, "axis": "x", "origin": [-18, -4.5, -8]},
			"faces": {
				"north": {"uv": [0, 4, 3, 5], "texture": "#0"},
				"east": {"uv": [0, 4, 1, 5], "texture": "#0"},
				"south": {"uv": [0, 0, 3, 3], "texture": "#0"},
				"west": {"uv": [0, 5, 1, 6], "texture": "#0"},
				"up": {"uv": [0, 3, 2, 15], "texture": "#0"},
				"down": {"uv": [0, 5, 3, 6], "rotation": 90, "texture": "#0"}
			}
		},
		{
			"from": [-10.4, 1.56, 3.81],
			"to": [-9.6, 2.11, 4.31],
			"rotation": {"angle": -22.5, "axis": "x", "origin": [-18.4, -5, -7.8]},
			"faces": {
				"north": {"uv": [0, 4, 3, 5], "texture": "#0"},
				"east": {"uv": [0, 4, 1, 5], "texture": "#0"},
				"south": {"uv": [0, 0, 3, 3], "texture": "#0"},
				"west": {"uv": [0, 5, 1, 6], "texture": "#0"},
				"up": {"uv": [0, 3, 2, 15], "texture": "#0"},
				"down": {"uv": [0, 5, 3, 6], "rotation": 90, "texture": "#0"}
			}
		},
		{
			"from": [-10.6, 7, 0],
			"to": [-9.4, 8, 8],
			"rotation": {"angle": 0, "axis": "y", "origin": [-18, 1, 0]},
			"faces": {
				"north": {"uv": [0, 0, 2, 2], "texture": "#0"},
				"east": {"uv": [0, 0, 12, 3], "texture": "#0"},
				"south": {"uv": [0, 0, 2, 3], "texture": "#0"},
				"west": {"uv": [0, 0, 12, 3], "texture": "#0"},
				"up": {"uv": [0, 3, 2, 15], "texture": "#0"},
				"down": {"uv": [0, 3, 2, 15], "texture": "#0"}
			}
		},
		{
			"from": [-10.4, 5.5, 0.42],
			"to": [-9.6, 6, 6.62],
			"rotation": {"angle": 0, "axis": "y", "origin": [-18, -0.5, 0]},
			"faces": {
				"north": {"uv": [0, 0, 2, 1], "texture": "#0"},
				"east": {"uv": [0, 0, 12, 1], "texture": "#0"},
				"south": {"uv": [0, 0, 2, 3], "texture": "#0"},
				"west": {"uv": [0, 0, 12, 1], "texture": "#0"},
				"up": {"uv": [0, 3, 2, 15], "texture": "#0"},
				"down": {"uv": [3, 5, 15, 7], "rotation": 90, "texture": "#0"}
			}
		},
		{
			"from": [-10.4, 8, 6],
			"to": [-9.6, 8.1, 9.2],
			"rotation": {"angle": 0, "axis": "y", "origin": [-18, 2, 6]},
			"faces": {
				"north": {"uv": [0, 0, 2, 1], "texture": "#0"},
				"east": {"uv": [0, 0, 12, 1], "texture": "#0"},
				"south": {"uv": [0, 0, 2, 3], "texture": "#0"},
				"west": {"uv": [0, 0, 12, 1], "texture": "#0"},
				"up": {"uv": [4, 1, 12, 3], "rotation": 90, "texture": "#0"},
				"down": {"uv": [3, 5, 15, 7], "rotation": 90, "texture": "#0"}
			}
		},
		{
			"from": [-10.8, 5.5, 6.6],
			"to": [-9.2, 6, 10],
			"rotation": {"angle": 0, "axis": "y", "origin": [-18, -0.5, 6.6]},
			"faces": {
				"north": {"uv": [0, 0, 2, 3], "texture": "#0"},
				"east": {"uv": [0, 0, 5, 1], "texture": "#0"},
				"south": {"uv": [0, 0, 2, 3], "texture": "#0"},
				"west": {"uv": [0, 0, 5, 1], "texture": "#0"},
				"up": {"uv": [0, 3, 2, 15], "texture": "#0"},
				"down": {"uv": [0, 3, 2, 8], "texture": "#0"}
			}
		},
		{
			"from": [-12.4, 11.05, 0],
			"to": [-12.2, 11.65, 8],
			"rotation": {"angle": -22.5, "axis": "z", "origin": [-21.8, 5, 0]},
			"faces": {
				"north": {"uv": [0, 0, 1, 1], "texture": "#0"},
				"east": {"uv": [0, 0, 12, 3], "texture": "#0"},
				"south": {"uv": [0, 0, 2, 3], "texture": "#0"},
				"west": {"uv": [0, 0, 12, 2], "texture": "#0"},
				"up": {"uv": [0, 3, 2, 15], "texture": "#0"},
				"down": {"uv": [0, 3, 2, 15], "texture": "#0"}
			}
		},
		{
			"from": [-6.33, 3.8, 0],
			"to": [-6.13, 4.4, 8],
			"rotation": {"angle": 22.5, "axis": "z", "origin": [-15.7, -2.3, 0]},
			"faces": {
				"north": {"uv": [0, 0, 1, 1], "texture": "#0"},
				"east": {"uv": [0, 0, 12, 2], "texture": "#0"},
				"south": {"uv": [0, 0, 2, 3], "texture": "#0"},
				"west": {"uv": [0, 0, 12, 3], "texture": "#0"},
				"up": {"uv": [0, 3, 2, 15], "texture": "#0"},
				"down": {"uv": [0, 3, 2, 15], "texture": "#0"}
			}
		},
		{
			"from": [-10.801, 7, 7],
			"to": [-9.199, 8, 11.6],
			"rotation": {"angle": 0, "axis": "y", "origin": [-18, 1, 0]},
			"faces": {
				"north": {"uv": [0, 0, 2, 3], "texture": "#0"},
				"east": {"uv": [0, 0, 7, 1], "texture": "#0"},
				"south": {"uv": [0, 0, 2, 3], "texture": "#0"},
				"west": {"uv": [0, 0, 7, 1], "texture": "#0"},
				"up": {"uv": [0, 3, 2, 8], "texture": "#0"},
				"down": {"uv": [0, 3, 2, 15], "texture": "#0"}
			}
		},
		{
			"from": [-10.8, 6, 12],
			"to": [-9.2, 6.3, 12.7],
			"rotation": {"angle": 0, "axis": "y", "origin": [-18, 0, 3]},
			"faces": {
				"north": {"uv": [0, 0, 2, 3], "texture": "#0"},
				"east": {"uv": [0, 0, 1, 1], "texture": "#0"},
				"south": {"uv": [0, 0, 3, 1], "texture": "#0"},
				"west": {"uv": [0, 0, 1, 1], "texture": "#0"},
				"up": {"uv": [0, 3, 3, 4], "texture": "#0"},
				"down": {"uv": [0, 3, 3, 4], "texture": "#0"}
			}
		},
		{
			"from": [-10.3, 4, 14.55],
			"to": [-9.7, 4.6, 15.35],
			"rotation": {"angle": -22.5, "axis": "x", "origin": [-18, -2, 5.6]},
			"faces": {
				"north": {"uv": [10, 14, 11, 15], "texture": "#0"},
				"east": {"uv": [10, 14, 11, 15], "texture": "#0"},
				"south": {"uv": [10, 14, 11, 15], "texture": "#0"},
				"west": {"uv": [10, 14, 11, 15], "texture": "#0"},
				"up": {"uv": [10, 14, 11, 15], "texture": "#0"},
				"down": {"uv": [10, 14, 11, 15], "texture": "#0"}
			}
		},
		{
			"from": [-10.8, 4.4, 13.9],
			"to": [-9.2, 5.5, 14.9],
			"rotation": {"angle": -22.5, "axis": "x", "origin": [-18, -1.5, 6.9]},
			"faces": {
				"north": {"uv": [0, 0, 2, 3], "texture": "#0"},
				"east": {"uv": [0, 0, 2, 2], "texture": "#0"},
				"south": {"uv": [0, 0, 3, 2], "texture": "#0"},
				"west": {"uv": [0, 0, 2, 2], "texture": "#0"},
				"up": {"uv": [0, 3, 2, 15], "texture": "#0"},
				"down": {"uv": [0, 3, 2, 15], "texture": "#0"}
			}
		},
		{
			"from": [-10.6, 12.2, 8.4],
			"to": [-9.4, 13.7, 9.4],
			"rotation": {"angle": 45, "axis": "x", "origin": [-18, 6.7, 1.4]},
			"faces": {
				"north": {"uv": [0, 0, 2, 3], "texture": "#0"},
				"east": {"uv": [0, 0, 2, 3], "texture": "#0"},
				"south": {"uv": [0, 0, 2, 3], "texture": "#0"},
				"west": {"uv": [0, 0, 2, 3], "texture": "#0"},
				"up": {"uv": [0, 3, 2, 15], "texture": "#0"},
				"down": {"uv": [0, 3, 2, 15], "texture": "#0"}
			}
		},
		{
			"from": [-10.8, 10.18, 4.48],
			"to": [-9.2, 11.28, 5.48],
			"rotation": {"angle": 22.5, "axis": "x", "origin": [-18, 3.3, -2.5]},
			"faces": {
				"north": {"uv": [0, 0, 2, 3], "texture": "#0"},
				"east": {"uv": [0, 0, 2, 2], "texture": "#0"},
				"south": {"uv": [0, 0, 2, 3], "texture": "#0"},
				"west": {"uv": [0, 0, 2, 2], "texture": "#0"},
				"up": {"uv": [0, 3, 2, 15], "texture": "#0"},
				"down": {"uv": [0, 3, 2, 15], "texture": "#0"}
			}
		},
		{
			"from": [-10.25, 8.8, -2.7],
			"to": [-9.75, 9.3, -1.2],
			"rotation": {"angle": 22.5, "axis": "x", "origin": [-18, 0.8, -3.2]},
			"faces": {
				"north": {"uv": [6, 12, 7.83333, 13.5], "texture": "#0"},
				"east": {"uv": [6, 12, 11.5, 13.5], "texture": "#0"},
				"south": {"uv": [6, 12, 7.83333, 13.5], "texture": "#0"},
				"west": {"uv": [6, 12, 11.5, 13.5], "texture": "#0"},
				"up": {"uv": [6, 12, 7.83333, 16.5], "texture": "#0"},
				"down": {"uv": [6, 12, 7.83333, 16.5], "texture": "#0"}
			}
		},
		{
			"from": [-10.25, 10.7, 4.3],
			"to": [-9.75, 11.2, 4.8],
			"rotation": {"angle": 45, "axis": "x", "origin": [-18, 2.7, 3.8]},
			"faces": {
				"north": {"uv": [6, 12, 7.83333, 13.5], "texture": "#0"},
				"east": {"uv": [6, 12, 11.5, 13.5], "texture": "#0"},
				"south": {"uv": [6, 12, 7.83333, 13.5], "texture": "#0"},
				"west": {"uv": [6, 12, 11.5, 13.5], "texture": "#0"},
				"up": {"uv": [6, 11.5, 8, 16], "texture": "#0"},
				"down": {"uv": [6, 12, 7.83333, 16.5], "texture": "#0"}
			}
		},
		{
			"from": [-9.55, 10.2, 4.8],
			"to": [-9.05, 10.7, 5.3],
			"rotation": {"angle": 45, "axis": "x", "origin": [-17.3, 2.2, 4.3]},
			"faces": {
				"north": {"uv": [6, 12, 7.83333, 13.5], "texture": "#0"},
				"east": {"uv": [6, 12, 11.5, 13.5], "texture": "#0"},
				"south": {"uv": [6, 12, 7.83333, 13.5], "texture": "#0"},
				"west": {"uv": [6, 12, 11.5, 13.5], "texture": "#0"},
				"up": {"uv": [6, 11.5, 8, 16], "texture": "#0"},
				"down": {"uv": [6, 12, 7.83333, 16.5], "texture": "#0"}
			}
		},
		{
			"from": [-9.54, 7.5, 9.95],
			"to": [-9.04, 7.85, 10.65],
			"rotation": {"angle": 0, "axis": "y", "origin": [-17.3, -0.5, 9.7]},
			"faces": {
				"north": {"uv": [6, 12, 7.83333, 13.5], "texture": "#0"},
				"east": {"uv": [6, 12, 11.5, 13.5], "texture": "#0"},
				"south": {"uv": [6, 12, 7.83333, 13.5], "texture": "#0"},
				"west": {"uv": [6, 12, 11.5, 13.5], "texture": "#0"},
				"up": {"uv": [6, 11.5, 8, 16], "texture": "#0"},
				"down": {"uv": [6, 12, 7.83333, 16.5], "texture": "#0"}
			}
		},
		{
			"from": [-9.54, 8.19, 6.9],
			"to": [-9.04, 8.54, 7.6],
			"rotation": {"angle": 22.5, "axis": "x", "origin": [-17.3, 0.2, 6.7]},
			"faces": {
				"north": {"uv": [6, 12, 7.83333, 13.5], "texture": "#0"},
				"east": {"uv": [6, 12, 11.5, 13.5], "texture": "#0"},
				"south": {"uv": [6, 12, 7.83333, 13.5], "texture": "#0"},
				"west": {"uv": [6, 12, 11.5, 13.5], "texture": "#0"},
				"up": {"uv": [6, 12, 7.83333, 16.5], "texture": "#0"},
				"down": {"uv": [6, 12, 7.83333, 16.5], "texture": "#0"}
			}
		},
		{
			"from": [-10.4, 6.85, -0.01],
			"to": [-9.6, 7.65, -0.01],
			"rotation": {"angle": 0, "axis": "y", "origin": [-18, 0.6, 0]},
			"faces": {
				"north": {"uv": [15, 0, 16, 1], "texture": "#0"},
				"east": {"uv": [16, 0, 16, 1], "texture": "#0"},
				"south": {"uv": [15, 0, 16, 1], "texture": "#0"},
				"west": {"uv": [16, 0, 16, 1], "texture": "#0"},
				"up": {"uv": [15, 0, 16, 0], "texture": "#0"},
				"down": {"uv": [15, 0, 16, 0], "texture": "#0"}
			}
		},
		{
			"from": [-10.25, 3.8, 6.55],
			"to": [-9.75, 4.25, 8.3],
			"rotation": {"angle": 0, "axis": "y", "origin": [-18, 0.3, -1.3]},
			"faces": {
				"north": {"uv": [15.5, 2, 16, 3.75], "texture": "#0"},
				"east": {"uv": [14.25, 2, 16, 3.75], "texture": "#0"},
				"south": {"uv": [15.5, 2, 16, 3.75], "texture": "#0"},
				"west": {"uv": [14.25, 2, 16, 3.75], "texture": "#0"},
				"up": {"uv": [15.5, 2, 16, 3.75], "texture": "#0"},
				"down": {"uv": [15.5, 2, 16, 3.75], "texture": "#0"}
			}
		},
		{
			"from": [-10.25, 3.8, 6.15],
			"to": [-9.75, 5.55, 6.6],
			"rotation": {"angle": 0, "axis": "y", "origin": [-18, 0.3, -3]},
			"faces": {
				"north": {"uv": [15.5, 2, 16, 3.75], "texture": "#0"},
				"east": {"uv": [14.25, 2, 16, 3.75], "texture": "#0"},
				"south": {"uv": [15.5, 2, 16, 3.75], "texture": "#0"},
				"west": {"uv": [14.25, 2, 16, 3.75], "texture": "#0"},
				"up": {"uv": [15.5, 2, 16, 3.75], "texture": "#0"},
				"down": {"uv": [15.5, 2, 16, 3.75], "texture": "#0"}
			}
		},
		{
			"from": [-10.65, -1.95, 6.6],
			"to": [-9.35, 5.05, 9.6],
			"rotation": {"angle": -22.5, "axis": "x", "origin": [-10, 7.3, 4.6]},
			"faces": {
				"north": {"uv": [0.5, 4, 14.5, 6.5], "rotation": 90, "texture": "#0"},
				"east": {"uv": [16, 10, 2, 16], "rotation": 90, "texture": "#0"},
				"south": {"uv": [16, 12, 2, 15], "rotation": 90, "texture": "#0"},
				"west": {"uv": [16, 16, 2, 10], "rotation": 90, "texture": "#0"},
				"up": {"uv": [14.5, 12, 16, 15], "texture": "#0"},
				"down": {"uv": [14.5, 6, 16, 9], "texture": "#0"}
			}
		},
		{
			"from": [7.2, 6, 0.22],
			"to": [8.8, 7, 12.02],
			"faces": {
				"north": {"uv": [0, 0, 3, 2], "texture": "#0"},
				"east": {"uv": [0, 4, 16, 6], "texture": "#0"},
				"south": {"uv": [0, 0, 3, 3], "texture": "#0"},
				"west": {"uv": [0, 4, 16, 6], "texture": "#0"},
				"up": {"uv": [0, 3, 2, 15], "texture": "#0"},
				"down": {"uv": [4, 6, 16, 8], "rotation": 90, "texture": "#0"}
			}
		},
		{
			"from": [7.2, 6.5, 0],
			"to": [8.8, 7, 0.5],
			"rotation": {"angle": 0, "axis": "y", "origin": [0, 0, -11.5]},
			"faces": {
				"north": {"uv": [0, 4, 3, 5], "texture": "#0"},
				"east": {"uv": [0, 4, 1, 5], "texture": "#0"},
				"south": {"uv": [0, 0, 3, 3], "texture": "#0"},
				"west": {"uv": [2, 5, 3, 6], "texture": "#0"},
				"up": {"uv": [0, 3, 2, 15], "texture": "#0"},
				"down": {"uv": [0, 5, 3, 6], "rotation": 90, "texture": "#0"}
			}
		},
		{
			"from": [7.2, 2.06, 3.6],
			"to": [8.8, 2.61, 4.1],
			"rotation": {"angle": -22.5, "axis": "x", "origin": [0, -4.5, -8]},
			"faces": {
				"north": {"uv": [0, 4, 3, 5], "texture": "#0"},
				"east": {"uv": [0, 4, 1, 5], "texture": "#0"},
				"south": {"uv": [0, 0, 3, 3], "texture": "#0"},
				"west": {"uv": [0, 5, 1, 6], "texture": "#0"},
				"up": {"uv": [0, 3, 2, 15], "texture": "#0"},
				"down": {"uv": [0, 5, 3, 6], "rotation": 90, "texture": "#0"}
			}
		},
		{
			"from": [7.6, 1.56, 3.81],
			"to": [8.4, 2.11, 4.31],
			"rotation": {"angle": -22.5, "axis": "x", "origin": [-0.4, -5, -7.8]},
			"faces": {
				"north": {"uv": [0, 4, 3, 5], "texture": "#0"},
				"east": {"uv": [0, 4, 1, 5], "texture": "#0"},
				"south": {"uv": [0, 0, 3, 3], "texture": "#0"},
				"west": {"uv": [0, 5, 1, 6], "texture": "#0"},
				"up": {"uv": [0, 3, 2, 15], "texture": "#0"},
				"down": {"uv": [0, 5, 3, 6], "rotation": 90, "texture": "#0"}
			}
		},
		{
			"from": [7.4, 7, 0],
			"to": [8.6, 8, 8],
			"rotation": {"angle": 0, "axis": "y", "origin": [0, 1, 0]},
			"faces": {
				"north": {"uv": [0, 0, 2, 2], "texture": "#0"},
				"east": {"uv": [0, 0, 12, 3], "texture": "#0"},
				"south": {"uv": [0, 0, 2, 3], "texture": "#0"},
				"west": {"uv": [0, 0, 12, 3], "texture": "#0"},
				"up": {"uv": [0, 3, 2, 15], "texture": "#0"},
				"down": {"uv": [0, 3, 2, 15], "texture": "#0"}
			}
		},
		{
			"from": [7.6, 5.5, 0.42],
			"to": [8.4, 6, 6.62],
			"rotation": {"angle": 0, "axis": "y", "origin": [0, -0.5, 0]},
			"faces": {
				"north": {"uv": [0, 0, 2, 1], "texture": "#0"},
				"east": {"uv": [0, 0, 12, 1], "texture": "#0"},
				"south": {"uv": [0, 0, 2, 3], "texture": "#0"},
				"west": {"uv": [0, 0, 12, 1], "texture": "#0"},
				"up": {"uv": [0, 3, 2, 15], "texture": "#0"},
				"down": {"uv": [3, 5, 15, 7], "rotation": 90, "texture": "#0"}
			}
		},
		{
			"from": [7.6, 8, 6],
			"to": [8.4, 8.1, 9.2],
			"rotation": {"angle": 0, "axis": "y", "origin": [0, 2, 6]},
			"faces": {
				"north": {"uv": [0, 0, 2, 1], "texture": "#0"},
				"east": {"uv": [0, 0, 12, 1], "texture": "#0"},
				"south": {"uv": [0, 0, 2, 3], "texture": "#0"},
				"west": {"uv": [0, 0, 12, 1], "texture": "#0"},
				"up": {"uv": [4, 1, 12, 3], "rotation": 90, "texture": "#0"},
				"down": {"uv": [3, 5, 15, 7], "rotation": 90, "texture": "#0"}
			}
		},
		{
			"from": [7.2, 5.5, 6.6],
			"to": [8.8, 6, 10],
			"rotation": {"angle": 0, "axis": "y", "origin": [0, -0.5, 6.6]},
			"faces": {
				"north": {"uv": [0, 0, 2, 3], "texture": "#0"},
				"east": {"uv": [0, 0, 5, 1], "texture": "#0"},
				"south": {"uv": [0, 0, 2, 3], "texture": "#0"},
				"west": {"uv": [0, 0, 5, 1], "texture": "#0"},
				"up": {"uv": [0, 3, 2, 15], "texture": "#0"},
				"down": {"uv": [0, 3, 2, 8], "texture": "#0"}
			}
		},
		{
			"from": [5.6, 11.05, 0],
			"to": [5.8, 11.65, 8],
			"rotation": {"angle": -22.5, "axis": "z", "origin": [-3.8, 5, 0]},
			"faces": {
				"north": {"uv": [0, 0, 1, 1], "texture": "#0"},
				"east": {"uv": [0, 0, 12, 3], "texture": "#0"},
				"south": {"uv": [0, 0, 2, 3], "texture": "#0"},
				"west": {"uv": [0, 0, 12, 2], "texture": "#0"},
				"up": {"uv": [0, 3, 2, 15], "texture": "#0"},
				"down": {"uv": [0, 3, 2, 15], "texture": "#0"}
			}
		},
		{
			"from": [11.67, 3.8, 0],
			"to": [11.87, 4.4, 8],
			"rotation": {"angle": 22.5, "axis": "z", "origin": [2.3, -2.3, 0]},
			"faces": {
				"north": {"uv": [0, 0, 1, 1], "texture": "#0"},
				"east": {"uv": [0, 0, 12, 2], "texture": "#0"},
				"south": {"uv": [0, 0, 2, 3], "texture": "#0"},
				"west": {"uv": [0, 0, 12, 3], "texture": "#0"},
				"up": {"uv": [0, 3, 2, 15], "texture": "#0"},
				"down": {"uv": [0, 3, 2, 15], "texture": "#0"}
			}
		},
		{
			"from": [7.199, 7, 7],
			"to": [8.801, 8, 11.6],
			"rotation": {"angle": 0, "axis": "y", "origin": [0, 1, 0]},
			"faces": {
				"north": {"uv": [0, 0, 2, 3], "texture": "#0"},
				"east": {"uv": [0, 0, 7, 1], "texture": "#0"},
				"south": {"uv": [0, 0, 2, 3], "texture": "#0"},
				"west": {"uv": [0, 0, 7, 1], "texture": "#0"},
				"up": {"uv": [0, 3, 2, 8], "texture": "#0"},
				"down": {"uv": [0, 3, 2, 15], "texture": "#0"}
			}
		},
		{
			"from": [7.2, 6, 12],
			"to": [8.8, 6.3, 12.7],
			"rotation": {"angle": 0, "axis": "y", "origin": [0, 0, 3]},
			"faces": {
				"north": {"uv": [0, 0, 2, 3], "texture": "#0"},
				"east": {"uv": [0, 0, 1, 1], "texture": "#0"},
				"south": {"uv": [0, 0, 3, 1], "texture": "#0"},
				"west": {"uv": [0, 0, 1, 1], "texture": "#0"},
				"up": {"uv": [0, 3, 3, 4], "texture": "#0"},
				"down": {"uv": [0, 3, 3, 4], "texture": "#0"}
			}
		},
		{
			"from": [7.7, 4, 14.55],
			"to": [8.3, 4.6, 15.35],
			"rotation": {"angle": -22.5, "axis": "x", "origin": [0, -2, 5.6]},
			"faces": {
				"north": {"uv": [10, 14, 11, 15], "texture": "#0"},
				"east": {"uv": [10, 14, 11, 15], "texture": "#0"},
				"south": {"uv": [10, 14, 11, 15], "texture": "#0"},
				"west": {"uv": [10, 14, 11, 15], "texture": "#0"},
				"up": {"uv": [10, 14, 11, 15], "texture": "#0"},
				"down": {"uv": [10, 14, 11, 15], "texture": "#0"}
			}
		},
		{
			"from": [7.2, 4.4, 13.9],
			"to": [8.8, 5.5, 14.9],
			"rotation": {"angle": -22.5, "axis": "x", "origin": [0, -1.5, 6.9]},
			"faces": {
				"north": {"uv": [0, 0, 2, 3], "texture": "#0"},
				"east": {"uv": [0, 0, 2, 2], "texture": "#0"},
				"south": {"uv": [0, 0, 3, 2], "texture": "#0"},
				"west": {"uv": [0, 0, 2, 2], "texture": "#0"},
				"up": {"uv": [0, 3, 2, 15], "texture": "#0"},
				"down": {"uv": [0, 3, 2, 15], "texture": "#0"}
			}
		},
		{
			"from": [7.4, 12.2, 8.4],
			"to": [8.6, 13.7, 9.4],
			"rotation": {"angle": 45, "axis": "x", "origin": [0, 6.7, 1.4]},
			"faces": {
				"north": {"uv": [0, 0, 2, 3], "texture": "#0"},
				"east": {"uv": [0, 0, 2, 3], "texture": "#0"},
				"south": {"uv": [0, 0, 2, 3], "texture": "#0"},
				"west": {"uv": [0, 0, 2, 3], "texture": "#0"},
				"up": {"uv": [0, 3, 2, 15], "texture": "#0"},
				"down": {"uv": [0, 3, 2, 15], "texture": "#0"}
			}
		},
		{
			"from": [7.2, 10.18, 4.48],
			"to": [8.8, 11.28, 5.48],
			"rotation": {"angle": 22.5, "axis": "x", "origin": [0, 3.3, -2.5]},
			"faces": {
				"north": {"uv": [0, 0, 2, 3], "texture": "#0"},
				"east": {"uv": [0, 0, 2, 2], "texture": "#0"},
				"south": {"uv": [0, 0, 2, 3], "texture": "#0"},
				"west": {"uv": [0, 0, 2, 2], "texture": "#0"},
				"up": {"uv": [0, 3, 2, 15], "texture": "#0"},
				"down": {"uv": [0, 3, 2, 15], "texture": "#0"}
			}
		},
		{
			"from": [7.75, 8.8, -2.7],
			"to": [8.25, 9.3, -1.2],
			"rotation": {"angle": 22.5, "axis": "x", "origin": [0, 0.8, -3.2]},
			"faces": {
				"north": {"uv": [6, 12, 7.83333, 13.5], "texture": "#0"},
				"east": {"uv": [6, 12, 11.5, 13.5], "texture": "#0"},
				"south": {"uv": [6, 12, 7.83333, 13.5], "texture": "#0"},
				"west": {"uv": [6, 12, 11.5, 13.5], "texture": "#0"},
				"up": {"uv": [6, 12, 7.83333, 16.5], "texture": "#0"},
				"down": {"uv": [6, 12, 7.83333, 16.5], "texture": "#0"}
			}
		},
		{
			"from": [7.75, 10.7, 4.3],
			"to": [8.25, 11.2, 4.8],
			"rotation": {"angle": 45, "axis": "x", "origin": [0, 2.7, 3.8]},
			"faces": {
				"north": {"uv": [6, 12, 7.83333, 13.5], "texture": "#0"},
				"east": {"uv": [6, 12, 11.5, 13.5], "texture": "#0"},
				"south": {"uv": [6, 12, 7.83333, 13.5], "texture": "#0"},
				"west": {"uv": [6, 12, 11.5, 13.5], "texture": "#0"},
				"up": {"uv": [6, 11.5, 8, 16], "texture": "#0"},
				"down": {"uv": [6, 12, 7.83333, 16.5], "texture": "#0"}
			}
		},
		{
			"from": [7.05, 10.2, 4.8],
			"to": [7.55, 10.7, 5.3],
			"rotation": {"angle": 45, "axis": "x", "origin": [-0.7, 2.2, 4.3]},
			"faces": {
				"north": {"uv": [6, 12, 7.83333, 13.5], "texture": "#0"},
				"east": {"uv": [6, 12, 11.5, 13.5], "texture": "#0"},
				"south": {"uv": [6, 12, 7.83333, 13.5], "texture": "#0"},
				"west": {"uv": [6, 12, 11.5, 13.5], "texture": "#0"},
				"up": {"uv": [6, 11.5, 8, 16], "texture": "#0"},
				"down": {"uv": [6, 12, 7.83333, 16.5], "texture": "#0"}
			}
		},
		{
			"from": [7.06, 7.5, 9.95],
			"to": [7.56, 7.85, 10.65],
			"rotation": {"angle": 0, "axis": "x", "origin": [-0.7, -0.5, 9.7]},
			"faces": {
				"north": {"uv": [6, 12, 7.83333, 13.5], "texture": "#0"},
				"east": {"uv": [6, 12, 11.5, 13.5], "texture": "#0"},
				"south": {"uv": [6, 12, 7.83333, 13.5], "texture": "#0"},
				"west": {"uv": [6, 12, 11.5, 13.5], "texture": "#0"},
				"up": {"uv": [6, 11.5, 8, 16], "texture": "#0"},
				"down": {"uv": [6, 12, 7.83333, 16.5], "texture": "#0"}
			}
		},
		{
			"from": [7.06, 8.19, 6.9],
			"to": [7.56, 8.54, 7.6],
			"rotation": {"angle": 22.5, "axis": "x", "origin": [-0.7, 0.2, 6.7]},
			"faces": {
				"north": {"uv": [6, 12, 7.83333, 13.5], "texture": "#0"},
				"east": {"uv": [6, 12, 11.5, 13.5], "texture": "#0"},
				"south": {"uv": [6, 12, 7.83333, 13.5], "texture": "#0"},
				"west": {"uv": [6, 12, 11.5, 13.5], "texture": "#0"},
				"up": {"uv": [6, 12, 7.83333, 16.5], "texture": "#0"},
				"down": {"uv": [6, 12, 7.83333, 16.5], "texture": "#0"}
			}
		},
		{
			"from": [7.6, 6.85, -0.01],
			"to": [8.4, 7.65, -0.01],
			"rotation": {"angle": 0, "axis": "y", "origin": [0, 0.6, 0]},
			"faces": {
				"north": {"uv": [15, 0, 16, 1], "texture": "#0"},
				"east": {"uv": [16, 0, 16, 1], "texture": "#0"},
				"south": {"uv": [15, 0, 16, 1], "texture": "#0"},
				"west": {"uv": [16, 0, 16, 1], "texture": "#0"},
				"up": {"uv": [15, 0, 16, 0], "texture": "#0"},
				"down": {"uv": [15, 0, 16, 0], "texture": "#0"}
			}
		},
		{
			"from": [7.75, 3.8, 6.55],
			"to": [8.25, 4.25, 8.3],
			"rotation": {"angle": 0, "axis": "y", "origin": [0, 0.3, -1.3]},
			"faces": {
				"north": {"uv": [15.5, 2, 16, 3.75], "texture": "#0"},
				"east": {"uv": [14.25, 2, 16, 3.75], "texture": "#0"},
				"south": {"uv": [15.5, 2, 16, 3.75], "texture": "#0"},
				"west": {"uv": [14.25, 2, 16, 3.75], "texture": "#0"},
				"up": {"uv": [15.5, 2, 16, 3.75], "texture": "#0"},
				"down": {"uv": [15.5, 2, 16, 3.75], "texture": "#0"}
			}
		},
		{
			"from": [7.75, 3.8, 6.15],
			"to": [8.25, 5.55, 6.6],
			"rotation": {"angle": 0, "axis": "y", "origin": [0, 0.3, -3]},
			"faces": {
				"north": {"uv": [15.5, 2, 16, 3.75], "texture": "#0"},
				"east": {"uv": [14.25, 2, 16, 3.75], "texture": "#0"},
				"south": {"uv": [15.5, 2, 16, 3.75], "texture": "#0"},
				"west": {"uv": [14.25, 2, 16, 3.75], "texture": "#0"},
				"up": {"uv": [15.5, 2, 16, 3.75], "texture": "#0"},
				"down": {"uv": [15.5, 2, 16, 3.75], "texture": "#0"}
			}
		},
		{
			"from": [7.35, -1.95, 6.6],
			"to": [8.65, 5.05, 9.6],
			"rotation": {"angle": -22.5, "axis": "x", "origin": [8, 7.3, 4.6]},
			"faces": {
				"north": {"uv": [0.5, 4, 14.5, 6.5], "rotation": 90, "texture": "#0"},
				"east": {"uv": [16, 10, 2, 16], "rotation": 90, "texture": "#0"},
				"south": {"uv": [16, 12, 2, 15], "rotation": 90, "texture": "#0"},
				"west": {"uv": [16, 16, 2, 10], "rotation": 90, "texture": "#0"},
				"up": {"uv": [14.5, 12, 16, 15], "texture": "#0"},
				"down": {"uv": [14.5, 6, 16, 9], "texture": "#0"}
			}
		}
	],
	"display": {
		"thirdperson_righthand": {
			"translation": [0, 2.25, 1],
			"scale": [0.8, 0.8, 0.8]
		},
		"thirdperson_lefthand": {
			"translation": [-12, 2.25, 1],
			"scale": [0.8, 0.8, 0.8]
		},
		"firstperson_righthand": {
			"translation": [-0.25, 6.75, 4]
		},
		"firstperson_lefthand": {
			"translation": [-18.25, 6, 6],
			"scale": [1, 1, 0.72]
		},
		"ground": {
			"rotation": [0, 0, -90],
			"translation": [2.25, -2.75, 0.75],
			"scale": [0.8, 0.8, 0.8]
		},
		"gui": {
			"rotation": [40, 110, -31],
			"translation": [-2, 3.75, 0],
			"scale": [0.97, 0.97, 0.97]
		},
		"head": {
			"translation": [0, 0, -4]
		},
		"fixed": {
			"rotation": [0, -90, 0],
			"translation": [-2.25, 2.75, -0.8]
		}
	},
	"groups": [
		{
			"name": "group",
			"origin": [8, 7.3, 4.6],
			"color": 0,
			"children": [0, 1, 2, 3, 4, 5, 6, 7, 8, 9, 10, 11, 12, 13, 14, 15, 16, 17, 18, 19, 20, 21, 22, 23, 24]
		},
		{
			"name": "group",
			"origin": [8, 7.3, 4.6],
			"color": 0,
			"children": [25, 26, 27, 28, 29, 30, 31, 32, 33, 34, 35, 36, 37, 38, 39, 40, 41, 42, 43, 44, 45, 46, 47, 48, 49]
		}
	]
}