{
	"format_version": "1.21.6",
	"credit": "Made with Blockbench",
	"textures": {
		"0": "chems_guns:item/gun_ammo/dp12",
		"particle": "chems_guns:item/gun_ammo/dp12"
	},
	"elements": [
		{
			"from": [7.501, -2.7, 12.2],
			"to": [8.498, 4.3, 14.2],
			"rotation": {"angle": -22.5, "axis": "x", "origin": [8, 3.5, 10]},
			"faces": {
				"north": {"uv": [9, 5, 16, 5.997], "rotation": 90, "texture": "#0"},
				"east": {"uv": [9, 4.5, 16, 6.5], "rotation": 90, "texture": "#0"},
				"south": {"uv": [9, 5, 16, 5.997], "rotation": 90, "texture": "#0"},
				"west": {"uv": [9, 4.5, 16, 6.5], "rotation": 90, "texture": "#0"},
				"up": {"uv": [13.003, 10, 16, 13], "texture": "#0"},
				"down": {"uv": [13, 5, 15, 5.997], "rotation": 90, "texture": "#0"}
			}
		},
		{
			"from": [7.501, -0.95, 3.45],
			"to": [8.498, 5.05, 5.45],
			"rotation": {"angle": -22.5, "axis": "x", "origin": [8, 4.25, 1.25]},
			"faces": {
				"north": {"uv": [9, 5, 16, 5.997], "rotation": 90, "texture": "#0"},
				"east": {"uv": [9, 4.5, 16, 6.5], "rotation": 90, "texture": "#0"},
				"south": {"uv": [9, 5, 16, 5.997], "rotation": 90, "texture": "#0"},
				"west": {"uv": [9, 4.5, 16, 6.5], "rotation": 90, "texture": "#0"},
				"up": {"uv": [13.003, 10, 16, 13], "texture": "#0"},
				"down": {"uv": [13.5, 5, 11.503, 6], "texture": "#0"}
			}
		},
		{
			"from": [6.5, 6.02, 8],
			"to": [9.5, 8.02, 15],
			"rotation": {"angle": 0, "axis": "y", "origin": [0, 1, 0]},
			"faces": {
				"north": {"uv": [14, 1.5, 16, 4.5], "rotation": 90, "texture": "#0"},
				"east": {"uv": [9, 2.5, 16, 4.5], "texture": "#0"},
				"south": {"uv": [2.5, 0, 8.5, 6], "texture": "#0"},
				"west": {"uv": [8, 0, 16, 2], "texture": "#0"},
				"up": {"uv": [3, 3, 6, 10], "texture": "#0"},
				"down": {"uv": [8, 0, 16, 4.5], "rotation": 90, "texture": "#0"}
			}
		},
		{
			"name": "octagon",
			"from": [7.37868, 7.65, 14.999],
			"to": [8.62132, 8.65, 22.999],
			"rotation": {"angle": 0, "axis": "y", "origin": [8, 7.15, 9]},
			"faces": {
				"north": {"uv": [0, 2, 1, 3], "texture": "#0"},
				"east": {"uv": [0, 2, 1, 3], "texture": "#0"},
				"south": {"uv": [5.5, 2, 7, 4], "texture": "#0"},
				"west": {"uv": [0, 2, 1, 3], "texture": "#0"},
				"up": {"uv": [8, 2.5, 16, 3.5], "rotation": 90, "texture": "#0"},
				"down": {"uv": [0, 2, 1, 3], "texture": "#0"}
			}
		},
		{
			"name": "octagon",
			"from": [8.5, 7.02868, 14.998],
			"to": [9.5, 7.77132, 22.998],
			"rotation": {"angle": 45, "axis": "z", "origin": [8, 7.15, 9]},
			"faces": {
				"north": {"uv": [0, 2, 1, 3], "texture": "#0"},
				"east": {"uv": [8, 1.5, 16, 2.75], "texture": "#0"},
				"south": {"uv": [6, 3.5, 7, 4.5], "texture": "#0"},
				"west": {"uv": [0, 2, 1, 3], "texture": "#0"},
				"up": {"uv": [0, 2, 1, 3], "texture": "#0"},
				"down": {"uv": [8, 1.5, 16, 2.5], "texture": "#0"}
			}
		},
		{
			"name": "octagon",
			"from": [7.87868, 7.65, 14.998],
			"to": [8.62132, 8.65, 22.998],
			"rotation": {"angle": 45, "axis": "z", "origin": [8, 7.15, 9]},
			"faces": {
				"north": {"uv": [0, 2, 1, 3], "texture": "#0"},
				"east": {"uv": [0, 2, 1, 3], "texture": "#0"},
				"south": {"uv": [4.5, 1.5, 5.5, 2.5], "texture": "#0"},
				"west": {"uv": [8, 2, 16, 3], "texture": "#0"},
				"up": {"uv": [8, 3, 16, 4], "rotation": 90, "texture": "#0"},
				"down": {"uv": [0, 2, 1, 3], "texture": "#0"}
			}
		},
		{
			"name": "octagon",
			"from": [8.5, 4.12868, 21.998],
			"to": [9.5, 4.77132, 22.998],
			"rotation": {"angle": -45, "axis": "z", "origin": [8, 4.75, 29]},
			"faces": {
				"north": {"uv": [12, 2.5, 13, 3.5], "rotation": 180, "texture": "#0"},
				"east": {"uv": [6, 2, 7, 3.25], "rotation": 180, "texture": "#0"},
				"south": {"uv": [4, 1, 5, 3], "rotation": 180, "texture": "#0"},
				"west": {"uv": [0, 2, 1, 3], "rotation": 180, "texture": "#0"},
				"up": {"uv": [11, 2, 12, 3], "texture": "#0"},
				"down": {"uv": [0, 2, 1, 3], "texture": "#0"}
			}
		},
		{
			"name": "octagon",
			"from": [7.37868, 3.25, 21.999],
			"to": [8.62132, 4.25, 22.999],
			"rotation": {"angle": 0, "axis": "y", "origin": [8, 4.75, 29]},
			"faces": {
				"north": {"uv": [12, 0.5, 13, 1.5], "rotation": 180, "texture": "#0"},
				"east": {"uv": [0, 2, 1, 3], "rotation": 180, "texture": "#0"},
				"south": {"uv": [5, 3, 7, 5], "rotation": 270, "texture": "#0"},
				"west": {"uv": [0, 2, 1, 3], "rotation": 180, "texture": "#0"},
				"up": {"uv": [0, 2, 1, 3], "texture": "#0"},
				"down": {"uv": [4.5, 1, 6.75, 3], "texture": "#0"}
			}
		},
		{
			"name": "octagon",
			"from": [7.97868, 3.25, 21.998],
			"to": [8.62132, 4.25, 22.998],
			"rotation": {"angle": -45, "axis": "z", "origin": [8, 4.75, 29]},
			"faces": {
				"north": {"uv": [11, 0.5, 12, 1.5], "rotation": 180, "texture": "#0"},
				"east": {"uv": [0, 2, 1, 3], "rotation": 180, "texture": "#0"},
				"south": {"uv": [4, 2, 5, 4], "rotation": 180, "texture": "#0"},
				"west": {"uv": [12.5, 1, 13.5, 2], "rotation": 270, "texture": "#0"},
				"up": {"uv": [0, 2, 1, 3], "texture": "#0"},
				"down": {"uv": [4.5, 3, 6.75, 5], "texture": "#0"}
			}
		},
		{
			"from": [6.9, 6.02, 15],
			"to": [9.1, 8.17, 23],
			"rotation": {"angle": 0, "axis": "y", "origin": [0, 0.75, 7]},
			"faces": {
				"north": {"uv": [0, 2, 3, 3], "texture": "#0"},
				"east": {"uv": [8, 1.5, 16, 3.5], "texture": "#0"},
				"south": {"uv": [4, 2, 7, 5], "texture": "#0"},
				"west": {"uv": [8, 2.5, 16, 4.5], "texture": "#0"},
				"up": {"uv": [0, 3, 3, 11], "texture": "#0"},
				"down": {"uv": [0, 3, 3, 11], "texture": "#0"}
			}
		},
		{
			"from": [6.901, 5.27, 17],
			"to": [9.099, 7.42, 22.8],
			"rotation": {"angle": 22.5, "axis": "x", "origin": [8, 6.345, 19]},
			"faces": {
				"north": {"uv": [0, 2, 3, 3], "texture": "#0"},
				"east": {"uv": [8, 0.5, 16, 3.5], "texture": "#0"},
				"south": {"uv": [0, 2, 3, 3], "texture": "#0"},
				"west": {"uv": [8, 1, 16, 3.5], "texture": "#0"},
				"up": {"uv": [0, 3, 3, 11], "texture": "#0"},
				"down": {"uv": [8, 0.5, 16, 3.5], "rotation": 90, "texture": "#0"}
			}
		},
		{
			"from": [6.75, 6.02, 6],
			"to": [9.25, 8.02, 8],
			"rotation": {"angle": 0, "axis": "y", "origin": [0, 1, 0]},
			"faces": {
				"north": {"uv": [0, 0, 3, 2], "texture": "#0"},
				"east": {"uv": [8, 6.5, 10.5, 8.5], "texture": "#0"},
				"south": {"uv": [0, 0, 3, 2], "texture": "#0"},
				"west": {"uv": [8, 6.5, 10.5, 8.5], "texture": "#0"},
				"up": {"uv": [3, 3, 6, 16], "texture": "#0"},
				"down": {"uv": [8, 7, 11, 9.5], "rotation": 90, "texture": "#0"}
			}
		},
		{
			"name": "octagon",
			"from": [7.37868, 8.4, -3.998],
			"to": [8.62132, 9.4, -2.998],
			"rotation": {"angle": 45, "axis": "z", "origin": [8, 7.9, -9]},
			"faces": {
				"north": {"uv": [10.5, 7.5, 12, 9.5], "texture": "#0"},
				"east": {"uv": [0, 0, 1, 1], "texture": "#0"},
				"south": {"uv": [9, 7.5, 11.5, 9.5], "texture": "#0"},
				"west": {"uv": [0, 0, 1, 1], "texture": "#0"},
				"up": {"uv": [13.75, 9, 16, 11], "texture": "#0"},
				"down": {"uv": [0, 0, 1, 1], "texture": "#0"}
			}
		},
		{
			"name": "octagon",
			"from": [7.37868, 8.4, -3.999],
			"to": [8.62132, 9.4, -2.999],
			"rotation": {"angle": 0, "axis": "y", "origin": [8, 7.9, -9]},
			"faces": {
				"north": {"uv": [10.5, 7.5, 12, 9.5], "texture": "#0"},
				"east": {"uv": [0, 0, 1, 1], "texture": "#0"},
				"south": {"uv": [9, 7.5, 11.5, 9.5], "texture": "#0"},
				"west": {"uv": [0, 0, 1, 1], "texture": "#0"},
				"up": {"uv": [14, 8, 16, 10], "texture": "#0"},
				"down": {"uv": [0, 0, 1, 1], "texture": "#0"}
			}
		},
		{
			"name": "octagon",
			"from": [8.5, 7.27868, -3.998],
			"to": [9.5, 8.52132, -2.998],
			"rotation": {"angle": 45, "axis": "z", "origin": [8, 7.9, -9]},
			"faces": {
				"north": {"uv": [10.5, 7.5, 12, 9.5], "texture": "#0"},
				"east": {"uv": [14.5, 9, 16, 11], "texture": "#0"},
				"south": {"uv": [9, 7.5, 11.5, 9.5], "texture": "#0"},
				"west": {"uv": [0, 0, 1, 1], "texture": "#0"},
				"up": {"uv": [0, 0, 1, 1], "texture": "#0"},
				"down": {"uv": [0, 0, 1, 1], "texture": "#0"}
			}
		},
		{
			"from": [6.5, 6.02, -4],
			"to": [9.5, 8.52, -3],
			"rotation": {"angle": 0, "axis": "y", "origin": [0, 1.5, -11]},
			"faces": {
				"north": {"uv": [10.5, 7.5, 14, 10.5], "texture": "#0"},
				"east": {"uv": [14, 6.5, 16, 11], "texture": "#0"},
				"south": {"uv": [9, 7.5, 13.5, 10.5], "texture": "#0"},
				"west": {"uv": [14, 6.5, 16, 11], "texture": "#0"},
				"up": {"uv": [3, 3, 6, 16], "texture": "#0"},
				"down": {"uv": [14, 6.5, 16, 11], "rotation": 90, "texture": "#0"}
			}
		},
		{
			"from": [6.6, 5.2, 7],
			"to": [9.4, 6.2, 15],
			"rotation": {"angle": 0, "axis": "y", "origin": [0, 1, 8]},
			"faces": {
				"north": {"uv": [11, 1.5, 13, 2.5], "texture": "#0"},
				"east": {"uv": [0, 12, 10, 13], "texture": "#0"},
				"south": {"uv": [10.5, 2, 12.5, 3], "texture": "#0"},
				"west": {"uv": [0, 12, 10, 13], "texture": "#0"},
				"up": {"uv": [6, 0, 16, 2], "rotation": 90, "texture": "#0"},
				"down": {"uv": [4, 0.5, 14, 2.5], "rotation": 90, "texture": "#0"}
			}
		},
		{
			"name": "octagon",
			"from": [7.37868, 7.9, 8],
			"to": [8.62132, 8.9, 15],
			"rotation": {"angle": 45, "axis": "z", "origin": [8, 7.4, 2]},
			"faces": {
				"north": {"uv": [0, 0, 1, 1], "texture": "#0"},
				"east": {"uv": [0, 0, 1, 1], "texture": "#0"},
				"south": {"uv": [12, 2, 13, 3], "texture": "#0"},
				"west": {"uv": [0, 0, 1, 1], "texture": "#0"},
				"up": {"uv": [8, 1, 16, 2.25], "rotation": 90, "texture": "#0"},
				"down": {"uv": [0, 0, 1, 1], "texture": "#0"}
			}
		},
		{
			"name": "octagon",
			"from": [7.62868, 7.9, 6.002],
			"to": [8.87132, 8.9, 8.002],
			"rotation": {"angle": 45, "axis": "z", "origin": [8.25, 7.4, 2]},
			"faces": {
				"north": {"uv": [0, 0, 1, 1], "texture": "#0"},
				"east": {"uv": [0, 0, 1, 1], "texture": "#0"},
				"south": {"uv": [0, 0, 1, 1], "texture": "#0"},
				"west": {"uv": [0, 0, 1, 1], "texture": "#0"},
				"up": {"uv": [8, 7, 10.5, 8.75], "rotation": 90, "texture": "#0"},
				"down": {"uv": [0, 0, 1, 1], "texture": "#0"}
			}
		},
		{
			"name": "octagon",
			"from": [7.62868, 7.9, 6.001],
			"to": [8.37132, 8.9, 8.001],
			"rotation": {"angle": 0, "axis": "z", "origin": [8.25, 7.4, 2]},
			"faces": {
				"north": {"uv": [0, 0, 1, 1], "texture": "#0"},
				"east": {"uv": [0, 0, 1, 1], "texture": "#0"},
				"south": {"uv": [0, 0, 1, 1], "texture": "#0"},
				"west": {"uv": [0, 0, 1, 1], "texture": "#0"},
				"up": {"uv": [8, 7, 11, 9], "rotation": 90, "texture": "#0"},
				"down": {"uv": [0, 0, 1, 1], "texture": "#0"}
			}
		},
		{
			"name": "octagon",
			"from": [7.37868, 7.9, 8],
			"to": [8.62132, 8.9, 15],
			"rotation": {"angle": 0, "axis": "y", "origin": [8, 7.4, 2]},
			"faces": {
				"north": {"uv": [0, 0, 1, 1], "texture": "#0"},
				"east": {"uv": [0, 0, 1, 1], "texture": "#0"},
				"south": {"uv": [12, 2, 13, 3], "texture": "#0"},
				"west": {"uv": [0, 0, 1, 1], "texture": "#0"},
				"up": {"uv": [8, 0.5, 16, 1.75], "rotation": 90, "texture": "#0"},
				"down": {"uv": [0, 0, 1, 1], "texture": "#0"}
			}
		},
		{
			"name": "octagon",
			"from": [8.5, 6.77868, 8],
			"to": [9.5, 8.02132, 15],
			"rotation": {"angle": 45, "axis": "z", "origin": [8, 7.4, 2]},
			"faces": {
				"north": {"uv": [0, 0, 1, 1], "texture": "#0"},
				"east": {"uv": [8, 0, 16, 1.25], "texture": "#0"},
				"south": {"uv": [12, 2, 13, 3], "texture": "#0"},
				"west": {"uv": [0, 0, 1, 1], "texture": "#0"},
				"up": {"uv": [0, 0, 1, 1], "texture": "#0"},
				"down": {"uv": [0, 0, 1, 1], "texture": "#0"}
			}
		},
		{
			"name": "octagon",
			"from": [8.25, 6.77868, 6.002],
			"to": [9.25, 8.02132, 8.002],
			"rotation": {"angle": 45, "axis": "z", "origin": [7.75, 7.4, 2]},
			"faces": {
				"north": {"uv": [0, 0, 1, 1], "texture": "#0"},
				"east": {"uv": [8, 7, 11, 8.75], "texture": "#0"},
				"south": {"uv": [0, 0, 1, 1], "texture": "#0"},
				"west": {"uv": [0, 0, 1, 1], "texture": "#0"},
				"up": {"uv": [0, 0, 1, 1], "texture": "#0"},
				"down": {"uv": [0, 0, 1, 1], "texture": "#0"}
			}
		},
		{
			"name": "octagon",
			"from": [7.37868, 8.15, 1.002],
			"to": [8.62132, 9.15, 6.002],
			"rotation": {"angle": 45, "axis": "z", "origin": [8, 7.65, 2]},
			"faces": {
				"north": {"uv": [13.5, 2.5, 14.5, 3.5], "texture": "#0"},
				"east": {"uv": [0, 0, 1, 1], "texture": "#0"},
				"south": {"uv": [9.5, 1.5, 10.5, 2.5], "texture": "#0"},
				"west": {"uv": [0, 0, 1, 1], "texture": "#0"},
				"up": {"uv": [8, 0, 16, 2.25], "rotation": 90, "texture": "#0"},
				"down": {"uv": [0, 0, 1, 1], "texture": "#0"}
			}
		},
		{
			"name": "octagon",
			"from": [7.37868, 8.15, 1.001],
			"to": [8.62132, 9.15, 6.001],
			"rotation": {"angle": 0, "axis": "y", "origin": [8, 7.65, 2]},
			"faces": {
				"north": {"uv": [10.5, 1, 11.5, 2], "texture": "#0"},
				"east": {"uv": [0, 0, 1, 1], "texture": "#0"},
				"south": {"uv": [9, 1, 10, 2], "texture": "#0"},
				"west": {"uv": [0, 0, 1, 1], "texture": "#0"},
				"up": {"uv": [8, 1.5, 16, 3], "rotation": 90, "texture": "#0"},
				"down": {"uv": [0, 0, 1, 1], "texture": "#0"}
			}
		},
		{
			"name": "octagon",
			"from": [8.5, 7.02868, 1.002],
			"to": [9.5, 8.27132, 6.002],
			"rotation": {"angle": 45, "axis": "z", "origin": [8, 7.65, 2]},
			"faces": {
				"north": {"uv": [10, 1, 11, 2], "texture": "#0"},
				"east": {"uv": [8, 0.5, 16, 2.5], "texture": "#0"},
				"south": {"uv": [10, 2, 11, 3], "texture": "#0"},
				"west": {"uv": [0, 0, 1, 1], "texture": "#0"},
				"up": {"uv": [0, 0, 1, 1], "texture": "#0"},
				"down": {"uv": [0, 0, 1, 1], "texture": "#0"}
			}
		},
		{
			"from": [7.6, 2.8, 10.8],
			"to": [8.4, 3.4, 13.5],
			"rotation": {"angle": 0, "axis": "y", "origin": [0, 1.5, 1]},
			"faces": {
				"north": {"uv": [14, 15, 16, 16], "texture": "#0"},
				"east": {"uv": [11, 13.5, 16, 14.5], "texture": "#0"},
				"south": {"uv": [14, 15, 16, 16], "texture": "#0"},
				"west": {"uv": [13, 13, 16, 14], "texture": "#0"},
				"up": {"uv": [14, 12.5, 15, 15.5], "texture": "#0"},
				"down": {"uv": [14, 11, 16, 16], "texture": "#0"}
			}
		},
		{
			"from": [7.601, 1.28, 9.99],
			"to": [8.403, 1.88, 11.59],
			"rotation": {"angle": 45, "axis": "x", "origin": [8, 3, 13]},
			"faces": {
				"north": {"uv": [14, 15, 16, 16], "texture": "#0"},
				"east": {"uv": [12.5, 13.5, 15, 14.5], "texture": "#0"},
				"south": {"uv": [14, 15, 16, 16], "texture": "#0"},
				"west": {"uv": [13, 13.5, 15, 14.5], "texture": "#0"},
				"up": {"uv": [14, 14, 16, 16], "texture": "#0"},
				"down": {"uv": [13.5, 13, 14.5, 15], "texture": "#0"}
			}
		},
		{
			"from": [7.6, 3.915, 9.585],
			"to": [8.4, 5.165, 10.085],
			"rotation": {"angle": 0, "axis": "x", "origin": [8, 3.55861, 10.15036]},
			"faces": {
				"north": {"uv": [14, 13, 15, 15], "rotation": 180, "texture": "#0"},
				"east": {"uv": [12.5, 14, 14.5, 15], "rotation": 270, "texture": "#0"},
				"south": {"uv": [14, 13, 16, 16], "texture": "#0"},
				"west": {"uv": [14, 13.5, 15.5, 14], "rotation": 90, "texture": "#0"},
				"up": {"uv": [14, 15, 16, 16], "rotation": 180, "texture": "#0"},
				"down": {"uv": [14, 15, 16, 16], "texture": "#0"}
			}
		},
		{
			"from": [7.75, 4.25, 11],
			"to": [8.25, 6.25, 13],
			"rotation": {"angle": 0, "axis": "y", "origin": [-0.5, 1.25, 0]},
			"faces": {
				"north": {"uv": [15, 0, 16, 2], "texture": "#0"},
				"east": {"uv": [14, 0, 16, 2], "texture": "#0"},
				"south": {"uv": [15, 0, 16, 2], "texture": "#0"},
				"west": {"uv": [14, 0, 16, 2], "texture": "#0"},
				"up": {"uv": [15, 0, 16, 2], "texture": "#0"},
				"down": {"uv": [15, 0, 16, 2], "texture": "#0"}
			}
		},
		{
			"from": [6.5, 5.77, 1],
			"to": [9.5, 8.27, 6],
			"rotation": {"angle": 0, "axis": "y", "origin": [0, 0.75, 3]},
			"faces": {
				"north": {"uv": [2.5, 0, 8.5, 6], "texture": "#0"},
				"east": {"uv": [8, 0, 16, 4.5], "texture": "#0"},
				"south": {"uv": [11, 2, 14, 3], "texture": "#0"},
				"west": {"uv": [8, 0, 16, 4.5], "texture": "#0"},
				"up": {"uv": [13, 8, 16, 13], "texture": "#0"},
				"down": {"uv": [8, 0, 16, 4.5], "rotation": 90, "texture": "#0"}
			}
		},
		{
			"from": [8.25, 6.27, -4.5],
			"to": [9.25, 7.27, 1],
			"rotation": {"angle": 0, "axis": "y", "origin": [-0.25, 1.5, -2]},
			"faces": {
				"north": {"uv": [0, 14, 2, 16], "texture": "#0"},
				"east": {"uv": [1, 11, 10.5, 13], "texture": "#0"},
				"south": {"uv": [10, 12, 13, 13], "texture": "#0"},
				"west": {"uv": [0, 11, 9.5, 13], "texture": "#0"},
				"up": {"uv": [10.5, 11, 1, 13], "rotation": 90, "texture": "#0"},
				"down": {"uv": [0, 11, 9.5, 13], "rotation": 90, "texture": "#0"}
			}
		},
		{
			"from": [6.75, 6.27, -4.5],
			"to": [7.75, 7.27, 1],
			"rotation": {"angle": 0, "axis": "y", "origin": [-1.75, 1.5, -2]},
			"faces": {
				"north": {"uv": [0, 14, 2, 16], "texture": "#0"},
				"east": {"uv": [1, 11, 10.5, 13], "texture": "#0"},
				"south": {"uv": [10, 12, 13, 13], "texture": "#0"},
				"west": {"uv": [0, 11, 9.5, 13], "texture": "#0"},
				"up": {"uv": [10.5, 11, 1, 13], "rotation": 90, "texture": "#0"},
				"down": {"uv": [0, 11, 9.5, 13], "rotation": 90, "texture": "#0"}
			}
		},
		{
			"from": [8.25, 7.52, -4.5],
			"to": [9.25, 8.52, 1],
			"rotation": {"angle": 0, "axis": "y", "origin": [-0.25, 2.75, -2]},
			"faces": {
				"north": {"uv": [4, 14, 6, 16], "texture": "#0"},
				"east": {"uv": [0, 11, 9.5, 13], "texture": "#0"},
				"south": {"uv": [10, 12, 13, 13], "texture": "#0"},
				"west": {"uv": [0, 11, 9.5, 13], "texture": "#0"},
				"up": {"uv": [9.5, 11, 0, 13], "rotation": 90, "texture": "#0"},
				"down": {"uv": [0, 11, 9.5, 13], "rotation": 90, "texture": "#0"}
			}
		},
		{
			"from": [6.75, 7.52, -4.5],
			"to": [7.75, 8.52, 1],
			"rotation": {"angle": 0, "axis": "y", "origin": [-1.75, 2.75, -2]},
			"faces": {
				"north": {"uv": [4, 14, 6, 16], "texture": "#0"},
				"east": {"uv": [0, 11, 9.5, 13], "texture": "#0"},
				"south": {"uv": [10, 12, 13, 13], "texture": "#0"},
				"west": {"uv": [0, 11, 9.5, 13], "texture": "#0"},
				"up": {"uv": [9.5, 11, 0, 13], "rotation": 90, "texture": "#0"},
				"down": {"uv": [0, 11, 9.5, 13], "rotation": 90, "texture": "#0"}
			}
		},
		{
			"from": [6.9, 3.73, 22],
			"to": [9.1, 6.08, 23],
			"rotation": {"angle": 0, "axis": "y", "origin": [0, 1, 0]},
			"faces": {
				"north": {"uv": [4, 1.5, 7, 4.5], "texture": "#0"},
				"east": {"uv": [6, 1, 7, 4], "texture": "#0"},
				"south": {"uv": [8, 0, 14, 4.5], "rotation": 90, "texture": "#0"},
				"west": {"uv": [15, 0, 16, 3], "texture": "#0"},
				"up": {"uv": [13, 13, 16, 14], "texture": "#0"},
				"down": {"uv": [11.5, 3.5, 14.5, 4.5], "texture": "#0"}
			}
		},
		{
			"from": [7.5, 8.5, -4],
			"to": [8.5, 9.4, -3],
			"rotation": {"angle": 0, "axis": "y", "origin": [0, 1, 0]},
			"faces": {
				"north": {"uv": [11, 7.5, 12.5, 9], "texture": "#0"},
				"east": {"uv": [12, 7.5, 14, 9.5], "texture": "#0"},
				"south": {"uv": [9, 7.5, 11.5, 9.5], "texture": "#0"},
				"west": {"uv": [10, 7.5, 12, 9.5], "texture": "#0"},
				"up": {"uv": [12, 8, 13, 10], "texture": "#0"},
				"down": {"uv": [0, 0, 1, 2], "texture": "#0"}
			}
		},
		{
			"from": [7.5, 8.5, 9],
			"to": [8.5, 9.35, 11],
			"rotation": {"angle": 0, "axis": "y", "origin": [0, 1, 13]},
			"faces": {
				"north": {"uv": [12.5, 1.5, 13.5, 2.5], "texture": "#0"},
				"east": {"uv": [10, 2, 12, 3], "texture": "#0"},
				"south": {"uv": [13, 1.5, 14, 2.5], "texture": "#0"},
				"west": {"uv": [10, 1, 12, 2], "texture": "#0"},
				"up": {"uv": [12, 1.5, 13, 3.5], "texture": "#0"},
				"down": {"uv": [0, 0, 1, 2], "texture": "#0"}
			}
		},
		{
			"from": [7.75, 9.35, -4],
			"to": [8.25, 9.6, 10.25],
			"rotation": {"angle": 0, "axis": "y", "origin": [0, 1.85, 13]},
			"faces": {
				"north": {"uv": [9.5, 7, 10.5, 7.5], "texture": "#0"},
				"east": {"uv": [0, 0, 1, 11], "rotation": 90, "texture": "#0"},
				"south": {"uv": [13, 8.5, 14, 9], "texture": "#0"},
				"west": {"uv": [1, 11, 0, 0], "rotation": 90, "texture": "#0"},
				"up": {"uv": [0, 0, 1, 11], "texture": "#0"},
				"down": {"uv": [8, 6.5, 16, 7], "texture": "#0"}
			}
		}
	],
	"display": {
		"thirdperson_righthand": {
			"translation": [0, 2.25, -1.25],
			"scale": [0.75, 0.75, 0.75]
		},
		"thirdperson_lefthand": {
			"translation": [-12, 2.25, -1.25],
			"scale": [0.75, 0.75, 0.75]
		},
		"firstperson_righthand": {
			"rotation": [0, -10, 0],
			"translation": [8, 5.25, 2.75]
		},
		"firstperson_lefthand": {
			"translation": [0, -80, 0]
		},
		"ground": {
			"rotation": [0, 0, 90],
			"translation": [-2, -2.75, -0.25],
			"scale": [0.75, 0.75, 0.75]
		},
		"gui": {
			"rotation": [27, 149, 0],
			"translation": [-0.75, 1.75, 0]
		},
		"head": {
			"rotation": [-90, -1, 0],
			"translation": [0, -6.25, -13.75]
		},
		"fixed": {
			"rotation": [0, -90, 0],
			"translation": [0, 2.75, -1.5]
		}
	},
	"groups": [
		0,
		1,
		2,
		3,
		4,
		5,
		6,
		7,
		8,
		9,
		10,
		11,
		12,
		13,
		14,
		15,
		16,
		{
			"name": "octagon",
			"origin": [8, 8, 8],
			"color": 0,
			"children": [
				17,
				18,
				19,
				20,
				21,
				22,
				{
					"name": "octagon",
					"origin": [8, 8, 8],
					"color": 0,
					"children": [23, 24, 25]
				}
			]
		},
		26,
		27,
		28,
		29,
		30,
		31,
		32,
		33,
		34,
		35,
		36,
		37,
		38
	]
}