{
	"format_version": "1.21.6",
	"credit": "Made with Blockbench",
	"textures": {
		"0": "chems_guns:item/gun_ammo/dshk",
		"particle": "chems_guns:item/gun_ammo/dshk"
	},
	"elements": [
		{
			"from": [7.55, 6.1, 14.15],
			"to": [8.55, 8.05, 16.2],
			"rotation": {"angle": 0, "axis": "y", "origin": [0, 1, 8.9]},
			"faces": {
				"north": {"uv": [0, 1, 3, 3], "texture": "#0"},
				"east": {"uv": [3, 6.5, 7.5, 10], "texture": "#0"},
				"south": {"uv": [4, 6.5, 7.5, 9.5], "rotation": 90, "texture": "#0"},
				"west": {"uv": [2.5, 6.5, 7.5, 10], "texture": "#0"},
				"up": {"uv": [0, 13, 5, 16], "rotation": 90, "texture": "#0"},
				"down": {"uv": [0, 13, 5, 16], "rotation": 90, "texture": "#0"}
			}
		},
		{
			"from": [8.52, 6.35, 11.001],
			"to": [9.52, 7.85, 14.251],
			"rotation": {"angle": 22.5, "axis": "z", "origin": [7.75, 6, 12]},
			"faces": {
				"north": {"uv": [0, 2.5, 1.5, 3.5], "rotation": 90, "texture": "#0"},
				"east": {"uv": [0, 0, 9, 2.5], "texture": "#0"},
				"south": {"uv": [0, 2.5, 1.5, 3.5], "rotation": 270, "texture": "#0"},
				"west": {"uv": [0, 0, 1.5, 13], "rotation": 270, "texture": "#0"},
				"up": {"uv": [0, 0, 13, 1], "rotation": 270, "texture": "#0"},
				"down": {"uv": [0, 0, 10, 1], "rotation": 270, "texture": "#0"}
			}
		},
		{
			"from": [7.325, 7, 11],
			"to": [8.675, 8.39, 14.25],
			"rotation": {"angle": 0, "axis": "x", "origin": [0, -1, 4]},
			"faces": {
				"north": {"uv": [1.5, 2.5, 4, 4], "texture": "#0"},
				"east": {"uv": [0, 0, 13, 1.39], "texture": "#0"},
				"south": {"uv": [1.5, 2.5, 4, 4], "texture": "#0"},
				"west": {"uv": [0, 0, 13, 1.39], "texture": "#0"},
				"up": {"uv": [0, 0, 9, 2.35], "rotation": 90, "texture": "#0"},
				"down": {"uv": [0, 0, 1.85, 13], "texture": "#0"}
			}
		},
		{
			"from": [7.325, 5.17224, 9.09166],
			"to": [8.675, 6.56224, 13.19166],
			"rotation": {"angle": -45, "axis": "x", "origin": [8, 5.86724, 10.89166]},
			"faces": {
				"north": {"uv": [1.5, 2.5, 4, 4], "texture": "#0"},
				"east": {"uv": [0, 0, 5.5, 1.89], "texture": "#0"},
				"south": {"uv": [1.5, 2.5, 4, 4], "texture": "#0"},
				"west": {"uv": [0, 0, 5.5, 1.89], "texture": "#0"},
				"up": {"uv": [0, 0, 9, 1.85], "rotation": 90, "texture": "#0"},
				"down": {"uv": [0, 0, 9.5, 2.5], "rotation": 90, "texture": "#0"}
			}
		},
		{
			"from": [7.425, 3.23, 7.93],
			"to": [8.575, 4.62, 10.03],
			"rotation": {"angle": -22.5, "axis": "x", "origin": [8, 3.96724, 7.79166]},
			"faces": {
				"north": {"uv": [1.5, 2.5, 4, 4], "texture": "#0"},
				"east": {"uv": [0, 0, 5.5, 1.89], "texture": "#0"},
				"south": {"uv": [1.5, 2.5, 4, 4], "texture": "#0"},
				"west": {"uv": [0, 0, 5.5, 1.89], "texture": "#0"},
				"up": {"uv": [0, 0, 9, 1.85], "rotation": 90, "texture": "#0"},
				"down": {"uv": [0, 0, 3, 2.5], "rotation": 90, "texture": "#0"}
			}
		},
		{
			"from": [7.325, 6.06724, 10.79666],
			"to": [8.675, 8.16724, 12.18666],
			"rotation": {"angle": 22.5, "axis": "x", "origin": [8, 7.86724, 11.49166]},
			"faces": {
				"north": {"uv": [0, 0, 9, 1.85], "rotation": 270, "texture": "#0"},
				"east": {"uv": [0, 0, 5.5, 1.89], "rotation": 90, "texture": "#0"},
				"south": {"uv": [0, 0, 1.85, 13], "texture": "#0"},
				"west": {"uv": [0, 0, 5.5, 1.89], "rotation": 270, "texture": "#0"},
				"up": {"uv": [1.5, 2.5, 4, 4], "texture": "#0"},
				"down": {"uv": [1.5, 2.5, 4, 4], "rotation": 180, "texture": "#0"}
			}
		},
		{
			"from": [7.225, 5.67224, 8.69166],
			"to": [8.775, 7.96224, 12.39166],
			"rotation": {"angle": 0, "axis": "x", "origin": [8, 7.06724, 10.59166]},
			"faces": {
				"north": {"uv": [1.5, 2.5, 4, 4], "texture": "#0"},
				"east": {"uv": [0, 0, 5.5, 1.89], "texture": "#0"},
				"south": {"uv": [1.5, 2.5, 4, 4], "texture": "#0"},
				"west": {"uv": [0, 0, 5.5, 1.89], "texture": "#0"},
				"up": {"uv": [0, 0, 9, 1.85], "rotation": 90, "texture": "#0"},
				"down": {"uv": [0, 0, 7, 3], "rotation": 90, "texture": "#0"}
			}
		},
		{
			"from": [9.225, 4.67224, 11.69166],
			"to": [11.225, 6.67224, 13.69166],
			"rotation": {"angle": 0, "axis": "y", "origin": [10, 6.06724, 12.39166]},
			"faces": {
				"north": {"uv": [7.5, 6.5, 9.5, 10.5], "texture": "#0"},
				"east": {"uv": [7.5, 6.5, 9.5, 10.39], "texture": "#0"},
				"south": {"uv": [7.5, 6.5, 9.5, 10.5], "texture": "#0"},
				"west": {"uv": [7.5, 6.5, 9.5, 10.39], "texture": "#0"},
				"up": {"uv": [7.5, 7.5, 9.5, 9.5], "rotation": 90, "texture": "#0"},
				"down": {"uv": [7.5, 6.5, 9.5, 8.5], "rotation": 90, "texture": "#0"}
			}
		},
		{
			"from": [6.48, 6.35, 11.001],
			"to": [7.48, 7.85, 14.251],
			"rotation": {"angle": -22.5, "axis": "z", "origin": [8.25, 6, 12]},
			"faces": {
				"north": {"uv": [4, 2.5, 5.5, 3.5], "rotation": 90, "texture": "#0"},
				"east": {"uv": [0, 0, 1.5, 13], "rotation": 270, "texture": "#0"},
				"south": {"uv": [0, 2.5, 1.5, 3.5], "rotation": 270, "texture": "#0"},
				"west": {"uv": [0, 0, 9, 2], "texture": "#0"},
				"up": {"uv": [0, 0, 13, 1], "rotation": 270, "texture": "#0"},
				"down": {"uv": [0, 0, 10, 1], "rotation": 270, "texture": "#0"}
			}
		},
		{
			"from": [6.75, 6, 11],
			"to": [9.25, 7, 15.4],
			"rotation": {"angle": 0, "axis": "y", "origin": [-0.25, 0, 9.4]},
			"faces": {
				"north": {"uv": [0, 4, 3.5, 6], "texture": "#0"},
				"east": {"uv": [0, 10, 7.5, 12.5], "texture": "#0"},
				"south": {"uv": [0, 10, 4, 12.5], "texture": "#0"},
				"west": {"uv": [0, 10, 7.5, 12.5], "texture": "#0"},
				"up": {"uv": [0, 0, 10, 3], "rotation": 90, "texture": "#0"},
				"down": {"uv": [0, 0, 10, 3], "rotation": 90, "texture": "#0"}
			}
		},
		{
			"from": [7.5, 6.5, 3],
			"to": [8.5, 7.5, 7.8],
			"rotation": {"angle": 0, "axis": "y", "origin": [-0.25, 0, 0.7]},
			"faces": {
				"north": {"uv": [11, 7.5, 13, 9.5], "texture": "#0"},
				"east": {"uv": [16, 0, 14, 16], "rotation": 90, "texture": "#0"},
				"south": {"uv": [0, 4, 3.5, 6], "texture": "#0"},
				"west": {"uv": [16, 16, 14, 0], "rotation": 90, "texture": "#0"},
				"up": {"uv": [14, 0, 16, 16], "texture": "#0"},
				"down": {"uv": [14, 16, 16, 0], "texture": "#0"}
			}
		},
		{
			"from": [7.4, 6.4, 7.75],
			"to": [8.6, 7.6, 8.8],
			"rotation": {"angle": 0, "axis": "y", "origin": [-0.25, 0, 1.7]},
			"faces": {
				"north": {"uv": [7.5, 14, 9.5, 16], "texture": "#0"},
				"east": {"uv": [12.5, 14, 10.5, 16], "rotation": 90, "texture": "#0"},
				"south": {"uv": [10.5, 14, 12.5, 16], "texture": "#0"},
				"west": {"uv": [12.5, 16, 10.5, 14], "rotation": 90, "texture": "#0"},
				"up": {"uv": [10.5, 14, 12.5, 16], "texture": "#0"},
				"down": {"uv": [9, 16, 11, 14], "texture": "#0"}
			}
		},
		{
			"from": [6.875, 4.4, 8.425],
			"to": [7.175, 6.6, 10.625],
			"rotation": {"angle": 0, "axis": "y", "origin": [7.4, 5, 9.025]},
			"faces": {
				"north": {"uv": [12.5, 16, 8.5, 15.5], "rotation": 90, "texture": "#0"},
				"east": {"uv": [9, 10.5, 12.5, 14], "texture": "#0"},
				"south": {"uv": [12.5, 15.5, 9, 16], "rotation": 90, "texture": "#0"},
				"west": {"uv": [9, 10.5, 12.5, 14], "texture": "#0"},
				"up": {"uv": [9, 15.5, 12.5, 16], "rotation": 90, "texture": "#0"},
				"down": {"uv": [9, 16, 12.5, 15.5], "rotation": 270, "texture": "#0"}
			}
		},
		{
			"from": [6.9, 3.225, 7.675],
			"to": [9.1, 4.025, 9.875],
			"rotation": {"angle": 0, "axis": "z", "origin": [7.5, 3.5, 8.275]},
			"faces": {
				"north": {"uv": [12.5, 16, 8.5, 14.5], "texture": "#0"},
				"east": {"uv": [8.5, 14.5, 12.5, 16], "rotation": 180, "texture": "#0"},
				"south": {"uv": [12.5, 14.5, 9, 16], "rotation": 180, "texture": "#0"},
				"west": {"uv": [8.5, 16, 12.5, 14.5], "texture": "#0"},
				"up": {"uv": [9, 10.5, 12.5, 14], "rotation": 90, "texture": "#0"},
				"down": {"uv": [9, 10.5, 12.5, 14], "rotation": 90, "texture": "#0"}
			}
		},
		{
			"from": [7.5, 6.5, -1.8],
			"to": [8.5, 7.5, 3],
			"rotation": {"angle": 0, "axis": "y", "origin": [-0.25, 0, -4]},
			"faces": {
				"north": {"uv": [11, 7.5, 13, 9.5], "texture": "#0"},
				"east": {"uv": [16, 0, 14, 16], "rotation": 90, "texture": "#0"},
				"south": {"uv": [0, 4, 3.5, 6], "texture": "#0"},
				"west": {"uv": [16, 16, 14, 0], "rotation": 90, "texture": "#0"},
				"up": {"uv": [14, 0, 16, 16], "texture": "#0"},
				"down": {"uv": [14, 16, 16, 0], "texture": "#0"}
			}
		},
		{
			"from": [7.6, 6.6, -6.6],
			"to": [8.4, 7.4, -1.8],
			"rotation": {"angle": 0, "axis": "y", "origin": [-0.25, 0, -8.8]},
			"faces": {
				"north": {"uv": [11, 7.5, 13, 9.5], "texture": "#0"},
				"east": {"uv": [14, 6.5, 12.5, 16], "rotation": 90, "texture": "#0"},
				"south": {"uv": [0, 4, 3.5, 6], "texture": "#0"},
				"west": {"uv": [14, 16, 12.5, 6.5], "rotation": 90, "texture": "#0"},
				"up": {"uv": [12.5, 0, 14, 9.5], "texture": "#0"},
				"down": {"uv": [12.5, 9.5, 14, 0], "texture": "#0"}
			}
		},
		{
			"from": [8.45, 8.1, 14.2],
			"to": [8.8, 8.3, 17.7],
			"rotation": {"angle": 0, "axis": "y", "origin": [8.45, 8.5, 15.3]},
			"faces": {
				"north": {"uv": [0, 12, 1, 12.5], "texture": "#0"},
				"east": {"uv": [13, 6.5, 12.5, 16], "rotation": 90, "texture": "#0"},
				"south": {"uv": [0, 4, 1, 4.5], "texture": "#0"},
				"west": {"uv": [14, 16, 13.5, 6.5], "rotation": 90, "texture": "#0"},
				"up": {"uv": [13, 0, 14, 9.5], "texture": "#0"},
				"down": {"uv": [13, 9.5, 14, 0], "texture": "#0"}
			}
		},
		{
			"from": [8.45, 5.85, 14.2],
			"to": [8.8, 6.05, 17.7],
			"rotation": {"angle": 0, "axis": "y", "origin": [8.45, 6.25, 15.3]},
			"faces": {
				"north": {"uv": [0, 12, 1, 12.5], "texture": "#0"},
				"east": {"uv": [13, 6.5, 12.5, 16], "rotation": 90, "texture": "#0"},
				"south": {"uv": [0, 4, 1, 4.5], "texture": "#0"},
				"west": {"uv": [14, 16, 13.5, 6.5], "rotation": 90, "texture": "#0"},
				"up": {"uv": [13, 0, 14, 9.5], "texture": "#0"},
				"down": {"uv": [13, 9.5, 14, 0], "texture": "#0"}
			}
		},
		{
			"from": [7.15, 8.1, 14.2],
			"to": [7.5, 8.3, 17.7],
			"rotation": {"angle": 0, "axis": "y", "origin": [7.15, 8.5, 15.3]},
			"faces": {
				"north": {"uv": [0, 12, 1, 12.5], "texture": "#0"},
				"east": {"uv": [13, 6.5, 12.5, 16], "rotation": 90, "texture": "#0"},
				"south": {"uv": [0, 4, 1, 4.5], "texture": "#0"},
				"west": {"uv": [14, 16, 13.5, 6.5], "rotation": 90, "texture": "#0"},
				"up": {"uv": [13, 0, 14, 9.5], "texture": "#0"},
				"down": {"uv": [13, 9.5, 14, 0], "texture": "#0"}
			}
		},
		{
			"from": [7.15, 5.85, 14.2],
			"to": [7.5, 6.05, 17.7],
			"rotation": {"angle": 0, "axis": "y", "origin": [7.15, 6.25, 15.3]},
			"faces": {
				"north": {"uv": [0, 12, 1, 12.5], "texture": "#0"},
				"east": {"uv": [13, 6.5, 12.5, 16], "rotation": 90, "texture": "#0"},
				"south": {"uv": [0, 4, 1, 4.5], "texture": "#0"},
				"west": {"uv": [14, 16, 13.5, 6.5], "rotation": 90, "texture": "#0"},
				"up": {"uv": [13, 0, 14, 9.5], "texture": "#0"},
				"down": {"uv": [13, 9.5, 14, 0], "texture": "#0"}
			}
		},
		{
			"from": [7.5, 6.5, -4.3],
			"to": [8.5, 7.5, -3.1],
			"rotation": {"angle": 0, "axis": "y", "origin": [-0.25, 0, -10.3]},
			"faces": {
				"north": {"uv": [11, 7.5, 13, 9.5], "texture": "#0"},
				"east": {"uv": [14, 14, 12.5, 16], "rotation": 90, "texture": "#0"},
				"south": {"uv": [0, 4, 3.5, 6], "texture": "#0"},
				"west": {"uv": [14, 16, 12.5, 14], "rotation": 90, "texture": "#0"},
				"up": {"uv": [12.5, 11, 14, 13], "texture": "#0"},
				"down": {"uv": [12.5, 13, 14, 11], "texture": "#0"}
			}
		},
		{
			"from": [7.4, 6.4, -1.5],
			"to": [8.6, 7.6, -0.9],
			"rotation": {"angle": 0, "axis": "y", "origin": [-0.25, 0, -7.8]},
			"faces": {
				"north": {"uv": [10, 14, 14, 16], "rotation": 90, "texture": "#0"},
				"east": {"uv": [14, 14, 10, 16], "rotation": 90, "texture": "#0"},
				"south": {"uv": [9, 14, 12.5, 16], "rotation": 90, "texture": "#0"},
				"west": {"uv": [14, 16, 10, 14], "rotation": 90, "texture": "#0"},
				"up": {"uv": [12.5, 11, 14, 13.5], "rotation": 90, "texture": "#0"},
				"down": {"uv": [14, 10.5, 12.5, 13], "rotation": 90, "texture": "#0"}
			}
		},
		{
			"from": [7.65, 5.6, 0.75],
			"to": [8.35, 6.4, 1.35],
			"rotation": {"angle": 0, "axis": "y", "origin": [-0.25, -1.2, -5.55]},
			"faces": {
				"north": {"uv": [10, 14, 14, 16], "rotation": 90, "texture": "#0"},
				"east": {"uv": [14, 14, 10, 16], "rotation": 90, "texture": "#0"},
				"south": {"uv": [9, 14, 12.5, 16], "rotation": 90, "texture": "#0"},
				"west": {"uv": [14, 16, 10, 14], "rotation": 90, "texture": "#0"},
				"up": {"uv": [12.5, 11, 14, 13.5], "rotation": 90, "texture": "#0"},
				"down": {"uv": [14, 10.5, 12.5, 13], "rotation": 90, "texture": "#0"}
			}
		},
		{
			"from": [7.4, 6.4, 0.75],
			"to": [8.6, 7.6, 1.35],
			"rotation": {"angle": 0, "axis": "y", "origin": [-0.25, 0, -5.55]},
			"faces": {
				"north": {"uv": [10, 14, 14, 16], "rotation": 90, "texture": "#0"},
				"east": {"uv": [14, 14, 10, 16], "rotation": 90, "texture": "#0"},
				"south": {"uv": [9, 14, 12.5, 16], "rotation": 90, "texture": "#0"},
				"west": {"uv": [14, 16, 10, 14], "rotation": 90, "texture": "#0"},
				"up": {"uv": [12.5, 11, 14, 13.5], "rotation": 90, "texture": "#0"},
				"down": {"uv": [14, 10.5, 12.5, 13], "rotation": 90, "texture": "#0"}
			}
		},
		{
			"from": [7.65, 5.6, -1.5],
			"to": [8.35, 6.4, -0.9],
			"rotation": {"angle": 0, "axis": "y", "origin": [-0.25, -1.2, -7.8]},
			"faces": {
				"north": {"uv": [10, 14, 14, 16], "rotation": 90, "texture": "#0"},
				"east": {"uv": [14, 14, 10, 16], "rotation": 90, "texture": "#0"},
				"south": {"uv": [9, 14, 12.5, 16], "rotation": 90, "texture": "#0"},
				"west": {"uv": [14, 16, 10, 14], "rotation": 90, "texture": "#0"},
				"up": {"uv": [12.5, 11, 14, 13.5], "rotation": 90, "texture": "#0"},
				"down": {"uv": [14, 10.5, 12.5, 13], "rotation": 90, "texture": "#0"}
			}
		},
		{
			"from": [7.35, 6.4, -6.7],
			"to": [8.65, 7.65, -6.6],
			"rotation": {"angle": 0, "axis": "y", "origin": [-0.25, 0, -12.8]},
			"faces": {
				"north": {"uv": [11, 7.5, 13, 9.5], "texture": "#0"},
				"east": {"uv": [14, 14, 12.5, 16], "rotation": 90, "texture": "#0"},
				"south": {"uv": [0, 4, 3.5, 6], "texture": "#0"},
				"west": {"uv": [14, 16, 12.5, 14], "rotation": 90, "texture": "#0"},
				"up": {"uv": [12.5, 11, 14, 13], "texture": "#0"},
				"down": {"uv": [12.5, 13, 14, 11], "texture": "#0"}
			}
		},
		{
			"from": [7.25, 6.3, -7.9],
			"to": [8.75, 7.75, -7.35],
			"rotation": {"angle": 0, "axis": "y", "origin": [-0.25, 0, -13.8]},
			"faces": {
				"north": {"uv": [7.5, 4, 10, 6.5], "texture": "#0"},
				"east": {"uv": [14, 15, 11.5, 16], "rotation": 90, "texture": "#0"},
				"south": {"uv": [7.5, 4, 10, 6.5], "texture": "#0"},
				"west": {"uv": [14, 16, 11.5, 15], "rotation": 90, "texture": "#0"},
				"up": {"uv": [11.5, 14, 14, 15], "texture": "#0"},
				"down": {"uv": [11, 16, 14, 15], "texture": "#0"}
			}
		},
		{
			"from": [7.75, 7.5, -3.95],
			"to": [8.25, 8.8, -3.6],
			"rotation": {"angle": 0, "axis": "y", "origin": [-0.25, 1, -10.3]},
			"faces": {
				"north": {"uv": [10, 0, 12, 3], "texture": "#0"},
				"east": {"uv": [14, 14, 12.5, 16], "rotation": 90, "texture": "#0"},
				"south": {"uv": [10, 0, 12, 3], "texture": "#0"},
				"west": {"uv": [6.5, 6.5, 5.5, 4], "texture": "#0"},
				"up": {"uv": [12.5, 11, 14, 13], "texture": "#0"},
				"down": {"uv": [12.5, 13, 14, 11], "texture": "#0"}
			}
		},
		{
			"from": [7.75, 8.3, 13.05],
			"to": [8.25, 10.6, 13.4],
			"rotation": {"angle": 0, "axis": "y", "origin": [-0.25, 1.8, 6.7]},
			"faces": {
				"north": {"uv": [10, 0, 12, 3], "texture": "#0"},
				"east": {"uv": [14, 14, 12.5, 16], "rotation": 90, "texture": "#0"},
				"south": {"uv": [10, 0, 12, 3], "texture": "#0"},
				"west": {"uv": [6.5, 6.5, 5.5, 4], "texture": "#0"},
				"up": {"uv": [12.5, 11, 14, 13], "texture": "#0"},
				"down": {"uv": [12.5, 13, 14, 11], "texture": "#0"}
			}
		},
		{
			"from": [7.07, 6, 17.2],
			"to": [7.57, 8.1, 17.8],
			"rotation": {"angle": 0, "axis": "y", "origin": [7.3, 6.95, 17.425]},
			"faces": {
				"north": {"uv": [10, 3, 12.5, 7.5], "texture": "#0"},
				"east": {"uv": [12.5, 3, 10, 7.5], "rotation": 90, "texture": "#0"},
				"south": {"uv": [10, 3, 12.5, 7.5], "texture": "#0"},
				"west": {"uv": [12.5, 7.5, 10, 3], "texture": "#0"},
				"up": {"uv": [10, 4, 11.5, 5.5], "texture": "#0"},
				"down": {"uv": [10.5, 5.5, 12, 4], "texture": "#0"}
			}
		},
		{
			"from": [9.38, 6.775, 11.875],
			"to": [9.68, 7.075, 13.475],
			"rotation": {"angle": 0, "axis": "x", "origin": [9.7, 6.95, 12.625]},
			"faces": {
				"north": {"uv": [7.5, 13, 8.5, 14], "rotation": 90, "texture": "#0"},
				"east": {"uv": [7.5, 14, 9, 10.5], "rotation": 90, "texture": "#0"},
				"south": {"uv": [8.5, 10.5, 7.5, 11.5], "rotation": 90, "texture": "#0"},
				"west": {"uv": [9, 10.5, 7.5, 14], "rotation": 90, "texture": "#0"},
				"up": {"uv": [9, 14, 7.5, 10.5], "texture": "#0"},
				"down": {"uv": [9, 10.5, 7.5, 14], "texture": "#0"}
			}
		},
		{
			"from": [9.28, 7.175, 11.875],
			"to": [9.58, 7.475, 13.475],
			"rotation": {"angle": 0, "axis": "y", "origin": [9.6, 7.35, 12.625]},
			"faces": {
				"north": {"uv": [7.5, 13, 8.5, 14], "rotation": 90, "texture": "#0"},
				"east": {"uv": [7.5, 14, 9, 10.5], "rotation": 90, "texture": "#0"},
				"south": {"uv": [8.5, 10.5, 7.5, 11.5], "rotation": 90, "texture": "#0"},
				"west": {"uv": [9, 10.5, 7.5, 14], "rotation": 90, "texture": "#0"},
				"up": {"uv": [9, 14, 7.5, 10.5], "texture": "#0"},
				"down": {"uv": [9, 10.5, 7.5, 14], "texture": "#0"}
			}
		},
		{
			"from": [9.08, 7.575, 11.875],
			"to": [9.38, 7.875, 13.475],
			"rotation": {"angle": 0, "axis": "y", "origin": [9.4, 7.75, 12.625]},
			"faces": {
				"north": {"uv": [7.5, 13, 8.5, 14], "rotation": 90, "texture": "#0"},
				"east": {"uv": [7.5, 14, 9, 10.5], "rotation": 90, "texture": "#0"},
				"south": {"uv": [8.5, 10.5, 7.5, 11.5], "rotation": 90, "texture": "#0"},
				"west": {"uv": [9, 10.5, 7.5, 14], "rotation": 90, "texture": "#0"},
				"up": {"uv": [9, 14, 7.5, 10.5], "texture": "#0"},
				"down": {"uv": [9, 10.5, 7.5, 14], "texture": "#0"}
			}
		},
		{
			"from": [8.73, 7.775, 11.875],
			"to": [9.03, 8.075, 13.475],
			"rotation": {"angle": 0, "axis": "y", "origin": [9.05, 7.95, 12.625]},
			"faces": {
				"north": {"uv": [7.5, 13, 8.5, 14], "rotation": 90, "texture": "#0"},
				"east": {"uv": [7.5, 14, 9, 10.5], "rotation": 90, "texture": "#0"},
				"south": {"uv": [8.5, 10.5, 7.5, 11.5], "rotation": 90, "texture": "#0"},
				"west": {"uv": [9, 10.5, 7.5, 14], "rotation": 90, "texture": "#0"},
				"up": {"uv": [9, 14, 7.5, 10.5], "texture": "#0"},
				"down": {"uv": [9, 10.5, 7.5, 14], "texture": "#0"}
			}
		},
		{
			"from": [8.38, 6, 17.2],
			"to": [8.88, 8.1, 17.8],
			"rotation": {"angle": 0, "axis": "y", "origin": [8.7, 6.95, 17.625]},
			"faces": {
				"north": {"uv": [10, 3, 12.5, 7.5], "texture": "#0"},
				"east": {"uv": [12.5, 3, 10, 7.5], "rotation": 90, "texture": "#0"},
				"south": {"uv": [10, 3, 12.5, 7.5], "texture": "#0"},
				"west": {"uv": [12.5, 7.5, 10, 3], "texture": "#0"},
				"up": {"uv": [10, 4, 11.5, 5.5], "texture": "#0"},
				"down": {"uv": [10.5, 5.5, 12, 4], "texture": "#0"}
			}
		},
		{
			"from": [7.75, 7.36607, -7.79934],
			"to": [8.25, 7.51607, -6.79934],
			"rotation": {"angle": 22.5, "axis": "x", "origin": [8, 6.92576, -7.08205]},
			"faces": {
				"north": {"uv": [12.5, 11, 14, 13], "rotation": 180, "texture": "#0"},
				"east": {"uv": [14, 14, 12.5, 16], "rotation": 180, "texture": "#0"},
				"south": {"uv": [12.5, 13, 14, 11], "texture": "#0"},
				"west": {"uv": [6.5, 6.5, 5.5, 4], "rotation": 270, "texture": "#0"},
				"up": {"uv": [5, 12.5, 7.5, 16], "texture": "#0"},
				"down": {"uv": [5, 12.5, 7.5, 16], "rotation": 180, "texture": "#0"}
			}
		},
		{
			"from": [7.75, 6.53273, -7.79278],
			"to": [8.25, 6.68273, -6.79278],
			"rotation": {"angle": -22.5, "axis": "x", "origin": [8, 7.12576, -7.08205]},
			"faces": {
				"north": {"uv": [12.5, 11, 14, 13], "rotation": 180, "texture": "#0"},
				"east": {"uv": [14, 14, 12.5, 16], "rotation": 180, "texture": "#0"},
				"south": {"uv": [12.5, 13, 14, 11], "texture": "#0"},
				"west": {"uv": [6.5, 6.5, 5.5, 4], "rotation": 270, "texture": "#0"},
				"up": {"uv": [5, 12.5, 7.5, 16], "texture": "#0"},
				"down": {"uv": [5, 12.5, 7.5, 16], "rotation": 180, "texture": "#0"}
			}
		},
		{
			"from": [8.34031, 6.77576, -7.69934],
			"to": [8.49031, 7.27576, -6.79934],
			"rotation": {"angle": -22.5, "axis": "y", "origin": [7.9, 7.02576, -6.98205]},
			"faces": {
				"north": {"uv": [12.5, 11, 14, 13], "rotation": 90, "texture": "#0"},
				"east": {"uv": [5, 12.5, 7.5, 16], "rotation": 90, "texture": "#0"},
				"south": {"uv": [12.5, 13, 14, 11], "rotation": 90, "texture": "#0"},
				"west": {"uv": [5, 12.5, 7.5, 16], "rotation": 270, "texture": "#0"},
				"up": {"uv": [6.5, 6.5, 5.5, 4], "texture": "#0"},
				"down": {"uv": [14, 14, 12.5, 16], "rotation": 270, "texture": "#0"}
			}
		},
		{
			"from": [7.50697, 6.77576, -7.69278],
			"to": [7.65697, 7.27576, -6.79278],
			"rotation": {"angle": 22.5, "axis": "y", "origin": [8.1, 7.02576, -6.98205]},
			"faces": {
				"north": {"uv": [12.5, 11, 14, 13], "rotation": 90, "texture": "#0"},
				"east": {"uv": [5, 12.5, 7.5, 16], "rotation": 90, "texture": "#0"},
				"south": {"uv": [12.5, 13, 14, 11], "rotation": 90, "texture": "#0"},
				"west": {"uv": [5, 12.5, 7.5, 16], "rotation": 270, "texture": "#0"},
				"up": {"uv": [6.5, 6.5, 5.5, 4], "texture": "#0"},
				"down": {"uv": [14, 14, 12.5, 16], "rotation": 270, "texture": "#0"}
			}
		},
		{
			"from": [7.75, 5.75, -1.8],
			"to": [8.25, 6.25, 9.65],
			"rotation": {"angle": 0, "axis": "y", "origin": [-0.25, -1, 1.65]},
			"faces": {
				"north": {"uv": [9.5, 8, 11, 9.5], "texture": "#0"},
				"east": {"uv": [13, 0, 14, 16], "rotation": 90, "texture": "#0"},
				"south": {"uv": [0, 4, 3.5, 6], "texture": "#0"},
				"west": {"uv": [13, 0, 14, 16], "rotation": 90, "texture": "#0"},
				"up": {"uv": [13, 0, 14, 16], "texture": "#0"},
				"down": {"uv": [13, 0, 14, 16], "texture": "#0"}
			}
		},
		{
			"from": [7.75, -7.725, 7.825],
			"to": [8.25, 3.725, 8.325],
			"rotation": {"angle": 22.5, "axis": "x", "origin": [8, 3, 8.075]},
			"faces": {
				"north": {"uv": [7.5, 6.5, 9.5, 10.5], "rotation": 180, "texture": "#0"},
				"east": {"uv": [7.5, 6.5, 9.5, 10.5], "rotation": 180, "texture": "#0"},
				"south": {"uv": [7.5, 6.5, 9.5, 10.5], "texture": "#0"},
				"west": {"uv": [7.5, 6.5, 9.5, 10.5], "texture": "#0"},
				"up": {"uv": [8, 6.5, 9.5, 8], "texture": "#0"},
				"down": {"uv": [8, 8, 9.5, 9.5], "rotation": 180, "texture": "#0"}
			}
		},
		{
			"from": [7.75, -7.725, 9.175],
			"to": [8.25, 3.725, 9.675],
			"rotation": {"angle": -22.5, "axis": "x", "origin": [8, 3, 9.425]},
			"faces": {
				"north": {"uv": [7.5, 6.5, 9.5, 10.5], "rotation": 180, "texture": "#0"},
				"east": {"uv": [7.5, 6.5, 9.5, 10.5], "rotation": 180, "texture": "#0"},
				"south": {"uv": [7.5, 6.5, 9.5, 10.5], "texture": "#0"},
				"west": {"uv": [7.5, 6.5, 9.5, 10.5], "texture": "#0"},
				"up": {"uv": [8, 6.5, 9.5, 8], "texture": "#0"},
				"down": {"uv": [8, 8, 9.5, 9.5], "rotation": 180, "texture": "#0"}
			}
		},
		{
			"from": [7, -7.725, 8.425],
			"to": [7.5, 3.725, 8.925],
			"rotation": {"angle": -22.5, "axis": "z", "origin": [7.25, 3, 8.675]},
			"faces": {
				"north": {"uv": [7.5, 6.5, 9.5, 10.5], "rotation": 180, "texture": "#0"},
				"east": {"uv": [7.5, 6.5, 9.5, 10.5], "rotation": 180, "texture": "#0"},
				"south": {"uv": [7.5, 6.5, 9.5, 10.5], "texture": "#0"},
				"west": {"uv": [7.5, 6.5, 9.5, 10.5], "texture": "#0"},
				"up": {"uv": [8, 6.5, 9.5, 8], "texture": "#0"},
				"down": {"uv": [8, 8, 9.5, 9.5], "rotation": 180, "texture": "#0"}
			}
		},
		{
			"from": [8.5, -7.975, 8.425],
			"to": [9, 3.475, 8.925],
			"rotation": {"angle": 22.5, "axis": "z", "origin": [8.75, 2.75, 8.675]},
			"faces": {
				"north": {"uv": [7.5, 6.5, 9.5, 10.5], "rotation": 180, "texture": "#0"},
				"east": {"uv": [7.5, 6.5, 9.5, 10.5], "rotation": 180, "texture": "#0"},
				"south": {"uv": [7.5, 6.5, 9.5, 10.5], "texture": "#0"},
				"west": {"uv": [7.5, 6.5, 9.5, 10.5], "texture": "#0"},
				"up": {"uv": [8, 6.5, 9.5, 8], "texture": "#0"},
				"down": {"uv": [8, 8, 9.5, 9.5], "rotation": 180, "texture": "#0"}
			}
		}
	],
	"display": {
		"thirdperson_righthand": {
			"rotation": [70, 0, 0],
			"translation": [-6.5, 20, 5],
			"scale": [2, 2, 2]
		},
		"thirdperson_lefthand": {
			"translation": [-12.25, 1.5, -0.75],
			"scale": [0.75, 0.75, 0.75]
		},
		"firstperson_righthand": {
			"translation": [-8.975, 6.5, -1]
		},
		"ground": {
			"translation": [0, 16.5, -1.25],
			"scale": [1.65, 1.65, 1.65]
		},
		"gui": {
			"rotation": [17, 128, 0],
			"translation": [-2, 2, 0],
			"scale": [1.92, 1.92, 1.92]
		},
		"head": {
			"translation": [0, 12.5, -9.5],
			"scale": [2.61, 2.61, 2.61]
		},
		"fixed": {
			"rotation": [90, 90, -180],
			"translation": [-0.75, 0, -45],
			"scale": [4, 4, 4]
		}
	},
	"groups": [
		0,
		{
			"name": "front",
			"origin": [0, 0, 0],
			"color": 0,
			"children": [1, 2, 3, 4, 5, 6, 7, 8, 9, 10, 11, 12, 13, 14, 15, 16, 17, 18, 19, 20, 21, 22, 23, 24, 25, 26, 27, 28, 29, 30, 31, 32, 33, 34, 35, 36, 37, 38, 39, 40, 41, 42, 43]
		},
		{
			"name": "octagon",
			"origin": [8, 8, 8],
			"color": 0,
			"children": []
		},
		{
			"name": "ammo",
			"origin": [0, 0, 0],
			"color": 0,
			"children": []
		},
		{
			"name": "stock",
			"origin": [8, 8.25, 10.5],
			"color": 0,
			"children": []
		}
	]
}