{
	"format_version": "1.21.6",
	"credit": "Made with Blockbench",
	"textures": {
		"0": "chems_guns:item/gun_ammo/fj10c",
		"1": "chems_guns:item/gun_ammo/sniper_scope_notint",
		"particle": "chems_guns:item/gun_ammo/fj10c"
	},
	"elements": [
		{
			"from": [7.501, 0.3, 11.88],
			"to": [8.498, 5.3, 13.88],
			"rotation": {"angle": -22.5, "axis": "x", "origin": [8, 4.5, 11]},
			"faces": {
				"north": {"uv": [14.503, 6, 16, 14], "texture": "#0"},
				"east": {"uv": [11.5, 6, 15, 14], "texture": "#0"},
				"south": {"uv": [11.003, 6, 12.5, 14], "texture": "#0"},
				"west": {"uv": [11, 6, 14.5, 14], "texture": "#0"},
				"up": {"uv": [13.003, 10, 16, 13], "texture": "#0"},
				"down": {"uv": [14.503, 9.5, 16, 13], "texture": "#0"}
			}
		},
		{
			"from": [7.25, 5.5, -0.75],
			"to": [8.75, 7.8, 1.25],
			"rotation": {"angle": 0, "axis": "y", "origin": [0, 1, 0.25]},
			"faces": {
				"north": {"uv": [0, 14, 3, 16], "rotation": 90, "texture": "#0"},
				"east": {"uv": [4, 14, 6, 16], "texture": "#0"},
				"south": {"uv": [0, 14, 2, 16], "texture": "#0"},
				"west": {"uv": [0, 13.7, 2, 16], "texture": "#0"},
				"up": {"uv": [0, 14, 2, 16], "texture": "#0"},
				"down": {"uv": [0, 14, 2, 16], "texture": "#0"}
			}
		},
		{
			"from": [8.3, 6.8, -2],
			"to": [8.5, 7.2142, -0.6],
			"rotation": {"angle": 0, "axis": "y", "origin": [8, 7.0071, -1]},
			"faces": {
				"north": {"uv": [13, 2.5, 13.5, 3], "texture": "#0"},
				"east": {"uv": [13.5, 3.5, 16, 4], "texture": "#0"},
				"south": {"uv": [15, 0, 16, 1], "texture": "#0"},
				"west": {"uv": [6, 9.5, 9.5, 11.5], "texture": "#0"},
				"up": {"uv": [14.5, 3, 16, 5.5], "texture": "#0"},
				"down": {"uv": [12, 3, 13.5, 5.5], "texture": "#0"}
			}
		},
		{
			"from": [8.3, 6.8, -2],
			"to": [8.5, 7.2142, -0.6],
			"rotation": {"angle": 45, "axis": "z", "origin": [8, 7.0071, -1]},
			"faces": {
				"north": {"uv": [13, 2.5, 13.5, 3], "texture": "#0"},
				"east": {"uv": [13.5, 3, 16, 3.5], "rotation": 180, "texture": "#0"},
				"south": {"uv": [15, 0, 16, 1], "texture": "#0"},
				"west": {"uv": [6, 9.5, 9.5, 11.5], "texture": "#0"},
				"up": {"uv": [14.5, 3, 16, 5.5], "texture": "#0"},
				"down": {"uv": [12, 3, 13.5, 5.5], "texture": "#0"}
			}
		},
		{
			"from": [7.7929, 7.3071, -2],
			"to": [8.2071, 7.5071, -0.6],
			"rotation": {"angle": 0, "axis": "z", "origin": [8, 7.0071, -1]},
			"faces": {
				"north": {"uv": [13, 2.5, 13.5, 3], "rotation": 90, "texture": "#0"},
				"east": {"uv": [12, 3, 13.5, 5.5], "rotation": 270, "texture": "#0"},
				"south": {"uv": [15, 0, 16, 1], "rotation": 270, "texture": "#0"},
				"west": {"uv": [14.5, 3, 16, 5.5], "rotation": 270, "texture": "#0"},
				"up": {"uv": [13.5, 3, 16, 3.5], "rotation": 90, "texture": "#0"},
				"down": {"uv": [6, 9.5, 9.5, 11.5], "rotation": 270, "texture": "#0"}
			}
		},
		{
			"from": [7.7929, 7.3071, -2],
			"to": [8.2071, 7.5071, -0.6],
			"rotation": {"angle": 45, "axis": "z", "origin": [8, 7.0071, -1]},
			"faces": {
				"north": {"uv": [13, 2.5, 13.5, 3], "rotation": 90, "texture": "#0"},
				"east": {"uv": [12, 3, 13.5, 5.5], "rotation": 270, "texture": "#0"},
				"south": {"uv": [15, 0, 16, 1], "rotation": 270, "texture": "#0"},
				"west": {"uv": [14.5, 3, 16, 5.5], "rotation": 270, "texture": "#0"},
				"up": {"uv": [13.5, 3.5, 16, 4], "rotation": 90, "texture": "#0"},
				"down": {"uv": [6, 9.5, 9.5, 11.5], "rotation": 270, "texture": "#0"}
			}
		},
		{
			"from": [7.5, 6.8, -2],
			"to": [7.7, 7.2142, -0.6],
			"rotation": {"angle": 0, "axis": "z", "origin": [8, 7.0071, -1]},
			"faces": {
				"north": {"uv": [13, 2.5, 13.5, 3], "rotation": 180, "texture": "#0"},
				"east": {"uv": [6, 9.5, 9.5, 11.5], "rotation": 180, "texture": "#0"},
				"south": {"uv": [15, 0, 16, 1], "rotation": 180, "texture": "#0"},
				"west": {"uv": [13.5, 3, 16, 3.5], "texture": "#0"},
				"up": {"uv": [12, 3, 13.5, 5.5], "rotation": 180, "texture": "#0"},
				"down": {"uv": [14.5, 3, 16, 5.5], "rotation": 180, "texture": "#0"}
			}
		},
		{
			"from": [7.5, 6.8, -2],
			"to": [7.7, 7.2142, -0.6],
			"rotation": {"angle": 45, "axis": "z", "origin": [8, 7.0071, -1]},
			"faces": {
				"north": {"uv": [13, 2.5, 13.5, 3], "rotation": 180, "texture": "#0"},
				"east": {"uv": [6, 9.5, 9.5, 11.5], "rotation": 180, "texture": "#0"},
				"south": {"uv": [15, 0, 16, 1], "rotation": 180, "texture": "#0"},
				"west": {"uv": [13.5, 4, 16, 4.5], "texture": "#0"},
				"up": {"uv": [12, 3, 13.5, 5.5], "rotation": 180, "texture": "#0"},
				"down": {"uv": [14.5, 3, 16, 5.5], "rotation": 180, "texture": "#0"}
			}
		},
		{
			"from": [7.7929, 6.5071, -2],
			"to": [8.2071, 6.7071, -0.6],
			"rotation": {"angle": 0, "axis": "z", "origin": [8, 7.0071, -1]},
			"faces": {
				"north": {"uv": [13, 2.5, 13.5, 3], "rotation": 270, "texture": "#0"},
				"east": {"uv": [14.5, 3, 16, 5.5], "rotation": 90, "texture": "#0"},
				"south": {"uv": [15, 0, 16, 1], "rotation": 90, "texture": "#0"},
				"west": {"uv": [12, 3, 13.5, 5.5], "rotation": 90, "texture": "#0"},
				"up": {"uv": [6, 9.5, 9.5, 11.5], "rotation": 90, "texture": "#0"},
				"down": {"uv": [13.5, 3, 16, 3.5], "rotation": 90, "texture": "#0"}
			}
		},
		{
			"from": [7.6929, 6.7071, -0.8],
			"to": [8.3071, 7.3071, 0.6],
			"rotation": {"angle": 0, "axis": "y", "origin": [8, 7.2071, 0.2]},
			"faces": {
				"north": {"uv": [13.5, 2, 14, 2.5], "rotation": 270, "texture": "#0"},
				"east": {"uv": [14.5, 3, 16, 5.5], "rotation": 90, "texture": "#0"},
				"south": {"uv": [15, 0, 16, 1], "rotation": 90, "texture": "#0"},
				"west": {"uv": [12, 3, 13.5, 5.5], "rotation": 90, "texture": "#0"},
				"up": {"uv": [13.5, 3, 16, 3.5], "rotation": 90, "texture": "#0"},
				"down": {"uv": [13.5, 3, 16, 3.5], "rotation": 90, "texture": "#0"}
			}
		},
		{
			"from": [7.6, 6.8, -0.8],
			"to": [8.4, 7.2142, 0.6],
			"rotation": {"angle": 0, "axis": "z", "origin": [8, 7.0071, -0.1]},
			"faces": {
				"north": {"uv": [13.5, 2, 14, 2.5], "texture": "#0"},
				"east": {"uv": [13.5, 3, 16, 3.5], "texture": "#0"},
				"south": {"uv": [15, 0, 16, 1], "texture": "#0"},
				"west": {"uv": [13.5, 3, 16, 3.5], "texture": "#0"},
				"up": {"uv": [14.5, 3, 16, 5.5], "texture": "#0"},
				"down": {"uv": [12, 3, 13.5, 5.5], "texture": "#0"}
			}
		},
		{
			"from": [7.7929, 6.5071, -2],
			"to": [8.2071, 6.7071, -0.6],
			"rotation": {"angle": 45, "axis": "z", "origin": [8, 7.0071, -1]},
			"faces": {
				"north": {"uv": [13, 2.5, 13.5, 3], "rotation": 270, "texture": "#0"},
				"east": {"uv": [14.5, 3, 16, 5.5], "rotation": 90, "texture": "#0"},
				"south": {"uv": [15, 0, 16, 1], "rotation": 90, "texture": "#0"},
				"west": {"uv": [12, 3, 13.5, 5.5], "rotation": 90, "texture": "#0"},
				"up": {"uv": [6, 9.5, 9.5, 11.5], "rotation": 90, "texture": "#0"},
				"down": {"uv": [13.5, 3, 16, 3.5], "rotation": 90, "texture": "#0"}
			}
		},
		{
			"from": [7.75, 3.75, 11.35],
			"to": [8.25, 4.05, 13.1],
			"rotation": {"angle": 0, "axis": "y", "origin": [-0.5, 0.75, 1.1]},
			"faces": {
				"north": {"uv": [3.5, 10.5, 4.5, 12.5], "texture": "#0"},
				"east": {"uv": [2, 11.5, 5, 12.5], "texture": "#0"},
				"south": {"uv": [4.5, 10.5, 5.5, 12.5], "texture": "#0"},
				"west": {"uv": [2.5, 11.5, 6, 12.5], "texture": "#0"},
				"up": {"uv": [3.5, 10.5, 4.5, 12.5], "texture": "#0"},
				"down": {"uv": [4.5, 10.5, 5.5, 12.5], "texture": "#0"}
			}
		},
		{
			"from": [7.75, 13.1, 11],
			"to": [8.25, 13.4, 12.75],
			"rotation": {"angle": 45, "axis": "x", "origin": [-0.5, 10.1, 0.75]},
			"faces": {
				"north": {"uv": [3.5, 10.5, 4.5, 12.5], "texture": "#0"},
				"east": {"uv": [2.5, 11.5, 5.5, 12.5], "texture": "#0"},
				"south": {"uv": [4.5, 10.5, 5.5, 12.5], "texture": "#0"},
				"west": {"uv": [2, 11.5, 5.5, 12.5], "texture": "#0"},
				"up": {"uv": [3.5, 10.5, 4.5, 12.5], "texture": "#0"},
				"down": {"uv": [4.5, 10.5, 5.5, 12.5], "texture": "#0"}
			}
		},
		{
			"from": [7, 5, 8],
			"to": [9, 7.8, 14],
			"faces": {
				"north": {"uv": [0, 0, 3, 3], "texture": "#0"},
				"east": {"uv": [0, 0, 6, 3], "texture": "#0"},
				"south": {"uv": [0, 0, 3, 3], "texture": "#0"},
				"west": {"uv": [0, 0, 6, 2.8], "texture": "#0"},
				"up": {"uv": [0, 7.5, 2, 13.5], "texture": "#0"},
				"down": {"uv": [0, 0, 3, 6], "texture": "#0"}
			}
		},
		{
			"from": [7, 5.25, 14],
			"to": [9, 7.55, 15],
			"rotation": {"angle": 0, "axis": "y", "origin": [0, 0, 6]},
			"faces": {
				"north": {"uv": [0, 0, 3, 3], "texture": "#0"},
				"east": {"uv": [0, 0, 6, 3], "texture": "#0"},
				"south": {"uv": [0, 0, 3, 3], "texture": "#0"},
				"west": {"uv": [0, 0, 1, 2.3], "texture": "#0"},
				"up": {"uv": [0, 0, 2, 1], "texture": "#0"},
				"down": {"uv": [2.5, 0, 4.5, 1], "texture": "#0"}
			}
		},
		{
			"from": [7.75, 5.5, 15],
			"to": [8.25, 6.05, 22],
			"rotation": {"angle": 0, "axis": "y", "origin": [0, -0.5, 7]},
			"faces": {
				"north": {"uv": [0, 0, 3, 3], "texture": "#0"},
				"east": {"uv": [10.5, 7, 11, 13], "rotation": 90, "texture": "#0"},
				"south": {"uv": [0, 0, 3, 3], "texture": "#0"},
				"west": {"uv": [10.5, 7, 11.05, 13], "rotation": 90, "texture": "#0"},
				"up": {"uv": [10.5, 7, 11, 13], "texture": "#0"},
				"down": {"uv": [10.5, 7, 11, 13], "texture": "#0"}
			}
		},
		{
			"from": [7.5, 4.5, 22],
			"to": [8.5, 8.05, 22.5],
			"rotation": {"angle": 0, "axis": "y", "origin": [0, -0.5, 14]},
			"faces": {
				"north": {"uv": [10, 9.5, 11, 13], "texture": "#0"},
				"east": {"uv": [10.5, 7, 11, 11.5], "texture": "#0"},
				"south": {"uv": [10, 8.5, 11, 13], "texture": "#0"},
				"west": {"uv": [10.5, 9.5, 11, 13.05], "texture": "#0"},
				"up": {"uv": [10.5, 11, 11, 12], "rotation": 90, "texture": "#0"},
				"down": {"uv": [10.5, 10.5, 11, 11.5], "rotation": 90, "texture": "#0"}
			}
		},
		{
			"from": [7.25, 4, 7.25],
			"to": [8.75, 5.5, 10.75],
			"rotation": {"angle": 0, "axis": "y", "origin": [0, -1, -3.25]},
			"faces": {
				"north": {"uv": [0, 0, 3, 3], "texture": "#0"},
				"east": {"uv": [0, 0, 6, 3], "texture": "#0"},
				"south": {"uv": [0, 0, 3, 3], "texture": "#0"},
				"west": {"uv": [0, 0, 6, 3], "texture": "#0"},
				"up": {"uv": [0, 0, 3, 6], "texture": "#0"},
				"down": {"uv": [0, 0, 2.5, 3.5], "texture": "#0"}
			}
		},
		{
			"from": [7.5, 5.5, 6.75],
			"to": [8.5, 10, 8.75],
			"rotation": {"angle": 22.5, "axis": "x", "origin": [0, 3.5, -4.5]},
			"faces": {
				"north": {"uv": [6, 12, 7, 16], "texture": "#0"},
				"east": {"uv": [6, 10, 9, 16], "texture": "#0"},
				"south": {"uv": [6, 10, 7, 16], "texture": "#0"},
				"west": {"uv": [6, 10, 9, 16], "texture": "#0"},
				"up": {"uv": [0, 0, 3, 6], "texture": "#0"},
				"down": {"uv": [6, 13, 9, 14.5], "rotation": 270, "texture": "#0"}
			}
		},
		{
			"from": [7.25, 3.75, 1.75],
			"to": [8.75, 5.5, 7.25],
			"rotation": {"angle": 0, "axis": "y", "origin": [0, -1, -6.25]},
			"faces": {
				"north": {"uv": [6, 0, 8.5, 2.5], "texture": "#0"},
				"east": {"uv": [7, 0, 13, 2], "texture": "#0"},
				"south": {"uv": [6, 0, 8, 2], "texture": "#0"},
				"west": {"uv": [6, 0.5, 11.5, 2.25], "texture": "#0"},
				"up": {"uv": [0, 0, 3, 6], "texture": "#0"},
				"down": {"uv": [6.5, 0, 12.5, 1.5], "rotation": 90, "texture": "#0"}
			}
		},
		{
			"from": [7, 5.5, 1.25],
			"to": [9, 7.8, 8],
			"faces": {
				"north": {"uv": [6, 0, 8.75, 2.5], "texture": "#0"},
				"east": {"uv": [6, 0, 12, 2], "texture": "#0"},
				"south": {"uv": [0, 2.5, 1.75, 4.5], "texture": "#0"},
				"west": {"uv": [6, 0, 12.75, 2.3], "texture": "#0"},
				"up": {"uv": [0, 5.5, 6.5, 7.25], "rotation": 90, "texture": "#0"},
				"down": {"uv": [6, 0, 11, 2.25], "rotation": 90, "texture": "#0"}
			}
		},
		{
			"from": [7.75, 7.75, 4.75],
			"to": [8.25, 8.3, 8.75],
			"rotation": {"angle": 0, "axis": "y", "origin": [0, 2.25, 0.75]},
			"faces": {
				"north": {"uv": [6, 0, 9.25, 0.5], "texture": "#0"},
				"east": {"uv": [6, 0, 12.5, 0.5], "texture": "#0"},
				"south": {"uv": [7, 0, 8.75, 0.5], "texture": "#0"},
				"west": {"uv": [6, 0, 12.75, 0.5], "texture": "#0"},
				"up": {"uv": [0, 5.5, 6.5, 7.25], "rotation": 90, "texture": "#0"},
				"down": {"uv": [6, 0, 11, 2.25], "rotation": 90, "texture": "#0"}
			}
		},
		{
			"from": [7.75148, 8.29852, 3.75],
			"to": [8.24852, 8.39852, 9.75],
			"rotation": {"angle": 0, "axis": "z", "origin": [8, 8.89852, 6.75]},
			"faces": {
				"north": {"uv": [7, 1, 7.5, 1.5], "rotation": 180, "texture": "#0"},
				"east": {"uv": [6, 0, 13, 2.25], "texture": "#0"},
				"south": {"uv": [7, 1.5, 7.5, 2], "texture": "#0"},
				"west": {"uv": [0, 5.5, 6.5, 7.25], "texture": "#0"},
				"up": {"uv": [6, 0.5, 13, 1.5], "rotation": 270, "texture": "#0"},
				"down": {"uv": [6, 0.5, 13, 1.5], "rotation": 270, "texture": "#0"}
			}
		},
		{
			"from": [7.75148, 8.29852, 3.75],
			"to": [8.24852, 8.39852, 9.75],
			"rotation": {"angle": 45, "axis": "z", "origin": [8, 8.89852, 6.75]},
			"faces": {
				"north": {"uv": [7, 1, 7.5, 1.5], "rotation": 180, "texture": "#0"},
				"east": {"uv": [6, 0, 13, 2.25], "texture": "#0"},
				"south": {"uv": [7, 1.5, 7.5, 2], "texture": "#0"},
				"west": {"uv": [0, 5.5, 6.5, 7.25], "texture": "#0"},
				"up": {"uv": [6, 0.5, 13, 1.5], "rotation": 270, "texture": "#0"},
				"down": {"uv": [6, 1, 13, 2], "rotation": 270, "texture": "#0"}
			}
		},
		{
			"from": [8.5, 8.65, 3.75],
			"to": [8.6, 9.14704, 9.75],
			"rotation": {"angle": 0, "axis": "z", "origin": [8, 8.89852, 6.75]},
			"faces": {
				"north": {"uv": [7, 1, 7.5, 1.5], "rotation": 270, "texture": "#0"},
				"east": {"uv": [6, 0.5, 13, 1.5], "rotation": 180, "texture": "#0"},
				"south": {"uv": [7, 1.5, 7.5, 2], "rotation": 270, "texture": "#0"},
				"west": {"uv": [6, 0.5, 13, 1.5], "rotation": 180, "texture": "#0"},
				"up": {"uv": [6, 0, 13, 2.25], "rotation": 270, "texture": "#0"},
				"down": {"uv": [0, 5.5, 6.5, 7.25], "rotation": 270, "texture": "#0"}
			}
		},
		{
			"from": [7.75148, 9.39852, 3.75],
			"to": [8.24852, 9.49852, 9.75],
			"rotation": {"angle": -45, "axis": "z", "origin": [8, 8.89852, 6.75]},
			"faces": {
				"north": {"uv": [7, 1, 7.5, 1.5], "texture": "#0"},
				"east": {"uv": [0, 5.5, 6.5, 7.25], "rotation": 180, "texture": "#0"},
				"south": {"uv": [7, 1.5, 7.5, 2], "rotation": 180, "texture": "#0"},
				"west": {"uv": [6, 0, 13, 2.25], "rotation": 180, "texture": "#0"},
				"up": {"uv": [6, 0, 13, 1], "rotation": 90, "texture": "#0"},
				"down": {"uv": [6, 0.5, 13, 1.5], "rotation": 90, "texture": "#0"}
			}
		},
		{
			"from": [7.75148, 9.39852, 3.75],
			"to": [8.24852, 9.49852, 9.75],
			"rotation": {"angle": 0, "axis": "z", "origin": [8, 8.89852, 6.75]},
			"faces": {
				"north": {"uv": [7, 1, 7.5, 1.5], "texture": "#0"},
				"east": {"uv": [0, 5.5, 6.5, 7.25], "rotation": 180, "texture": "#0"},
				"south": {"uv": [7, 1.5, 7.5, 2], "rotation": 180, "texture": "#0"},
				"west": {"uv": [6, 0, 13, 2.25], "rotation": 180, "texture": "#0"},
				"up": {"uv": [6, 0.5, 13, 1.5], "rotation": 90, "texture": "#0"},
				"down": {"uv": [6, 0.5, 13, 1.5], "rotation": 90, "texture": "#0"}
			}
		},
		{
			"from": [7.4, 8.65, 3.75],
			"to": [7.5, 9.14704, 9.75],
			"rotation": {"angle": -45, "axis": "z", "origin": [8, 8.89852, 6.75]},
			"faces": {
				"north": {"uv": [7, 1, 7.5, 1.5], "rotation": 90, "texture": "#0"},
				"east": {"uv": [6, 0.5, 13, 1.5], "texture": "#0"},
				"south": {"uv": [7, 1.5, 7.5, 2], "rotation": 90, "texture": "#0"},
				"west": {"uv": [6, 0, 13, 1], "texture": "#0"},
				"up": {"uv": [0, 5.5, 6.5, 7.25], "rotation": 90, "texture": "#0"},
				"down": {"uv": [6, 0, 13, 2.25], "rotation": 90, "texture": "#0"}
			}
		},
		{
			"from": [7.4, 8.65, 3.75],
			"to": [7.5, 9.14704, 9.75],
			"rotation": {"angle": 0, "axis": "z", "origin": [8, 8.89852, 6.75]},
			"faces": {
				"north": {"uv": [7, 1, 7.5, 1.5], "rotation": 90, "texture": "#0"},
				"east": {"uv": [6, 0.5, 13, 1.5], "texture": "#0"},
				"south": {"uv": [7, 1.5, 7.5, 2], "rotation": 90, "texture": "#0"},
				"west": {"uv": [6, 0.5, 13, 1.5], "texture": "#0"},
				"up": {"uv": [0, 5.5, 6.5, 7.25], "rotation": 90, "texture": "#0"},
				"down": {"uv": [6, 0, 13, 2.25], "rotation": 90, "texture": "#0"}
			}
		},
		{
			"from": [7.4, 8.65, 3.75],
			"to": [7.5, 9.14704, 9.75],
			"rotation": {"angle": 45, "axis": "z", "origin": [8, 8.89852, 6.75]},
			"faces": {
				"north": {"uv": [7, 1, 7.5, 1.5], "rotation": 90, "texture": "#0"},
				"east": {"uv": [6, 0.5, 13, 1.5], "texture": "#0"},
				"south": {"uv": [7, 1.5, 7.5, 2], "rotation": 90, "texture": "#0"},
				"west": {"uv": [6, 1, 13, 2], "texture": "#0"},
				"up": {"uv": [0, 5.5, 6.5, 7.25], "rotation": 90, "texture": "#0"},
				"down": {"uv": [6, 0, 13, 2.25], "rotation": 90, "texture": "#0"}
			}
		},
		{
			"name": "crosshair",
			"from": [7.4625, 8.39852, 3.85],
			"to": [8.5025, 8.89852, 3.85],
			"rotation": {"angle": 0, "axis": "y", "origin": [8, 8.89852, 2.85]},
			"faces": {
				"north": {"uv": [7, 1, 7.5, 1.5], "rotation": 180, "texture": "#1"},
				"east": {"uv": [6, 0, 13, 2.25], "texture": "#1"},
				"south": {"uv": [3, 7.6875, 12.9375, 13], "texture": "#1"},
				"west": {"uv": [0, 5.5, 6.5, 7.25], "texture": "#1"},
				"up": {"uv": [6, 0.5, 13, 1.5], "rotation": 270, "texture": "#1"},
				"down": {"uv": [6, 0.5, 13, 1.5], "rotation": 270, "texture": "#1"}
			}
		}
	],
	"display": {
		"thirdperson_righthand": {
			"translation": [0, 3, -1.75]
		},
		"thirdperson_lefthand": {
			"translation": [-12, 3, 0]
		},
		"firstperson_righthand": {
			"translation": [-8.96, 14.5, 9.75],
			"scale": [4, 4, 0.31]
		},
		"firstperson_lefthand": {
			"translation": [0, -80, 0]
		},
		"ground": {
			"rotation": [0, 0, -90],
			"translation": [2.25, -2.5, 0],
			"scale": [0.7, 0.7, 0.7]
		},
		"gui": {
			"rotation": [20, 128, 0],
			"translation": [0.25, 2, 0]
		},
		"fixed": {
			"rotation": [0, -90, 0],
			"translation": [0, 2.5, -1],
			"scale": [1.25, 1.25, 1.25]
		}
	},
	"groups": [
		0,
		1,
		2,
		3,
		4,
		5,
		6,
		7,
		8,
		{
			"name": "hole",
			"origin": [8, 7.0071, -0.1],
			"color": 0,
			"children": [9, 10]
		},
		11,
		12,
		13,
		14,
		15,
		16,
		17,
		18,
		19,
		20,
		21,
		22,
		{
			"name": "scope",
			"origin": [8, 8.69852, 6.75],
			"color": 0,
			"children": [
				23,
				{
					"name": "glass",
					"origin": [7.5, 8.9, 9.75],
					"color": 0,
					"children": [
						{
							"name": "glass",
							"origin": [7.5, 8.9, 9.75],
							"color": 0,
							"children": []
						}
					]
				},
				{
					"name": "glass",
					"origin": [7.5, 8.9, 9.75],
					"color": 0,
					"children": [
						{
							"name": "glass",
							"origin": [7.5, 8.9, 9.75],
							"color": 0,
							"children": []
						}
					]
				},
				24,
				25,
				26,
				27,
				28,
				29,
				30,
				31
			]
		}
	]
}