{
	"format_version": "1.21.6",
	"credit": "Made with Blockbench",
	"textures": {
		"0": "chems_guns:item/gun_ammo/flammenwerfer",
		"particle": "chems_guns:item/gun_ammo/flammenwerfer"
	},
	"elements": [
		{
			"name": "octagon",
			"from": [7.41789, 6.25, 4.5],
			"to": [7.83211, 6.55, 9.25],
			"rotation": {"angle": 45, "axis": "z", "origin": [7.625, 6.75, 6.5]},
			"faces": {
				"north": {"uv": [11, 8, 12, 9], "texture": "#0"},
				"east": {"uv": [9, 10, 12, 13], "texture": "#0"},
				"south": {"uv": [9, 10, 12, 13], "texture": "#0"},
				"west": {"uv": [9, 10, 12, 13], "texture": "#0"},
				"up": {"uv": [9, 10, 12, 13], "texture": "#0"},
				"down": {"uv": [12, 6, 13, 16], "texture": "#0"}
			}
		},
		{
			"name": "octagon",
			"from": [7.41789, 6.25, 4.5],
			"to": [7.83211, 6.55, 9.25],
			"rotation": {"angle": 0, "axis": "y", "origin": [7.625, 6.75, 6.5]},
			"faces": {
				"north": {"uv": [11, 8, 12, 9], "texture": "#0"},
				"east": {"uv": [9, 10, 12, 13], "texture": "#0"},
				"south": {"uv": [9, 10, 12, 13], "texture": "#0"},
				"west": {"uv": [9, 10, 12, 13], "texture": "#0"},
				"up": {"uv": [9, 10, 12, 13], "texture": "#0"},
				"down": {"uv": [6, 8, 16, 9], "rotation": 90, "texture": "#0"}
			}
		},
		{
			"name": "octagon",
			"from": [7.41789, 6.95, 4.5],
			"to": [7.83211, 7.25, 9.25],
			"rotation": {"angle": 45, "axis": "z", "origin": [7.625, 6.75, 6.5]},
			"faces": {
				"north": {"uv": [11, 8, 12, 9], "texture": "#0"},
				"east": {"uv": [9, 10, 12, 13], "texture": "#0"},
				"south": {"uv": [9, 10, 12, 13], "texture": "#0"},
				"west": {"uv": [9, 10, 12, 13], "texture": "#0"},
				"up": {"uv": [12, 6, 13, 16], "texture": "#0"},
				"down": {"uv": [9, 10, 12, 13], "texture": "#0"}
			}
		},
		{
			"name": "octagon",
			"from": [7.41789, 6.95, 4.5],
			"to": [7.83211, 7.25, 9.25],
			"rotation": {"angle": 0, "axis": "y", "origin": [7.625, 6.75, 6.5]},
			"faces": {
				"north": {"uv": [11, 8, 12, 9], "texture": "#0"},
				"east": {"uv": [9, 10, 12, 13], "texture": "#0"},
				"south": {"uv": [9, 10, 12, 13], "texture": "#0"},
				"west": {"uv": [9, 10, 12, 13], "texture": "#0"},
				"up": {"uv": [6, 8, 16, 9], "rotation": 90, "texture": "#0"},
				"down": {"uv": [9, 10, 12, 13], "texture": "#0"}
			}
		},
		{
			"name": "octagon",
			"from": [7.125, 6.54289, 4.5],
			"to": [7.425, 6.95711, 9.25],
			"rotation": {"angle": 45, "axis": "z", "origin": [7.625, 6.75, 6.5]},
			"faces": {
				"north": {"uv": [11, 8, 12, 9], "texture": "#0"},
				"east": {"uv": [9, 10, 12, 13], "texture": "#0"},
				"south": {"uv": [9, 10, 12, 13], "texture": "#0"},
				"west": {"uv": [6, 8, 16, 9], "texture": "#0"},
				"up": {"uv": [9, 10, 12, 13], "texture": "#0"},
				"down": {"uv": [9, 10, 12, 13], "texture": "#0"}
			}
		},
		{
			"name": "octagon",
			"from": [7.125, 6.54289, 4.5],
			"to": [7.425, 6.95711, 9.25],
			"rotation": {"angle": 0, "axis": "y", "origin": [7.625, 6.75, 6.5]},
			"faces": {
				"north": {"uv": [11, 8, 12, 9], "texture": "#0"},
				"east": {"uv": [9, 10, 12, 13], "texture": "#0"},
				"south": {"uv": [9, 10, 12, 13], "texture": "#0"},
				"west": {"uv": [6, 8, 16, 9], "texture": "#0"},
				"up": {"uv": [9, 10, 12, 13], "texture": "#0"},
				"down": {"uv": [9, 10, 12, 13], "texture": "#0"}
			}
		},
		{
			"name": "octagon",
			"from": [7.825, 6.54289, 4.5],
			"to": [8.125, 6.95711, 9.25],
			"rotation": {"angle": 45, "axis": "z", "origin": [7.625, 6.75, 6.5]},
			"faces": {
				"north": {"uv": [11, 8, 12, 9], "texture": "#0"},
				"east": {"uv": [6, 8, 16, 9], "texture": "#0"},
				"south": {"uv": [9, 10, 12, 13], "texture": "#0"},
				"west": {"uv": [9, 10, 12, 13], "texture": "#0"},
				"up": {"uv": [9, 10, 12, 13], "texture": "#0"},
				"down": {"uv": [9, 10, 12, 13], "texture": "#0"}
			}
		},
		{
			"name": "octagon",
			"from": [7.825, 6.54289, 4.5],
			"to": [8.125, 6.95711, 9.25],
			"rotation": {"angle": 0, "axis": "y", "origin": [7.625, 6.75, 6.5]},
			"faces": {
				"north": {"uv": [11, 8, 12, 9], "texture": "#0"},
				"east": {"uv": [6, 8, 16, 9], "texture": "#0"},
				"south": {"uv": [9, 10, 12, 13], "texture": "#0"},
				"west": {"uv": [9, 10, 12, 13], "texture": "#0"},
				"up": {"uv": [9, 10, 12, 13], "texture": "#0"},
				"down": {"uv": [9, 10, 12, 13], "texture": "#0"}
			}
		},
		{
			"name": "octagon",
			"from": [7.41789, 6.25, 11.5],
			"to": [7.83211, 6.55, 16.25],
			"rotation": {"angle": 45, "axis": "z", "origin": [7.625, 6.75, 13.5]},
			"faces": {
				"north": {"uv": [11, 8, 12, 9], "texture": "#0"},
				"east": {"uv": [9, 10, 12, 13], "texture": "#0"},
				"south": {"uv": [9, 10, 12, 13], "texture": "#0"},
				"west": {"uv": [9, 10, 12, 13], "texture": "#0"},
				"up": {"uv": [9, 10, 12, 13], "texture": "#0"},
				"down": {"uv": [12, 6, 13, 16], "texture": "#0"}
			}
		},
		{
			"name": "octagon",
			"from": [7.41789, 6.25, 11.5],
			"to": [7.83211, 6.55, 16.25],
			"rotation": {"angle": 0, "axis": "y", "origin": [7.625, 6.75, 13.5]},
			"faces": {
				"north": {"uv": [11, 8, 12, 9], "texture": "#0"},
				"east": {"uv": [9, 10, 12, 13], "texture": "#0"},
				"south": {"uv": [9, 10, 12, 13], "texture": "#0"},
				"west": {"uv": [9, 10, 12, 13], "texture": "#0"},
				"up": {"uv": [9, 10, 12, 13], "texture": "#0"},
				"down": {"uv": [6, 8, 16, 9], "rotation": 90, "texture": "#0"}
			}
		},
		{
			"name": "octagon",
			"from": [7.41789, 6.95, 11.5],
			"to": [7.83211, 7.25, 16.25],
			"rotation": {"angle": 45, "axis": "z", "origin": [7.625, 6.75, 13.5]},
			"faces": {
				"north": {"uv": [11, 8, 12, 9], "texture": "#0"},
				"east": {"uv": [9, 10, 12, 13], "texture": "#0"},
				"south": {"uv": [9, 10, 12, 13], "texture": "#0"},
				"west": {"uv": [9, 10, 12, 13], "texture": "#0"},
				"up": {"uv": [12, 6, 13, 16], "texture": "#0"},
				"down": {"uv": [9, 10, 12, 13], "texture": "#0"}
			}
		},
		{
			"name": "octagon",
			"from": [7.41789, 6.95, 11.5],
			"to": [7.83211, 7.25, 16.25],
			"rotation": {"angle": 0, "axis": "y", "origin": [7.625, 6.75, 13.5]},
			"faces": {
				"north": {"uv": [11, 8, 12, 9], "texture": "#0"},
				"east": {"uv": [9, 10, 12, 13], "texture": "#0"},
				"south": {"uv": [9, 10, 12, 13], "texture": "#0"},
				"west": {"uv": [9, 10, 12, 13], "texture": "#0"},
				"up": {"uv": [6, 8, 16, 9], "rotation": 90, "texture": "#0"},
				"down": {"uv": [9, 10, 12, 13], "texture": "#0"}
			}
		},
		{
			"name": "octagon",
			"from": [7.125, 6.54289, 11.5],
			"to": [7.425, 6.95711, 16.25],
			"rotation": {"angle": 45, "axis": "z", "origin": [7.625, 6.75, 13.5]},
			"faces": {
				"north": {"uv": [11, 8, 12, 9], "texture": "#0"},
				"east": {"uv": [9, 10, 12, 13], "texture": "#0"},
				"south": {"uv": [9, 10, 12, 13], "texture": "#0"},
				"west": {"uv": [6, 8, 16, 9], "texture": "#0"},
				"up": {"uv": [9, 10, 12, 13], "texture": "#0"},
				"down": {"uv": [9, 10, 12, 13], "texture": "#0"}
			}
		},
		{
			"name": "octagon",
			"from": [7.125, 6.54289, 11.5],
			"to": [7.425, 6.95711, 16.25],
			"rotation": {"angle": 0, "axis": "y", "origin": [7.625, 6.75, 13.5]},
			"faces": {
				"north": {"uv": [11, 8, 12, 9], "texture": "#0"},
				"east": {"uv": [9, 10, 12, 13], "texture": "#0"},
				"south": {"uv": [9, 10, 12, 13], "texture": "#0"},
				"west": {"uv": [6, 8, 16, 9], "texture": "#0"},
				"up": {"uv": [9, 10, 12, 13], "texture": "#0"},
				"down": {"uv": [9, 10, 12, 13], "texture": "#0"}
			}
		},
		{
			"name": "octagon",
			"from": [7.825, 6.54289, 11.5],
			"to": [8.125, 6.95711, 16.25],
			"rotation": {"angle": 45, "axis": "z", "origin": [7.625, 6.75, 13.5]},
			"faces": {
				"north": {"uv": [11, 8, 12, 9], "texture": "#0"},
				"east": {"uv": [6, 8, 16, 9], "texture": "#0"},
				"south": {"uv": [9, 10, 12, 13], "texture": "#0"},
				"west": {"uv": [9, 10, 12, 13], "texture": "#0"},
				"up": {"uv": [9, 10, 12, 13], "texture": "#0"},
				"down": {"uv": [9, 10, 12, 13], "texture": "#0"}
			}
		},
		{
			"name": "octagon",
			"from": [7.825, 6.54289, 11.5],
			"to": [8.125, 6.95711, 16.25],
			"rotation": {"angle": 0, "axis": "y", "origin": [7.625, 6.75, 13.5]},
			"faces": {
				"north": {"uv": [11, 8, 12, 9], "texture": "#0"},
				"east": {"uv": [6, 8, 16, 9], "texture": "#0"},
				"south": {"uv": [9, 10, 12, 13], "texture": "#0"},
				"west": {"uv": [9, 10, 12, 13], "texture": "#0"},
				"up": {"uv": [9, 10, 12, 13], "texture": "#0"},
				"down": {"uv": [9, 10, 12, 13], "texture": "#0"}
			}
		},
		{
			"name": "octagon",
			"from": [7.41789, 6.25, -0.25],
			"to": [7.83211, 6.55, 4.5],
			"rotation": {"angle": 45, "axis": "z", "origin": [7.625, 6.75, 1.75]},
			"faces": {
				"north": {"uv": [11, 8, 12, 9], "texture": "#0"},
				"east": {"uv": [9, 10, 12, 13], "texture": "#0"},
				"south": {"uv": [9, 10, 12, 13], "texture": "#0"},
				"west": {"uv": [9, 10, 12, 13], "texture": "#0"},
				"up": {"uv": [9, 10, 12, 13], "texture": "#0"},
				"down": {"uv": [12, 6, 13, 16], "texture": "#0"}
			}
		},
		{
			"name": "octagon",
			"from": [7.41789, 6.25, -0.25],
			"to": [7.83211, 6.55, 4.5],
			"rotation": {"angle": 0, "axis": "y", "origin": [7.625, 6.75, 1.75]},
			"faces": {
				"north": {"uv": [11, 8, 12, 9], "texture": "#0"},
				"east": {"uv": [9, 10, 12, 13], "texture": "#0"},
				"south": {"uv": [9, 10, 12, 13], "texture": "#0"},
				"west": {"uv": [9, 10, 12, 13], "texture": "#0"},
				"up": {"uv": [9, 10, 12, 13], "texture": "#0"},
				"down": {"uv": [6, 8, 16, 9], "rotation": 90, "texture": "#0"}
			}
		},
		{
			"name": "octagon",
			"from": [7.41789, 6.95, -0.25],
			"to": [7.83211, 7.25, 4.5],
			"rotation": {"angle": 45, "axis": "z", "origin": [7.625, 6.75, 1.75]},
			"faces": {
				"north": {"uv": [11, 8, 12, 9], "texture": "#0"},
				"east": {"uv": [9, 10, 12, 13], "texture": "#0"},
				"south": {"uv": [9, 10, 12, 13], "texture": "#0"},
				"west": {"uv": [9, 10, 12, 13], "texture": "#0"},
				"up": {"uv": [12, 6, 13, 16], "texture": "#0"},
				"down": {"uv": [9, 10, 12, 13], "texture": "#0"}
			}
		},
		{
			"name": "octagon",
			"from": [7.41789, 6.95, -0.25],
			"to": [7.83211, 7.25, 4.5],
			"rotation": {"angle": 0, "axis": "y", "origin": [7.625, 6.75, 1.75]},
			"faces": {
				"north": {"uv": [11, 8, 12, 9], "texture": "#0"},
				"east": {"uv": [9, 10, 12, 13], "texture": "#0"},
				"south": {"uv": [9, 10, 12, 13], "texture": "#0"},
				"west": {"uv": [9, 10, 12, 13], "texture": "#0"},
				"up": {"uv": [6, 8, 16, 9], "rotation": 90, "texture": "#0"},
				"down": {"uv": [9, 10, 12, 13], "texture": "#0"}
			}
		},
		{
			"name": "octagon",
			"from": [7.125, 6.54289, -0.25],
			"to": [7.425, 6.95711, 4.5],
			"rotation": {"angle": 45, "axis": "z", "origin": [7.625, 6.75, 1.75]},
			"faces": {
				"north": {"uv": [11, 8, 12, 9], "texture": "#0"},
				"east": {"uv": [9, 10, 12, 13], "texture": "#0"},
				"south": {"uv": [9, 10, 12, 13], "texture": "#0"},
				"west": {"uv": [6, 8, 16, 9], "texture": "#0"},
				"up": {"uv": [9, 10, 12, 13], "texture": "#0"},
				"down": {"uv": [9, 10, 12, 13], "texture": "#0"}
			}
		},
		{
			"name": "octagon",
			"from": [7.125, 6.54289, -0.25],
			"to": [7.425, 6.95711, 4.5],
			"rotation": {"angle": 0, "axis": "y", "origin": [7.625, 6.75, 1.75]},
			"faces": {
				"north": {"uv": [11, 8, 12, 9], "texture": "#0"},
				"east": {"uv": [9, 10, 12, 13], "texture": "#0"},
				"south": {"uv": [9, 10, 12, 13], "texture": "#0"},
				"west": {"uv": [6, 8, 16, 9], "texture": "#0"},
				"up": {"uv": [9, 10, 12, 13], "texture": "#0"},
				"down": {"uv": [9, 10, 12, 13], "texture": "#0"}
			}
		},
		{
			"name": "octagon",
			"from": [7.825, 6.54289, -0.25],
			"to": [8.125, 6.95711, 4.5],
			"rotation": {"angle": 45, "axis": "z", "origin": [7.625, 6.75, 1.75]},
			"faces": {
				"north": {"uv": [11, 8, 12, 9], "texture": "#0"},
				"east": {"uv": [6, 8, 16, 9], "texture": "#0"},
				"south": {"uv": [9, 10, 12, 13], "texture": "#0"},
				"west": {"uv": [9, 10, 12, 13], "texture": "#0"},
				"up": {"uv": [9, 10, 12, 13], "texture": "#0"},
				"down": {"uv": [9, 10, 12, 13], "texture": "#0"}
			}
		},
		{
			"name": "octagon",
			"from": [7.825, 6.54289, -0.25],
			"to": [8.125, 6.95711, 4.5],
			"rotation": {"angle": 0, "axis": "y", "origin": [7.625, 6.75, 1.75]},
			"faces": {
				"north": {"uv": [11, 8, 12, 9], "texture": "#0"},
				"east": {"uv": [6, 8, 16, 9], "texture": "#0"},
				"south": {"uv": [9, 10, 12, 13], "texture": "#0"},
				"west": {"uv": [9, 10, 12, 13], "texture": "#0"},
				"up": {"uv": [9, 10, 12, 13], "texture": "#0"},
				"down": {"uv": [9, 10, 12, 13], "texture": "#0"}
			}
		},
		{
			"name": "octagon",
			"from": [7.41789, 6.25, -5],
			"to": [7.83211, 6.55, -0.25],
			"rotation": {"angle": 45, "axis": "z", "origin": [7.625, 6.75, -3]},
			"faces": {
				"north": {"uv": [11, 8, 12, 9], "texture": "#0"},
				"east": {"uv": [9, 10, 12, 13], "texture": "#0"},
				"south": {"uv": [9, 10, 12, 13], "texture": "#0"},
				"west": {"uv": [9, 10, 12, 13], "texture": "#0"},
				"up": {"uv": [9, 10, 12, 13], "texture": "#0"},
				"down": {"uv": [12, 6, 13, 16], "texture": "#0"}
			}
		},
		{
			"name": "octagon",
			"from": [7.41789, 6.25, -5],
			"to": [7.83211, 6.55, -0.25],
			"rotation": {"angle": 0, "axis": "y", "origin": [7.625, 6.75, -3]},
			"faces": {
				"north": {"uv": [11, 8, 12, 9], "texture": "#0"},
				"east": {"uv": [9, 10, 12, 13], "texture": "#0"},
				"south": {"uv": [9, 10, 12, 13], "texture": "#0"},
				"west": {"uv": [9, 10, 12, 13], "texture": "#0"},
				"up": {"uv": [9, 10, 12, 13], "texture": "#0"},
				"down": {"uv": [15, 16, 14, 6], "texture": "#0"}
			}
		},
		{
			"name": "octagon",
			"from": [7.41789, 6.95, -5],
			"to": [7.83211, 7.25, -0.25],
			"rotation": {"angle": 45, "axis": "z", "origin": [7.625, 6.75, -3]},
			"faces": {
				"north": {"uv": [11, 8, 12, 9], "texture": "#0"},
				"east": {"uv": [9, 10, 12, 13], "texture": "#0"},
				"south": {"uv": [9, 10, 12, 13], "texture": "#0"},
				"west": {"uv": [9, 10, 12, 13], "texture": "#0"},
				"up": {"uv": [12, 6, 13, 16], "texture": "#0"},
				"down": {"uv": [9, 10, 12, 13], "texture": "#0"}
			}
		},
		{
			"name": "octagon",
			"from": [7.41789, 6.95, -5],
			"to": [7.83211, 7.25, -0.25],
			"rotation": {"angle": 0, "axis": "y", "origin": [7.625, 6.75, -3]},
			"faces": {
				"north": {"uv": [11, 8, 12, 9], "texture": "#0"},
				"east": {"uv": [9, 10, 12, 13], "texture": "#0"},
				"south": {"uv": [9, 10, 12, 13], "texture": "#0"},
				"west": {"uv": [9, 10, 12, 13], "texture": "#0"},
				"up": {"uv": [14, 6, 15, 16], "texture": "#0"},
				"down": {"uv": [9, 10, 12, 13], "texture": "#0"}
			}
		},
		{
			"name": "octagon",
			"from": [7.125, 6.54289, -5],
			"to": [7.425, 6.95711, -0.25],
			"rotation": {"angle": 45, "axis": "z", "origin": [7.625, 6.75, -3]},
			"faces": {
				"north": {"uv": [11, 8, 12, 9], "texture": "#0"},
				"east": {"uv": [9, 10, 12, 13], "texture": "#0"},
				"south": {"uv": [9, 10, 12, 13], "texture": "#0"},
				"west": {"uv": [6, 8, 16, 9], "texture": "#0"},
				"up": {"uv": [9, 10, 12, 13], "texture": "#0"},
				"down": {"uv": [9, 10, 12, 13], "texture": "#0"}
			}
		},
		{
			"name": "octagon",
			"from": [7.125, 6.54289, -5],
			"to": [7.425, 6.95711, -0.25],
			"rotation": {"angle": 0, "axis": "y", "origin": [7.625, 6.75, -3]},
			"faces": {
				"north": {"uv": [11, 8, 12, 9], "texture": "#0"},
				"east": {"uv": [9, 10, 12, 13], "texture": "#0"},
				"south": {"uv": [9, 10, 12, 13], "texture": "#0"},
				"west": {"uv": [6, 9, 16, 10], "texture": "#0"},
				"up": {"uv": [9, 10, 12, 13], "texture": "#0"},
				"down": {"uv": [9, 10, 12, 13], "texture": "#0"}
			}
		},
		{
			"name": "octagon",
			"from": [7.825, 6.54289, -5],
			"to": [8.125, 6.95711, -0.25],
			"rotation": {"angle": 45, "axis": "z", "origin": [7.625, 6.75, -3]},
			"faces": {
				"north": {"uv": [11, 8, 12, 9], "texture": "#0"},
				"east": {"uv": [6, 8, 16, 9], "texture": "#0"},
				"south": {"uv": [9, 10, 12, 13], "texture": "#0"},
				"west": {"uv": [9, 10, 12, 13], "texture": "#0"},
				"up": {"uv": [9, 10, 12, 13], "texture": "#0"},
				"down": {"uv": [9, 10, 12, 13], "texture": "#0"}
			}
		},
		{
			"name": "octagon",
			"from": [7.825, 6.54289, -5],
			"to": [8.125, 6.95711, -0.25],
			"rotation": {"angle": 0, "axis": "y", "origin": [7.625, 6.75, -3]},
			"faces": {
				"north": {"uv": [11, 8, 12, 9], "texture": "#0"},
				"east": {"uv": [16, 9, 6, 10], "texture": "#0"},
				"south": {"uv": [9, 10, 12, 13], "texture": "#0"},
				"west": {"uv": [9, 10, 12, 13], "texture": "#0"},
				"up": {"uv": [9, 10, 12, 13], "texture": "#0"},
				"down": {"uv": [9, 10, 12, 13], "texture": "#0"}
			}
		},
		{
			"name": "octagon",
			"from": [8.075, 6.39289, 16.5],
			"to": [8.625, 7.05711, 19.25],
			"rotation": {"angle": 22.5, "axis": "y", "origin": [8.125, 6.6, 18.5]},
			"faces": {
				"north": {"uv": [11, 8, 12, 9], "texture": "#0"},
				"east": {"uv": [16, 8, 6, 9], "texture": "#0"},
				"south": {"uv": [9, 10, 12, 13], "texture": "#0"},
				"west": {"uv": [9, 10, 12, 13], "texture": "#0"},
				"up": {"uv": [9, 10, 12, 13], "texture": "#0"},
				"down": {"uv": [9, 10, 12, 13], "texture": "#0"}
			}
		},
		{
			"name": "octagon",
			"from": [8.275, 5.69289, 18.8],
			"to": [8.825, 6.35711, 21.55],
			"rotation": {"angle": 22.5, "axis": "x", "origin": [8.325, 5.9, 20.8]},
			"faces": {
				"north": {"uv": [11, 8, 12, 9], "texture": "#0"},
				"east": {"uv": [16, 8, 6, 9], "texture": "#0"},
				"south": {"uv": [9, 10, 12, 13], "texture": "#0"},
				"west": {"uv": [9, 10, 12, 13], "texture": "#0"},
				"up": {"uv": [9, 10, 12, 13], "texture": "#0"},
				"down": {"uv": [9, 10, 12, 13], "texture": "#0"}
			}
		},
		{
			"name": "octagon",
			"from": [7.025, 2.19289, 23.95],
			"to": [7.575, 2.85711, 26.7],
			"rotation": {"angle": -45, "axis": "y", "origin": [7.075, 2.4, 25.95]},
			"faces": {
				"north": {"uv": [11, 8, 12, 9], "texture": "#0"},
				"east": {"uv": [16, 8, 6, 9], "texture": "#0"},
				"south": {"uv": [9, 10, 12, 13], "texture": "#0"},
				"west": {"uv": [9, 10, 12, 13], "texture": "#0"},
				"up": {"uv": [9, 10, 12, 13], "texture": "#0"},
				"down": {"uv": [9, 10, 12, 13], "texture": "#0"}
			}
		},
		{
			"name": "octagon",
			"from": [5.125, 2.19289, 26.25],
			"to": [6.875, 2.85711, 26.8],
			"rotation": {"angle": 0, "axis": "y", "origin": [4.875, 2.4, 26.3]},
			"faces": {
				"north": {"uv": [9, 10, 12, 13], "texture": "#0"},
				"east": {"uv": [11, 8, 12, 9], "texture": "#0"},
				"south": {"uv": [16, 8, 6, 9], "texture": "#0"},
				"west": {"uv": [9, 10, 12, 13], "texture": "#0"},
				"up": {"uv": [9, 10, 12, 13], "rotation": 90, "texture": "#0"},
				"down": {"uv": [9, 10, 12, 13], "rotation": 270, "texture": "#0"}
			}
		},
		{
			"name": "octagon",
			"from": [4.025, 2.19289, 25],
			"to": [6.075, 2.85711, 25.55],
			"rotation": {"angle": -45, "axis": "y", "origin": [4.075, 2.4, 25.05]},
			"faces": {
				"north": {"uv": [9, 10, 12, 13], "texture": "#0"},
				"east": {"uv": [11, 8, 12, 9], "texture": "#0"},
				"south": {"uv": [16, 8, 6, 9], "texture": "#0"},
				"west": {"uv": [9, 10, 12, 13], "texture": "#0"},
				"up": {"uv": [9, 10, 12, 13], "rotation": 90, "texture": "#0"},
				"down": {"uv": [9, 10, 12, 13], "rotation": 270, "texture": "#0"}
			}
		},
		{
			"name": "octagon",
			"from": [2.325, 3.69289, 25.1],
			"to": [4.675, 4.35711, 25.65],
			"rotation": {"angle": -45, "axis": "z", "origin": [2.475, 3.9, 25.15]},
			"faces": {
				"north": {"uv": [9, 10, 12, 13], "texture": "#0"},
				"east": {"uv": [11, 8, 12, 9], "texture": "#0"},
				"south": {"uv": [16, 8, 6, 9], "texture": "#0"},
				"west": {"uv": [9, 10, 12, 13], "texture": "#0"},
				"up": {"uv": [9, 10, 12, 13], "rotation": 90, "texture": "#0"},
				"down": {"uv": [9, 10, 12, 13], "rotation": 270, "texture": "#0"}
			}
		},
		{
			"name": "octagon",
			"from": [-2.13211, 4.6, 23.3],
			"to": [-1.46789, 6.95, 23.95],
			"rotation": {"angle": 0, "axis": "z", "origin": [-1.925, 6.8, 23.35]},
			"faces": {
				"north": {"uv": [9, 10, 12, 13], "rotation": 270, "texture": "#0"},
				"east": {"uv": [9, 10, 12, 13], "rotation": 180, "texture": "#0"},
				"south": {"uv": [16, 8, 6, 9], "rotation": 90, "texture": "#0"},
				"west": {"uv": [9, 10, 12, 13], "texture": "#0"},
				"up": {"uv": [9, 10, 12, 13], "rotation": 90, "texture": "#0"},
				"down": {"uv": [11, 8, 12, 9], "rotation": 90, "texture": "#0"}
			}
		},
		{
			"name": "octagon",
			"from": [-2.73211, 3.1, 23.5],
			"to": [-2.36789, 4.95, 23.85],
			"rotation": {"angle": 22.5, "axis": "z", "origin": [-2.725, 6.8, 23.45]},
			"faces": {
				"north": {"uv": [9, 10, 12, 13], "rotation": 270, "texture": "#0"},
				"east": {"uv": [9, 10, 12, 13], "rotation": 180, "texture": "#0"},
				"south": {"uv": [16, 8, 6, 9], "rotation": 90, "texture": "#0"},
				"west": {"uv": [9, 10, 12, 13], "texture": "#0"},
				"up": {"uv": [9, 10, 12, 13], "rotation": 90, "texture": "#0"},
				"down": {"uv": [11, 8, 12, 9], "rotation": 90, "texture": "#0"}
			}
		},
		{
			"name": "octagon",
			"from": [-1.23211, 2.6, 23.5],
			"to": [-0.86789, 3.45, 23.85],
			"rotation": {"angle": 45, "axis": "z", "origin": [-1.225, 3.3, 23.45]},
			"faces": {
				"north": {"uv": [9, 10, 12, 13], "rotation": 270, "texture": "#0"},
				"east": {"uv": [9, 10, 12, 13], "rotation": 180, "texture": "#0"},
				"south": {"uv": [16, 8, 6, 9], "rotation": 90, "texture": "#0"},
				"west": {"uv": [9, 10, 12, 13], "texture": "#0"},
				"up": {"uv": [9, 10, 12, 13], "rotation": 90, "texture": "#0"},
				"down": {"uv": [11, 8, 12, 9], "rotation": 90, "texture": "#0"}
			}
		},
		{
			"name": "octagon",
			"from": [0.025, 2.49289, 23.5],
			"to": [0.875, 2.85711, 23.85],
			"rotation": {"angle": 0, "axis": "z", "origin": [0.175, 2.5, 23.45]},
			"faces": {
				"north": {"uv": [9, 10, 12, 13], "texture": "#0"},
				"east": {"uv": [11, 8, 12, 9], "texture": "#0"},
				"south": {"uv": [16, 8, 6, 9], "texture": "#0"},
				"west": {"uv": [9, 10, 12, 13], "texture": "#0"},
				"up": {"uv": [9, 10, 12, 13], "rotation": 90, "texture": "#0"},
				"down": {"uv": [9, 10, 12, 13], "rotation": 270, "texture": "#0"}
			}
		},
		{
			"name": "octagon",
			"from": [-0.775, 2.76, 23.5],
			"to": [0.075, 3.12422, 23.85],
			"rotation": {"angle": -22.5, "axis": "z", "origin": [-0.625, 2.8, 23.45]},
			"faces": {
				"north": {"uv": [9, 10, 12, 13], "texture": "#0"},
				"east": {"uv": [11, 8, 12, 9], "texture": "#0"},
				"south": {"uv": [16, 8, 6, 9], "texture": "#0"},
				"west": {"uv": [9, 10, 12, 13], "texture": "#0"},
				"up": {"uv": [9, 10, 12, 13], "rotation": 90, "texture": "#0"},
				"down": {"uv": [9, 10, 12, 13], "rotation": 270, "texture": "#0"}
			}
		},
		{
			"name": "octagon",
			"from": [0.825, 2.55, 23.5],
			"to": [1.675, 2.91422, 23.85],
			"rotation": {"angle": 22.5, "axis": "z", "origin": [0.975, 2.5, 23.45]},
			"faces": {
				"north": {"uv": [9, 10, 12, 13], "texture": "#0"},
				"east": {"uv": [11, 8, 12, 9], "texture": "#0"},
				"south": {"uv": [16, 8, 6, 9], "texture": "#0"},
				"west": {"uv": [9, 10, 12, 13], "texture": "#0"},
				"up": {"uv": [9, 10, 12, 13], "rotation": 90, "texture": "#0"},
				"down": {"uv": [9, 10, 12, 13], "rotation": 270, "texture": "#0"}
			}
		},
		{
			"name": "octagon",
			"from": [1.59, 2.9, 23.5],
			"to": [3.44, 3.26422, 23.85],
			"rotation": {"angle": 45, "axis": "z", "origin": [1.675, 2.9, 23.45]},
			"faces": {
				"north": {"uv": [9, 10, 12, 13], "texture": "#0"},
				"east": {"uv": [11, 8, 12, 9], "texture": "#0"},
				"south": {"uv": [16, 8, 6, 9], "texture": "#0"},
				"west": {"uv": [9, 10, 12, 13], "texture": "#0"},
				"up": {"uv": [9, 10, 12, 13], "rotation": 90, "texture": "#0"},
				"down": {"uv": [9, 10, 12, 13], "rotation": 270, "texture": "#0"}
			}
		},
		{
			"name": "octagon",
			"from": [8.275, 4.09289, 20.8],
			"to": [8.825, 4.75711, 25.55],
			"rotation": {"angle": 45, "axis": "x", "origin": [8.325, 4.3, 22.8]},
			"faces": {
				"north": {"uv": [11, 8, 12, 9], "texture": "#0"},
				"east": {"uv": [16, 8, 6, 9], "texture": "#0"},
				"south": {"uv": [9, 10, 12, 13], "texture": "#0"},
				"west": {"uv": [9, 10, 12, 13], "texture": "#0"},
				"up": {"uv": [9, 10, 12, 13], "texture": "#0"},
				"down": {"uv": [9, 10, 12, 13], "texture": "#0"}
			}
		},
		{
			"name": "octagon",
			"from": [7.21079, 5.75, 16],
			"to": [8.03921, 7.75, 17],
			"rotation": {"angle": 45, "axis": "z", "origin": [7.625, 6.75, 19]},
			"faces": {
				"north": {"uv": [8, 15, 9, 16], "texture": "#0"},
				"east": {"uv": [0, 15, 9, 16], "texture": "#0"},
				"south": {"uv": [10, 15, 11, 16], "texture": "#0"},
				"west": {"uv": [0, 15, 9, 16], "texture": "#0"},
				"up": {"uv": [0, 14, 2, 16], "texture": "#0"},
				"down": {"uv": [0, 14, 2, 16], "texture": "#0"}
			}
		},
		{
			"name": "octagon",
			"from": [7.21079, 5.75, 16],
			"to": [8.03921, 7.75, 17],
			"rotation": {"angle": 0, "axis": "y", "origin": [7.625, 6.75, 19]},
			"faces": {
				"north": {"uv": [8, 15, 9, 16], "texture": "#0"},
				"east": {"uv": [0, 15, 9, 16], "texture": "#0"},
				"south": {"uv": [10, 15, 11, 16], "texture": "#0"},
				"west": {"uv": [0, 15, 9, 16], "texture": "#0"},
				"up": {"uv": [0, 14, 2, 16], "texture": "#0"},
				"down": {"uv": [0, 14, 2, 16], "texture": "#0"}
			}
		},
		{
			"name": "octagon",
			"from": [6.625, 6.33579, 16],
			"to": [8.625, 7.16421, 17],
			"rotation": {"angle": 45, "axis": "z", "origin": [7.625, 6.75, 19]},
			"faces": {
				"north": {"uv": [8, 15, 9, 16], "texture": "#0"},
				"east": {"uv": [0, 14, 2, 16], "texture": "#0"},
				"south": {"uv": [10, 15, 11, 16], "texture": "#0"},
				"west": {"uv": [0, 14, 2, 16], "texture": "#0"},
				"up": {"uv": [0, 15, 9, 16], "texture": "#0"},
				"down": {"uv": [0, 15, 9, 16], "texture": "#0"}
			}
		},
		{
			"name": "octagon",
			"from": [6.625, 6.33579, 16],
			"to": [8.625, 7.16421, 17],
			"rotation": {"angle": 0, "axis": "y", "origin": [7.625, 6.75, 19]},
			"faces": {
				"north": {"uv": [8, 15, 9, 16], "texture": "#0"},
				"east": {"uv": [0, 14, 2, 16], "texture": "#0"},
				"south": {"uv": [10, 15, 11, 16], "texture": "#0"},
				"west": {"uv": [0, 14, 2, 16], "texture": "#0"},
				"up": {"uv": [0, 15, 9, 16], "texture": "#0"},
				"down": {"uv": [0, 15, 9, 16], "texture": "#0"}
			}
		},
		{
			"name": "octagon",
			"from": [-0.125, 3.75, 22.58579],
			"to": [4.875, 10.75, 24.65679],
			"rotation": {"angle": 0, "axis": "y", "origin": [2.375, 6.25, 23.62129]},
			"faces": {
				"east": {"uv": [16, 0, 0, 5], "rotation": 270, "texture": "#0"},
				"west": {"uv": [0, 0, 16, 5], "rotation": 90, "texture": "#0"},
				"up": {"uv": [8, 1, 16, 5], "rotation": 180, "texture": "#0"},
				"down": {"uv": [6, 5, 12, 8], "texture": "#0"}
			}
		},
		{
			"name": "octagon",
			"from": [1.3395, 3.75, 21.12129],
			"to": [3.4105, 10.75, 26.12129],
			"rotation": {"angle": 0, "axis": "y", "origin": [2.375, 6.25, 23.62129]},
			"faces": {
				"north": {"uv": [0, 0, 16, 5], "rotation": 90, "texture": "#0"},
				"south": {"uv": [16, 0, 0, 5], "rotation": 270, "texture": "#0"},
				"up": {"uv": [8, 1, 16, 5], "rotation": 270, "texture": "#0"},
				"down": {"uv": [6, 5, 12, 8], "rotation": 270, "texture": "#0"}
			}
		},
		{
			"name": "octagon",
			"from": [1.3395, 3.75, 21.12129],
			"to": [3.4105, 10.75, 26.12129],
			"rotation": {"angle": -45, "axis": "y", "origin": [2.375, 6.25, 23.62129]},
			"faces": {
				"north": {"uv": [0, 0, 16, 5], "rotation": 90, "texture": "#0"},
				"south": {"uv": [16, 0, 0, 5], "rotation": 270, "texture": "#0"},
				"up": {"uv": [8, 1, 16, 5], "rotation": 270, "texture": "#0"},
				"down": {"uv": [6, 5, 12, 8], "rotation": 270, "texture": "#0"}
			}
		},
		{
			"name": "octagon",
			"from": [-0.125, 3.75, 22.58579],
			"to": [4.875, 10.75, 24.65679],
			"rotation": {"angle": -45, "axis": "y", "origin": [2.375, 6.25, 23.62129]},
			"faces": {
				"east": {"uv": [0, 0, 16, 5], "rotation": 90, "texture": "#0"},
				"west": {"uv": [16, 0, 0, 5], "rotation": 270, "texture": "#0"},
				"up": {"uv": [8, 1, 16, 5], "texture": "#0"},
				"down": {"uv": [6, 5, 12, 8], "rotation": 180, "texture": "#0"}
			}
		},
		{
			"name": "octagon",
			"from": [-0.125, 10.75, 22.58579],
			"to": [4.875, 17.75, 24.65679],
			"rotation": {"angle": 0, "axis": "y", "origin": [2.375, 13.25, 23.62129]},
			"faces": {
				"east": {"uv": [0, 0, 16, 5], "rotation": 270, "texture": "#0"},
				"west": {"uv": [16, 0, 0, 5], "rotation": 90, "texture": "#0"},
				"up": {"uv": [6, 5, 12, 8], "rotation": 180, "texture": "#0"},
				"down": {"uv": [8, 1, 16, 5], "texture": "#0"}
			}
		},
		{
			"name": "octagon",
			"from": [1.3395, 10.75, 21.12129],
			"to": [3.4105, 17.75, 26.12129],
			"rotation": {"angle": 0, "axis": "y", "origin": [2.375, 13.25, 23.62129]},
			"faces": {
				"north": {"uv": [16, 0, 0, 5], "rotation": 90, "texture": "#0"},
				"south": {"uv": [0, 0, 16, 5], "rotation": 270, "texture": "#0"},
				"up": {"uv": [6, 5, 11, 8], "rotation": 270, "texture": "#0"},
				"down": {"uv": [6, 5, 11, 8], "rotation": 270, "texture": "#0"}
			}
		},
		{
			"name": "octagon",
			"from": [1.3395, 10.75, 21.12129],
			"to": [3.4105, 17.75, 26.12129],
			"rotation": {"angle": -45, "axis": "y", "origin": [2.375, 13.25, 23.62129]},
			"faces": {
				"north": {"uv": [16, 0, 0, 5], "rotation": 90, "texture": "#0"},
				"south": {"uv": [0, 0, 16, 5], "rotation": 270, "texture": "#0"},
				"up": {"uv": [6, 5, 11, 8], "rotation": 270, "texture": "#0"},
				"down": {"uv": [6, 5, 11, 8], "rotation": 270, "texture": "#0"}
			}
		},
		{
			"name": "octagon",
			"from": [-0.125, 10.75, 22.58579],
			"to": [4.875, 17.75, 24.65679],
			"rotation": {"angle": -45, "axis": "y", "origin": [2.375, 13.25, 23.62129]},
			"faces": {
				"east": {"uv": [16, 0, 0, 5], "rotation": 90, "texture": "#0"},
				"west": {"uv": [0, 0, 16, 5], "rotation": 270, "texture": "#0"},
				"up": {"uv": [6, 5, 11, 8], "texture": "#0"},
				"down": {"uv": [6, 5, 11, 8], "rotation": 180, "texture": "#0"}
			}
		},
		{
			"name": "octagon",
			"from": [-3.2892, 6.75, 22.99999],
			"to": [-0.2892, 11.75, 24.24259],
			"rotation": {"angle": 0, "axis": "y", "origin": [-1.7892, 6.75, 23.62129]},
			"faces": {
				"east": {"uv": [16, 0, 5, 5], "rotation": 90, "texture": "#0"},
				"west": {"uv": [5, 0, 16, 5], "rotation": 270, "texture": "#0"},
				"up": {"uv": [6, 5, 11, 8], "texture": "#0"},
				"down": {"uv": [6, 5, 11, 8], "rotation": 180, "texture": "#0"}
			}
		},
		{
			"name": "octagon",
			"from": [-2.4105, 6.75, 22.12129],
			"to": [-1.1679, 11.75, 25.12129],
			"rotation": {"angle": 45, "axis": "y", "origin": [-1.7892, 6.75, 23.62129]},
			"faces": {
				"north": {"uv": [5, 0, 16, 5], "rotation": 270, "texture": "#0"},
				"south": {"uv": [16, 0, 5, 5], "rotation": 90, "texture": "#0"},
				"up": {"uv": [6, 5, 11, 8], "rotation": 90, "texture": "#0"},
				"down": {"uv": [6, 5, 11, 8], "rotation": 90, "texture": "#0"}
			}
		},
		{
			"name": "octagon",
			"from": [-2.4105, 6.75, 22.12129],
			"to": [-1.1679, 11.75, 25.12129],
			"rotation": {"angle": -45, "axis": "y", "origin": [-1.7892, 6.75, 23.62129]},
			"faces": {
				"north": {"uv": [5, 0, 16, 5], "rotation": 270, "texture": "#0"},
				"south": {"uv": [16, 0, 5, 5], "rotation": 90, "texture": "#0"},
				"up": {"uv": [6, 5, 11, 8], "rotation": 90, "texture": "#0"},
				"down": {"uv": [6, 5, 11, 8], "rotation": 90, "texture": "#0"}
			}
		},
		{
			"name": "octagon",
			"from": [-2.4105, 6.75, 22.12129],
			"to": [-1.1679, 11.75, 25.12129],
			"rotation": {"angle": 0, "axis": "y", "origin": [-1.7892, 6.75, 23.62129]},
			"faces": {
				"north": {"uv": [16, 0, 5, 5], "rotation": 90, "texture": "#0"},
				"south": {"uv": [5, 0, 16, 5], "rotation": 270, "texture": "#0"},
				"up": {"uv": [6, 5, 11, 8], "rotation": 270, "texture": "#0"},
				"down": {"uv": [6, 5, 11, 8], "rotation": 270, "texture": "#0"}
			}
		},
		{
			"name": "octagon",
			"from": [7.21079, 5.75, 9],
			"to": [8.03921, 7.75, 14],
			"rotation": {"angle": 45, "axis": "z", "origin": [7.625, 6.75, 12]},
			"faces": {
				"north": {"uv": [8, 15, 9, 16], "texture": "#0"},
				"east": {"uv": [0, 15, 9, 16], "texture": "#0"},
				"south": {"uv": [10, 15, 11, 16], "texture": "#0"},
				"west": {"uv": [0, 15, 9, 16], "texture": "#0"},
				"up": {"uv": [0, 12, 9, 14], "rotation": 90, "texture": "#0"},
				"down": {"uv": [9, 12, 0, 14], "rotation": 90, "texture": "#0"}
			}
		},
		{
			"name": "octagon",
			"from": [7.21079, 5.75, 9],
			"to": [8.03921, 7.75, 14],
			"rotation": {"angle": 0, "axis": "y", "origin": [7.625, 6.75, 12]},
			"faces": {
				"north": {"uv": [8, 15, 9, 16], "texture": "#0"},
				"east": {"uv": [0, 15, 9, 16], "texture": "#0"},
				"south": {"uv": [8, 15, 9, 16], "texture": "#0"},
				"west": {"uv": [0, 15, 9, 16], "texture": "#0"},
				"up": {"uv": [0, 10, 9, 12], "rotation": 90, "texture": "#0"},
				"down": {"uv": [9, 14, 0, 16], "rotation": 90, "texture": "#0"}
			}
		},
		{
			"name": "octagon",
			"from": [6.625, 6.33579, 9],
			"to": [8.625, 7.16421, 14],
			"rotation": {"angle": 45, "axis": "z", "origin": [7.625, 6.75, 12]},
			"faces": {
				"north": {"uv": [8, 15, 9, 16], "texture": "#0"},
				"east": {"uv": [9, 12, 0, 14], "texture": "#0"},
				"south": {"uv": [10, 15, 11, 16], "texture": "#0"},
				"west": {"uv": [0, 12, 9, 14], "texture": "#0"},
				"up": {"uv": [0, 15, 9, 16], "texture": "#0"},
				"down": {"uv": [0, 15, 9, 16], "texture": "#0"}
			}
		},
		{
			"name": "octagon",
			"from": [6.625, 6.33579, 9],
			"to": [8.625, 7.16421, 14],
			"rotation": {"angle": 0, "axis": "y", "origin": [7.625, 6.75, 12]},
			"faces": {
				"north": {"uv": [8, 15, 9, 16], "texture": "#0"},
				"east": {"uv": [9, 14, 0, 16], "texture": "#0"},
				"south": {"uv": [10, 15, 11, 16], "texture": "#0"},
				"west": {"uv": [0, 14, 9, 16], "texture": "#0"},
				"up": {"uv": [0, 15, 9, 16], "texture": "#0"},
				"down": {"uv": [0, 15, 9, 16], "texture": "#0"}
			}
		}
	],
	"display": {
		"thirdperson_righthand": {
			"rotation": [70, 0, 0],
			"translation": [0, 7, 0],
			"scale": [1.1, 1.1, 1.1]
		},
		"thirdperson_lefthand": {
			"translation": [-12.5, 2.75, 1]
		},
		"firstperson_righthand": {
			"translation": [-0.5, 4.5, 1.25]
		},
		"firstperson_lefthand": {
			"translation": [0, 80, 0]
		},
		"ground": {
			"rotation": [90, 0, 90],
			"translation": [-1.75, 13.5, 0.5]
		},
		"gui": {
			"rotation": [17, 160, 0],
			"translation": [-10, -5, 0],
			"scale": [1.1, 1.1, 1.1]
		},
		"fixed": {
			"rotation": [0, -90, 0],
			"translation": [10.75, -3, -1.5],
			"scale": [1.5, 1.5, 1.5]
		}
	},
	"groups": [
		{
			"name": "octagon",
			"origin": [8, 8, 8],
			"color": 0,
			"children": [0, 1, 2, 3, 4, 5, 6, 7]
		},
		{
			"name": "octagon",
			"origin": [8, 8, 8],
			"color": 0,
			"children": [8, 9, 10, 11, 12, 13, 14, 15]
		},
		{
			"name": "octagon",
			"origin": [8, 8, 8],
			"color": 0,
			"children": [16, 17, 18, 19, 20, 21, 22, 23]
		},
		{
			"name": "octagon",
			"origin": [8, 8, 8],
			"color": 0,
			"children": [24, 25, 26, 27, 28, 29, 30, 31, 32, 33, 34, 35, 36, 37, 38, 39, 40, 41, 42, 43, 44, 45]
		},
		{
			"name": "octagon",
			"origin": [8, 8, 8],
			"color": 0,
			"children": [46, 47, 48, 49]
		},
		{
			"name": "canister",
			"origin": [8, 8, 8],
			"color": 0,
			"children": [50, 51, 52, 53]
		},
		{
			"name": "canister",
			"origin": [8, 8, 8],
			"color": 0,
			"children": [54, 55, 56, 57]
		},
		{
			"name": "canister",
			"origin": [8, 8, 8],
			"color": 0,
			"children": [58, 59, 60, 61]
		},
		{
			"name": "octagon",
			"origin": [8, 8, 8],
			"color": 0,
			"children": [62, 63, 64, 65]
		}
	]
}