{
	"format_version": "1.21.6",
	"credit": "Made with Blockbench",
	"textures": {
		"0": "chems_guns:item/gun_ammo/fury_rocket_launcher_empty",
		"particle": "chems_guns:item/gun_ammo/fury_rocket_launcher_empty"
	},
	"elements": [
		{
			"from": [12, 6, -7],
			"to": [13, 11, 21],
			"rotation": {"angle": 0, "axis": "y", "origin": [16, 14, 12]},
			"faces": {
				"north": {"uv": [0, 0, 0.5, 2.5], "texture": "#0"},
				"east": {"uv": [0, 0, 14, 2.5], "texture": "#0"},
				"south": {"uv": [0, 0, 0.5, 2.5], "texture": "#0"},
				"west": {"uv": [0, 0, 14, 2.5], "texture": "#0"},
				"up": {"uv": [15.5, 0, 16, 14], "texture": "#0"},
				"down": {"uv": [15.5, 0, 16, 13.5], "texture": "#0"}
			}
		},
		{
			"from": [8, 6, -7],
			"to": [9, 11, 21],
			"rotation": {"angle": 0, "axis": "y", "origin": [16, 14, 12]},
			"faces": {
				"north": {"uv": [0, 0, 0.5, 2.5], "texture": "#0"},
				"east": {"uv": [0, 0, 14, 2.5], "texture": "#0"},
				"south": {"uv": [0, 0, 0.5, 2.5], "texture": "#0"},
				"west": {"uv": [0, 0, 14, 2.5], "texture": "#0"},
				"up": {"uv": [15.5, 0, 16, 14], "texture": "#0"},
				"down": {"uv": [15.5, 0, 16, 14], "texture": "#0"}
			}
		},
		{
			"from": [7.5, 7, -3],
			"to": [8, 10, 6],
			"rotation": {"angle": 0, "axis": "y", "origin": [15, 13, 15]},
			"faces": {
				"north": {"uv": [0, 14.5, 0.5, 16], "texture": "#0"},
				"east": {"uv": [0, 0, 8, 3], "texture": "#0"},
				"south": {"uv": [0, 14.5, 0.5, 16], "texture": "#0"},
				"west": {"uv": [0, 14.5, 4, 16], "texture": "#0"},
				"up": {"uv": [0, 15, 0.5, 16], "texture": "#0"},
				"down": {"uv": [0, 14.5, 0.5, 16], "texture": "#0"}
			}
		},
		{
			"from": [9, 6, -7],
			"to": [12, 7, 21],
			"rotation": {"angle": 0, "axis": "y", "origin": [16, 10, 12]},
			"faces": {
				"north": {"uv": [0, 0, 1.5, 0.5], "texture": "#0"},
				"east": {"uv": [0, 0, 16, 1], "texture": "#0"},
				"south": {"uv": [0, 0, 1.5, 0.5], "texture": "#0"},
				"west": {"uv": [0, 0, 16, 1], "texture": "#0"},
				"up": {"uv": [14.5, 0, 16, 14], "texture": "#0"},
				"down": {"uv": [14.5, 0, 16, 14], "texture": "#0"}
			}
		},
		{
			"from": [9, 7, 0],
			"to": [15, 13, 18],
			"rotation": {"angle": 0, "axis": "y", "origin": [19, 11, 17]},
			"faces": {
				"north": {"uv": [7, 10, 10, 13], "texture": "#0"},
				"east": {"uv": [4, 13, 13, 16], "texture": "#0"},
				"south": {"uv": [7, 10, 10, 13], "texture": "#0"},
				"west": {"uv": [4, 13, 13, 16], "texture": "#0"},
				"up": {"uv": [10, 4, 13, 13], "texture": "#0"},
				"down": {"uv": [10, 7, 13, 16], "texture": "#0"}
			}
		},
		{
			"from": [10, 8, -1],
			"to": [14, 12, 0],
			"rotation": {"angle": 0, "axis": "y", "origin": [19, 11, 17]},
			"faces": {
				"north": {"uv": [7, 10, 9, 12], "texture": "#0"},
				"east": {"uv": [7, 10, 7.5, 12], "texture": "#0"},
				"south": {"uv": [7, 10, 10, 13], "texture": "#0"},
				"west": {"uv": [7, 10, 7.5, 12], "texture": "#0"},
				"up": {"uv": [7, 10, 9, 10.5], "texture": "#0"},
				"down": {"uv": [10, 7, 13, 16], "texture": "#0"}
			}
		},
		{
			"from": [10, 8, 18],
			"to": [14, 12, 19],
			"rotation": {"angle": 0, "axis": "y", "origin": [19, 11, 36]},
			"faces": {
				"north": {"uv": [7, 10, 9, 12], "texture": "#0"},
				"east": {"uv": [7, 10, 7.5, 12], "texture": "#0"},
				"south": {"uv": [7, 10, 9, 12], "texture": "#0"},
				"west": {"uv": [7, 10, 7.5, 12.5], "texture": "#0"},
				"up": {"uv": [7, 10, 9, 10.5], "texture": "#0"},
				"down": {"uv": [7, 12.5, 9, 13], "texture": "#0"}
			}
		},
		{
			"from": [9, 10, -7],
			"to": [12, 11, 21],
			"rotation": {"angle": 0, "axis": "y", "origin": [16, 14, 12]},
			"faces": {
				"north": {"uv": [0, 0, 1.5, 0.5], "texture": "#0"},
				"east": {"uv": [0, 0, 16, 1], "texture": "#0"},
				"south": {"uv": [0, 0, 1.5, 0.5], "texture": "#0"},
				"west": {"uv": [0, 0, 16, 1], "texture": "#0"},
				"up": {"uv": [14.5, 0, 16, 14], "texture": "#0"},
				"down": {"uv": [14.5, 0, 16, 14], "texture": "#0"}
			}
		},
		{
			"from": [9, 7, 20],
			"to": [12, 10, 21],
			"rotation": {"angle": 0, "axis": "y", "origin": [16, 14, 12]},
			"faces": {
				"north": {"uv": [3.5, 0.5, 5, 2], "texture": "#0"},
				"east": {"uv": [0, 0, 1, 3], "texture": "#0"},
				"south": {"uv": [10.5, 0, 12, 1.5], "texture": "#0"},
				"west": {"uv": [0, 0, 1, 3], "texture": "#0"},
				"up": {"uv": [0, 0, 3, 1], "texture": "#0"},
				"down": {"uv": [0, 0, 3, 1], "texture": "#0"}
			}
		},
		{
			"from": [9.0009, 3.0625, -3.125],
			"to": [12.0009, 4.0625, 0.0625],
			"rotation": {"angle": 0, "axis": "y", "origin": [16, 11.0625, 13.875]},
			"faces": {
				"north": {"uv": [3, 0, 6, 1], "texture": "#0"},
				"east": {"uv": [10.5, 0, 12.188, 0.5], "texture": "#0"},
				"south": {"uv": [0, 0, 3, 1], "texture": "#0"},
				"west": {"uv": [3, 0, 6.188, 1], "texture": "#0"},
				"up": {"uv": [3.5, 0, 5.5, 1.188], "texture": "#0"},
				"down": {"uv": [5, 0.5, 8, 1.188], "texture": "#0"}
			}
		},
		{
			"from": [9, 0.5, -0.5],
			"to": [12, 6.5625, 1.5],
			"rotation": {"angle": -22.5, "axis": "x", "origin": [10.5, 4.5, 0.5]},
			"faces": {
				"north": {"uv": [14.5, 0, 16, 3.063], "texture": "#0"},
				"east": {"uv": [15, 0, 16, 3.063], "texture": "#0"},
				"south": {"uv": [14.5, 0, 16, 2.563], "texture": "#0"},
				"west": {"uv": [15, 0, 16, 3.063], "texture": "#0"},
				"up": {"uv": [0, 0, 3, 2], "texture": "#0"},
				"down": {"uv": [14.5, 0, 16, 1], "texture": "#0"}
			}
		},
		{
			"from": [9, 3, -3.75],
			"to": [12, 6.5625, -2.75],
			"rotation": {"angle": -22.5, "axis": "x", "origin": [10.5, 4.5, -3.75]},
			"faces": {
				"north": {"uv": [14.5, 0, 16, 2.063], "texture": "#0"},
				"east": {"uv": [15.5, 0, 16, 2.563], "texture": "#0"},
				"south": {"uv": [14.5, 0, 16, 2.063], "texture": "#0"},
				"west": {"uv": [15.5, 0, 16, 2.563], "texture": "#0"},
				"up": {"uv": [0, 0, 3, 1], "texture": "#0"},
				"down": {"uv": [0, 0, 3, 1], "texture": "#0"}
			}
		}
	],
	"display": {
		"thirdperson_righthand": {
			"translation": [-2.25, 1.75, 10.25]
		},
		"thirdperson_lefthand": {
			"rotation": [-24, 152, 0],
			"translation": [-9.25, -9.5, 10.25]
		},
		"firstperson_righthand": {
			"translation": [0, 3.75, 7.5]
		},
		"firstperson_lefthand": {
			"translation": [-18, 3.75, 7.5]
		},
		"ground": {
			"rotation": [0, 0, 90],
			"translation": [-0.75, -3.5, 0.5],
			"scale": [0.7, 0.7, 0.7]
		},
		"gui": {
			"rotation": [20, 55, 4],
			"translation": [0.25, -0.75, 0],
			"scale": [0.9, 0.9, 0.9]
		},
		"head": {
			"translation": [-2.5, 2, -14.5]
		},
		"fixed": {
			"rotation": [0, -89, 0],
			"translation": [-1, 0, -2]
		}
	}
}