{
	"format_version": "1.21.6",
	"credit": "Made with Blockbench",
	"textures": {
		"0": "chems_guns:item/gun_ammo/rpg7",
		"particle": "chems_guns:item/gun_ammo/rpg7"
	},
	"elements": [
		{
			"from": [6.46521, 2.02979, 4.8],
			"to": [6.83479, 2.52979, 7.2],
			"rotation": {"angle": -22.5, "axis": "x", "origin": [6.65, 2.47979, 5.95]},
			"faces": {
				"north": {"uv": [3, 10, 4, 12.5], "texture": "#0"},
				"east": {"uv": [6, 11.5, 0, 12.5], "texture": "#0"},
				"south": {"uv": [13.5, 1, 14.5, 2.5], "texture": "#0"},
				"west": {"uv": [0, 10, 6, 11], "texture": "#0"},
				"up": {"uv": [0, 5.5, 6.5, 6.5], "rotation": 90, "texture": "#0"},
				"down": {"uv": [0, 5.5, 6.5, 6.5], "rotation": 90, "texture": "#0"}
			}
		},
		{
			"from": [6.465, 2.02979, 4.8],
			"to": [6.8342, 2.92979, 5.9],
			"rotation": {"angle": 0, "axis": "y", "origin": [6.65, 2.47979, 4.95]},
			"faces": {
				"north": {"uv": [3, 10, 4, 12.5], "texture": "#0"},
				"east": {"uv": [0, 10, 2, 11.5], "texture": "#0"},
				"south": {"uv": [13.5, 1, 14.5, 2.5], "texture": "#0"},
				"west": {"uv": [0, 10, 2, 11.5], "texture": "#0"},
				"up": {"uv": [0, 5.5, 2.5, 6.5], "rotation": 90, "texture": "#0"},
				"down": {"uv": [0, 5.5, 6.5, 6.5], "rotation": 90, "texture": "#0"}
			}
		},
		{
			"from": [6.4651, 1.6299, 3.8],
			"to": [6.8345, 2.9299, 5.1],
			"rotation": {"angle": 0, "axis": "y", "origin": [6.65, 2.47979, 3.95]},
			"faces": {
				"north": {"uv": [3, 10, 4, 12.5], "texture": "#0"},
				"east": {"uv": [0, 10, 2.5, 12.5], "texture": "#0"},
				"south": {"uv": [13.5, 1, 14.5, 2.5], "texture": "#0"},
				"west": {"uv": [0, 10, 2.5, 12.5], "texture": "#0"},
				"up": {"uv": [3.5, 5.5, 6.5, 6.5], "rotation": 90, "texture": "#0"},
				"down": {"uv": [0, 5.5, 6.5, 6.5], "rotation": 90, "texture": "#0"}
			}
		},
		{
			"from": [6.4651, 2.47, 5.92],
			"to": [6.8345, 2.87, 6.72],
			"rotation": {"angle": 22.5, "axis": "x", "origin": [6.65, 2.97979, 6.05]},
			"faces": {
				"north": {"uv": [3, 10, 4, 12.5], "texture": "#0"},
				"east": {"uv": [0, 10, 2, 11], "texture": "#0"},
				"south": {"uv": [13.5, 1, 14.5, 2.5], "texture": "#0"},
				"west": {"uv": [0, 10, 2, 11], "texture": "#0"},
				"up": {"uv": [3, 5.5, 5, 6.5], "rotation": 90, "texture": "#0"},
				"down": {"uv": [0, 5.5, 6.5, 6.5], "rotation": 90, "texture": "#0"}
			}
		},
		{
			"from": [6.41, 2.27, 6.99515],
			"to": [6.91, 3.17, 10.54515],
			"rotation": {"angle": 0, "axis": "x", "origin": [6.66, 2.27, 8.99515]},
			"faces": {
				"north": {"uv": [12, 7, 9.5, 8.5], "rotation": 270, "texture": "#0"},
				"east": {"uv": [4, 7.5, 13, 10], "texture": "#0"},
				"south": {"uv": [5, 5.5, 7, 4], "rotation": 90, "texture": "#0"},
				"west": {"uv": [4, 7.5, 13, 10], "texture": "#0"},
				"up": {"uv": [4, 8.5, 13, 10], "rotation": 90, "texture": "#0"},
				"down": {"uv": [5, 5.5, 7, 4], "texture": "#0"}
			}
		},
		{
			"from": [6.25, 3.1702, 8.39515],
			"to": [7.07133, 3.4202, 10.39515],
			"rotation": {"angle": 0, "axis": "y", "origin": [6.66067, 3.32, 9.39515]},
			"faces": {
				"north": {"uv": [11, 10, 10.5, 13.5], "rotation": 270, "texture": "#0"},
				"east": {"uv": [6.5, 11.5, 11.5, 12], "texture": "#0"},
				"south": {"uv": [11, 13.5, 11.5, 10], "rotation": 90, "texture": "#0"},
				"west": {"uv": [6.5, 11.5, 11.5, 12], "texture": "#0"},
				"up": {"uv": [6, 10, 12.5, 13.5], "rotation": 90, "texture": "#0"},
				"down": {"uv": [7.5, 12, 12, 11], "texture": "#0"}
			}
		},
		{
			"from": [6.25, 3.17, 8.39515],
			"to": [7.07133, 3.42, 10.39515],
			"rotation": {"angle": 45, "axis": "y", "origin": [6.66067, 3.32, 9.39515]},
			"faces": {
				"north": {"uv": [8, 10, 7.5, 13.5], "rotation": 270, "texture": "#0"},
				"east": {"uv": [6.5, 11.5, 11.5, 12], "texture": "#0"},
				"south": {"uv": [7, 13.5, 7.5, 10], "rotation": 90, "texture": "#0"},
				"west": {"uv": [6.5, 11.5, 11.5, 12], "texture": "#0"},
				"up": {"uv": [6, 10, 12.5, 13.5], "rotation": 90, "texture": "#0"},
				"down": {"uv": [7.5, 12, 12, 11], "texture": "#0"}
			}
		},
		{
			"from": [5.66067, 3.1701, 8.98448],
			"to": [7.66067, 3.4201, 9.80582],
			"rotation": {"angle": 0, "axis": "y", "origin": [6.66067, 3.32, 9.39515]},
			"faces": {
				"north": {"uv": [6.5, 11.5, 11.5, 12], "texture": "#0"},
				"east": {"uv": [10.5, 13.5, 11, 10], "rotation": 90, "texture": "#0"},
				"south": {"uv": [6.5, 11.5, 11.5, 12], "texture": "#0"},
				"west": {"uv": [12.5, 10, 12, 13.5], "rotation": 270, "texture": "#0"},
				"up": {"uv": [6, 10, 12.5, 13.5], "texture": "#0"},
				"down": {"uv": [7.5, 12, 12, 11], "rotation": 90, "texture": "#0"}
			}
		},
		{
			"from": [5.66067, 3.17, 8.98448],
			"to": [7.66067, 3.42, 9.80582],
			"rotation": {"angle": 45, "axis": "y", "origin": [6.66067, 3.32, 9.39515]},
			"faces": {
				"north": {"uv": [6.5, 11.5, 11.5, 12], "texture": "#0"},
				"east": {"uv": [7.5, 13.5, 8, 10], "rotation": 90, "texture": "#0"},
				"south": {"uv": [6.5, 11.5, 11.5, 12], "texture": "#0"},
				"west": {"uv": [11, 10, 10.5, 13.5], "rotation": 270, "texture": "#0"},
				"up": {"uv": [6, 10, 12.5, 13.5], "texture": "#0"},
				"down": {"uv": [7.5, 12, 12, 11], "rotation": 90, "texture": "#0"}
			}
		},
		{
			"from": [6.411, 1.92, 8.79515],
			"to": [6.909, 2.62, 9.39515],
			"rotation": {"angle": 0, "axis": "y", "origin": [6.66, 2.12, 9.04515]},
			"faces": {
				"north": {"uv": [7, 4, 5, 5.5], "rotation": 270, "texture": "#0"},
				"east": {"uv": [5, 4, 7, 5.5], "rotation": 90, "texture": "#0"},
				"south": {"uv": [5, 5.5, 7, 4], "rotation": 90, "texture": "#0"},
				"west": {"uv": [5, 4, 7, 5.5], "rotation": 90, "texture": "#0"},
				"up": {"uv": [5, 4, 7, 5.5], "rotation": 180, "texture": "#0"},
				"down": {"uv": [5, 5.5, 7, 4], "texture": "#0"}
			}
		},
		{
			"from": [6.65, -0.08, 13.19515],
			"to": [6.848, 2.62, 13.39515],
			"rotation": {"angle": 22.5, "axis": "z", "origin": [6.749, 2.57, 13.29515]},
			"faces": {
				"north": {"uv": [9, 8.5, 4.5, 9], "rotation": 270, "texture": "#0"},
				"east": {"uv": [6, 8.5, 10.5, 9], "rotation": 90, "texture": "#0"},
				"south": {"uv": [5.5, 9, 10, 8.5], "rotation": 90, "texture": "#0"},
				"west": {"uv": [6.5, 7.5, 11, 8], "rotation": 90, "texture": "#0"},
				"up": {"uv": [5, 4, 7, 5.5], "rotation": 180, "texture": "#0"},
				"down": {"uv": [6, 8.5, 6.5, 8], "texture": "#0"}
			}
		},
		{
			"from": [6.45, -0.08, 13.19515],
			"to": [6.648, 2.62, 13.39515],
			"rotation": {"angle": -22.5, "axis": "z", "origin": [6.549, 2.57, 13.29515]},
			"faces": {
				"north": {"uv": [9, 8.5, 4.5, 9], "rotation": 270, "texture": "#0"},
				"east": {"uv": [6, 8.5, 10.5, 9], "rotation": 90, "texture": "#0"},
				"south": {"uv": [5.5, 9, 10, 8.5], "rotation": 90, "texture": "#0"},
				"west": {"uv": [6.5, 7.5, 11, 8], "rotation": 90, "texture": "#0"},
				"up": {"uv": [5, 4, 7, 5.5], "rotation": 180, "texture": "#0"},
				"down": {"uv": [6, 8.5, 6.5, 8], "texture": "#0"}
			}
		},
		{
			"from": [6.45, 3.32, 13.2953],
			"to": [6.548, 3.72, 13.3953],
			"rotation": {"angle": 0, "axis": "z", "origin": [6.449, 5.97, 13.29515]},
			"faces": {
				"north": {"uv": [9, 8.5, 4.5, 9], "rotation": 270, "texture": "#0"},
				"east": {"uv": [6, 8.5, 10.5, 9], "rotation": 90, "texture": "#0"},
				"south": {"uv": [5.5, 9, 10, 8.5], "rotation": 90, "texture": "#0"},
				"west": {"uv": [6.5, 7.5, 11, 8], "rotation": 90, "texture": "#0"},
				"up": {"uv": [5, 4, 7, 5.5], "rotation": 180, "texture": "#0"},
				"down": {"uv": [6, 8.5, 6.5, 8], "texture": "#0"}
			}
		},
		{
			"from": [6.399, 3.671, 13.29515],
			"to": [6.899, 3.769, 13.39515],
			"rotation": {"angle": 0, "axis": "z", "origin": [6.499, 3.72, 13.34515]},
			"faces": {
				"north": {"uv": [9, 8.5, 4.5, 9], "texture": "#0"},
				"east": {"uv": [6, 8.5, 6.5, 8], "rotation": 270, "texture": "#0"},
				"south": {"uv": [5.5, 9, 10, 8.5], "texture": "#0"},
				"west": {"uv": [5, 4, 7, 5.5], "rotation": 90, "texture": "#0"},
				"up": {"uv": [6, 8.5, 10.5, 9], "texture": "#0"},
				"down": {"uv": [6.5, 7.5, 11, 8], "texture": "#0"}
			}
		},
		{
			"from": [6.399, 3.871, 13.29515],
			"to": [6.899, 3.921, 13.39515],
			"rotation": {"angle": 0, "axis": "y", "origin": [6.499, 3.92, 13.34515]},
			"faces": {
				"north": {"uv": [9, 8.5, 4.5, 9], "texture": "#0"},
				"east": {"uv": [6, 8.5, 6.5, 8], "rotation": 270, "texture": "#0"},
				"south": {"uv": [5.5, 9, 10, 8.5], "texture": "#0"},
				"west": {"uv": [5, 4, 7, 5.5], "rotation": 90, "texture": "#0"},
				"up": {"uv": [6, 8.5, 10.5, 9], "texture": "#0"},
				"down": {"uv": [6.5, 7.5, 11, 8], "texture": "#0"}
			}
		},
		{
			"from": [6.624, 3.9, 13.2953],
			"to": [6.674, 4.05, 13.3953],
			"rotation": {"angle": 0, "axis": "z", "origin": [6.649, 3.896, 13.34515]},
			"faces": {
				"north": {"uv": [9, 8.5, 4.5, 9], "rotation": 90, "texture": "#0"},
				"east": {"uv": [6.5, 7.5, 11, 8], "rotation": 270, "texture": "#0"},
				"south": {"uv": [5.5, 9, 10, 8.5], "rotation": 270, "texture": "#0"},
				"west": {"uv": [6, 8.5, 10.5, 9], "rotation": 270, "texture": "#0"},
				"up": {"uv": [6, 8.5, 6.5, 8], "rotation": 180, "texture": "#0"},
				"down": {"uv": [5, 4, 7, 5.5], "texture": "#0"}
			}
		},
		{
			"from": [6.399, 3.871, 13.29515],
			"to": [6.899, 3.921, 13.39515],
			"rotation": {"angle": 0, "axis": "y", "origin": [6.499, 3.92, 13.34515]},
			"faces": {
				"north": {"uv": [9, 8.5, 4.5, 9], "texture": "#0"},
				"east": {"uv": [6, 8.5, 6.5, 8], "rotation": 270, "texture": "#0"},
				"south": {"uv": [5.5, 9, 10, 8.5], "texture": "#0"},
				"west": {"uv": [5, 4, 7, 5.5], "rotation": 90, "texture": "#0"},
				"up": {"uv": [6, 8.5, 10.5, 9], "texture": "#0"},
				"down": {"uv": [6.5, 7.5, 11, 8], "texture": "#0"}
			}
		},
		{
			"from": [6.399, 4.03, 13.29515],
			"to": [6.899, 4.08, 13.39515],
			"rotation": {"angle": 0, "axis": "y", "origin": [6.499, 4.02, 13.34515]},
			"faces": {
				"north": {"uv": [9, 8.5, 4.5, 9], "texture": "#0"},
				"east": {"uv": [6, 8.5, 6.5, 8], "rotation": 270, "texture": "#0"},
				"south": {"uv": [5.5, 9, 10, 8.5], "texture": "#0"},
				"west": {"uv": [5, 4, 7, 5.5], "rotation": 90, "texture": "#0"},
				"up": {"uv": [6, 8.5, 10.5, 9], "texture": "#0"},
				"down": {"uv": [6.5, 7.5, 11, 8], "texture": "#0"}
			}
		},
		{
			"from": [6.399, 4.171, 13.29515],
			"to": [6.899, 4.269, 13.39515],
			"rotation": {"angle": 0, "axis": "y", "origin": [6.499, 4.22, 13.34515]},
			"faces": {
				"north": {"uv": [9, 8.5, 4.5, 9], "texture": "#0"},
				"east": {"uv": [6, 8.5, 6.5, 8], "rotation": 270, "texture": "#0"},
				"south": {"uv": [5.5, 9, 10, 8.5], "texture": "#0"},
				"west": {"uv": [5, 4, 7, 5.5], "rotation": 90, "texture": "#0"},
				"up": {"uv": [6, 8.5, 10.5, 9], "texture": "#0"},
				"down": {"uv": [6.5, 7.5, 11, 8], "texture": "#0"}
			}
		},
		{
			"from": [6.75, 3.32, 13.2953],
			"to": [6.848, 3.72, 13.3953],
			"rotation": {"angle": 0, "axis": "y", "origin": [6.749, 5.97, 13.29515]},
			"faces": {
				"north": {"uv": [9, 8.5, 4.5, 9], "rotation": 270, "texture": "#0"},
				"east": {"uv": [6, 8.5, 10.5, 9], "rotation": 90, "texture": "#0"},
				"south": {"uv": [5.5, 9, 10, 8.5], "rotation": 90, "texture": "#0"},
				"west": {"uv": [6.5, 7.5, 11, 8], "rotation": 90, "texture": "#0"},
				"up": {"uv": [5, 4, 7, 5.5], "rotation": 180, "texture": "#0"},
				"down": {"uv": [6, 8.5, 6.5, 8], "texture": "#0"}
			}
		},
		{
			"from": [6.85, 3.72, 13.2951],
			"to": [6.948, 4.22, 13.3951],
			"rotation": {"angle": 0, "axis": "y", "origin": [6.849, 6.37, 13.29515]},
			"faces": {
				"north": {"uv": [9, 8.5, 4.5, 9], "rotation": 270, "texture": "#0"},
				"east": {"uv": [6, 8.5, 10.5, 9], "rotation": 90, "texture": "#0"},
				"south": {"uv": [5.5, 9, 10, 8.5], "rotation": 90, "texture": "#0"},
				"west": {"uv": [6.5, 7.5, 11, 8], "rotation": 90, "texture": "#0"},
				"up": {"uv": [5, 4, 7, 5.5], "rotation": 180, "texture": "#0"},
				"down": {"uv": [6, 8.5, 6.5, 8], "texture": "#0"}
			}
		},
		{
			"from": [6.35, 3.72, 13.2951],
			"to": [6.448, 4.22, 13.3951],
			"rotation": {"angle": 0, "axis": "y", "origin": [6.349, 6.37, 13.29515]},
			"faces": {
				"north": {"uv": [9, 8.5, 4.5, 9], "rotation": 270, "texture": "#0"},
				"east": {"uv": [6, 8.5, 10.5, 9], "rotation": 90, "texture": "#0"},
				"south": {"uv": [5.5, 9, 10, 8.5], "rotation": 90, "texture": "#0"},
				"west": {"uv": [6.5, 7.5, 11, 8], "rotation": 90, "texture": "#0"},
				"up": {"uv": [5, 4, 7, 5.5], "rotation": 180, "texture": "#0"},
				"down": {"uv": [6, 8.5, 6.5, 8], "texture": "#0"}
			}
		},
		{
			"from": [6.611, 2.02, 7.49515],
			"to": [6.709, 2.72, 7.99515],
			"rotation": {"angle": 0, "axis": "y", "origin": [6.66, 2.22, 7.74515]},
			"faces": {
				"north": {"uv": [7, 4, 5, 5.5], "rotation": 270, "texture": "#0"},
				"east": {"uv": [5, 4, 7, 5.5], "rotation": 90, "texture": "#0"},
				"south": {"uv": [5, 5.5, 7, 4], "rotation": 90, "texture": "#0"},
				"west": {"uv": [5, 4, 7, 5.5], "rotation": 90, "texture": "#0"},
				"up": {"uv": [5, 4, 7, 5.5], "rotation": 180, "texture": "#0"},
				"down": {"uv": [5, 5.5, 7, 4], "texture": "#0"}
			}
		},
		{
			"from": [6.511, 1.52, 6.99515],
			"to": [6.809, 2.57, 7.49515],
			"rotation": {"angle": 22.5, "axis": "x", "origin": [6.66, 1.82, 7.14515]},
			"faces": {
				"north": {"uv": [7, 4, 5, 5.5], "rotation": 270, "texture": "#0"},
				"east": {"uv": [5, 4, 7, 5.5], "rotation": 90, "texture": "#0"},
				"south": {"uv": [5, 5.5, 7, 4], "rotation": 90, "texture": "#0"},
				"west": {"uv": [5, 4, 7, 5.5], "rotation": 90, "texture": "#0"},
				"up": {"uv": [5, 4, 7, 5.5], "rotation": 180, "texture": "#0"},
				"down": {"uv": [5, 5.5, 7, 4], "texture": "#0"}
			}
		},
		{
			"from": [6.495, 3.12, 7.09515],
			"to": [6.793, 4.17, 7.19515],
			"rotation": {"angle": 0, "axis": "x", "origin": [6.66, 3.42, 7.24515]},
			"faces": {
				"north": {"uv": [6, 13.5, 13.5, 16], "rotation": 90, "texture": "#0"},
				"east": {"uv": [5.5, 8.5, 13, 9], "rotation": 90, "texture": "#0"},
				"south": {"uv": [6, 16, 13.5, 13.5], "rotation": 90, "texture": "#0"},
				"west": {"uv": [4.5, 8.5, 12, 9], "rotation": 90, "texture": "#0"},
				"up": {"uv": [5, 8.5, 7.5, 9], "rotation": 180, "texture": "#0"},
				"down": {"uv": [5, 5.5, 7, 4], "texture": "#0"}
			}
		},
		{
			"from": [6.5, 2.5, 12.5],
			"to": [6.80799, 3.25, 15.5],
			"rotation": {"angle": 0, "axis": "y", "origin": [6.65399, 2.875, 13.5]},
			"faces": {
				"north": {"uv": [15, 0, 16, 1.5], "texture": "#0"},
				"south": {"uv": [13.5, 1, 14.5, 2.5], "texture": "#0"},
				"up": {"uv": [0, 0, 10, 1], "rotation": 90, "texture": "#0"},
				"down": {"uv": [2, 1.5, 12, 2.5], "rotation": 90, "texture": "#0"}
			}
		},
		{
			"from": [6.54, 2.6, 15.501],
			"to": [6.76587, 3.15, 15.501],
			"rotation": {"angle": 0, "axis": "y", "origin": [6.65293, 2.875, 15.5]},
			"faces": {
				"north": {"uv": [15, 0, 16, 1.5], "texture": "#0"},
				"south": {"uv": [10.5, 2.5, 11, 3], "texture": "#0"},
				"up": {"uv": [0, 0, 10, 1], "rotation": 90, "texture": "#0"},
				"down": {"uv": [2, 1.5, 12, 2.5], "rotation": 90, "texture": "#0"}
			}
		},
		{
			"from": [6.54, 2.6, 15.501],
			"to": [6.76587, 3.15, 15.501],
			"rotation": {"angle": -45, "axis": "z", "origin": [6.65293, 2.875, 15.5]},
			"faces": {
				"north": {"uv": [15, 0, 16, 1.5], "texture": "#0"},
				"south": {"uv": [10.5, 2.5, 11, 3], "texture": "#0"},
				"up": {"uv": [0, 0, 10, 1], "rotation": 90, "texture": "#0"},
				"down": {"uv": [2, 1.5, 12, 2.5], "rotation": 90, "texture": "#0"}
			}
		},
		{
			"from": [6.37793, 2.76207, 15.501],
			"to": [6.92793, 2.98793, 15.501],
			"rotation": {"angle": 0, "axis": "z", "origin": [6.65293, 2.875, 15.5]},
			"faces": {
				"north": {"uv": [15, 0, 16, 1.5], "rotation": 270, "texture": "#0"},
				"east": {"uv": [0, 0, 10, 1], "rotation": 180, "texture": "#0"},
				"south": {"uv": [10.5, 2.5, 11, 3], "rotation": 90, "texture": "#0"},
				"west": {"uv": [2, 1.5, 12, 2.5], "rotation": 180, "texture": "#0"}
			}
		},
		{
			"from": [6.37793, 2.76207, 15.501],
			"to": [6.92793, 2.98793, 15.501],
			"rotation": {"angle": -45, "axis": "z", "origin": [6.65293, 2.875, 15.5]},
			"faces": {
				"north": {"uv": [15, 0, 16, 1.5], "rotation": 270, "texture": "#0"},
				"east": {"uv": [0, 0, 10, 1], "rotation": 180, "texture": "#0"},
				"south": {"uv": [10.5, 2.5, 11, 3], "rotation": 90, "texture": "#0"},
				"west": {"uv": [2, 1.5, 12, 2.5], "rotation": 180, "texture": "#0"}
			}
		},
		{
			"from": [6.5, 2.5, 12.5],
			"to": [6.80799, 3.25, 15.5],
			"rotation": {"angle": -45, "axis": "z", "origin": [6.65399, 2.875, 13.5]},
			"faces": {
				"north": {"uv": [15, 0, 16, 1.5], "texture": "#0"},
				"south": {"uv": [13.5, 1, 14.5, 2.5], "texture": "#0"},
				"up": {"uv": [0, 1, 10, 0], "rotation": 90, "texture": "#0"},
				"down": {"uv": [1.5, 1, 11.5, 2], "rotation": 90, "texture": "#0"}
			}
		},
		{
			"from": [6.27899, 2.72101, 12.5],
			"to": [7.02899, 3.02899, 15.5],
			"rotation": {"angle": 0, "axis": "z", "origin": [6.65399, 2.875, 13.5]},
			"faces": {
				"north": {"uv": [15, 0, 16, 1.5], "rotation": 270, "texture": "#0"},
				"east": {"uv": [0, 0, 10, 1], "rotation": 180, "texture": "#0"},
				"south": {"uv": [13.5, 1, 14.5, 2.5], "rotation": 90, "texture": "#0"},
				"west": {"uv": [1, 0, 11, 1], "rotation": 180, "texture": "#0"}
			}
		},
		{
			"from": [6.2, 2.695, 10.5],
			"to": [7.1, 3.06459, 14],
			"rotation": {"angle": 0, "axis": "y", "origin": [6.65399, 2.875, 13.5]},
			"faces": {
				"north": {"uv": [15, 0, 16, 1.5], "rotation": 270, "texture": "#0"},
				"east": {"uv": [0.5, 2, 8, 1], "rotation": 180, "texture": "#0"},
				"south": {"uv": [13.5, 1, 14.5, 2.5], "rotation": 90, "texture": "#0"},
				"west": {"uv": [0.5, 1, 8, 2], "rotation": 180, "texture": "#0"}
			}
		},
		{
			"from": [6.2, 2.695, 10.5],
			"to": [7.1, 3.06459, 14],
			"rotation": {"angle": 45, "axis": "z", "origin": [6.65399, 2.875, 13.5]},
			"faces": {
				"north": {"uv": [15, 0, 16, 1.5], "rotation": 270, "texture": "#0"},
				"east": {"uv": [4.5, 1, 12, 2], "rotation": 180, "texture": "#0"},
				"south": {"uv": [13.5, 1, 14.5, 2.5], "rotation": 90, "texture": "#0"},
				"west": {"uv": [0.5, 1, 8, 2], "rotation": 180, "texture": "#0"}
			}
		},
		{
			"from": [6.46441, 2.435, 10.5],
			"to": [6.83399, 3.325, 14],
			"rotation": {"angle": 0, "axis": "z", "origin": [6.65399, 2.875, 13.5]},
			"faces": {
				"north": {"uv": [15, 0, 16, 1.5], "texture": "#0"},
				"east": {"uv": [2.5, 0, 7.5, 2], "texture": "#0"},
				"south": {"uv": [13.5, 1, 14.5, 2.5], "texture": "#0"},
				"west": {"uv": [6.5, 0.5, 15, 2], "texture": "#0"},
				"up": {"uv": [3.5, 2, 11, 1], "rotation": 90, "texture": "#0"},
				"down": {"uv": [0.5, 1, 4.5, 2], "rotation": 90, "texture": "#0"}
			}
		},
		{
			"from": [6.196, 2.69, 10.5],
			"to": [7.096, 3.05958, 14],
			"rotation": {"angle": -45, "axis": "z", "origin": [6.65399, 2.875, 13.5]},
			"faces": {
				"north": {"uv": [15, 0, 16, 1.5], "rotation": 90, "texture": "#0"},
				"east": {"uv": [2.5, 0, 10, 1], "texture": "#0"},
				"south": {"uv": [13.5, 1, 14.5, 2.5], "rotation": 270, "texture": "#0"},
				"west": {"uv": [0.5, 1, 8, 2], "texture": "#0"}
			}
		},
		{
			"from": [6.27899, 2.72101, 12.5],
			"to": [7.02899, 3.02899, 15.5],
			"rotation": {"angle": -45, "axis": "z", "origin": [6.65399, 2.875, 13.5]},
			"faces": {
				"north": {"uv": [15, 0, 16, 1.5], "rotation": 270, "texture": "#0"},
				"east": {"uv": [0, 1, 10, 0], "rotation": 180, "texture": "#0"},
				"south": {"uv": [13.5, 1, 14.5, 2.5], "rotation": 90, "texture": "#0"},
				"west": {"uv": [2, 0, 12.5, 1], "rotation": 180, "texture": "#0"}
			}
		}
	],
	"display": {
		"thirdperson_righthand": {
			"rotation": [0, -180, 0],
			"translation": [-3.25, 13.5, 0.75],
			"scale": [2.34, 2.34, 2.34]
		},
		"thirdperson_lefthand": {
			"translation": [-9.75, 2, 10.25]
		},
		"firstperson_righthand": {
			"rotation": [0, 170, 0],
			"translation": [-4, 31, -2.5],
			"scale": [4, 4, 3.4]
		},
		"firstperson_lefthand": {
			"translation": [0, -80, 0]
		},
		"ground": {
			"rotation": [0, 0, 90],
			"translation": [-13.5, -3.5, -4.75],
			"scale": [2.7, 2.7, 2.7]
		},
		"gui": {
			"rotation": [20, -30, 0],
			"translation": [7.25, 18.25, 0],
			"scale": [3.5, 3.5, 3.5]
		},
		"head": {
			"translation": [-2.5, 2, -14.5]
		},
		"fixed": {
			"rotation": [0, 97, -90],
			"translation": [-11, -4.25, -29.75],
			"scale": [4, 4, 4]
		}
	},
	"groups": [
		{
			"name": "breech",
			"origin": [10.42564, 7.075, 4.44515],
			"color": 0,
			"children": []
		},
		{
			"name": "wood stock",
			"origin": [10.65399, 6.875, 8.5],
			"color": 0,
			"children": [0, 1, 2, 3]
		},
		{
			"name": "sight",
			"origin": [6.46, 8.37, 7.94515],
			"color": 0,
			"children": []
		},
		{
			"name": "grips",
			"origin": [10.66, 6.52, 11.34515],
			"color": 0,
			"children": [4, 5, 6, 7, 8, 9, 10, 11, 12, 13, 14, 15, 16, 17, 18, 19, 20, 21, 22, 23, 24]
		},
		{
			"name": "grenade",
			"origin": [10.92564, 7.075, 14.74515],
			"color": 0,
			"children": []
		},
		{
			"name": "metal barrel",
			"origin": [10.65399, 6.875, 10],
			"color": 0,
			"children": [25, 26, 27, 28, 29, 30, 31, 32, 33, 34, 35, 36]
		}
	]
}