{
	"format_version": "1.21.6",
	"credit": "Made with Blockbench",
	"textures": {
		"0": "chems_guns:item/gun_ammo/luger",
		"particle": "chems_guns:item/gun_ammo/luger"
	},
	"elements": [
		{
			"name": "hole",
			"from": [7.2, 5.715, 5],
			"to": [7.8, 6.3292, 5.1],
			"rotation": {"angle": 0, "axis": "y", "origin": [7.3, 6.0221, 4.75]},
			"faces": {
				"north": {"uv": [15.5, 11.5, 16, 12], "texture": "#0"},
				"east": {"uv": [0, 6.5, 0.5, 7.5], "rotation": 90, "texture": "#0"},
				"south": {"uv": [0, 0, 1, 0.5], "texture": "#0"},
				"west": {"uv": [0, 5.5, 0.5, 6.5], "rotation": 90, "texture": "#0"},
				"up": {"uv": [0, 0, 1, 1], "texture": "#0"},
				"down": {"uv": [0, 0, 1, 1], "texture": "#0"}
			}
		},
		{
			"from": [7.1, 0.26303, 11.21148],
			"to": [7.9, 6.26303, 13.21148],
			"rotation": {"angle": -22.5, "axis": "x", "origin": [7.4995, 3.26303, 12.21148]},
			"faces": {
				"north": {"uv": [12.503, 0, 13.5, 7.5], "texture": "#0"},
				"east": {"uv": [13.5, 0, 16, 7.5], "texture": "#0"},
				"south": {"uv": [13.5, 0, 12.503, 7.5], "texture": "#0"},
				"west": {"uv": [13.5, 0, 16, 7.5], "texture": "#0"},
				"up": {"uv": [13.003, 4, 16, 7], "texture": "#0"},
				"down": {"uv": [13.5, 7.5, 16, 8.497], "rotation": 90, "texture": "#0"}
			}
		},
		{
			"from": [7.101, 3.56303, 11.81148],
			"to": [7.899, 5.56303, 13.81148],
			"rotation": {"angle": 22.5, "axis": "x", "origin": [7.4995, 6.56303, 12.81148]},
			"faces": {
				"north": {"uv": [12.503, 0, 13.5, 7.5], "texture": "#0"},
				"east": {"uv": [13.5, 0, 16, 2.5], "texture": "#0"},
				"south": {"uv": [13.5, 0, 12.503, 2.5], "texture": "#0"},
				"west": {"uv": [13.5, 0, 16, 2.5], "texture": "#0"},
				"up": {"uv": [13.003, 4, 16, 7], "texture": "#0"},
				"down": {"uv": [12.503, 5, 13.5, 7.5], "texture": "#0"}
			}
		},
		{
			"from": [7.35, 3.65, 9.25],
			"to": [7.65, 5.1, 10.75],
			"rotation": {"angle": 0, "axis": "y", "origin": [-1.25, 0.9, -0.75]},
			"faces": {
				"north": {"uv": [12, 0, 12.5, 2], "texture": "#0"},
				"east": {"uv": [16, 12, 12.5, 16], "texture": "#0"},
				"south": {"uv": [15.5, 12, 16, 14], "texture": "#0"},
				"west": {"uv": [12.5, 12.5, 16, 16], "texture": "#0"},
				"up": {"uv": [13, 1, 14, 3], "texture": "#0"},
				"down": {"uv": [15.5, 13.5, 16, 15.5], "texture": "#0"}
			}
		},
		{
			"from": [7.35, 3.74, 10.6],
			"to": [7.65, 4.19, 11.1],
			"rotation": {"angle": -22.5, "axis": "x", "origin": [7.5, 4.075, 10.9]},
			"faces": {
				"north": {"uv": [12, 0, 12.5, 2], "texture": "#0"},
				"east": {"uv": [13, 14.5, 12.5, 16], "texture": "#0"},
				"south": {"uv": [15.5, 12, 16, 14], "texture": "#0"},
				"west": {"uv": [12.5, 14, 13, 16], "texture": "#0"},
				"up": {"uv": [12.5, 15, 13, 16], "texture": "#0"},
				"down": {"uv": [15.5, 13.5, 16, 15.5], "texture": "#0"}
			}
		},
		{
			"from": [6.8, 5, 12.5],
			"to": [7.2, 6.45, 14],
			"rotation": {"angle": 0, "axis": "y", "origin": [0, -0.5, 0]},
			"faces": {
				"north": {"uv": [0, 0, 1.5, 2.5], "texture": "#0"},
				"east": {"uv": [0, 0, 2, 2.5], "texture": "#0"},
				"south": {"uv": [0, 2.5, 0.5, 5.5], "texture": "#0"},
				"west": {"uv": [0, 0, 2, 2.5], "texture": "#0"},
				"up": {"uv": [0, 0, 0.5, 2], "texture": "#0"},
				"down": {"uv": [0, 0, 1.5, 2], "texture": "#0"}
			}
		},
		{
			"from": [6.801, 4.95, 12.34],
			"to": [7.199, 6.2, 12.89],
			"rotation": {"angle": 22.5, "axis": "x", "origin": [7.5, 5.925, 13.05]},
			"faces": {
				"north": {"uv": [0, 0, 1.5, 2.5], "texture": "#0"},
				"east": {"uv": [0, 0, 2, 2.5], "texture": "#0"},
				"south": {"uv": [0, 2.5, 1.5, 5.5], "texture": "#0"},
				"west": {"uv": [0.5, 0, 2.5, 2.5], "texture": "#0"},
				"up": {"uv": [0, 0, 1.5, 2], "texture": "#0"},
				"down": {"uv": [0, 0, 1.5, 2], "texture": "#0"}
			}
		},
		{
			"from": [7.8, 5, 12.5],
			"to": [8.2, 6.45, 14],
			"rotation": {"angle": 0, "axis": "y", "origin": [1, -0.5, 0]},
			"faces": {
				"north": {"uv": [0, 0, 1.5, 2.5], "texture": "#0"},
				"east": {"uv": [0, 0, 2, 2.5], "texture": "#0"},
				"south": {"uv": [1, 2.5, 1.5, 5.5], "texture": "#0"},
				"west": {"uv": [0, 0, 2, 2.5], "texture": "#0"},
				"up": {"uv": [1, 0, 1.5, 2], "texture": "#0"},
				"down": {"uv": [0, 0, 1.5, 2], "texture": "#0"}
			}
		},
		{
			"from": [7.801, 4.95, 12.34],
			"to": [8.199, 6.2, 12.89],
			"rotation": {"angle": 22.5, "axis": "x", "origin": [8.5, 5.925, 13.05]},
			"faces": {
				"north": {"uv": [0, 0, 1.5, 2.5], "texture": "#0"},
				"east": {"uv": [0, 0, 2, 2.5], "texture": "#0"},
				"south": {"uv": [0, 2.5, 1.5, 5.5], "texture": "#0"},
				"west": {"uv": [0.5, 0, 2.5, 2.5], "texture": "#0"},
				"up": {"uv": [0, 0, 1.5, 2], "texture": "#0"},
				"down": {"uv": [0, 0, 1.5, 2], "texture": "#0"}
			}
		},
		{
			"from": [6.8, 5, 8.8],
			"to": [8.2, 5.75, 12.5],
			"rotation": {"angle": 0, "axis": "y", "origin": [0, -0.5, -1.5]},
			"faces": {
				"north": {"uv": [0, 0, 1.5, 1.5], "texture": "#0"},
				"east": {"uv": [0, 0, 1.5, 5.5], "rotation": 90, "texture": "#0"},
				"south": {"uv": [0, 2.5, 1.5, 5.5], "texture": "#0"},
				"west": {"uv": [0, 0, 1.5, 5.5], "rotation": 90, "texture": "#0"},
				"up": {"uv": [0, 0, 1.5, 2], "texture": "#0"},
				"down": {"uv": [0, 0, 1.5, 2], "texture": "#0"}
			}
		},
		{
			"from": [7, 5.75, 8.8],
			"to": [8, 6.5, 12.5],
			"rotation": {"angle": 0, "axis": "y", "origin": [0, 0.5, -1.5]},
			"faces": {
				"north": {"uv": [0, 0, 1.5, 1.5], "texture": "#0"},
				"east": {"uv": [0, 0, 1.5, 5.5], "rotation": 90, "texture": "#0"},
				"south": {"uv": [0, 2.5, 1.5, 5.5], "texture": "#0"},
				"west": {"uv": [1.5, 0, 3, 5.5], "rotation": 90, "texture": "#0"},
				"up": {"uv": [0, 0, 1.5, 2], "texture": "#0"},
				"down": {"uv": [0, 0, 1.5, 2], "texture": "#0"}
			}
		},
		{
			"from": [7.2, 6.05, 12.5],
			"to": [7.8, 6.7, 14],
			"rotation": {"angle": 0, "axis": "y", "origin": [0.1, 0.7, 0]},
			"faces": {
				"north": {"uv": [5, 0, 8.5, 3.5], "texture": "#0"},
				"east": {"uv": [0, 0, 1.5, 5.5], "rotation": 90, "texture": "#0"},
				"south": {"uv": [5, 0, 8.5, 4], "texture": "#0"},
				"west": {"uv": [1.5, 0, 3, 5.5], "rotation": 90, "texture": "#0"},
				"up": {"uv": [5, 3.5, 8.5, 7], "texture": "#0"},
				"down": {"uv": [0, 0, 1.5, 2], "texture": "#0"}
			}
		},
		{
			"from": [7.8, 5.815, 4.4],
			"to": [8, 6.2292, 5.1],
			"rotation": {"angle": 0, "axis": "y", "origin": [7.5, 6.0221, 4.75]},
			"faces": {
				"north": {"uv": [0, 0, 1, 0.5], "texture": "#0"},
				"east": {"uv": [0, 6.5, 0.5, 7.5], "rotation": 90, "texture": "#0"},
				"south": {"uv": [0, 0, 1, 0.5], "texture": "#0"},
				"west": {"uv": [0, 5.5, 0.5, 6.5], "rotation": 90, "texture": "#0"},
				"up": {"uv": [0, 0, 1, 1], "texture": "#0"},
				"down": {"uv": [0, 0, 1, 1], "texture": "#0"}
			}
		},
		{
			"from": [7, 5.815, 4.4],
			"to": [7.2, 6.2292, 5.1],
			"rotation": {"angle": -45, "axis": "z", "origin": [7.5, 6.0221, 4.75]},
			"faces": {
				"north": {"uv": [0, 0, 1, 0.5], "texture": "#0"},
				"east": {"uv": [0.5, 6.5, 1, 7.5], "rotation": 90, "texture": "#0"},
				"south": {"uv": [0, 0, 1, 0.5], "texture": "#0"},
				"west": {"uv": [0.5, 5.5, 1, 6.5], "rotation": 90, "texture": "#0"},
				"up": {"uv": [0, 0, 1, 1], "texture": "#0"},
				"down": {"uv": [0, 0, 1, 1], "texture": "#0"}
			}
		},
		{
			"from": [7, 5.815, 4.4],
			"to": [7.2, 6.2292, 5.1],
			"rotation": {"angle": 0, "axis": "z", "origin": [7.5, 6.0221, 4.75]},
			"faces": {
				"north": {"uv": [0, 0, 1, 0.5], "texture": "#0"},
				"east": {"uv": [0, 6.5, 0.5, 7.5], "rotation": 90, "texture": "#0"},
				"south": {"uv": [0, 0, 1, 0.5], "texture": "#0"},
				"west": {"uv": [1, 5.5, 1.5, 6.5], "rotation": 90, "texture": "#0"},
				"up": {"uv": [0, 0, 1, 1], "texture": "#0"},
				"down": {"uv": [0, 0, 1, 1], "texture": "#0"}
			}
		},
		{
			"from": [7, 5.815, 4.4],
			"to": [7.2, 6.2292, 5.1],
			"rotation": {"angle": 45, "axis": "z", "origin": [7.5, 6.0221, 4.75]},
			"faces": {
				"north": {"uv": [1.5, 5.5, 2.5, 6], "texture": "#0"},
				"east": {"uv": [0, 6.5, 0.5, 7.5], "rotation": 90, "texture": "#0"},
				"south": {"uv": [0, 0, 1, 0.5], "texture": "#0"},
				"west": {"uv": [0, 5.5, 0.5, 6.5], "rotation": 90, "texture": "#0"},
				"up": {"uv": [1.5, 5.5, 2.5, 6.5], "texture": "#0"},
				"down": {"uv": [0, 0, 1, 1], "texture": "#0"}
			}
		},
		{
			"from": [7.2929, 5.5221, 4.4],
			"to": [7.7071, 5.7221, 5.1],
			"rotation": {"angle": 0, "axis": "z", "origin": [7.5, 6.0221, 4.75]},
			"faces": {
				"north": {"uv": [0, 0, 1, 0.5], "rotation": 90, "texture": "#0"},
				"east": {"uv": [0, 0, 1, 1], "rotation": 270, "texture": "#0"},
				"south": {"uv": [0, 0, 1, 0.5], "rotation": 270, "texture": "#0"},
				"west": {"uv": [0, 0, 1, 1], "rotation": 270, "texture": "#0"},
				"up": {"uv": [0, 6.5, 0.5, 7.5], "texture": "#0"},
				"down": {"uv": [0, 5.5, 0.5, 6.5], "texture": "#0"}
			}
		},
		{
			"from": [7.8, 5.815, 4.4],
			"to": [8, 6.2292, 5.1],
			"rotation": {"angle": -45, "axis": "z", "origin": [7.5, 6.0221, 4.75]},
			"faces": {
				"north": {"uv": [0, 0, 1, 0.5], "rotation": 180, "texture": "#0"},
				"east": {"uv": [0, 5.5, 0.5, 6.5], "rotation": 270, "texture": "#0"},
				"south": {"uv": [0, 0, 1, 0.5], "rotation": 180, "texture": "#0"},
				"west": {"uv": [0, 6.5, 0.5, 7.5], "rotation": 270, "texture": "#0"},
				"up": {"uv": [0, 0, 1, 1], "rotation": 180, "texture": "#0"},
				"down": {"uv": [0, 0, 1, 1], "rotation": 180, "texture": "#0"}
			}
		},
		{
			"from": [7.2929, 6.3221, 4.4],
			"to": [7.7071, 6.5221, 5.1],
			"rotation": {"angle": 0, "axis": "z", "origin": [7.5, 6.0221, 4.75]},
			"faces": {
				"north": {"uv": [0, 0, 1, 0.5], "rotation": 270, "texture": "#0"},
				"east": {"uv": [0, 0, 1, 1], "rotation": 90, "texture": "#0"},
				"south": {"uv": [0, 0, 1, 0.5], "rotation": 90, "texture": "#0"},
				"west": {"uv": [0, 0, 1, 1], "rotation": 90, "texture": "#0"},
				"up": {"uv": [0, 5.5, 0.5, 6.5], "rotation": 180, "texture": "#0"},
				"down": {"uv": [0, 6.5, 0.5, 7.5], "rotation": 180, "texture": "#0"}
			}
		},
		{
			"from": [7.4, 6.38, 4.5],
			"to": [7.6, 6.5942, 5],
			"rotation": {"angle": 0, "axis": "x", "origin": [7.5, 6.5221, 4.85]},
			"faces": {
				"north": {"uv": [0, 0, 1, 0.5], "texture": "#0"},
				"east": {"uv": [0, 6.5, 0.5, 7.5], "rotation": 90, "texture": "#0"},
				"south": {"uv": [0, 0, 1, 0.5], "texture": "#0"},
				"west": {"uv": [0, 5.5, 0.5, 6.5], "rotation": 90, "texture": "#0"},
				"up": {"uv": [0, 0, 1, 1], "texture": "#0"},
				"down": {"uv": [0, 0, 1, 1], "texture": "#0"}
			}
		},
		{
			"from": [7.45, 6.37, 4.62],
			"to": [7.55, 6.6842, 4.97],
			"rotation": {"angle": 45, "axis": "x", "origin": [7.4, 6.6221, 4.85]},
			"faces": {
				"north": {"uv": [0, 0, 1, 0.5], "texture": "#0"},
				"east": {"uv": [0, 6.5, 0.5, 7.5], "rotation": 90, "texture": "#0"},
				"south": {"uv": [0, 0, 1, 0.5], "texture": "#0"},
				"west": {"uv": [0, 5.5, 0.5, 6.5], "rotation": 90, "texture": "#0"},
				"up": {"uv": [0, 0, 1, 1], "texture": "#0"},
				"down": {"uv": [0, 0, 1, 1], "texture": "#0"}
			}
		},
		{
			"from": [7.2929, 6.3221, 4.4],
			"to": [7.7071, 6.5221, 5.1],
			"rotation": {"angle": -45, "axis": "z", "origin": [7.5, 6.0221, 4.75]},
			"faces": {
				"north": {"uv": [0, 0, 1, 0.5], "rotation": 270, "texture": "#0"},
				"east": {"uv": [0, 0, 1, 1], "rotation": 90, "texture": "#0"},
				"south": {"uv": [0, 0, 1, 0.5], "rotation": 90, "texture": "#0"},
				"west": {"uv": [0, 0, 1, 1], "rotation": 90, "texture": "#0"},
				"up": {"uv": [0, 5.5, 0.5, 6.5], "rotation": 180, "texture": "#0"},
				"down": {"uv": [0, 6.5, 0.5, 7.5], "rotation": 180, "texture": "#0"}
			}
		},
		{
			"from": [7.1, 5.85, 5.1],
			"to": [7.9, 6.18136, 8.8],
			"rotation": {"angle": 0, "axis": "y", "origin": [7.5, 6.01568, 6.95]},
			"faces": {
				"north": {"uv": [0, 0, 1, 0.5], "texture": "#0"},
				"east": {"uv": [3, 5.5, 3.5, 11], "rotation": 90, "texture": "#0"},
				"south": {"uv": [0, 2.5, 1.5, 5.5], "texture": "#0"},
				"west": {"uv": [3, 0, 3.5, 5.5], "rotation": 90, "texture": "#0"},
				"up": {"uv": [0, 0, 1, 5.5], "texture": "#0"},
				"down": {"uv": [0, 0, 1, 5.5], "texture": "#0"}
			}
		},
		{
			"from": [7.1, 5.85, 5.1],
			"to": [7.9, 6.18136, 8.8],
			"rotation": {"angle": -45, "axis": "z", "origin": [7.5, 6.01568, 6.95]},
			"faces": {
				"north": {"uv": [0, 0, 1, 0.5], "texture": "#0"},
				"east": {"uv": [3.5, 5.5, 4, 11], "rotation": 90, "texture": "#0"},
				"south": {"uv": [0, 2.5, 1.5, 5.5], "texture": "#0"},
				"west": {"uv": [3.5, 0, 4, 5.5], "rotation": 90, "texture": "#0"},
				"up": {"uv": [0, 0, 1, 5.5], "texture": "#0"},
				"down": {"uv": [0, 0, 1, 5.5], "texture": "#0"}
			}
		},
		{
			"from": [7.33432, 5.61568, 5.1],
			"to": [7.66568, 6.41568, 8.8],
			"rotation": {"angle": 0, "axis": "z", "origin": [7.5, 6.01568, 6.95]},
			"faces": {
				"north": {"uv": [0, 0, 1, 0.5], "rotation": 270, "texture": "#0"},
				"east": {"uv": [0, 0, 1, 5.5], "rotation": 90, "texture": "#0"},
				"south": {"uv": [0, 2.5, 1.5, 5.5], "rotation": 90, "texture": "#0"},
				"west": {"uv": [0, 0, 1, 5.5], "rotation": 90, "texture": "#0"},
				"up": {"uv": [4, 0, 4.5, 5.5], "rotation": 180, "texture": "#0"},
				"down": {"uv": [4, 5.5, 4.5, 11], "rotation": 180, "texture": "#0"}
			}
		},
		{
			"from": [7.33432, 5.61568, 5.1],
			"to": [7.66568, 6.41568, 8.8],
			"rotation": {"angle": -45, "axis": "z", "origin": [7.5, 6.01568, 6.95]},
			"faces": {
				"north": {"uv": [0, 0, 1, 0.5], "rotation": 270, "texture": "#0"},
				"east": {"uv": [0, 0, 1, 5.5], "rotation": 90, "texture": "#0"},
				"south": {"uv": [0, 2.5, 1.5, 5.5], "rotation": 90, "texture": "#0"},
				"west": {"uv": [0, 0, 1, 5.5], "rotation": 90, "texture": "#0"},
				"up": {"uv": [3, 0, 3.5, 5.5], "rotation": 180, "texture": "#0"},
				"down": {"uv": [3, 5.5, 3.5, 11], "rotation": 180, "texture": "#0"}
			}
		},
		{
			"from": [7.102, 4.59, 12.22],
			"to": [7.899, 5.14, 13.62],
			"rotation": {"angle": -22.5, "axis": "x", "origin": [7.5, 5.725, 12.775]},
			"faces": {
				"north": {"uv": [0, 0, 1.5, 2.5], "texture": "#0"},
				"east": {"uv": [0, 0, 1.5, 0.5], "texture": "#0"},
				"south": {"uv": [0, 4, 1, 5.5], "texture": "#0"},
				"west": {"uv": [0, 0, 1.5, 0.5], "texture": "#0"},
				"up": {"uv": [0, 0, 1.5, 2], "texture": "#0"},
				"down": {"uv": [0, 0, 1.5, 2], "texture": "#0"}
			}
		},
		{
			"from": [7.102, 5.39, 12.52],
			"to": [7.899, 5.94, 13.92],
			"rotation": {"angle": 0, "axis": "x", "origin": [7.5005, 5.665, 13.22]},
			"faces": {
				"north": {"uv": [0, 0, 1.5, 2.5], "texture": "#0"},
				"east": {"uv": [0, 0, 1.5, 0.5], "texture": "#0"},
				"south": {"uv": [0, 4, 1, 5.5], "texture": "#0"},
				"west": {"uv": [0, 0, 1.5, 0.5], "texture": "#0"},
				"up": {"uv": [0, 0, 1.5, 2], "texture": "#0"},
				"down": {"uv": [0, 0, 1.5, 2], "texture": "#0"}
			}
		},
		{
			"from": [6.852, 6.09, 11.47],
			"to": [8.152, 6.37994, 12.17],
			"rotation": {"angle": 0, "axis": "y", "origin": [7.502, 6.23497, 11.82]},
			"faces": {
				"north": {"uv": [0, 9, 1.5, 9.5], "texture": "#0"},
				"east": {"uv": [0, 10.5, 1.5, 11], "texture": "#0"},
				"south": {"uv": [0, 9, 1.5, 9.5], "texture": "#0"},
				"west": {"uv": [0, 10.5, 1.5, 11], "texture": "#0"},
				"up": {"uv": [0, 11.5, 1.5, 14], "rotation": 270, "texture": "#0"},
				"down": {"uv": [0, 9, 1.5, 11], "rotation": 90, "texture": "#0"}
			}
		},
		{
			"from": [6.854, 6.09, 11.47],
			"to": [8.15, 6.37994, 12.17],
			"rotation": {"angle": 45, "axis": "x", "origin": [7.502, 6.23497, 11.82]},
			"faces": {
				"north": {"uv": [0, 9, 1.5, 9.5], "texture": "#0"},
				"east": {"uv": [0, 10.5, 1.5, 11], "texture": "#0"},
				"south": {"uv": [0, 9, 1.5, 9.5], "texture": "#0"},
				"west": {"uv": [0, 10.5, 1.5, 11], "texture": "#0"},
				"up": {"uv": [0, 11.5, 1.5, 14], "rotation": 270, "texture": "#0"},
				"down": {"uv": [0, 9, 1.5, 11], "rotation": 90, "texture": "#0"}
			}
		},
		{
			"from": [6.853, 5.88497, 11.67503],
			"to": [8.151, 6.58497, 11.96497],
			"rotation": {"angle": 0, "axis": "x", "origin": [7.502, 6.23497, 11.82]},
			"faces": {
				"north": {"uv": [0, 9, 1.5, 11], "rotation": 270, "texture": "#0"},
				"east": {"uv": [0, 10.5, 1.5, 11], "rotation": 270, "texture": "#0"},
				"south": {"uv": [0, 11.5, 1.5, 14], "rotation": 270, "texture": "#0"},
				"west": {"uv": [0, 10.5, 1.5, 11], "rotation": 90, "texture": "#0"},
				"up": {"uv": [0, 9, 1.5, 9.5], "rotation": 180, "texture": "#0"},
				"down": {"uv": [0, 9, 1.5, 9.5], "texture": "#0"}
			}
		},
		{
			"from": [6.854, 5.88497, 11.67503],
			"to": [8.15, 6.58497, 11.96497],
			"rotation": {"angle": 45, "axis": "x", "origin": [7.502, 6.23497, 11.82]},
			"faces": {
				"north": {"uv": [0, 9, 1.5, 11], "rotation": 270, "texture": "#0"},
				"east": {"uv": [0, 10.5, 1.5, 11], "rotation": 270, "texture": "#0"},
				"south": {"uv": [0, 11.5, 1.5, 14], "rotation": 270, "texture": "#0"},
				"west": {"uv": [0, 10.5, 1.5, 11], "rotation": 90, "texture": "#0"},
				"up": {"uv": [0, 9, 1.5, 9.5], "rotation": 180, "texture": "#0"},
				"down": {"uv": [0, 9, 1.5, 9.5], "texture": "#0"}
			}
		}
	],
	"display": {
		"thirdperson_righthand": {
			"translation": [0, 3.25, -2.5]
		},
		"thirdperson_lefthand": {
			"translation": [-12, 3, -1.75]
		},
		"firstperson_righthand": {
			"rotation": [0, -10, 0],
			"translation": [33.5, 5.25, -26.75],
			"scale": [4, 4, 4]
		},
		"firstperson_lefthand": {
			"translation": [0, -80, 0]
		},
		"ground": {
			"rotation": [0, 0, -90],
			"translation": [2.25, -3.5, -1.5],
			"scale": [0.9, 0.9, 0.9]
		},
		"gui": {
			"rotation": [20, 132, 0],
			"translation": [-2, 4.5, 0],
			"scale": [1.43, 1.43, 1.43]
		},
		"fixed": {
			"rotation": [0, -90, 0],
			"translation": [2.5, 6, -0.25],
			"scale": [1.6, 1.6, 1.6]
		}
	},
	"groups": [
		0,
		1,
		2,
		3,
		4,
		5,
		6,
		7,
		8,
		9,
		10,
		11,
		{
			"name": "muzzle",
			"origin": [7.5, 6.0221, 4.75],
			"color": 0,
			"children": [12, 13, 14, 15, 16, 17, 18, 19, 20, 21]
		},
		{
			"name": "barrel",
			"origin": [7.5, 6.11568, 6.95],
			"color": 0,
			"children": [22, 23, 24, 25]
		},
		26,
		27,
		28,
		29,
		30,
		31
	]
}