{
	"format_version": "1.21.6",
	"credit": "Made with Blockbench",
	"textures": {
		"particle": "chems_guns:item/gun_ammo/ar33"
	},
	"elements": [
		{
			"from": [7.51, 3.24, 11.57],
			"to": [8.46, 4.29, 20.67],
			"rotation": {"angle": 22.5, "axis": "x", "origin": [8, 3.5, 18.1]},
			"faces": {
				"north": {"uv": [0, 0, 2, 1.25], "rotation": 180, "texture": "#particle"},
				"east": {"uv": [0, 0, 1.25, 2.1], "rotation": 90, "texture": "#particle"},
				"south": {"uv": [0, 0, 2, 1.25], "texture": "#particle"},
				"west": {"uv": [0, 0, 13.1, 2], "texture": "#particle"},
				"up": {"uv": [0, 0, 2, 2.1], "texture": "#particle"},
				"down": {"uv": [0, 0, 2, 2.1], "rotation": 180, "texture": "#particle"}
			}
		},
		{
			"from": [7.51, 5.00792, 12.10857],
			"to": [8.46, 5.95792, 13.10857],
			"rotation": {"angle": -45, "axis": "x", "origin": [7.985, 5.43292, 12.35857]},
			"faces": {
				"north": {"uv": [0, 0, 2, 1.25], "rotation": 180, "texture": "#particle"},
				"east": {"uv": [0, 0, 1.25, 2.1], "rotation": 90, "texture": "#particle"},
				"south": {"uv": [0, 0, 2, 1.25], "texture": "#particle"},
				"west": {"uv": [0, 0, 1.25, 2.1], "rotation": 270, "texture": "#particle"},
				"up": {"uv": [0, 0, 2, 2.1], "texture": "#particle"},
				"down": {"uv": [0, 0, 2, 2.1], "rotation": 180, "texture": "#particle"}
			}
		},
		{
			"from": [7.515, 5.14, 13.57],
			"to": [8.455, 6.59, 16.67],
			"rotation": {"angle": 0, "axis": "x", "origin": [8, 5.8, 20.1]},
			"faces": {
				"north": {"uv": [0, 0, 2, 1.25], "rotation": 180, "texture": "#particle"},
				"east": {"uv": [0, 0, 2, 4], "rotation": 90, "texture": "#particle"},
				"south": {"uv": [0, 0, 2, 1.25], "texture": "#particle"},
				"west": {"uv": [0, 0, 2.25, 4.1], "rotation": 270, "texture": "#particle"},
				"up": {"uv": [0, 0, 2, 2.1], "texture": "#particle"},
				"down": {"uv": [0, 0, 2, 2.1], "rotation": 180, "texture": "#particle"}
			}
		},
		{
			"from": [7.511, 4.14, 16.07],
			"to": [8.46, 6.59, 19.17],
			"rotation": {"angle": 0, "axis": "y", "origin": [7.985, 5.365, 17.62]},
			"faces": {
				"north": {"uv": [0, 0, 2, 1.25], "rotation": 180, "texture": "#particle"},
				"east": {"uv": [0, 0, 3, 4], "rotation": 90, "texture": "#particle"},
				"south": {"uv": [0, 0, 2, 1.25], "texture": "#particle"},
				"west": {"uv": [0, 0, 3.25, 4.1], "rotation": 270, "texture": "#particle"},
				"up": {"uv": [0, 0, 2, 2.1], "texture": "#particle"},
				"down": {"uv": [0, 0, 2, 2.1], "rotation": 180, "texture": "#particle"}
			}
		},
		{
			"from": [7.51, 3.24, 18.57],
			"to": [8.46, 6.59, 20.37],
			"rotation": {"angle": 0, "axis": "y", "origin": [8, 5.8, 23.8]},
			"faces": {
				"north": {"uv": [0, 0, 2, 1.25], "rotation": 180, "texture": "#particle"},
				"east": {"uv": [0, 0, 6, 3], "rotation": 90, "texture": "#particle"},
				"south": {"uv": [0, 0, 2, 1.25], "texture": "#particle"},
				"west": {"uv": [0, 0, 6, 3], "rotation": 270, "texture": "#particle"},
				"up": {"uv": [0, 0, 2, 2.1], "texture": "#particle"},
				"down": {"uv": [0, 0, 2, 2.1], "rotation": 180, "texture": "#particle"}
			}
		},
		{
			"name": "octagon",
			"from": [7.78579, 6, 12.3],
			"to": [8.19999, 7, 21.3],
			"rotation": {"angle": 0, "axis": "y", "origin": [7.99289, 6.5, 16.8]},
			"faces": {
				"north": {"uv": [0, 0, 1, 1], "texture": "#particle"},
				"east": {"uv": [0, 0, 1, 1], "texture": "#particle"},
				"south": {"uv": [0, 0, 1, 1], "texture": "#particle"},
				"west": {"uv": [0, 0, 1, 1], "texture": "#particle"},
				"up": {"uv": [1, 0, 2, 5], "texture": "#particle"},
				"down": {"uv": [1, 0, 2, 5], "texture": "#particle"}
			}
		},
		{
			"name": "octagon",
			"from": [7.78579, 6, 12.3],
			"to": [8.19999, 7, 21.3],
			"rotation": {"angle": -45, "axis": "z", "origin": [7.99289, 6.5, 16.8]},
			"faces": {
				"north": {"uv": [0, 0, 1, 1], "texture": "#particle"},
				"east": {"uv": [0, 0, 1, 1], "texture": "#particle"},
				"south": {"uv": [0, 0, 1, 1], "texture": "#particle"},
				"west": {"uv": [0, 0, 1, 1], "texture": "#particle"},
				"up": {"uv": [1, 0, 2, 5], "texture": "#particle"},
				"down": {"uv": [1, 0, 2, 5], "texture": "#particle"}
			}
		},
		{
			"name": "octagon",
			"from": [7.78579, 6, 12.3],
			"to": [8.19999, 7, 21.3],
			"rotation": {"angle": 45, "axis": "z", "origin": [7.99289, 6.5, 16.8]},
			"faces": {
				"north": {"uv": [0, 0, 1, 1], "texture": "#particle"},
				"east": {"uv": [0, 0, 1, 1], "texture": "#particle"},
				"south": {"uv": [0, 0, 1, 1], "texture": "#particle"},
				"west": {"uv": [0, 0, 1, 1], "texture": "#particle"},
				"up": {"uv": [1, 0, 2, 5], "texture": "#particle"},
				"down": {"uv": [1, 0, 2, 5], "texture": "#particle"}
			}
		},
		{
			"name": "octagon",
			"from": [7.49289, 6.2929, 12.3],
			"to": [8.49289, 6.7071, 21.3],
			"rotation": {"angle": 0, "axis": "z", "origin": [7.99289, 6.5, 16.8]},
			"faces": {
				"north": {"uv": [0, 0, 1, 1], "rotation": 90, "texture": "#particle"},
				"east": {"uv": [1, 0, 2, 5], "rotation": 270, "texture": "#particle"},
				"south": {"uv": [0, 0, 1, 1], "rotation": 270, "texture": "#particle"},
				"west": {"uv": [1, 0, 2, 5], "rotation": 270, "texture": "#particle"},
				"up": {"uv": [0, 0, 1, 1], "rotation": 270, "texture": "#particle"},
				"down": {"uv": [0, 0, 1, 1], "rotation": 270, "texture": "#particle"}
			}
		},
		{
			"from": [8.3, 6.2, 10.15],
			"to": [9, 6.8, 12.15],
			"rotation": {"angle": 22.5, "axis": "y", "origin": [8.65, 6.5, 11.15]},
			"faces": {
				"north": {"uv": [0, 0, 2, 2], "texture": "#particle"},
				"east": {"uv": [0, 0, 4, 2], "texture": "#particle"},
				"south": {"uv": [0, 0, 2, 2], "texture": "#particle"},
				"west": {"uv": [0, 0, 4, 2], "texture": "#particle"},
				"up": {"uv": [0, 0, 2, 3], "texture": "#particle"},
				"down": {"uv": [0, 0, 2, 3], "texture": "#particle"}
			}
		},
		{
			"name": "octagon",
			"from": [7.78579, 2, 20.3],
			"to": [8.19999, 2.5, 21.3],
			"rotation": {"angle": 0, "axis": "y", "origin": [7.99289, 2.5, 16.8]},
			"faces": {
				"north": {"uv": [0, 0, 1, 1], "texture": "#particle"},
				"east": {"uv": [0, 0, 1, 1], "texture": "#particle"},
				"south": {"uv": [0, 0, 1, 1], "texture": "#particle"},
				"west": {"uv": [0, 0, 1, 1], "texture": "#particle"},
				"up": {"uv": [1, 0, 2, 5], "texture": "#particle"},
				"down": {"uv": [1, 0, 2, 5], "texture": "#particle"}
			}
		},
		{
			"name": "octagon",
			"from": [7.78579, 2, 20.3],
			"to": [8.19999, 2.5, 21.3],
			"rotation": {"angle": -45, "axis": "z", "origin": [7.99289, 2.5, 16.8]},
			"faces": {
				"north": {"uv": [0, 0, 1, 1], "texture": "#particle"},
				"east": {"uv": [0, 0, 1, 1], "texture": "#particle"},
				"south": {"uv": [0, 0, 1, 1], "texture": "#particle"},
				"west": {"uv": [0, 0, 1, 1], "texture": "#particle"},
				"up": {"uv": [1, 0, 2, 5], "texture": "#particle"},
				"down": {"uv": [1, 0, 2, 5], "texture": "#particle"}
			}
		},
		{
			"name": "octagon",
			"from": [7.78579, 2, 20.3],
			"to": [8.19999, 2, 21.3],
			"rotation": {"angle": 45, "axis": "z", "origin": [7.99289, 2.5, 16.8]},
			"faces": {
				"north": {"uv": [0, 0, 1, 1], "texture": "#particle"},
				"east": {"uv": [0, 0, 1, 1], "texture": "#particle"},
				"south": {"uv": [0, 0, 1, 1], "texture": "#particle"},
				"west": {"uv": [0, 0, 1, 1], "texture": "#particle"},
				"up": {"uv": [1, 0, 2, 5], "texture": "#particle"},
				"down": {"uv": [1, 0, 2, 5], "texture": "#particle"}
			}
		},
		{
			"name": "octagon",
			"from": [7.49289, 2.2929, 20.3],
			"to": [8.49289, 6.3071, 21.3],
			"rotation": {"angle": 0, "axis": "y", "origin": [7.99289, 2.5, 16.8]},
			"faces": {
				"north": {"uv": [0, 0, 1, 1], "rotation": 90, "texture": "#particle"},
				"east": {"uv": [1, 0, 9, 2], "rotation": 270, "texture": "#particle"},
				"south": {"uv": [0, 0, 8, 2], "rotation": 270, "texture": "#particle"},
				"west": {"uv": [1, 0, 9, 2], "rotation": 270, "texture": "#particle"},
				"up": {"uv": [0, 0, 1, 1], "rotation": 270, "texture": "#particle"},
				"down": {"uv": [0, 0, 1, 1], "rotation": 270, "texture": "#particle"}
			}
		},
		{
			"from": [7.6, 1, 10.8],
			"to": [8.4, 5, 12.3],
			"rotation": {"angle": -22.5, "axis": "x", "origin": [7.5, 4, 10.3]},
			"faces": {
				"north": {"uv": [14, 11, 15, 16], "texture": "#particle"},
				"east": {"uv": [16, 11, 14, 16], "texture": "#particle"},
				"south": {"uv": [15, 11, 16, 16], "texture": "#particle"},
				"west": {"uv": [14, 11, 16, 16], "texture": "#particle"},
				"up": {"uv": [14, 14, 16, 16], "texture": "#particle"},
				"down": {"uv": [14, 14, 15, 16], "texture": "#particle"}
			}
		},
		{
			"from": [7.55, 2, 5.7],
			"to": [8.45, 4.5, 8.2],
			"rotation": {"angle": 0, "axis": "y", "origin": [0, 0.5, -0.3]},
			"faces": {
				"north": {"uv": [14.25, 0, 15.75, 4], "texture": "#particle"},
				"east": {"uv": [13.25, 0, 15.75, 4], "texture": "#particle"},
				"south": {"uv": [14.25, 0, 15.75, 4], "texture": "#particle"},
				"west": {"uv": [13.25, 0, 15.75, 4], "texture": "#particle"},
				"up": {"uv": [14.5, 0, 16, 2.5], "texture": "#particle"},
				"down": {"uv": [14.5, 0, 16, 2.5], "texture": "#particle"}
			}
		},
		{
			"from": [7.551, 2.575, 4.775],
			"to": [8.449, 5.575, 7.275],
			"rotation": {"angle": 22.5, "axis": "x", "origin": [0, 1.5, -1.25]},
			"faces": {
				"north": {"uv": [14.25, 0, 15.75, 4], "texture": "#particle"},
				"east": {"uv": [13.25, 0, 15.75, 4], "texture": "#particle"},
				"south": {"uv": [14.25, 0, 15.75, 4], "texture": "#particle"},
				"west": {"uv": [13.25, 0, 15.75, 4], "texture": "#particle"},
				"up": {"uv": [14.5, 0, 16, 2.5], "texture": "#particle"},
				"down": {"uv": [14.5, 0, 16, 2.5], "texture": "#particle"}
			}
		},
		{
			"from": [7.5, 3.6, 5.45],
			"to": [8.5, 5, 8.45],
			"rotation": {"angle": 0, "axis": "y", "origin": [0, 0, -0.3]},
			"faces": {
				"north": {"uv": [0, 0, 2, 2], "texture": "#particle"},
				"east": {"uv": [0, 0, 4, 2], "texture": "#particle"},
				"south": {"uv": [0, 0, 2, 2], "texture": "#particle"},
				"west": {"uv": [0, 0, 4, 2], "texture": "#particle"},
				"up": {"uv": [0, 0, 2, 3], "texture": "#particle"},
				"down": {"uv": [0, 0, 2, 3], "texture": "#particle"}
			}
		},
		{
			"from": [7.601, 3.8, 8.45],
			"to": [8.399, 4, 11.05],
			"rotation": {"angle": 0, "axis": "y", "origin": [0, 0.4, 2.7]},
			"faces": {
				"north": {"uv": [0, 0, 2, 2], "texture": "#particle"},
				"east": {"uv": [0, 0, 1, 1], "texture": "#particle"},
				"south": {"uv": [0, 0, 2, 2], "texture": "#particle"},
				"west": {"uv": [0, 0, 1, 1], "texture": "#particle"},
				"up": {"uv": [0, 0, 2, 3], "texture": "#particle"},
				"down": {"uv": [0, 0, 2, 3], "texture": "#particle"}
			}
		},
		{
			"from": [7.85, 4.125, 9.825],
			"to": [8.15, 5.475, 10.025],
			"rotation": {"angle": 22.5, "axis": "x", "origin": [8, 4.8, 9.925]},
			"faces": {
				"north": {"uv": [11, 14.25, 11.7, 16], "rotation": 180, "texture": "#particle"},
				"east": {"uv": [0, 15, 8, 16], "rotation": 90, "texture": "#particle"},
				"south": {"uv": [7, 14.25, 7.7, 16], "texture": "#particle"},
				"west": {"uv": [8, 15, 0, 16], "rotation": 270, "texture": "#particle"},
				"up": {"uv": [12, 14.5, 12.7, 16], "texture": "#particle"},
				"down": {"uv": [7, 14.5, 7.7, 16], "rotation": 180, "texture": "#particle"}
			}
		},
		{
			"from": [7.45, 5, 5],
			"to": [8.55, 7, 12.5],
			"rotation": {"angle": 0, "axis": "y", "origin": [8, 6.25, 9.5]},
			"faces": {
				"north": {"uv": [0.25, 0.25, 2.75, 2.75], "texture": "#particle"},
				"east": {"uv": [9, 2.75, 0, 0.25], "texture": "#particle"},
				"south": {"uv": [0.25, 0.25, 2.75, 2.75], "texture": "#particle"},
				"west": {"uv": [0, 0.25, 9, 2.75], "texture": "#particle"},
				"up": {"uv": [2.75, 0, 0.25, 9], "texture": "#particle"},
				"down": {"uv": [0.25, 0, 2.75, 9], "texture": "#particle"}
			}
		},
		{
			"from": [7.45, 7, 5],
			"to": [8.55, 7.5, 12.1],
			"rotation": {"angle": 0, "axis": "y", "origin": [8, 8.25, 9.5]},
			"faces": {
				"north": {"uv": [0.25, 0.25, 2.75, 2.75], "texture": "#particle"},
				"east": {"uv": [9, 0, 0, 1], "texture": "#particle"},
				"south": {"uv": [0.25, 0.25, 2.75, 2.75], "texture": "#particle"},
				"west": {"uv": [0, 0, 9, 1], "texture": "#particle"},
				"up": {"uv": [2.75, 0, 0.25, 9], "texture": "#particle"},
				"down": {"uv": [0.25, 0, 2.75, 9], "texture": "#particle"}
			}
		},
		{
			"from": [7.45, 6.75, 11.93],
			"to": [8.55, 7.4, 12.43],
			"rotation": {"angle": -45, "axis": "x", "origin": [8, 7.05, 12.15]},
			"faces": {
				"north": {"uv": [0.25, 0.25, 2.75, 2.75], "texture": "#particle"},
				"east": {"uv": [1, 0, 0, 1], "texture": "#particle"},
				"south": {"uv": [0, 0, 2, 1], "texture": "#particle"},
				"west": {"uv": [0, 0, 1, 1], "texture": "#particle"},
				"up": {"uv": [0, 0, 2, 1], "texture": "#particle"},
				"down": {"uv": [0.25, 0, 2.75, 9], "texture": "#particle"}
			}
		},
		{
			"from": [7.15, 6.93, 12.3],
			"to": [8.85, 7.23, 12.65],
			"rotation": {"angle": 0, "axis": "x", "origin": [8, 7.15, 12.65]},
			"faces": {
				"north": {"uv": [0, 0, 2, 1], "rotation": 180, "texture": "#particle"},
				"east": {"uv": [1, 0, 0, 1], "rotation": 90, "texture": "#particle"},
				"south": {"uv": [0, 0, 3, 1], "texture": "#particle"},
				"west": {"uv": [0, 0, 1, 1], "rotation": 270, "texture": "#particle"},
				"up": {"uv": [0, 0, 3, 1], "texture": "#particle"},
				"down": {"uv": [0.25, 0.25, 2.75, 2.75], "rotation": 180, "texture": "#particle"}
			}
		},
		{
			"name": "octagon",
			"from": [7.63756, 5.625, 4.5],
			"to": [8.36244, 7.375, 5],
			"rotation": {"angle": 45, "axis": "z", "origin": [8, 6.5, 5.5]},
			"faces": {
				"north": {"uv": [0, 0, 1, 1], "texture": "#particle"},
				"east": {"uv": [0, 0, 1, 1], "texture": "#particle"},
				"south": {"uv": [0, 0, 1, 1], "texture": "#particle"},
				"west": {"uv": [0, 0, 1, 1], "texture": "#particle"},
				"up": {"uv": [0, 0, 1, 1], "texture": "#particle"},
				"down": {"uv": [0, 0, 1, 1], "texture": "#particle"}
			}
		},
		{
			"name": "octagon",
			"from": [7.63756, 5.625, 4.5],
			"to": [8.36244, 7.375, 5],
			"rotation": {"angle": 0, "axis": "z", "origin": [8, 6.5, 5.5]},
			"faces": {
				"north": {"uv": [0, 0, 1, 1], "texture": "#particle"},
				"east": {"uv": [0, 0, 1, 1], "texture": "#particle"},
				"south": {"uv": [0, 0, 1, 1], "texture": "#particle"},
				"west": {"uv": [0, 0, 1, 1], "texture": "#particle"},
				"up": {"uv": [0, 0, 1, 1], "texture": "#particle"},
				"down": {"uv": [0, 0, 1, 1], "texture": "#particle"}
			}
		},
		{
			"name": "octagon",
			"from": [7.125, 6.13756, 4.5],
			"to": [8.875, 6.86244, 5],
			"rotation": {"angle": 45, "axis": "z", "origin": [8, 6.5, 5.5]},
			"faces": {
				"north": {"uv": [0, 0, 1, 1], "texture": "#particle"},
				"east": {"uv": [0, 0, 1, 1], "texture": "#particle"},
				"south": {"uv": [0, 0, 1, 1], "texture": "#particle"},
				"west": {"uv": [0, 0, 1, 1], "texture": "#particle"},
				"up": {"uv": [0, 0, 1, 1], "texture": "#particle"},
				"down": {"uv": [0, 0, 1, 1], "texture": "#particle"}
			}
		},
		{
			"name": "octagon",
			"from": [7.125, 6.13756, 4.5],
			"to": [8.875, 6.86244, 5],
			"rotation": {"angle": 0, "axis": "z", "origin": [8, 6.5, 5.5]},
			"faces": {
				"north": {"uv": [0, 0, 1, 1], "texture": "#particle"},
				"east": {"uv": [0, 0, 1, 1], "texture": "#particle"},
				"south": {"uv": [0, 0, 1, 1], "texture": "#particle"},
				"west": {"uv": [0, 0, 1, 1], "texture": "#particle"},
				"up": {"uv": [0, 0, 1, 1], "texture": "#particle"},
				"down": {"uv": [0, 0, 1, 1], "texture": "#particle"}
			}
		},
		{
			"name": "octagon",
			"from": [7.325, 6.2, 5],
			"to": [8.675, 6.75434, 12.5],
			"rotation": {"angle": 0, "axis": "y", "origin": [8, 6.47717, 5.25]},
			"faces": {
				"north": {"uv": [0, 0, 1, 1], "texture": "#particle"},
				"east": {"uv": [0, 0, 1, 1], "texture": "#particle"},
				"south": {"uv": [0, 0, 1, 1], "texture": "#particle"},
				"west": {"uv": [0, 0, 1, 1], "texture": "#particle"},
				"up": {"uv": [0, 0, 1, 1], "texture": "#particle"},
				"down": {"uv": [0, 0, 1, 1], "texture": "#particle"}
			}
		},
		{
			"name": "octagon",
			"from": [8.525, 6.2, 5],
			"to": [8.675, 6.75434, 12.5],
			"rotation": {"angle": -45, "axis": "z", "origin": [8, 6.47717, 5.25]},
			"faces": {
				"north": {"uv": [0, 0, 1, 1], "texture": "#particle"},
				"east": {"uv": [0, 0, 1, 1], "texture": "#particle"},
				"south": {"uv": [0, 0, 1, 1], "texture": "#particle"},
				"west": {"uv": [0, 0, 1, 1], "texture": "#particle"},
				"up": {"uv": [0, 0, 1, 1], "texture": "#particle"},
				"down": {"uv": [0, 0, 1, 1], "texture": "#particle"}
			}
		},
		{
			"name": "octagon",
			"from": [7.325, 6.2, 5],
			"to": [7.575, 6.75434, 12.5],
			"rotation": {"angle": 45, "axis": "z", "origin": [8, 6.47717, 5.25]},
			"faces": {
				"north": {"uv": [0, 0, 1, 1], "texture": "#particle"},
				"east": {"uv": [0, 0, 1, 1], "texture": "#particle"},
				"south": {"uv": [0, 0, 1, 1], "texture": "#particle"},
				"west": {"uv": [0, 0, 1, 1], "texture": "#particle"},
				"up": {"uv": [0, 0, 1, 1], "texture": "#particle"},
				"down": {"uv": [0, 0, 1, 1], "texture": "#particle"}
			}
		},
		{
			"name": "octagon",
			"from": [7.325, 6.2, 5],
			"to": [7.575, 6.45434, 12.5],
			"rotation": {"angle": -45, "axis": "z", "origin": [8, 6.47717, 5.25]},
			"faces": {
				"north": {"uv": [0, 0, 1, 1], "texture": "#particle"},
				"east": {"uv": [0, 0, 1, 1], "texture": "#particle"},
				"south": {"uv": [0, 0, 1, 1], "texture": "#particle"},
				"west": {"uv": [0, 0, 1, 1], "texture": "#particle"},
				"up": {"uv": [0, 0, 1, 1], "texture": "#particle"},
				"down": {"uv": [0, 0, 1, 1], "texture": "#particle"}
			}
		},
		{
			"name": "octagon",
			"from": [8.02283, 6.90217, 5],
			"to": [8.27717, 7.15217, 12.5],
			"rotation": {"angle": -45, "axis": "z", "origin": [8, 6.47717, 5.25]},
			"faces": {
				"north": {"uv": [0, 0, 1, 1], "rotation": 270, "texture": "#particle"},
				"east": {"uv": [0, 0, 1, 1], "rotation": 90, "texture": "#particle"},
				"south": {"uv": [0, 0, 1, 1], "rotation": 90, "texture": "#particle"},
				"west": {"uv": [0, 0, 1, 1], "rotation": 90, "texture": "#particle"},
				"up": {"uv": [0, 0, 1, 1], "rotation": 90, "texture": "#particle"},
				"down": {"uv": [0, 0, 1, 1], "rotation": 90, "texture": "#particle"}
			}
		},
		{
			"from": [7.71, 5.9, -7.25],
			"to": [8.31, 8.25, -7.05],
			"rotation": {"angle": -22.5, "axis": "x", "origin": [8, 8.125, -8.55]},
			"faces": {
				"north": {"uv": [0, 0, 1, 1.75], "texture": "#particle"},
				"east": {"uv": [0, 0, 0.5, 1.75], "texture": "#particle"},
				"south": {"uv": [0, 0, 2, 8.75], "texture": "#particle"},
				"west": {"uv": [0, 0, 0.5, 1.75], "texture": "#particle"},
				"up": {"uv": [0, 0, 1, 0.5], "texture": "#particle"},
				"down": {"uv": [0, 0, 1, 0.5], "texture": "#particle"}
			}
		},
		{
			"from": [7.7, 8.462, -7.812],
			"to": [8.3, 8.812, -7.212],
			"rotation": {"angle": 0, "axis": "y", "origin": [0, 0.5, -4.3]},
			"faces": {
				"north": {"uv": [0, 0, 1, 0.35], "texture": "#particle"},
				"east": {"uv": [0, 0, 1.6, 0.35], "texture": "#particle"},
				"south": {"uv": [0, 0, 1, 0.35], "texture": "#particle"},
				"west": {"uv": [0, 0, 1.6, 0.35], "texture": "#particle"},
				"up": {"uv": [0, 0, 1, 1.6], "texture": "#particle"},
				"down": {"uv": [0, 0, 1, 1.6], "texture": "#particle"}
			}
		},
		{
			"from": [7.7, 5.762, -8.012],
			"to": [8.3, 8.812, -7.812],
			"rotation": {"angle": 0, "axis": "y", "origin": [0, 0.5, -4.5]},
			"faces": {
				"north": {"uv": [0, 0, 1, 0.35], "texture": "#particle"},
				"east": {"uv": [0, 0, 0.6, 8.35], "texture": "#particle"},
				"south": {"uv": [0, 0, 1, 0.35], "texture": "#particle"},
				"west": {"uv": [0, 0, 1, 8.95], "texture": "#particle"},
				"up": {"uv": [0, 0, 1, 1.6], "texture": "#particle"},
				"down": {"uv": [0, 0, 1, 1.6], "texture": "#particle"}
			}
		},
		{
			"from": [7.7, 7.162, -7.812],
			"to": [8.3, 7.412, -6.412],
			"rotation": {"angle": 0, "axis": "y", "origin": [0, 1, -4.3]},
			"faces": {
				"north": {"uv": [0, 0, 1, 0.35], "texture": "#particle"},
				"east": {"uv": [0, 0, 0.6, 8.35], "texture": "#particle"},
				"south": {"uv": [0, 0, 1, 0.35], "texture": "#particle"},
				"west": {"uv": [0, 0, 0.6, 9.35], "texture": "#particle"},
				"up": {"uv": [0, 0, 1, 1.6], "texture": "#particle"},
				"down": {"uv": [0, 0, 1, 1.6], "texture": "#particle"}
			}
		},
		{
			"from": [7.65, 8.75, -7.9],
			"to": [7.7, 9.3, -7.4],
			"rotation": {"angle": 22.5, "axis": "z", "origin": [7.725, 8.975, -7.65]},
			"faces": {
				"north": {"uv": [0, 0, 0.25, 0.55], "texture": "#particle"},
				"east": {"uv": [0, 0, 0.5, 0.55], "texture": "#particle"},
				"south": {"uv": [0, 0, 0.25, 0.55], "texture": "#particle"},
				"west": {"uv": [0, 0, 0.5, 0.55], "texture": "#particle"},
				"up": {"uv": [0, 0, 0.25, 0.5], "texture": "#particle"},
				"down": {"uv": [0, 0, 0.25, 0.5], "texture": "#particle"}
			}
		},
		{
			"from": [7.98, 8.8, -7.9],
			"to": [8.03, 9.05, -7.4],
			"rotation": {"angle": 0, "axis": "y", "origin": [0.1, 0.6, -3.4]},
			"faces": {
				"north": {"uv": [0, 0, 0.25, 0.55], "texture": "#particle"},
				"east": {"uv": [0, 0, 0.5, 0.55], "texture": "#particle"},
				"south": {"uv": [0, 0, 0.25, 0.55], "texture": "#particle"},
				"west": {"uv": [0, 0, 0.5, 0.55], "texture": "#particle"},
				"up": {"uv": [0, 0, 0.25, 0.5], "texture": "#particle"},
				"down": {"uv": [0, 0, 0.25, 0.5], "texture": "#particle"}
			}
		},
		{
			"from": [8.3, 8.75, -7.9],
			"to": [8.35, 9.3, -7.4],
			"rotation": {"angle": -22.5, "axis": "z", "origin": [8.275, 8.975, -7.65]},
			"faces": {
				"north": {"uv": [0, 0, 0.25, 0.55], "texture": "#particle"},
				"east": {"uv": [0, 0, 0.5, 0.55], "texture": "#particle"},
				"south": {"uv": [0, 0, 0.25, 0.55], "texture": "#particle"},
				"west": {"uv": [0, 0, 0.5, 0.55], "texture": "#particle"},
				"up": {"uv": [0, 0, 0.25, 0.5], "texture": "#particle"},
				"down": {"uv": [0, 0, 0.25, 0.5], "texture": "#particle"}
			}
		},
		{
			"from": [7.71, 7.1, 5.05],
			"to": [8.31, 8.65, 5.25],
			"rotation": {"angle": 0, "axis": "x", "origin": [0, 0.65, 9.55]},
			"faces": {
				"north": {"uv": [0, 0, 1, 1.75], "texture": "#particle"},
				"east": {"uv": [0, 0, 0.5, 1.75], "texture": "#particle"},
				"south": {"uv": [0, 0, 1, 1.75], "texture": "#particle"},
				"west": {"uv": [0, 0, 0.5, 1.75], "texture": "#particle"},
				"up": {"uv": [0, 0, 1, 0.5], "texture": "#particle"},
				"down": {"uv": [0, 0, 1, 0.5], "texture": "#particle"}
			}
		},
		{
			"from": [7.71, 7.14285, 11.08044],
			"to": [8.31, 8.89285, 11.88044],
			"rotation": {"angle": -22.5, "axis": "x", "origin": [8.01, 8.01785, 11.78044]},
			"faces": {
				"north": {"uv": [0, 0, 1, 1.75], "texture": "#particle"},
				"east": {"uv": [0, 0, 0.5, 1.75], "texture": "#particle"},
				"south": {"uv": [0, 0, 1, 1.75], "texture": "#particle"},
				"west": {"uv": [0, 0, 0.5, 1.75], "texture": "#particle"},
				"up": {"uv": [0, 0, 1, 0.5], "texture": "#particle"},
				"down": {"uv": [0, 0, 1, 0.5], "texture": "#particle"}
			}
		},
		{
			"from": [7.71, 7.14285, 10.28044],
			"to": [8.31, 8.89285, 11.08044],
			"rotation": {"angle": -22.5, "axis": "x", "origin": [8.01, 8.01785, 10.98044]},
			"faces": {
				"north": {"uv": [0, 0, 1, 1.75], "texture": "#particle"},
				"east": {"uv": [0, 0, 0.5, 1.75], "texture": "#particle"},
				"south": {"uv": [0, 0, 1, 1.75], "texture": "#particle"},
				"west": {"uv": [0, 0, 0.5, 1.75], "texture": "#particle"},
				"up": {"uv": [0, 0, 1, 0.5], "texture": "#particle"},
				"down": {"uv": [0, 0, 1, 0.5], "texture": "#particle"}
			}
		},
		{
			"from": [7.7, 8.51, 5.138],
			"to": [8.3, 8.76, 11.538],
			"rotation": {"angle": 0, "axis": "x", "origin": [0, 0.55, 14.45]},
			"faces": {
				"north": {"uv": [0, 0, 1, 0.35], "texture": "#particle"},
				"east": {"uv": [0, 0, 1.6, 0.35], "texture": "#particle"},
				"south": {"uv": [0, 0, 1, 0.35], "texture": "#particle"},
				"west": {"uv": [0, 0, 1.6, 0.35], "texture": "#particle"},
				"up": {"uv": [0, 0, 1, 1.6], "texture": "#particle"},
				"down": {"uv": [0, 0, 1, 1.6], "texture": "#particle"}
			}
		},
		{
			"from": [8.2, 9.15, 9.138],
			"to": [8.3, 9.25, 11.338],
			"rotation": {"angle": 0, "axis": "y", "origin": [0.5, 1.15, 14.45]},
			"faces": {
				"north": {"uv": [0, 0, 1, 0.35], "texture": "#particle"},
				"east": {"uv": [0, 0, 1.6, 0.35], "texture": "#particle"},
				"south": {"uv": [0, 0, 1, 0.35], "texture": "#particle"},
				"west": {"uv": [0, 0, 1.6, 0.35], "texture": "#particle"},
				"up": {"uv": [0, 0, 1, 1.6], "texture": "#particle"},
				"down": {"uv": [0, 0, 1, 1.6], "texture": "#particle"}
			}
		},
		{
			"from": [8.2, 9.25, 10.138],
			"to": [8.3, 9.35, 11.338],
			"rotation": {"angle": 0, "axis": "y", "origin": [0.5, 1.25, 14.45]},
			"faces": {
				"north": {"uv": [0, 0, 1, 0.35], "texture": "#particle"},
				"east": {"uv": [0, 0, 1.6, 0.35], "texture": "#particle"},
				"south": {"uv": [0, 0, 1, 0.35], "texture": "#particle"},
				"west": {"uv": [0, 0, 1.6, 0.35], "texture": "#particle"},
				"up": {"uv": [0, 0, 1, 1.6], "texture": "#particle"},
				"down": {"uv": [0, 0, 1, 1.6], "texture": "#particle"}
			}
		},
		{
			"from": [8.2, 9.05, 8.138],
			"to": [8.3, 9.15, 11.338],
			"rotation": {"angle": 0, "axis": "y", "origin": [0.5, 1.05, 14.45]},
			"faces": {
				"north": {"uv": [0, 0, 1, 0.35], "texture": "#particle"},
				"east": {"uv": [0, 0, 1.6, 0.35], "texture": "#particle"},
				"south": {"uv": [0, 0, 1, 0.35], "texture": "#particle"},
				"west": {"uv": [0, 0, 1.6, 0.35], "texture": "#particle"},
				"up": {"uv": [0, 0, 1, 1.6], "texture": "#particle"},
				"down": {"uv": [0, 0, 1, 1.6], "texture": "#particle"}
			}
		},
		{
			"from": [8.2, 8.95, 7.138],
			"to": [8.3, 9.05, 11.338],
			"rotation": {"angle": 0, "axis": "y", "origin": [0.5, 0.95, 14.45]},
			"faces": {
				"north": {"uv": [0, 0, 1, 0.35], "texture": "#particle"},
				"east": {"uv": [0, 0, 1.6, 0.35], "texture": "#particle"},
				"south": {"uv": [0, 0, 1, 0.35], "texture": "#particle"},
				"west": {"uv": [0, 0, 1.6, 0.35], "texture": "#particle"},
				"up": {"uv": [0, 0, 1, 1.6], "texture": "#particle"},
				"down": {"uv": [0, 0, 1, 1.6], "texture": "#particle"}
			}
		},
		{
			"from": [8.2, 8.85, 6.138],
			"to": [8.3, 8.95, 11.338],
			"rotation": {"angle": 0, "axis": "y", "origin": [0.5, 0.85, 14.45]},
			"faces": {
				"north": {"uv": [0, 0, 1, 0.35], "texture": "#particle"},
				"east": {"uv": [0, 0, 1.6, 0.35], "texture": "#particle"},
				"south": {"uv": [0, 0, 1, 0.35], "texture": "#particle"},
				"west": {"uv": [0, 0, 1.6, 0.35], "texture": "#particle"},
				"up": {"uv": [0, 0, 1, 1.6], "texture": "#particle"},
				"down": {"uv": [0, 0, 1, 1.6], "texture": "#particle"}
			}
		},
		{
			"from": [7.7, 8.85, 6.138],
			"to": [7.8, 8.95, 11.338],
			"rotation": {"angle": 0, "axis": "y", "origin": [0, 0.85, 14.45]},
			"faces": {
				"north": {"uv": [0, 0, 1, 0.35], "texture": "#particle"},
				"east": {"uv": [0, 0, 1.6, 0.35], "texture": "#particle"},
				"south": {"uv": [0, 0, 1, 0.35], "texture": "#particle"},
				"west": {"uv": [0, 0, 1.6, 0.35], "texture": "#particle"},
				"up": {"uv": [0, 0, 1, 1.6], "texture": "#particle"},
				"down": {"uv": [0, 0, 1, 1.6], "texture": "#particle"}
			}
		},
		{
			"from": [7.7, 8.95, 7.138],
			"to": [7.8, 9.05, 11.338],
			"rotation": {"angle": 0, "axis": "y", "origin": [0, 0.95, 14.45]},
			"faces": {
				"north": {"uv": [0, 0, 1, 0.35], "texture": "#particle"},
				"east": {"uv": [0, 0, 1.6, 0.35], "texture": "#particle"},
				"south": {"uv": [0, 0, 1, 0.35], "texture": "#particle"},
				"west": {"uv": [0, 0, 1.6, 0.35], "texture": "#particle"},
				"up": {"uv": [0, 0, 1, 1.6], "texture": "#particle"},
				"down": {"uv": [0, 0, 1, 1.6], "texture": "#particle"}
			}
		},
		{
			"from": [7.7, 9.05, 8.138],
			"to": [7.8, 9.15, 11.338],
			"rotation": {"angle": 0, "axis": "y", "origin": [0, 1.05, 14.45]},
			"faces": {
				"north": {"uv": [0, 0, 1, 0.35], "texture": "#particle"},
				"east": {"uv": [0, 0, 1.6, 0.35], "texture": "#particle"},
				"south": {"uv": [0, 0, 1, 0.35], "texture": "#particle"},
				"west": {"uv": [0, 0, 1.6, 0.35], "texture": "#particle"},
				"up": {"uv": [0, 0, 1, 1.6], "texture": "#particle"},
				"down": {"uv": [0, 0, 1, 1.6], "texture": "#particle"}
			}
		},
		{
			"from": [7.7, 9.15, 9.138],
			"to": [7.8, 9.25, 11.338],
			"rotation": {"angle": 0, "axis": "y", "origin": [0, 1.15, 14.45]},
			"faces": {
				"north": {"uv": [0, 0, 1, 0.35], "texture": "#particle"},
				"east": {"uv": [0, 0, 1.6, 0.35], "texture": "#particle"},
				"south": {"uv": [0, 0, 1, 0.35], "texture": "#particle"},
				"west": {"uv": [0, 0, 1.6, 0.35], "texture": "#particle"},
				"up": {"uv": [0, 0, 1, 1.6], "texture": "#particle"},
				"down": {"uv": [0, 0, 1, 1.6], "texture": "#particle"}
			}
		},
		{
			"from": [7.7, 9.25, 10.138],
			"to": [7.8, 9.35, 11.338],
			"rotation": {"angle": 0, "axis": "y", "origin": [0, 1.25, 14.45]},
			"faces": {
				"north": {"uv": [0, 0, 1, 0.35], "texture": "#particle"},
				"east": {"uv": [0, 0, 1.6, 0.35], "texture": "#particle"},
				"south": {"uv": [0, 0, 1, 0.35], "texture": "#particle"},
				"west": {"uv": [0, 0, 1.6, 0.35], "texture": "#particle"},
				"up": {"uv": [0, 0, 1, 1.6], "texture": "#particle"},
				"down": {"uv": [0, 0, 1, 1.6], "texture": "#particle"}
			}
		},
		{
			"from": [7.7, 8.75, 5.238],
			"to": [8.3, 8.85, 11.538],
			"rotation": {"angle": 0, "axis": "y", "origin": [0, 0.75, 14.45]},
			"faces": {
				"north": {"uv": [0, 0, 1, 0.35], "texture": "#particle"},
				"east": {"uv": [0, 0, 1.6, 0.35], "texture": "#particle"},
				"south": {"uv": [0, 0, 1, 0.35], "texture": "#particle"},
				"west": {"uv": [0, 0, 1.6, 0.35], "texture": "#particle"},
				"up": {"uv": [0, 0, 1, 1.6], "texture": "#particle"},
				"down": {"uv": [0, 0, 1, 1.6], "texture": "#particle"}
			}
		},
		{
			"from": [7.7, 7.41, 5.238],
			"to": [8.3, 7.76, 11.538],
			"rotation": {"angle": 0, "axis": "y", "origin": [0, -0.55, 14.45]},
			"faces": {
				"north": {"uv": [0, 0, 1, 0.35], "texture": "#particle"},
				"east": {"uv": [0, 0, 1.6, 0.35], "texture": "#particle"},
				"south": {"uv": [0, 0, 1, 0.35], "texture": "#particle"},
				"west": {"uv": [0, 0, 1.6, 0.35], "texture": "#particle"},
				"up": {"uv": [0, 0, 1, 1.6], "texture": "#particle"},
				"down": {"uv": [0, 0, 1, 1.6], "texture": "#particle"}
			}
		},
		{
			"from": [7.7, 8.75, 10.95],
			"to": [7.85, 9.3, 11.45],
			"rotation": {"angle": -22.5, "axis": "x", "origin": [8, 9.025, 11.2]},
			"faces": {
				"north": {"uv": [0, 0, 0.25, 0.55], "texture": "#particle"},
				"east": {"uv": [0, 0, 0.5, 0.55], "texture": "#particle"},
				"south": {"uv": [0, 0, 0.25, 0.55], "texture": "#particle"},
				"west": {"uv": [0, 0, 0.5, 0.55], "texture": "#particle"},
				"up": {"uv": [0, 0, 0.25, 0.5], "texture": "#particle"},
				"down": {"uv": [0, 0, 0.25, 0.5], "texture": "#particle"}
			}
		},
		{
			"from": [8.15, 8.75, 10.95],
			"to": [8.3, 9.3, 11.45],
			"rotation": {"angle": -22.5, "axis": "x", "origin": [8, 9.025, 11.2]},
			"faces": {
				"north": {"uv": [0, 0, 0.25, 0.55], "texture": "#particle"},
				"east": {"uv": [0, 0, 0.5, 0.55], "texture": "#particle"},
				"south": {"uv": [0, 0, 0.25, 0.55], "texture": "#particle"},
				"west": {"uv": [0, 0, 0.5, 0.55], "texture": "#particle"},
				"up": {"uv": [0, 0, 0.25, 0.5], "texture": "#particle"},
				"down": {"uv": [0, 0, 0.25, 0.5], "texture": "#particle"}
			}
		},
		{
			"name": "octagon",
			"from": [7.84467, 6.125, -8.25],
			"to": [8.15533, 6.875, -8.25],
			"rotation": {"angle": 45, "axis": "z", "origin": [8, 6.5, -7.25]},
			"faces": {
				"north": {"uv": [9, 15, 10, 16], "texture": "#particle"},
				"east": {"uv": [9, 15, 10, 16], "texture": "#particle"},
				"south": {"uv": [9, 15, 10, 16], "texture": "#particle"},
				"west": {"uv": [9, 15, 10, 16], "texture": "#particle"},
				"up": {"uv": [9, 15, 10, 16], "texture": "#particle"},
				"down": {"uv": [9, 15, 10, 16], "texture": "#particle"}
			}
		},
		{
			"name": "octagon",
			"from": [7.84467, 6.125, -8.25],
			"to": [8.15533, 6.875, -8.25],
			"rotation": {"angle": 0, "axis": "z", "origin": [8, 6.5, -7.25]},
			"faces": {
				"north": {"uv": [9, 15, 10, 16], "texture": "#particle"},
				"east": {"uv": [9, 15, 10, 16], "texture": "#particle"},
				"south": {"uv": [9, 15, 10, 16], "texture": "#particle"},
				"west": {"uv": [9, 15, 10, 16], "texture": "#particle"},
				"up": {"uv": [9, 15, 10, 16], "texture": "#particle"},
				"down": {"uv": [9, 15, 10, 16], "texture": "#particle"}
			}
		},
		{
			"name": "octagon",
			"from": [7.625, 6.34467, -8.25],
			"to": [8.375, 6.65533, -8.25],
			"rotation": {"angle": 45, "axis": "z", "origin": [8, 6.5, -7.25]},
			"faces": {
				"north": {"uv": [9, 15, 10, 16], "texture": "#particle"},
				"east": {"uv": [9, 15, 10, 16], "texture": "#particle"},
				"south": {"uv": [9, 15, 10, 16], "texture": "#particle"},
				"west": {"uv": [9, 15, 10, 16], "texture": "#particle"},
				"up": {"uv": [9, 15, 10, 16], "texture": "#particle"},
				"down": {"uv": [9, 15, 10, 16], "texture": "#particle"}
			}
		},
		{
			"name": "octagon",
			"from": [7.625, 6.34467, -8.25],
			"to": [8.375, 6.65533, -8.25],
			"rotation": {"angle": 0, "axis": "z", "origin": [8, 6.5, -7.25]},
			"faces": {
				"north": {"uv": [9, 15, 10, 16], "texture": "#particle"},
				"east": {"uv": [9, 15, 10, 16], "texture": "#particle"},
				"south": {"uv": [9, 15, 10, 16], "texture": "#particle"},
				"west": {"uv": [9, 15, 10, 16], "texture": "#particle"},
				"up": {"uv": [9, 15, 10, 16], "texture": "#particle"},
				"down": {"uv": [9, 15, 10, 16], "texture": "#particle"}
			}
		},
		{
			"name": "octagon",
			"from": [6.99853, 6.08, -1.01],
			"to": [8.99853, 6.9084, 4.49],
			"rotation": {"angle": 0, "axis": "y", "origin": [7.99853, 6.4942, 1.74]},
			"faces": {
				"north": {"uv": [0, 0, 1, 1], "rotation": 90, "texture": "#particle"},
				"east": {"uv": [0, 9, 16, 10], "texture": "#particle"},
				"south": {"uv": [3, 9, 4, 10], "rotation": 270, "texture": "#particle"},
				"west": {"uv": [0, 9, 16, 10], "texture": "#particle"},
				"up": {"uv": [0, 0, 1, 1], "rotation": 270, "texture": "#particle"},
				"down": {"uv": [0, 0, 1, 1], "rotation": 270, "texture": "#particle"}
			}
		},
		{
			"name": "octagon",
			"from": [6.99853, 6.08, -1.01],
			"to": [8.99853, 6.9084, 4.49],
			"rotation": {"angle": -45, "axis": "z", "origin": [7.99853, 6.4942, 1.74]},
			"faces": {
				"north": {"uv": [0, 0, 1, 1], "rotation": 90, "texture": "#particle"},
				"east": {"uv": [0, 9, 16, 10], "texture": "#particle"},
				"south": {"uv": [3, 9, 4, 10], "rotation": 270, "texture": "#particle"},
				"west": {"uv": [0, 9, 16, 10], "texture": "#particle"},
				"up": {"uv": [0, 0, 1, 1], "rotation": 270, "texture": "#particle"},
				"down": {"uv": [0, 0, 1, 1], "rotation": 270, "texture": "#particle"}
			}
		},
		{
			"name": "octagon",
			"from": [7.58433, 5.4942, -1.01],
			"to": [8.41273, 7.4942, 4.49],
			"rotation": {"angle": 0, "axis": "y", "origin": [7.99853, 6.4942, 1.74]},
			"faces": {
				"north": {"uv": [0, 0, 1, 1], "texture": "#particle"},
				"east": {"uv": [0, 0, 1, 1], "texture": "#particle"},
				"south": {"uv": [3, 9, 4, 10], "texture": "#particle"},
				"west": {"uv": [0, 0, 1, 1], "texture": "#particle"},
				"up": {"uv": [0, 9, 16, 10], "rotation": 90, "texture": "#particle"},
				"down": {"uv": [0, 9, 16, 10], "rotation": 90, "texture": "#particle"}
			}
		},
		{
			"name": "octagon",
			"from": [7.58433, 5.4942, -1.01],
			"to": [8.41273, 7.4942, 4.49],
			"rotation": {"angle": -45, "axis": "z", "origin": [7.99853, 6.4942, 1.74]},
			"faces": {
				"north": {"uv": [0, 0, 1, 1], "texture": "#particle"},
				"east": {"uv": [0, 0, 1, 1], "texture": "#particle"},
				"south": {"uv": [3, 9, 4, 10], "texture": "#particle"},
				"west": {"uv": [0, 0, 1, 1], "texture": "#particle"},
				"up": {"uv": [0, 9, 16, 10], "rotation": 90, "texture": "#particle"},
				"down": {"uv": [16, 9, 0, 10], "rotation": 90, "texture": "#particle"}
			}
		},
		{
			"name": "octagon",
			"from": [7.09853, 6.12, -6.51],
			"to": [8.89853, 6.86556, -1.01],
			"rotation": {"angle": 0, "axis": "y", "origin": [7.99853, 6.49278, -3.76]},
			"faces": {
				"north": {"uv": [0, 0, 1, 1], "rotation": 90, "texture": "#particle"},
				"east": {"uv": [16, 9, 0, 10], "texture": "#particle"},
				"south": {"uv": [3, 9, 4, 10], "rotation": 270, "texture": "#particle"},
				"west": {"uv": [0, 9, 16, 10], "texture": "#particle"},
				"up": {"uv": [0, 0, 1, 1], "rotation": 270, "texture": "#particle"},
				"down": {"uv": [0, 0, 1, 1], "rotation": 270, "texture": "#particle"}
			}
		},
		{
			"name": "octagon",
			"from": [7.09853, 6.12, -6.51],
			"to": [8.89853, 6.86556, -1.01],
			"rotation": {"angle": -45, "axis": "z", "origin": [7.99853, 6.49278, -3.76]},
			"faces": {
				"north": {"uv": [0, 0, 1, 1], "rotation": 90, "texture": "#particle"},
				"east": {"uv": [16, 9, 0, 10], "texture": "#particle"},
				"south": {"uv": [3, 9, 4, 10], "rotation": 270, "texture": "#particle"},
				"west": {"uv": [0, 9, 16, 10], "texture": "#particle"},
				"up": {"uv": [0, 0, 1, 1], "rotation": 270, "texture": "#particle"},
				"down": {"uv": [0, 0, 1, 1], "rotation": 270, "texture": "#particle"}
			}
		},
		{
			"name": "octagon",
			"from": [7.62575, 5.59278, -6.51],
			"to": [8.37131, 7.39278, -1.01],
			"rotation": {"angle": 0, "axis": "y", "origin": [7.99853, 6.49278, -3.76]},
			"faces": {
				"north": {"uv": [0, 0, 1, 1], "texture": "#particle"},
				"east": {"uv": [0, 0, 1, 1], "texture": "#particle"},
				"south": {"uv": [3, 9, 4, 10], "texture": "#particle"},
				"west": {"uv": [0, 0, 1, 1], "texture": "#particle"},
				"up": {"uv": [0, 9, 16, 10], "rotation": 90, "texture": "#particle"},
				"down": {"uv": [16, 9, 0, 10], "rotation": 90, "texture": "#particle"}
			}
		},
		{
			"name": "octagon",
			"from": [7.62575, 5.59278, -6.51],
			"to": [8.37131, 7.39278, -1.01],
			"rotation": {"angle": -45, "axis": "z", "origin": [7.99853, 6.49278, -3.76]},
			"faces": {
				"north": {"uv": [0, 0, 1, 1], "texture": "#particle"},
				"east": {"uv": [0, 0, 1, 1], "texture": "#particle"},
				"south": {"uv": [3, 9, 4, 10], "texture": "#particle"},
				"west": {"uv": [0, 0, 1, 1], "texture": "#particle"},
				"up": {"uv": [0, 9, 16, 10], "rotation": 90, "texture": "#particle"},
				"down": {"uv": [16, 9, 0, 10], "rotation": 90, "texture": "#particle"}
			}
		},
		{
			"name": "octagon",
			"from": [7.59927, 6.33573, -11.81],
			"to": [7.79927, 6.66427, -6.51],
			"rotation": {"angle": 0, "axis": "y", "origin": [7.99927, 6.5, -9.16]},
			"faces": {
				"north": {"uv": [0, 0, 1, 1], "rotation": 90, "texture": "#particle"},
				"east": {"uv": [1, 0, 2, 9], "rotation": 270, "texture": "#particle"},
				"south": {"uv": [0, 0, 1, 1], "rotation": 270, "texture": "#particle"},
				"west": {"uv": [0, 0, 1, 9], "rotation": 270, "texture": "#particle"},
				"up": {"uv": [0, 0, 1, 1], "rotation": 270, "texture": "#particle"},
				"down": {"uv": [0, 0, 1, 1], "rotation": 270, "texture": "#particle"}
			}
		},
		{
			"name": "octagon",
			"from": [7.59927, 6.33573, -11.81],
			"to": [7.79927, 6.66427, -6.51],
			"rotation": {"angle": -45, "axis": "z", "origin": [7.99927, 6.5, -9.16]},
			"faces": {
				"north": {"uv": [0, 0, 1, 1], "rotation": 90, "texture": "#particle"},
				"east": {"uv": [1, 0, 2, 9], "rotation": 270, "texture": "#particle"},
				"south": {"uv": [0, 0, 1, 1], "rotation": 270, "texture": "#particle"},
				"west": {"uv": [0, 0, 1, 9], "rotation": 270, "texture": "#particle"},
				"up": {"uv": [0, 0, 1, 1], "rotation": 270, "texture": "#particle"},
				"down": {"uv": [0, 0, 1, 1], "rotation": 270, "texture": "#particle"}
			}
		},
		{
			"name": "octagon",
			"from": [7.835, 6.7, -11.81],
			"to": [8.16354, 6.9, -6.51],
			"rotation": {"angle": 0, "axis": "y", "origin": [7.99927, 6.5, -9.16]},
			"faces": {
				"north": {"uv": [0, 0, 1, 1], "texture": "#particle"},
				"east": {"uv": [0, 0, 1, 1], "texture": "#particle"},
				"south": {"uv": [0, 0, 1, 1], "texture": "#particle"},
				"west": {"uv": [0, 0, 1, 1], "texture": "#particle"},
				"up": {"uv": [0, 0, 1, 9], "texture": "#particle"},
				"down": {"uv": [1, 0, 2, 9], "texture": "#particle"}
			}
		},
		{
			"name": "octagon",
			"from": [7.835, 6.7, -11.81],
			"to": [8.16354, 6.9, -6.51],
			"rotation": {"angle": -45, "axis": "z", "origin": [7.99927, 6.5, -9.16]},
			"faces": {
				"north": {"uv": [0, 0, 1, 1], "texture": "#particle"},
				"east": {"uv": [0, 0, 1, 1], "texture": "#particle"},
				"south": {"uv": [0, 0, 1, 1], "texture": "#particle"},
				"west": {"uv": [0, 0, 1, 1], "texture": "#particle"},
				"up": {"uv": [0, 0, 1, 9], "texture": "#particle"},
				"down": {"uv": [1, 0, 2, 9], "texture": "#particle"}
			}
		},
		{
			"name": "octagon",
			"from": [8.19927, 6.33573, -11.81],
			"to": [8.39927, 6.66427, -6.51],
			"rotation": {"angle": 0, "axis": "y", "origin": [7.99927, 6.5, -9.16]},
			"faces": {
				"north": {"uv": [0, 0, 1, 1], "rotation": 270, "texture": "#particle"},
				"east": {"uv": [0, 0, 1, 9], "rotation": 90, "texture": "#particle"},
				"south": {"uv": [0, 0, 1, 1], "rotation": 90, "texture": "#particle"},
				"west": {"uv": [1, 0, 2, 9], "rotation": 90, "texture": "#particle"},
				"up": {"uv": [0, 0, 1, 1], "rotation": 90, "texture": "#particle"},
				"down": {"uv": [0, 0, 1, 1], "rotation": 90, "texture": "#particle"}
			}
		},
		{
			"name": "octagon",
			"from": [8.19927, 6.33573, -11.81],
			"to": [8.39927, 6.66427, -6.51],
			"rotation": {"angle": -45, "axis": "z", "origin": [7.99927, 6.5, -9.16]},
			"faces": {
				"north": {"uv": [0, 0, 1, 1], "rotation": 270, "texture": "#particle"},
				"east": {"uv": [0, 0, 1, 9], "rotation": 90, "texture": "#particle"},
				"south": {"uv": [0, 0, 1, 1], "rotation": 90, "texture": "#particle"},
				"west": {"uv": [1, 0, 2, 9], "rotation": 90, "texture": "#particle"},
				"up": {"uv": [0, 0, 1, 1], "rotation": 90, "texture": "#particle"},
				"down": {"uv": [0, 0, 1, 1], "rotation": 90, "texture": "#particle"}
			}
		},
		{
			"name": "octagon",
			"from": [7.835, 6.1, -11.81],
			"to": [8.16354, 6.3, -6.51],
			"rotation": {"angle": 0, "axis": "y", "origin": [7.99927, 6.5, -9.16]},
			"faces": {
				"north": {"uv": [0, 0, 1, 1], "rotation": 180, "texture": "#particle"},
				"east": {"uv": [0, 0, 1, 1], "rotation": 180, "texture": "#particle"},
				"south": {"uv": [0, 0, 1, 1], "rotation": 180, "texture": "#particle"},
				"west": {"uv": [0, 0, 1, 1], "rotation": 180, "texture": "#particle"},
				"up": {"uv": [1, 0, 2, 9], "rotation": 180, "texture": "#particle"},
				"down": {"uv": [0, 0, 1, 9], "rotation": 180, "texture": "#particle"}
			}
		},
		{
			"name": "octagon",
			"from": [7.835, 6.1, -11.81],
			"to": [8.16354, 6.3, -6.51],
			"rotation": {"angle": -45, "axis": "z", "origin": [7.99927, 6.5, -9.16]},
			"faces": {
				"north": {"uv": [0, 0, 1, 1], "rotation": 180, "texture": "#particle"},
				"east": {"uv": [0, 0, 1, 1], "rotation": 180, "texture": "#particle"},
				"south": {"uv": [0, 0, 1, 1], "rotation": 180, "texture": "#particle"},
				"west": {"uv": [0, 0, 1, 1], "rotation": 180, "texture": "#particle"},
				"up": {"uv": [1, 0, 2, 9], "rotation": 180, "texture": "#particle"},
				"down": {"uv": [0, 0, 1, 9], "rotation": 180, "texture": "#particle"}
			}
		},
		{
			"name": "octagon",
			"from": [8.39927, 6.29, -13.86],
			"to": [8.49927, 6.70063, -11.81],
			"rotation": {"angle": 0, "axis": "y", "origin": [7.99927, 6.49531, -12.485]},
			"faces": {
				"north": {"uv": [0, 0, 1, 1], "rotation": 90, "texture": "#particle"},
				"east": {"uv": [6, 2, 9, 9], "rotation": 270, "texture": "#particle"},
				"south": {"uv": [0, 0, 1, 1], "rotation": 270, "texture": "#particle"},
				"west": {"uv": [6, 2, 9, 9], "rotation": 270, "texture": "#particle"},
				"up": {"uv": [0, 0, 1, 1], "rotation": 270, "texture": "#particle"},
				"down": {"uv": [0, 0, 1, 1], "rotation": 270, "texture": "#particle"}
			}
		},
		{
			"name": "octagon",
			"from": [8.39927, 6.29, -13.86],
			"to": [8.49927, 6.70063, -11.81],
			"rotation": {"angle": -45, "axis": "z", "origin": [7.99927, 6.49531, -12.485]},
			"faces": {
				"north": {"uv": [0, 0, 1, 1], "rotation": 90, "texture": "#particle"},
				"east": {"uv": [6, 2, 9, 9], "rotation": 270, "texture": "#particle"},
				"south": {"uv": [0, 0, 1, 1], "rotation": 270, "texture": "#particle"},
				"west": {"uv": [6, 2, 9, 9], "rotation": 270, "texture": "#particle"},
				"up": {"uv": [0, 0, 1, 1], "rotation": 270, "texture": "#particle"},
				"down": {"uv": [0, 0, 1, 1], "rotation": 270, "texture": "#particle"}
			}
		},
		{
			"name": "octagon",
			"from": [7.79396, 5.99531, -13.86],
			"to": [8.20458, 6.09531, -11.81],
			"rotation": {"angle": 0, "axis": "z", "origin": [7.99927, 6.49531, -12.485]},
			"faces": {
				"north": {"uv": [0, 0, 1, 1], "texture": "#particle"},
				"east": {"uv": [0, 0, 1, 1], "texture": "#particle"},
				"south": {"uv": [0, 0, 1, 1], "texture": "#particle"},
				"west": {"uv": [0, 0, 1, 1], "texture": "#particle"},
				"up": {"uv": [6, 2, 9, 9], "texture": "#particle"},
				"down": {"uv": [6, 2, 9, 9], "texture": "#particle"}
			}
		},
		{
			"name": "octagon",
			"from": [7.79396, 5.99531, -13.86],
			"to": [8.20458, 6.09531, -11.81],
			"rotation": {"angle": -45, "axis": "z", "origin": [7.99927, 6.49531, -12.485]},
			"faces": {
				"north": {"uv": [0, 0, 1, 1], "texture": "#particle"},
				"east": {"uv": [0, 0, 1, 1], "texture": "#particle"},
				"south": {"uv": [0, 0, 1, 1], "texture": "#particle"},
				"west": {"uv": [0, 0, 1, 1], "texture": "#particle"},
				"up": {"uv": [6, 2, 9, 9], "texture": "#particle"},
				"down": {"uv": [6, 2, 9, 9], "texture": "#particle"}
			}
		},
		{
			"name": "octagon",
			"from": [7.49927, 6.29, -13.86],
			"to": [7.59927, 6.70063, -11.81],
			"rotation": {"angle": 0, "axis": "z", "origin": [7.99927, 6.49531, -12.485]},
			"faces": {
				"north": {"uv": [0, 0, 1, 1], "rotation": 270, "texture": "#particle"},
				"east": {"uv": [6, 2, 9, 9], "rotation": 90, "texture": "#particle"},
				"south": {"uv": [0, 0, 1, 1], "rotation": 90, "texture": "#particle"},
				"west": {"uv": [6, 2, 9, 9], "rotation": 90, "texture": "#particle"},
				"up": {"uv": [0, 0, 1, 1], "rotation": 90, "texture": "#particle"},
				"down": {"uv": [0, 0, 1, 1], "rotation": 90, "texture": "#particle"}
			}
		},
		{
			"name": "octagon",
			"from": [7.49927, 6.29, -13.86],
			"to": [7.59927, 6.70063, -11.81],
			"rotation": {"angle": -45, "axis": "z", "origin": [7.99927, 6.49531, -12.485]},
			"faces": {
				"north": {"uv": [0, 0, 1, 1], "rotation": 90, "texture": "#particle"},
				"east": {"uv": [6, 2, 9, 9], "rotation": 270, "texture": "#particle"},
				"south": {"uv": [0, 0, 1, 1], "rotation": 270, "texture": "#particle"},
				"west": {"uv": [6, 2, 9, 9], "rotation": 270, "texture": "#particle"},
				"up": {"uv": [0, 0, 1, 1], "rotation": 270, "texture": "#particle"},
				"down": {"uv": [0, 0, 1, 1], "rotation": 270, "texture": "#particle"}
			}
		},
		{
			"name": "octagon",
			"from": [7.79396, 6.89531, -13.86],
			"to": [8.20458, 6.99531, -11.81],
			"rotation": {"angle": 0, "axis": "z", "origin": [7.99927, 6.49531, -12.485]},
			"faces": {
				"north": {"uv": [0, 0, 1, 1], "texture": "#particle"},
				"east": {"uv": [0, 0, 1, 1], "texture": "#particle"},
				"south": {"uv": [0, 0, 1, 1], "texture": "#particle"},
				"west": {"uv": [0, 0, 1, 1], "texture": "#particle"},
				"up": {"uv": [6, 2, 9, 9], "texture": "#particle"},
				"down": {"uv": [6, 2, 9, 9], "texture": "#particle"}
			}
		},
		{
			"name": "octagon",
			"from": [7.79396, 6.89531, -13.86],
			"to": [8.20458, 6.99531, -11.81],
			"rotation": {"angle": -45, "axis": "z", "origin": [7.99927, 6.49531, -12.485]},
			"faces": {
				"north": {"uv": [0, 0, 1, 1], "texture": "#particle"},
				"east": {"uv": [0, 0, 1, 1], "texture": "#particle"},
				"south": {"uv": [0, 0, 1, 1], "texture": "#particle"},
				"west": {"uv": [0, 0, 1, 1], "texture": "#particle"},
				"up": {"uv": [6, 2, 9, 9], "texture": "#particle"},
				"down": {"uv": [6, 2, 9, 9], "texture": "#particle"}
			}
		}
	],
	"display": {
		"thirdperson_righthand": {
			"translation": [0, 2.5, -0.75],
			"scale": [0.8, 0.8, 0.8]
		},
		"thirdperson_lefthand": {
			"translation": [-12, 3, -1.75]
		},
		"firstperson_righthand": {
			"translation": [6.75, -1, -24],
			"scale": [4, 4, 3.33]
		},
		"firstperson_lefthand": {
			"translation": [-19.5, 4.25, -0.25]
		},
		"ground": {
			"rotation": [0, 0, -90],
			"translation": [2.75, -2.75, 0],
			"scale": [0.9, 0.9, 0.9]
		},
		"gui": {
			"rotation": [28, 136, -23],
			"translation": [0, 2.75, 0]
		},
		"head": {
			"translation": [0, 6.5, -10.5]
		},
		"fixed": {
			"rotation": [0, -90, 0],
			"translation": [0, 1.75, -1],
			"scale": [1.25, 1.25, 1.25]
		}
	},
	"groups": [
		{
			"name": "stock3",
			"origin": [0, 0, 0],
			"color": 0,
			"children": [0, 1, 2, 3, 4]
		},
		{
			"name": "stock2",
			"origin": [8, 8, 8],
			"color": 0,
			"children": [
				5,
				6,
				7,
				8,
				9,
				{
					"name": "stock2",
					"origin": [8, 8, 8],
					"color": 0,
					"children": [10, 11, 12, 13]
				}
			]
		},
		{
			"name": "gun base",
			"origin": [0, 0, 0],
			"color": 0,
			"children": [14, 15, 16, 17, 18, 19, 20, 21, 22, 23]
		},
		{
			"name": "round bit connector",
			"origin": [8, 8, 8],
			"color": 7,
			"children": [24, 25, 26, 27, 28, 29, 30, 31, 32]
		},
		{
			"name": "iron sight",
			"origin": [0, 0, 0],
			"color": 0,
			"children": [33, 34, 35, 36, 37, 38, 39]
		},
		{
			"name": "iron sight",
			"origin": [0, 0, 0],
			"color": 0,
			"children": [40, 41, 42, 43, 44, 45, 46, 47, 48, 49, 50, 51, 52, 53, 54, 55, 56, 57]
		},
		{
			"name": "hole",
			"origin": [8, 8, 8],
			"color": 0,
			"children": [58, 59, 60, 61]
		},
		{
			"name": "round bit",
			"origin": [8, 8, 8],
			"color": 3,
			"children": [
				62,
				63,
				64,
				65,
				{
					"name": "round bit",
					"origin": [8, 8, 8],
					"color": 3,
					"children": []
				},
				{
					"name": "round bit",
					"origin": [8, 8, 8],
					"color": 3,
					"children": [
						66,
						67,
						68,
						69,
						{
							"name": "round bit",
							"origin": [8, 8, 8],
							"color": 3,
							"children": []
						}
					]
				}
			]
		},
		{
			"name": "barrel",
			"origin": [8, 8, 8],
			"color": 0,
			"children": [70, 71, 72, 73, 74, 75, 76, 77]
		},
		{
			"name": "muzzle",
			"origin": [7.99927, 6.5, -13.26],
			"color": 0,
			"children": [78, 79, 80, 81, 82, 83, 84, 85]
		}
	]
}