{
	"format_version": "1.21.6",
	"credit": "Made with Blockbench",
	"textures": {
		"1": "chems_guns:item/gun_ammo/m16a2",
		"2": "chems_guns:item/gun_ammo/20mmholes",
		"3": "chems_guns:item/gun_ammo/ar33",
		"particle": "chems_guns:item/gun_ammo/m4_carabine"
	},
	"elements": [
		{
			"name": "octagon",
			"from": [7.78579, 6.2, 11.8],
			"to": [8.19999, 7.2, 21.8],
			"rotation": {"angle": 0, "axis": "y", "origin": [7.99289, 6.7, 16.3]},
			"faces": {
				"north": {"uv": [0, 0, 1, 1], "texture": "#particle"},
				"east": {"uv": [0, 0, 1, 1], "texture": "#particle"},
				"south": {"uv": [0, 0, 1, 1], "texture": "#particle"},
				"west": {"uv": [0, 0, 1, 1], "texture": "#particle"},
				"up": {"uv": [1, 0, 2, 5], "texture": "#particle"},
				"down": {"uv": [1, 0, 2, 5], "texture": "#particle"}
			}
		},
		{
			"name": "octagon",
			"from": [7.78579, 6.2, 11.8],
			"to": [8.19999, 7.2, 21.8],
			"rotation": {"angle": -45, "axis": "z", "origin": [7.99289, 6.7, 16.3]},
			"faces": {
				"north": {"uv": [0, 0, 1, 1], "texture": "#particle"},
				"east": {"uv": [0, 0, 1, 1], "texture": "#particle"},
				"south": {"uv": [0, 0, 1, 1], "texture": "#particle"},
				"west": {"uv": [0, 0, 1, 1], "texture": "#particle"},
				"up": {"uv": [1, 0, 2, 5], "texture": "#particle"},
				"down": {"uv": [1, 0, 2, 5], "texture": "#particle"}
			}
		},
		{
			"name": "octagon",
			"from": [7.78579, 6.2, 11.8],
			"to": [8.19999, 7.2, 21.8],
			"rotation": {"angle": 45, "axis": "z", "origin": [7.99289, 6.7, 16.3]},
			"faces": {
				"north": {"uv": [0, 0, 1, 1], "texture": "#particle"},
				"east": {"uv": [0, 0, 1, 1], "texture": "#particle"},
				"south": {"uv": [0, 0, 1, 1], "texture": "#particle"},
				"west": {"uv": [0, 0, 1, 1], "texture": "#particle"},
				"up": {"uv": [1, 0, 2, 5], "texture": "#particle"},
				"down": {"uv": [1, 0, 2, 5], "texture": "#particle"}
			}
		},
		{
			"name": "octagon",
			"from": [7.49289, 6.4929, 11.8],
			"to": [8.49289, 6.9071, 21.8],
			"rotation": {"angle": 0, "axis": "y", "origin": [7.99289, 6.7, 16.3]},
			"faces": {
				"north": {"uv": [0, 0, 1, 1], "rotation": 90, "texture": "#particle"},
				"east": {"uv": [1, 0, 2, 5], "rotation": 270, "texture": "#particle"},
				"south": {"uv": [0, 0, 1, 1], "rotation": 270, "texture": "#particle"},
				"west": {"uv": [1, 0, 2, 5], "rotation": 270, "texture": "#particle"},
				"up": {"uv": [0, 0, 1, 1], "rotation": 270, "texture": "#particle"},
				"down": {"uv": [0, 0, 1, 1], "rotation": 270, "texture": "#particle"}
			}
		},
		{
			"name": "octagon",
			"from": [7.78579, 2.2, 20.8],
			"to": [8.19999, 2.7, 21.8],
			"rotation": {"angle": 0, "axis": "y", "origin": [7.99289, 2.7, 17.3]},
			"faces": {
				"north": {"uv": [0, 0, 1, 1], "texture": "#particle"},
				"east": {"uv": [0, 0, 1, 1], "texture": "#particle"},
				"south": {"uv": [0, 0, 1, 1], "texture": "#particle"},
				"west": {"uv": [0, 0, 1, 1], "texture": "#particle"},
				"up": {"uv": [1, 0, 2, 5], "texture": "#particle"},
				"down": {"uv": [1, 0, 2, 5], "texture": "#particle"}
			}
		},
		{
			"name": "octagon",
			"from": [7.78579, 2.2, 20.8],
			"to": [8.19999, 2.7, 21.8],
			"rotation": {"angle": -45, "axis": "z", "origin": [7.99289, 2.7, 17.3]},
			"faces": {
				"north": {"uv": [0, 0, 1, 1], "texture": "#particle"},
				"east": {"uv": [0, 0, 1, 1], "texture": "#particle"},
				"south": {"uv": [0, 0, 1, 1], "texture": "#particle"},
				"west": {"uv": [0, 0, 1, 1], "texture": "#particle"},
				"up": {"uv": [1, 0, 2, 5], "texture": "#particle"},
				"down": {"uv": [1, 0, 2, 5], "texture": "#particle"}
			}
		},
		{
			"name": "octagon",
			"from": [7.78579, 2.2, 20.8],
			"to": [8.19999, 2.5, 21.8],
			"rotation": {"angle": 45, "axis": "z", "origin": [7.99289, 2.7, 17.3]},
			"faces": {
				"north": {"uv": [0, 0, 1, 1], "texture": "#particle"},
				"east": {"uv": [0, 0, 1, 1], "texture": "#particle"},
				"south": {"uv": [0, 0, 1, 1], "texture": "#particle"},
				"west": {"uv": [0, 0, 1, 1], "texture": "#particle"},
				"up": {"uv": [1, 0, 2, 5], "texture": "#particle"},
				"down": {"uv": [1, 0, 2, 5], "texture": "#particle"}
			}
		},
		{
			"name": "octagon",
			"from": [7.49289, 2.4929, 20.8],
			"to": [8.49289, 6.5071, 21.8],
			"rotation": {"angle": 0, "axis": "y", "origin": [7.99289, 2.7, 17.3]},
			"faces": {
				"north": {"uv": [0, 0, 1, 1], "rotation": 90, "texture": "#particle"},
				"east": {"uv": [1, 0, 9, 2], "rotation": 270, "texture": "#particle"},
				"south": {"uv": [0, 0, 8, 2], "rotation": 270, "texture": "#particle"},
				"west": {"uv": [1, 0, 9, 2], "rotation": 270, "texture": "#particle"},
				"up": {"uv": [0, 0, 1, 1], "rotation": 270, "texture": "#particle"},
				"down": {"uv": [0, 0, 1, 1], "rotation": 270, "texture": "#particle"}
			}
		},
		{
			"from": [7.51, 3.44, 12.07],
			"to": [8.46, 4.49, 21.17],
			"rotation": {"angle": 22.5, "axis": "x", "origin": [8, 3.7, 18.6]},
			"faces": {
				"north": {"uv": [0, 0, 2, 1.25], "rotation": 180, "texture": "#particle"},
				"east": {"uv": [0, 0, 1.25, 2.1], "rotation": 90, "texture": "#particle"},
				"south": {"uv": [0, 0, 2, 1.25], "texture": "#particle"},
				"west": {"uv": [0, 0, 13.1, 2], "texture": "#particle"},
				"up": {"uv": [0, 0, 2, 2.1], "texture": "#particle"},
				"down": {"uv": [0, 0, 2, 2.1], "rotation": 180, "texture": "#particle"}
			}
		},
		{
			"from": [7.51, 4.80792, 11.80857],
			"to": [8.46, 6.25792, 13.70857],
			"rotation": {"angle": -22.5, "axis": "x", "origin": [7.985, 5.33292, 11.85857]},
			"faces": {
				"north": {"uv": [0, 0, 2, 1.25], "rotation": 180, "texture": "#particle"},
				"east": {"uv": [0, 0, 1.25, 2.1], "rotation": 90, "texture": "#particle"},
				"south": {"uv": [0, 0, 2, 1.25], "texture": "#particle"},
				"west": {"uv": [0, 0, 1.25, 2.1], "rotation": 270, "texture": "#particle"},
				"up": {"uv": [0, 0, 2, 2.1], "texture": "#particle"},
				"down": {"uv": [0, 0, 2, 2.1], "rotation": 180, "texture": "#particle"}
			}
		},
		{
			"from": [7.5111, 5.34, 14.07],
			"to": [8.4511, 6.79, 17.17],
			"rotation": {"angle": 0, "axis": "y", "origin": [8, 6, 20.6]},
			"faces": {
				"north": {"uv": [0, 0, 2, 1.25], "rotation": 180, "texture": "#particle"},
				"east": {"uv": [0, 0, 2, 4], "rotation": 90, "texture": "#particle"},
				"south": {"uv": [0, 0, 2, 1.25], "texture": "#particle"},
				"west": {"uv": [0, 0, 2.25, 4.1], "rotation": 270, "texture": "#particle"},
				"up": {"uv": [0, 0, 2, 2.1], "texture": "#particle"},
				"down": {"uv": [0, 0, 2, 2.1], "rotation": 180, "texture": "#particle"}
			}
		},
		{
			"from": [7.511, 4.34, 16.57],
			"to": [8.46, 6.79, 19.67],
			"rotation": {"angle": 0, "axis": "y", "origin": [7.985, 5.565, 18.12]},
			"faces": {
				"north": {"uv": [0, 0, 2, 1.25], "rotation": 180, "texture": "#particle"},
				"east": {"uv": [0, 0, 3, 4], "rotation": 90, "texture": "#particle"},
				"south": {"uv": [0, 0, 2, 1.25], "texture": "#particle"},
				"west": {"uv": [0, 0, 3.25, 4.1], "rotation": 270, "texture": "#particle"},
				"up": {"uv": [0, 0, 2, 2.1], "texture": "#particle"},
				"down": {"uv": [0, 0, 2, 2.1], "rotation": 180, "texture": "#particle"}
			}
		},
		{
			"from": [7.5101, 3.44, 19.07],
			"to": [8.4601, 6.79, 20.87],
			"rotation": {"angle": 0, "axis": "y", "origin": [8, 6, 24.3]},
			"faces": {
				"north": {"uv": [0, 0, 2, 1.25], "rotation": 180, "texture": "#particle"},
				"east": {"uv": [0, 0, 6, 3], "rotation": 90, "texture": "#particle"},
				"south": {"uv": [0, 0, 2, 1.25], "texture": "#particle"},
				"west": {"uv": [0, 0, 6, 3], "rotation": 270, "texture": "#particle"},
				"up": {"uv": [0, 0, 2, 2.1], "texture": "#particle"},
				"down": {"uv": [0, 0, 2, 2.1], "rotation": 180, "texture": "#particle"}
			}
		},
		{
			"from": [7.6, 4.0125, 10.67653],
			"to": [8.4, 5.2125, 12.07653],
			"rotation": {"angle": -22.5, "axis": "x", "origin": [8, 3.5125, 11.37653]},
			"faces": {
				"north": {"uv": [0, 6, 1, 8], "texture": "#particle"},
				"east": {"uv": [2, 6, 0, 8], "texture": "#particle"},
				"south": {"uv": [1, 5, 2, 8], "texture": "#particle"},
				"west": {"uv": [0, 6, 2, 8], "texture": "#particle"},
				"up": {"uv": [0, 6, 2, 8], "texture": "#particle"},
				"down": {"uv": [0, 6, 1, 8], "texture": "#particle"}
			}
		},
		{
			"from": [7.6, 1.8125, 10.67653],
			"to": [8.4, 4.0125, 12.07653],
			"rotation": {"angle": -22.5, "axis": "x", "origin": [8, 3.5125, 11.37653]},
			"faces": {
				"north": {"uv": [14, 13, 15, 16], "texture": "#3"},
				"east": {"uv": [16, 13, 14, 16], "texture": "#3"},
				"south": {"uv": [15, 13, 16, 16], "texture": "#3"},
				"west": {"uv": [14, 13, 16, 16], "texture": "#3"},
				"up": {"uv": [14, 14, 16, 16], "texture": "#particle"},
				"down": {"uv": [14, 14, 15, 16], "texture": "#3"}
			}
		},
		{
			"from": [7.55, 2.1, 6],
			"to": [8.45, 4, 8.5],
			"faces": {
				"north": {"uv": [14.25, 0, 15.75, 4], "texture": "#particle"},
				"east": {"uv": [13.25, 0, 15.75, 4], "texture": "#particle"},
				"south": {"uv": [14.25, 0, 15.75, 4], "texture": "#particle"},
				"west": {"uv": [13.25, 0, 15.75, 4], "texture": "#particle"},
				"up": {"uv": [14.5, 0, 16, 2.5], "texture": "#particle"},
				"down": {"uv": [14.5, 0, 16, 2.5], "texture": "#particle"}
			}
		},
		{
			"from": [7.551, 2.675, 5.475],
			"to": [8.449, 5.575, 7.975],
			"rotation": {"angle": 22.5, "axis": "x", "origin": [0, 2.6, -0.55]},
			"faces": {
				"north": {"uv": [14.25, 0, 15.75, 4], "texture": "#particle"},
				"east": {"uv": [13.25, 0, 15.75, 4], "texture": "#particle"},
				"south": {"uv": [14.25, 0, 15.75, 4], "texture": "#particle"},
				"west": {"uv": [13.25, 0, 15.75, 4], "texture": "#particle"},
				"up": {"uv": [14.5, 0, 16, 2.5], "texture": "#particle"},
				"down": {"uv": [14.5, 0, 16, 2.5], "texture": "#particle"}
			}
		},
		{
			"from": [7.5, 3.7, 5.75],
			"to": [8.5, 4.7, 8.75],
			"faces": {
				"north": {"uv": [0, 0, 2, 2], "texture": "#particle"},
				"east": {"uv": [0, 0, 4, 2], "texture": "#particle"},
				"south": {"uv": [0, 0, 2, 2], "texture": "#particle"},
				"west": {"uv": [0, 0, 4, 2], "texture": "#particle"},
				"up": {"uv": [0, 0, 2, 3], "texture": "#particle"},
				"down": {"uv": [0, 0, 2, 3], "texture": "#particle"}
			}
		},
		{
			"from": [7.4, 4.2, 3.45],
			"to": [8.6, 5.3, 5.55],
			"rotation": {"angle": 0, "axis": "y", "origin": [8, 4.75, 4.5]},
			"faces": {
				"north": {"uv": [0, 0, 2, 2], "texture": "#particle"},
				"east": {"uv": [0, 0, 4, 2], "texture": "#particle"},
				"south": {"uv": [0, 0, 2, 2], "texture": "#particle"},
				"west": {"uv": [0, 0, 4, 2], "texture": "#particle"},
				"up": {"uv": [0, 0, 2, 3], "texture": "#particle"},
				"down": {"uv": [0, 0, 2, 3], "texture": "#particle"}
			}
		},
		{
			"from": [8.1, 6.2, 9.55],
			"to": [8.8, 6.8, 11.55],
			"rotation": {"angle": 22.5, "axis": "y", "origin": [8.45, 6.5, 10.55]},
			"faces": {
				"north": {"uv": [0, 0, 2, 2], "texture": "#particle"},
				"east": {"uv": [0, 0, 4, 2], "texture": "#particle"},
				"south": {"uv": [0, 0, 2, 2], "texture": "#particle"},
				"west": {"uv": [0, 0, 4, 2], "texture": "#particle"},
				"up": {"uv": [0, 0, 2, 3], "texture": "#particle"},
				"down": {"uv": [0, 0, 2, 3], "texture": "#particle"}
			}
		},
		{
			"from": [7.8, 3.2, 3.8],
			"to": [8.2, 3.4, 5.1],
			"rotation": {"angle": 0, "axis": "y", "origin": [0, -0.7, -2]},
			"faces": {
				"north": {"uv": [1, 4, 3, 9], "texture": "#particle"},
				"east": {"uv": [2, 8, 9, 9], "texture": "#particle"},
				"south": {"uv": [1, 4, 3, 9], "texture": "#particle"},
				"west": {"uv": [2, 8, 9, 9], "texture": "#particle"},
				"up": {"uv": [0, 0, 2, 3], "texture": "#particle"},
				"down": {"uv": [2, 6, 3, 9], "texture": "#particle"}
			}
		},
		{
			"from": [7.8, 3.2, 5.2],
			"to": [8.2, 4.25, 5.4],
			"rotation": {"angle": 22.5, "axis": "x", "origin": [8, 3.9, 5.3]},
			"faces": {
				"north": {"uv": [0, 0, 2, 3], "rotation": 180, "texture": "#particle"},
				"east": {"uv": [2, 8, 9, 9], "rotation": 90, "texture": "#particle"},
				"south": {"uv": [2, 6, 3, 9], "texture": "#particle"},
				"west": {"uv": [2, 8, 9, 9], "rotation": 270, "texture": "#particle"},
				"up": {"uv": [1, 4, 3, 9], "texture": "#particle"},
				"down": {"uv": [1, 4, 3, 9], "rotation": 180, "texture": "#particle"}
			}
		},
		{
			"from": [7.8, 3.6, 4.8],
			"to": [8.2, 4.65, 5],
			"rotation": {"angle": 22.5, "axis": "x", "origin": [8, 4.3, 4.9]},
			"faces": {
				"north": {"uv": [0, 0, 2, 3], "rotation": 180, "texture": "#particle"},
				"east": {"uv": [2, 8, 9, 9], "rotation": 90, "texture": "#particle"},
				"south": {"uv": [2, 6, 3, 9], "texture": "#particle"},
				"west": {"uv": [2, 8, 9, 9], "rotation": 270, "texture": "#particle"},
				"up": {"uv": [1, 4, 3, 9], "texture": "#particle"},
				"down": {"uv": [1, 4, 3, 9], "rotation": 180, "texture": "#particle"}
			}
		},
		{
			"from": [7.8, 3.2, 3.65],
			"to": [8.2, 4.4, 3.85],
			"rotation": {"angle": -22.5, "axis": "x", "origin": [8, 3.6, 3.75]},
			"faces": {
				"north": {"uv": [2, 6, 3, 9], "rotation": 180, "texture": "#particle"},
				"east": {"uv": [2, 8, 9, 9], "rotation": 270, "texture": "#particle"},
				"south": {"uv": [0, 0, 2, 3], "texture": "#particle"},
				"west": {"uv": [2, 8, 9, 9], "rotation": 90, "texture": "#particle"},
				"up": {"uv": [1, 4, 3, 9], "rotation": 180, "texture": "#particle"},
				"down": {"uv": [1, 4, 3, 9], "texture": "#particle"}
			}
		},
		{
			"from": [7.8, 3.7, 8.65],
			"to": [8.2, 3.9, 10.55],
			"rotation": {"angle": 0, "axis": "y", "origin": [8, 4.25, 9.75]},
			"faces": {
				"north": {"uv": [1, 4, 3, 9], "texture": "#particle"},
				"east": {"uv": [2, 8, 9, 9], "texture": "#particle"},
				"south": {"uv": [11, 14, 13, 16], "texture": "#particle"},
				"west": {"uv": [2, 8, 9, 9], "texture": "#particle"},
				"up": {"uv": [0, 0, 2, 3], "texture": "#particle"},
				"down": {"uv": [1, 2, 3, 9], "texture": "#particle"}
			}
		},
		{
			"from": [7.8, 4.15, 9.5],
			"to": [8.2, 5.25, 9.7],
			"rotation": {"angle": 22.5, "axis": "x", "origin": [8, 4.3, 9.6]},
			"faces": {
				"north": {"uv": [0, 0, 2, 3], "rotation": 180, "texture": "#particle"},
				"east": {"uv": [2, 8, 9, 9], "rotation": 90, "texture": "#particle"},
				"south": {"uv": [1, 2, 3, 9], "texture": "#particle"},
				"west": {"uv": [2, 8, 9, 9], "rotation": 270, "texture": "#particle"},
				"up": {"uv": [11, 14, 13, 16], "texture": "#particle"},
				"down": {"uv": [1, 4, 3, 9], "rotation": 180, "texture": "#particle"}
			}
		},
		{
			"from": [7.2, 3.8, -2.25],
			"to": [8.8, 5.4, 3.45],
			"rotation": {"angle": 0, "axis": "y", "origin": [8, 4.75, 2.25]},
			"faces": {
				"north": {"uv": [0, 12, 4, 16], "texture": "#2"},
				"east": {"uv": [0, 9, 16, 10], "texture": "#particle"},
				"south": {"uv": [0, 12.5, 3.5, 16], "texture": "#2"},
				"west": {"uv": [0, 9, 16, 10], "texture": "#particle"},
				"up": {"uv": [0, 0, 2, 3], "texture": "#particle"},
				"down": {"uv": [0, 10, 16, 9], "rotation": 90, "texture": "#particle"}
			}
		},
		{
			"from": [7.5, 7.6, -6.25],
			"to": [8.5, 8, -4.25],
			"rotation": {"angle": 0, "axis": "y", "origin": [8, 8.55, -1.75]},
			"faces": {
				"north": {"uv": [11, 14, 13, 15], "texture": "#particle"},
				"east": {"uv": [6, 9, 0, 10], "texture": "#particle"},
				"south": {"uv": [0, 11.5, 4.5, 16], "texture": "#2"},
				"west": {"uv": [0, 9, 6, 10], "texture": "#particle"},
				"up": {"uv": [0, 9, 6, 10], "rotation": 90, "texture": "#particle"},
				"down": {"uv": [0, 10, 16, 9], "rotation": 90, "texture": "#particle"}
			}
		},
		{
			"from": [7.6, 8, -6.05],
			"to": [8.4, 8.1, -3.05],
			"rotation": {"angle": 0, "axis": "y", "origin": [8, 8.05, -4.55]},
			"faces": {
				"north": {"uv": [0, 0, 2, 2], "texture": "#particle"},
				"east": {"uv": [0, 9, 9, 10], "texture": "#particle"},
				"south": {"uv": [0, 11.5, 4.5, 16], "texture": "#2"},
				"west": {"uv": [0, 9, 9, 10], "texture": "#particle"},
				"up": {"uv": [16, 2.35, 0, 3.15], "rotation": 90, "texture": "#1"},
				"down": {"uv": [0, 10, 16, 9], "rotation": 90, "texture": "#particle"}
			}
		},
		{
			"from": [7.45, 5.45, 5],
			"to": [8.55, 6.75, 12.95],
			"faces": {
				"north": {"uv": [0.25, 0.25, 2.75, 2.75], "texture": "#particle"},
				"east": {"uv": [9, 0, 0, 2], "texture": "#particle"},
				"south": {"uv": [0.25, 0.25, 2.75, 2.75], "texture": "#particle"},
				"west": {"uv": [0, 0, 9, 2], "texture": "#particle"},
				"up": {"uv": [2.75, 0, 0.25, 9], "texture": "#particle"},
				"down": {"uv": [0.25, 0, 2.75, 9], "texture": "#particle"}
			}
		},
		{
			"from": [7.45, 4.7, 5],
			"to": [8.55, 5.45, 12.15],
			"rotation": {"angle": 0, "axis": "y", "origin": [0, -0.7, 0]},
			"faces": {
				"north": {"uv": [0.25, 0.25, 2.75, 2.75], "texture": "#particle"},
				"east": {"uv": [9, 1, 0, 2], "texture": "#particle"},
				"south": {"uv": [0.25, 0.25, 2.75, 2.75], "texture": "#particle"},
				"west": {"uv": [0, 1, 9, 2], "texture": "#particle"},
				"up": {"uv": [2.75, 0, 0.25, 9], "texture": "#particle"},
				"down": {"uv": [0.25, 0, 2.75, 9], "texture": "#particle"}
			}
		},
		{
			"from": [7.15, 5.4, -6.6],
			"to": [8.85, 7.6, 4.6],
			"rotation": {"angle": 0, "axis": "y", "origin": [8, 6.65, 0]},
			"faces": {
				"north": {"uv": [13, 13, 16, 16], "texture": "#1"},
				"east": {"uv": [1, 10, 12.5, 12.5], "texture": "#1"},
				"south": {"uv": [13, 13, 16, 16], "texture": "#1"},
				"west": {"uv": [1, 10, 12.5, 12.5], "texture": "#1"},
				"up": {"uv": [0, 4.5, 10.5, 7], "rotation": 90, "texture": "#1"},
				"down": {"uv": [0, 13.5, 10.5, 16], "rotation": 90, "texture": "#1"}
			}
		},
		{
			"name": "octagon",
			"from": [7.63756, 5.625, 4.5],
			"to": [8.36244, 7.375, 5],
			"rotation": {"angle": 45, "axis": "z", "origin": [8, 6.5, 5.5]},
			"faces": {
				"north": {"uv": [0, 0, 1, 1], "texture": "#particle"},
				"east": {"uv": [0, 0, 1, 1], "texture": "#particle"},
				"south": {"uv": [0, 0, 1, 1], "texture": "#particle"},
				"west": {"uv": [0, 0, 1, 1], "texture": "#particle"},
				"up": {"uv": [0, 0, 1, 1], "texture": "#particle"},
				"down": {"uv": [0, 0, 1, 1], "texture": "#particle"}
			}
		},
		{
			"name": "octagon",
			"from": [7.63756, 5.625, 4.5],
			"to": [8.36244, 7.375, 5],
			"rotation": {"angle": 0, "axis": "z", "origin": [8, 6.5, 5.5]},
			"faces": {
				"north": {"uv": [0, 0, 1, 1], "texture": "#particle"},
				"east": {"uv": [0, 0, 1, 1], "texture": "#particle"},
				"south": {"uv": [0, 0, 1, 1], "texture": "#particle"},
				"west": {"uv": [0, 0, 1, 1], "texture": "#particle"},
				"up": {"uv": [0, 0, 1, 1], "texture": "#particle"},
				"down": {"uv": [0, 0, 1, 1], "texture": "#particle"}
			}
		},
		{
			"name": "octagon",
			"from": [7.125, 6.13756, 4.5],
			"to": [8.875, 6.86244, 5],
			"rotation": {"angle": 45, "axis": "z", "origin": [8, 6.5, 5.5]},
			"faces": {
				"north": {"uv": [0, 0, 1, 1], "texture": "#particle"},
				"east": {"uv": [0, 0, 1, 1], "texture": "#particle"},
				"south": {"uv": [0, 0, 1, 1], "texture": "#particle"},
				"west": {"uv": [0, 0, 1, 1], "texture": "#particle"},
				"up": {"uv": [0, 0, 1, 1], "texture": "#particle"},
				"down": {"uv": [0, 0, 1, 1], "texture": "#particle"}
			}
		},
		{
			"name": "octagon",
			"from": [7.125, 6.13756, 4.5],
			"to": [8.875, 6.86244, 5],
			"rotation": {"angle": 0, "axis": "z", "origin": [8, 6.5, 5.5]},
			"faces": {
				"north": {"uv": [0, 0, 1, 1], "texture": "#particle"},
				"east": {"uv": [0, 0, 1, 1], "texture": "#particle"},
				"south": {"uv": [0, 0, 1, 1], "texture": "#particle"},
				"west": {"uv": [0, 0, 1, 1], "texture": "#particle"},
				"up": {"uv": [0, 0, 1, 1], "texture": "#particle"},
				"down": {"uv": [0, 0, 1, 1], "texture": "#particle"}
			}
		},
		{
			"name": "octagon",
			"from": [7.25, 6.195, 5],
			"to": [8.75, 6.81094, 12.9],
			"rotation": {"angle": 0, "axis": "y", "origin": [8, 6.50297, 8.95]},
			"faces": {
				"north": {"uv": [0, 0, 1, 1], "texture": "#particle"},
				"east": {"uv": [0, 1, 13, 2], "texture": "#particle"},
				"south": {"uv": [0, 0, 1, 1], "texture": "#particle"},
				"west": {"uv": [0, 1, 13, 2], "texture": "#particle"},
				"up": {"uv": [0, 0, 1, 1], "texture": "#particle"},
				"down": {"uv": [0, 0, 1, 1], "texture": "#particle"}
			}
		},
		{
			"name": "octagon",
			"from": [7.25, 6.195, 5],
			"to": [8.75, 6.81094, 12.9],
			"rotation": {"angle": -45, "axis": "z", "origin": [8, 6.50297, 8.95]},
			"faces": {
				"north": {"uv": [0, 0, 1, 1], "texture": "#particle"},
				"east": {"uv": [0, 1, 13, 2], "texture": "#particle"},
				"south": {"uv": [0, 0, 1, 1], "texture": "#particle"},
				"west": {"uv": [0, 1, 13, 2], "texture": "#particle"},
				"up": {"uv": [0, 0, 1, 1], "texture": "#particle"},
				"down": {"uv": [0, 0, 1, 1], "texture": "#particle"}
			}
		},
		{
			"name": "octagon",
			"from": [7.25, 6.195, 5],
			"to": [8.75, 6.81094, 12.9],
			"rotation": {"angle": 45, "axis": "z", "origin": [8, 6.50297, 8.95]},
			"faces": {
				"north": {"uv": [0, 0, 1, 1], "texture": "#particle"},
				"east": {"uv": [0, 1, 13, 2], "texture": "#particle"},
				"south": {"uv": [0, 0, 1, 1], "texture": "#particle"},
				"west": {"uv": [0, 1, 13, 2], "texture": "#particle"},
				"up": {"uv": [0, 0, 1, 1], "texture": "#particle"},
				"down": {"uv": [0, 0, 1, 1], "texture": "#particle"}
			}
		},
		{
			"name": "octagon",
			"from": [7.67, 5.7, -1.01],
			"to": [8.32707, 7.3, 4.49],
			"rotation": {"angle": 0, "axis": "y", "origin": [7.99853, 6.5, 1.74]},
			"faces": {
				"north": {"uv": [0, 0, 1, 1], "texture": "#particle"},
				"east": {"uv": [0, 0, 1, 1], "texture": "#particle"},
				"south": {"uv": [3, 9, 4, 10], "texture": "#particle"},
				"west": {"uv": [0, 0, 1, 1], "texture": "#particle"},
				"up": {"uv": [0, 9, 16, 10], "rotation": 90, "texture": "#particle"},
				"down": {"uv": [0, 9, 16, 10], "rotation": 90, "texture": "#particle"}
			}
		},
		{
			"name": "octagon",
			"from": [7.67, 5.7, -1.01],
			"to": [8.32707, 7.3, 4.49],
			"rotation": {"angle": 45, "axis": "z", "origin": [7.99853, 6.5, 1.74]},
			"faces": {
				"north": {"uv": [0, 0, 1, 1], "texture": "#particle"},
				"east": {"uv": [0, 0, 1, 1], "texture": "#particle"},
				"south": {"uv": [3, 9, 4, 10], "texture": "#particle"},
				"west": {"uv": [0, 0, 1, 1], "texture": "#particle"},
				"up": {"uv": [0, 9, 16, 10], "rotation": 90, "texture": "#particle"},
				"down": {"uv": [0, 9, 16, 10], "rotation": 90, "texture": "#particle"}
			}
		},
		{
			"name": "octagon",
			"from": [7.19853, 6.17147, -1.01],
			"to": [8.79853, 6.82853, 4.49],
			"rotation": {"angle": 0, "axis": "y", "origin": [7.99853, 6.5, 1.74]},
			"faces": {
				"north": {"uv": [0, 0, 1, 1], "rotation": 90, "texture": "#particle"},
				"east": {"uv": [0, 9, 16, 10], "texture": "#particle"},
				"south": {"uv": [3, 9, 4, 10], "rotation": 270, "texture": "#particle"},
				"west": {"uv": [0, 9, 16, 10], "texture": "#particle"},
				"up": {"uv": [0, 0, 1, 1], "rotation": 270, "texture": "#particle"},
				"down": {"uv": [0, 0, 1, 1], "rotation": 270, "texture": "#particle"}
			}
		},
		{
			"name": "octagon",
			"from": [7.19853, 6.17147, -1.01],
			"to": [8.79853, 6.82853, 4.49],
			"rotation": {"angle": 45, "axis": "z", "origin": [7.99853, 6.5, 1.74]},
			"faces": {
				"north": {"uv": [0, 0, 1, 1], "rotation": 90, "texture": "#particle"},
				"east": {"uv": [0, 9, 16, 10], "texture": "#particle"},
				"south": {"uv": [3, 9, 4, 10], "rotation": 270, "texture": "#particle"},
				"west": {"uv": [0, 9, 16, 10], "texture": "#particle"},
				"up": {"uv": [0, 0, 1, 1], "rotation": 270, "texture": "#particle"},
				"down": {"uv": [0, 0, 1, 1], "rotation": 270, "texture": "#particle"}
			}
		},
		{
			"name": "octagon",
			"from": [7.67, 5.7, -6.51],
			"to": [8.32707, 7.3, -1.01],
			"rotation": {"angle": 0, "axis": "y", "origin": [7.99853, 6.5, -3.76]},
			"faces": {
				"north": {"uv": [0, 0, 1, 1], "texture": "#particle"},
				"east": {"uv": [0, 0, 1, 1], "texture": "#particle"},
				"south": {"uv": [3, 9, 4, 10], "texture": "#particle"},
				"west": {"uv": [0, 0, 1, 1], "texture": "#particle"},
				"up": {"uv": [0, 9, 16, 10], "rotation": 90, "texture": "#particle"},
				"down": {"uv": [0, 9, 16, 10], "rotation": 90, "texture": "#particle"}
			}
		},
		{
			"name": "octagon",
			"from": [7.67, 5.7, -6.51],
			"to": [8.32707, 7.3, -1.01],
			"rotation": {"angle": 45, "axis": "z", "origin": [7.99853, 6.5, -3.76]},
			"faces": {
				"north": {"uv": [0, 0, 1, 1], "texture": "#particle"},
				"east": {"uv": [0, 0, 1, 1], "texture": "#particle"},
				"south": {"uv": [3, 9, 4, 10], "texture": "#particle"},
				"west": {"uv": [0, 0, 1, 1], "texture": "#particle"},
				"up": {"uv": [0, 9, 16, 10], "rotation": 90, "texture": "#particle"},
				"down": {"uv": [0, 9, 16, 10], "rotation": 90, "texture": "#particle"}
			}
		},
		{
			"name": "octagon",
			"from": [7.19853, 6.17147, -6.51],
			"to": [8.79853, 6.82853, -1.01],
			"rotation": {"angle": 0, "axis": "y", "origin": [7.99853, 6.5, -3.76]},
			"faces": {
				"north": {"uv": [0, 0, 1, 1], "rotation": 90, "texture": "#particle"},
				"east": {"uv": [0, 9, 16, 10], "texture": "#particle"},
				"south": {"uv": [3, 9, 4, 10], "rotation": 270, "texture": "#particle"},
				"west": {"uv": [0, 9, 16, 10], "texture": "#particle"},
				"up": {"uv": [0, 0, 1, 1], "rotation": 270, "texture": "#particle"},
				"down": {"uv": [0, 0, 1, 1], "rotation": 270, "texture": "#particle"}
			}
		},
		{
			"name": "octagon",
			"from": [7.19853, 6.17147, -6.51],
			"to": [8.79853, 6.82853, -1.01],
			"rotation": {"angle": 45, "axis": "z", "origin": [7.99853, 6.5, -3.76]},
			"faces": {
				"north": {"uv": [0, 0, 1, 1], "rotation": 90, "texture": "#particle"},
				"east": {"uv": [0, 9, 16, 10], "texture": "#particle"},
				"south": {"uv": [3, 9, 4, 10], "rotation": 270, "texture": "#particle"},
				"west": {"uv": [0, 9, 16, 10], "texture": "#particle"},
				"up": {"uv": [0, 0, 1, 1], "rotation": 270, "texture": "#particle"},
				"down": {"uv": [0, 0, 1, 1], "rotation": 270, "texture": "#particle"}
			}
		},
		{
			"name": "octagon",
			"from": [7.5, 6.29289, -15.51],
			"to": [7.7, 6.70711, -13.76],
			"rotation": {"angle": 0, "axis": "z", "origin": [8, 6.5, -14.635]},
			"faces": {
				"north": {"uv": [0, 2, 1, 0], "texture": "#particle"},
				"east": {"uv": [8.5, 2, 10.5, 3.5], "texture": "#2"},
				"south": {"uv": [0, 0, 1, 1], "texture": "#particle"},
				"west": {"uv": [8.5, 2, 10.5, 3.5], "texture": "#2"},
				"up": {"uv": [0, 0, 1, 1], "texture": "#particle"},
				"down": {"uv": [0, 0, 1, 1], "texture": "#particle"}
			}
		},
		{
			"name": "octagon",
			"from": [7.5, 6.29289, -15.5101],
			"to": [7.7, 6.70711, -13.7601],
			"rotation": {"angle": 45, "axis": "z", "origin": [8, 6.5, -14.635]},
			"faces": {
				"north": {"uv": [0, 0, 1, 2], "texture": "#particle"},
				"east": {"uv": [8.5, 2, 10.5, 3.5], "texture": "#2"},
				"south": {"uv": [0, 0, 1, 1], "texture": "#particle"},
				"west": {"uv": [8.5, 2, 10.5, 3.5], "texture": "#2"},
				"up": {"uv": [0, 0, 1, 1], "texture": "#particle"},
				"down": {"uv": [0, 0, 1, 1], "texture": "#particle"}
			}
		},
		{
			"name": "octagon",
			"from": [7.5, 6.29289, -15.5101],
			"to": [7.7, 6.70711, -13.7601],
			"rotation": {"angle": -45, "axis": "z", "origin": [8, 6.5, -14.635]},
			"faces": {
				"north": {"uv": [0, 0, 1, 2], "texture": "#particle"},
				"east": {"uv": [8.5, 2, 10.5, 3.5], "texture": "#2"},
				"south": {"uv": [0, 0, 1, 1], "texture": "#particle"},
				"west": {"uv": [8.5, 2, 10.5, 3.5], "texture": "#2"},
				"up": {"uv": [0, 0, 1, 1], "texture": "#particle"},
				"down": {"uv": [0, 0, 1, 1], "texture": "#particle"}
			}
		},
		{
			"name": "octagon",
			"from": [7.79289, 6.8, -15.51],
			"to": [8.20711, 7, -13.76],
			"rotation": {"angle": 0, "axis": "z", "origin": [8, 6.5, -14.635]},
			"faces": {
				"north": {"uv": [0, 2, 1, 0], "rotation": 270, "texture": "#particle"},
				"east": {"uv": [0, 0, 1, 1], "rotation": 90, "texture": "#particle"},
				"south": {"uv": [0, 0, 1, 1], "rotation": 90, "texture": "#particle"},
				"west": {"uv": [0, 0, 1, 1], "rotation": 90, "texture": "#particle"},
				"up": {"uv": [8.5, 2, 10.5, 3.5], "rotation": 90, "texture": "#2"},
				"down": {"uv": [8.5, 2, 10.5, 3.5], "rotation": 90, "texture": "#2"}
			}
		},
		{
			"name": "octagon",
			"from": [7.79289, 6.8, -15.5101],
			"to": [8.20711, 7, -13.7601],
			"rotation": {"angle": -45, "axis": "z", "origin": [8, 6.5, -14.635]},
			"faces": {
				"north": {"uv": [0, 0, 1, 2], "rotation": 270, "texture": "#particle"},
				"east": {"uv": [0, 0, 1, 1], "rotation": 90, "texture": "#particle"},
				"south": {"uv": [0, 0, 1, 1], "rotation": 90, "texture": "#particle"},
				"west": {"uv": [0, 0, 1, 1], "rotation": 90, "texture": "#particle"},
				"up": {"uv": [8.5, 2, 10.5, 3.5], "rotation": 90, "texture": "#2"},
				"down": {"uv": [8.5, 2, 10.5, 3.5], "rotation": 90, "texture": "#2"}
			}
		},
		{
			"name": "octagon",
			"from": [8.3, 6.29289, -15.51],
			"to": [8.5, 6.70711, -13.76],
			"rotation": {"angle": 0, "axis": "z", "origin": [8, 6.5, -14.635]},
			"faces": {
				"north": {"uv": [0, 2, 1, 0], "rotation": 180, "texture": "#particle"},
				"east": {"uv": [8.5, 2, 10.5, 3.5], "rotation": 180, "texture": "#2"},
				"south": {"uv": [0, 0, 1, 1], "rotation": 180, "texture": "#particle"},
				"west": {"uv": [8.5, 2, 10.5, 3.5], "rotation": 180, "texture": "#2"},
				"up": {"uv": [0, 0, 1, 1], "rotation": 180, "texture": "#particle"},
				"down": {"uv": [0, 0, 1, 1], "rotation": 180, "texture": "#particle"}
			}
		},
		{
			"name": "octagon",
			"from": [8.3, 6.29289, -15.5101],
			"to": [8.5, 6.70711, -13.7601],
			"rotation": {"angle": -45, "axis": "z", "origin": [8, 6.5, -14.635]},
			"faces": {
				"north": {"uv": [0, 0, 1, 2], "rotation": 180, "texture": "#particle"},
				"east": {"uv": [8.5, 2, 10.5, 3.5], "rotation": 180, "texture": "#2"},
				"south": {"uv": [0, 0, 1, 1], "rotation": 180, "texture": "#particle"},
				"west": {"uv": [8.5, 2, 10.5, 3.5], "rotation": 180, "texture": "#2"},
				"up": {"uv": [0, 0, 1, 1], "rotation": 180, "texture": "#particle"},
				"down": {"uv": [0, 0, 1, 1], "rotation": 180, "texture": "#particle"}
			}
		},
		{
			"name": "octagon",
			"from": [7.79289, 6, -15.51],
			"to": [8.20711, 6.2, -13.76],
			"rotation": {"angle": 0, "axis": "z", "origin": [8, 6.5, -14.505]},
			"faces": {
				"north": {"uv": [0, 2, 1, 0], "texture": "#particle"},
				"east": {"uv": [0, 0, 1, 1], "texture": "#particle"},
				"south": {"uv": [0, 0, 1, 1], "texture": "#particle"},
				"west": {"uv": [0, 0, 1, 1], "texture": "#particle"},
				"up": {"uv": [0, 0, 1, 1], "texture": "#particle"},
				"down": {"uv": [1, 0, 2, 6], "texture": "#particle"}
			}
		},
		{
			"name": "octagon",
			"from": [7.7118, 4.1232, -4.61],
			"to": [8.28673, 5.1232, -4.61],
			"rotation": {"angle": 45, "axis": "z", "origin": [7.99927, 4.6232, -4.61]},
			"faces": {
				"north": {"uv": [12, 6, 13, 7], "texture": "#particle"},
				"east": {"uv": [0, 0, 1, 1], "texture": "#particle"},
				"south": {"uv": [0, 0, 1, 1], "texture": "#particle"},
				"west": {"uv": [0, 0, 1, 1], "texture": "#particle"},
				"up": {"uv": [0, 0, 1, 9], "texture": "#particle"},
				"down": {"uv": [1, 0, 2, 9], "texture": "#particle"}
			}
		},
		{
			"name": "octagon",
			"from": [7.7118, 4.1232, -4.61],
			"to": [8.28673, 5.1232, -4.61],
			"rotation": {"angle": 0, "axis": "z", "origin": [7.99927, 4.6232, -4.61]},
			"faces": {
				"north": {"uv": [12, 6, 13, 7], "texture": "#particle"},
				"east": {"uv": [0, 0, 1, 1], "texture": "#particle"},
				"south": {"uv": [0, 0, 1, 1], "texture": "#particle"},
				"west": {"uv": [0, 0, 1, 1], "texture": "#particle"},
				"up": {"uv": [0, 0, 1, 9], "texture": "#particle"},
				"down": {"uv": [1, 0, 2, 9], "texture": "#particle"}
			}
		},
		{
			"name": "octagon",
			"from": [7.49927, 4.33573, -4.61],
			"to": [8.49927, 4.91067, -4.61],
			"rotation": {"angle": 0, "axis": "y", "origin": [7.99927, 4.6232, -4.61]},
			"faces": {
				"north": {"uv": [12, 6, 13, 7], "rotation": 270, "texture": "#particle"},
				"east": {"uv": [0, 0, 1, 9], "rotation": 90, "texture": "#particle"},
				"south": {"uv": [0, 0, 1, 1], "rotation": 90, "texture": "#particle"},
				"west": {"uv": [1, 0, 2, 9], "rotation": 90, "texture": "#particle"},
				"up": {"uv": [0, 0, 1, 1], "rotation": 90, "texture": "#particle"},
				"down": {"uv": [0, 0, 1, 1], "rotation": 90, "texture": "#particle"}
			}
		},
		{
			"name": "octagon",
			"from": [7.49927, 4.33573, -4.61],
			"to": [8.49927, 4.91067, -4.61],
			"rotation": {"angle": 45, "axis": "z", "origin": [7.99927, 4.6232, -4.61]},
			"faces": {
				"north": {"uv": [12, 6, 13, 7], "rotation": 270, "texture": "#particle"},
				"east": {"uv": [0, 0, 1, 9], "rotation": 90, "texture": "#particle"},
				"south": {"uv": [0, 0, 1, 1], "rotation": 90, "texture": "#particle"},
				"west": {"uv": [1, 0, 2, 9], "rotation": 90, "texture": "#particle"},
				"up": {"uv": [0, 0, 1, 1], "rotation": 90, "texture": "#particle"},
				"down": {"uv": [0, 0, 1, 1], "rotation": 90, "texture": "#particle"}
			}
		},
		{
			"name": "octagon",
			"from": [7.835, 6.2, -13.91],
			"to": [8.16353, 6.8, -13.91],
			"rotation": {"angle": 45, "axis": "z", "origin": [7.99927, 6.5, -13.91]},
			"faces": {
				"north": {"uv": [12, 6, 13, 7], "rotation": 180, "texture": "#particle"},
				"east": {"uv": [0, 0, 1, 1], "rotation": 180, "texture": "#particle"},
				"south": {"uv": [0, 0, 1, 1], "rotation": 180, "texture": "#particle"},
				"west": {"uv": [0, 0, 1, 1], "rotation": 180, "texture": "#particle"},
				"up": {"uv": [1, 0, 2, 9], "rotation": 180, "texture": "#particle"},
				"down": {"uv": [0, 0, 1, 9], "rotation": 180, "texture": "#particle"}
			}
		},
		{
			"name": "octagon",
			"from": [7.835, 6.2, -13.91],
			"to": [8.16353, 6.8, -13.91],
			"rotation": {"angle": 0, "axis": "z", "origin": [7.99927, 6.5, -13.91]},
			"faces": {
				"north": {"uv": [12, 6, 13, 7], "rotation": 180, "texture": "#particle"},
				"east": {"uv": [0, 0, 1, 1], "rotation": 180, "texture": "#particle"},
				"south": {"uv": [0, 0, 1, 1], "rotation": 180, "texture": "#particle"},
				"west": {"uv": [0, 0, 1, 1], "rotation": 180, "texture": "#particle"},
				"up": {"uv": [1, 0, 2, 9], "rotation": 180, "texture": "#particle"},
				"down": {"uv": [0, 0, 1, 9], "rotation": 180, "texture": "#particle"}
			}
		},
		{
			"name": "octagon",
			"from": [7.69927, 6.33573, -13.91],
			"to": [8.29927, 6.66427, -13.91],
			"rotation": {"angle": 0, "axis": "z", "origin": [7.99927, 6.5, -13.91]},
			"faces": {
				"north": {"uv": [12, 6, 13, 7], "rotation": 90, "texture": "#particle"},
				"east": {"uv": [1, 0, 2, 9], "rotation": 270, "texture": "#particle"},
				"south": {"uv": [0, 0, 1, 1], "rotation": 270, "texture": "#particle"},
				"west": {"uv": [0, 0, 1, 9], "rotation": 270, "texture": "#particle"},
				"up": {"uv": [0, 0, 1, 1], "rotation": 270, "texture": "#particle"},
				"down": {"uv": [0, 0, 1, 1], "rotation": 270, "texture": "#particle"}
			}
		},
		{
			"name": "octagon",
			"from": [7.69927, 6.33573, -13.91],
			"to": [8.29927, 6.66427, -13.91],
			"rotation": {"angle": 45, "axis": "z", "origin": [7.99927, 6.5, -13.91]},
			"faces": {
				"north": {"uv": [12, 6, 13, 7], "rotation": 90, "texture": "#particle"},
				"east": {"uv": [1, 0, 2, 9], "rotation": 270, "texture": "#particle"},
				"south": {"uv": [0, 0, 1, 1], "rotation": 270, "texture": "#particle"},
				"west": {"uv": [0, 0, 1, 9], "rotation": 270, "texture": "#particle"},
				"up": {"uv": [0, 0, 1, 1], "rotation": 270, "texture": "#particle"},
				"down": {"uv": [0, 0, 1, 1], "rotation": 270, "texture": "#particle"}
			}
		},
		{
			"name": "octagon",
			"from": [7.835, 6.1, -13.81],
			"to": [8.16353, 6.9, -6.51],
			"rotation": {"angle": 0, "axis": "y", "origin": [7.99927, 6.5, -7.51]},
			"faces": {
				"north": {"uv": [0, 0, 1, 1], "texture": "#particle"},
				"east": {"uv": [0, 0, 1, 1], "texture": "#particle"},
				"south": {"uv": [0, 0, 1, 1], "texture": "#particle"},
				"west": {"uv": [0, 0, 1, 1], "texture": "#particle"},
				"up": {"uv": [0, 0, 1, 9], "texture": "#particle"},
				"down": {"uv": [1, 0, 2, 9], "texture": "#particle"}
			}
		},
		{
			"name": "octagon",
			"from": [7.835, 6.1, -13.81],
			"to": [8.16353, 6.9, -6.51],
			"rotation": {"angle": 45, "axis": "z", "origin": [7.99927, 6.5, -8.01]},
			"faces": {
				"north": {"uv": [0, 0, 1, 1], "texture": "#particle"},
				"east": {"uv": [0, 0, 1, 1], "texture": "#particle"},
				"south": {"uv": [0, 0, 1, 1], "texture": "#particle"},
				"west": {"uv": [0, 0, 1, 1], "texture": "#particle"},
				"up": {"uv": [0, 0, 1, 9], "texture": "#particle"},
				"down": {"uv": [1, 0, 2, 9], "texture": "#particle"}
			}
		},
		{
			"name": "octagon",
			"from": [7.59927, 6.33573, -13.81],
			"to": [8.39927, 6.66427, -6.51],
			"rotation": {"angle": 0, "axis": "z", "origin": [7.99927, 6.5, -8.01]},
			"faces": {
				"north": {"uv": [0, 0, 1, 1], "rotation": 90, "texture": "#particle"},
				"east": {"uv": [1, 0, 2, 9], "rotation": 270, "texture": "#particle"},
				"south": {"uv": [0, 0, 1, 1], "rotation": 270, "texture": "#particle"},
				"west": {"uv": [0, 0, 1, 9], "rotation": 270, "texture": "#particle"},
				"up": {"uv": [0, 0, 1, 1], "rotation": 270, "texture": "#particle"},
				"down": {"uv": [0, 0, 1, 1], "rotation": 270, "texture": "#particle"}
			}
		},
		{
			"name": "octagon",
			"from": [7.29927, 4.33573, -8.51],
			"to": [7.49927, 4.91067, -2.21],
			"rotation": {"angle": 0, "axis": "z", "origin": [7.99927, 4.6232, -5.36]},
			"faces": {
				"north": {"uv": [0, 0, 1, 1], "rotation": 90, "texture": "#particle"},
				"east": {"uv": [1, 0, 2, 9], "rotation": 270, "texture": "#particle"},
				"south": {"uv": [0, 0, 1, 1], "rotation": 270, "texture": "#particle"},
				"west": {"uv": [0, 0, 1, 9], "rotation": 270, "texture": "#particle"},
				"up": {"uv": [0, 0, 1, 1], "rotation": 270, "texture": "#particle"},
				"down": {"uv": [0, 0, 1, 1], "rotation": 270, "texture": "#particle"}
			}
		},
		{
			"name": "octagon",
			"from": [7.29927, 4.33573, -8.51],
			"to": [7.49927, 4.91067, -2.21],
			"rotation": {"angle": 45, "axis": "z", "origin": [7.99927, 4.6232, -5.36]},
			"faces": {
				"north": {"uv": [0, 0, 1, 1], "rotation": 90, "texture": "#particle"},
				"east": {"uv": [1, 0, 2, 9], "rotation": 270, "texture": "#particle"},
				"south": {"uv": [0, 0, 1, 1], "rotation": 270, "texture": "#particle"},
				"west": {"uv": [0, 0, 1, 9], "rotation": 270, "texture": "#particle"},
				"up": {"uv": [0, 0, 1, 1], "rotation": 270, "texture": "#particle"},
				"down": {"uv": [0, 0, 1, 1], "rotation": 270, "texture": "#particle"}
			}
		},
		{
			"name": "octagon",
			"from": [7.7118, 3.9232, -8.51],
			"to": [8.28673, 4.1232, -2.21],
			"rotation": {"angle": 0, "axis": "z", "origin": [7.99927, 4.6232, -5.36]},
			"faces": {
				"north": {"uv": [0, 0, 1, 1], "rotation": 180, "texture": "#particle"},
				"east": {"uv": [0, 0, 1, 1], "rotation": 180, "texture": "#particle"},
				"south": {"uv": [0, 0, 1, 1], "rotation": 180, "texture": "#particle"},
				"west": {"uv": [0, 0, 1, 1], "rotation": 180, "texture": "#particle"},
				"up": {"uv": [1, 0, 2, 9], "rotation": 180, "texture": "#particle"},
				"down": {"uv": [0, 0, 1, 9], "rotation": 180, "texture": "#particle"}
			}
		},
		{
			"name": "octagon",
			"from": [7.7118, 3.9232, -8.51],
			"to": [8.28673, 4.1232, -2.21],
			"rotation": {"angle": 45, "axis": "z", "origin": [7.99927, 4.6232, -5.36]},
			"faces": {
				"north": {"uv": [0, 0, 1, 1], "rotation": 180, "texture": "#particle"},
				"east": {"uv": [0, 0, 1, 1], "rotation": 180, "texture": "#particle"},
				"south": {"uv": [0, 0, 1, 1], "rotation": 180, "texture": "#particle"},
				"west": {"uv": [0, 0, 1, 1], "rotation": 180, "texture": "#particle"},
				"up": {"uv": [1, 0, 2, 9], "rotation": 180, "texture": "#particle"},
				"down": {"uv": [0, 0, 1, 9], "rotation": 180, "texture": "#particle"}
			}
		},
		{
			"name": "octagon",
			"from": [8.49927, 4.33573, -8.51],
			"to": [8.69927, 4.91067, -2.21],
			"rotation": {"angle": 0, "axis": "z", "origin": [7.99927, 4.6232, -5.36]},
			"faces": {
				"north": {"uv": [0, 0, 1, 1], "rotation": 270, "texture": "#particle"},
				"east": {"uv": [0, 0, 1, 9], "rotation": 90, "texture": "#particle"},
				"south": {"uv": [0, 0, 1, 1], "rotation": 90, "texture": "#particle"},
				"west": {"uv": [1, 0, 2, 9], "rotation": 90, "texture": "#particle"},
				"up": {"uv": [0, 0, 1, 1], "rotation": 90, "texture": "#particle"},
				"down": {"uv": [0, 0, 1, 1], "rotation": 90, "texture": "#particle"}
			}
		},
		{
			"name": "octagon",
			"from": [7.29927, 4.33573, -8.51],
			"to": [7.49927, 4.91067, -2.21],
			"rotation": {"angle": -45, "axis": "z", "origin": [7.99927, 4.6232, -5.36]},
			"faces": {
				"north": {"uv": [0, 0, 1, 1], "rotation": 90, "texture": "#particle"},
				"east": {"uv": [1, 0, 2, 9], "rotation": 270, "texture": "#particle"},
				"south": {"uv": [0, 0, 1, 1], "rotation": 270, "texture": "#particle"},
				"west": {"uv": [0, 0, 1, 9], "rotation": 270, "texture": "#particle"},
				"up": {"uv": [0, 0, 1, 1], "rotation": 270, "texture": "#particle"},
				"down": {"uv": [0, 0, 1, 1], "rotation": 270, "texture": "#particle"}
			}
		},
		{
			"name": "octagon",
			"from": [7.7118, 5.1232, -8.51],
			"to": [8.28673, 5.3232, -2.21],
			"rotation": {"angle": 0, "axis": "z", "origin": [7.99927, 4.6232, -5.36]},
			"faces": {
				"north": {"uv": [0, 0, 1, 1], "texture": "#particle"},
				"east": {"uv": [0, 0, 1, 1], "texture": "#particle"},
				"south": {"uv": [0, 0, 1, 1], "texture": "#particle"},
				"west": {"uv": [0, 0, 1, 1], "texture": "#particle"},
				"up": {"uv": [0, 0, 1, 9], "texture": "#particle"},
				"down": {"uv": [1, 0, 2, 9], "texture": "#particle"}
			}
		},
		{
			"name": "octagon",
			"from": [8.49927, 4.33573, -8.51],
			"to": [8.69927, 4.91067, -2.21],
			"rotation": {"angle": 45, "axis": "z", "origin": [7.99927, 4.6232, -5.36]},
			"faces": {
				"north": {"uv": [0, 0, 1, 1], "rotation": 270, "texture": "#particle"},
				"east": {"uv": [0, 0, 1, 9], "rotation": 90, "texture": "#particle"},
				"south": {"uv": [0, 0, 1, 1], "rotation": 90, "texture": "#particle"},
				"west": {"uv": [1, 0, 2, 9], "rotation": 90, "texture": "#particle"},
				"up": {"uv": [0, 0, 1, 1], "rotation": 90, "texture": "#particle"},
				"down": {"uv": [0, 0, 1, 1], "rotation": 90, "texture": "#particle"}
			}
		},
		{
			"name": "octagon",
			"from": [7.59927, 6.33573, -13.81],
			"to": [8.39927, 6.66427, -6.51],
			"rotation": {"angle": 45, "axis": "z", "origin": [7.99927, 6.5, -8.01]},
			"faces": {
				"north": {"uv": [0, 0, 1, 1], "rotation": 90, "texture": "#particle"},
				"east": {"uv": [1, 0, 2, 9], "rotation": 270, "texture": "#particle"},
				"south": {"uv": [0, 0, 1, 1], "rotation": 270, "texture": "#particle"},
				"west": {"uv": [0, 0, 1, 9], "rotation": 270, "texture": "#particle"},
				"up": {"uv": [0, 0, 1, 1], "rotation": 270, "texture": "#particle"},
				"down": {"uv": [0, 0, 1, 1], "rotation": 270, "texture": "#particle"}
			}
		},
		{
			"from": [7.5, 8.41, 2.138],
			"to": [8.5, 8.76, 5.838],
			"rotation": {"angle": 0, "axis": "y", "origin": [0, 0.45, 8.65]},
			"faces": {
				"north": {"uv": [0, 0, 2, 1], "texture": "#particle"},
				"east": {"uv": [0, 0, 8, 1], "texture": "#particle"},
				"south": {"uv": [0, 0, 1, 0.35], "texture": "#particle"},
				"west": {"uv": [0, 0, 8, 1], "texture": "#particle"},
				"up": {"uv": [0, 0, 8, 2], "rotation": 90, "texture": "#particle"},
				"down": {"uv": [0, 0, 1, 1.6], "texture": "#particle"}
			}
		},
		{
			"from": [7.5, 8.71, 2.138],
			"to": [7.6, 9.06, 3.838],
			"rotation": {"angle": 0, "axis": "y", "origin": [0, 0.75, 8.65]},
			"faces": {
				"north": {"uv": [0, 0, 2, 1], "texture": "#particle"},
				"east": {"uv": [0, 0, 8, 1], "texture": "#particle"},
				"south": {"uv": [0, 0, 1, 0.35], "texture": "#particle"},
				"west": {"uv": [0, 0, 8, 1], "texture": "#particle"},
				"up": {"uv": [0, 0, 8, 2], "rotation": 90, "texture": "#particle"},
				"down": {"uv": [0, 0, 1, 1.6], "texture": "#particle"}
			}
		},
		{
			"from": [7.5, 9.05, 2.138],
			"to": [7.6, 9.5, 2.448],
			"rotation": {"angle": 0, "axis": "y", "origin": [0, 1.05, 8.65]},
			"faces": {
				"north": {"uv": [0, 0, 2, 1], "texture": "#particle"},
				"east": {"uv": [0, 0, 1, 1], "texture": "#particle"},
				"south": {"uv": [0, 0, 1, 0.35], "texture": "#particle"},
				"west": {"uv": [0, 0, 1, 1], "texture": "#particle"},
				"up": {"uv": [0, 0, 8, 2], "rotation": 90, "texture": "#particle"},
				"down": {"uv": [0, 0, 1, 1.6], "texture": "#particle"}
			}
		},
		{
			"from": [8.4, 8.71, 2.138],
			"to": [8.5, 9.06, 3.838],
			"rotation": {"angle": 0, "axis": "y", "origin": [0.9, 0.75, 8.65]},
			"faces": {
				"north": {"uv": [0, 0, 2, 1], "texture": "#particle"},
				"east": {"uv": [0, 0, 8, 1], "texture": "#particle"},
				"south": {"uv": [0, 0, 1, 0.35], "texture": "#particle"},
				"west": {"uv": [0, 0, 8, 1], "texture": "#particle"},
				"up": {"uv": [0, 0, 8, 2], "rotation": 90, "texture": "#particle"},
				"down": {"uv": [0, 0, 1, 1.6], "texture": "#particle"}
			}
		},
		{
			"from": [8.401, 8.81, 2.338],
			"to": [8.501, 9.26, 3.538],
			"rotation": {"angle": 22.5, "axis": "x", "origin": [8.45, 9.085, 2.988]},
			"faces": {
				"north": {"uv": [0, 0, 2, 1], "texture": "#particle"},
				"east": {"uv": [0, 0, 4, 1], "texture": "#particle"},
				"south": {"uv": [0, 0, 1, 0.35], "texture": "#particle"},
				"west": {"uv": [0, 0, 4, 1], "texture": "#particle"},
				"up": {"uv": [0, 0, 8, 2], "rotation": 90, "texture": "#particle"},
				"down": {"uv": [0, 0, 1, 1.6], "texture": "#particle"}
			}
		},
		{
			"from": [8.4, 9.05, 2.138],
			"to": [8.5, 9.5, 2.448],
			"rotation": {"angle": 0, "axis": "y", "origin": [0.9, 1.05, 8.65]},
			"faces": {
				"north": {"uv": [0, 0, 2, 1], "texture": "#particle"},
				"east": {"uv": [0, 0, 1, 1], "texture": "#particle"},
				"south": {"uv": [0, 0, 1, 0.35], "texture": "#particle"},
				"west": {"uv": [0, 0, 1, 1], "texture": "#particle"},
				"up": {"uv": [0, 0, 8, 2], "rotation": 90, "texture": "#particle"},
				"down": {"uv": [0, 0, 1, 1.6], "texture": "#particle"}
			}
		},
		{
			"from": [7.5, 9.45, 2.138],
			"to": [8.5, 9.55, 2.448],
			"rotation": {"angle": 0, "axis": "y", "origin": [0.9, 1.45, 8.65]},
			"faces": {
				"north": {"uv": [0, 0, 2, 1], "texture": "#particle"},
				"east": {"uv": [0, 0, 1, 1], "texture": "#particle"},
				"south": {"uv": [0, 0, 1, 0.35], "texture": "#particle"},
				"west": {"uv": [0, 0, 1, 1], "texture": "#particle"},
				"up": {"uv": [0, 0, 2, 8], "rotation": 90, "texture": "#particle"},
				"down": {"uv": [0, 0, 2, 8], "rotation": 90, "texture": "#particle"}
			}
		},
		{
			"from": [7.501, 8.81, 2.338],
			"to": [7.601, 9.26, 3.538],
			"rotation": {"angle": 22.5, "axis": "x", "origin": [7.55, 9.085, 2.988]},
			"faces": {
				"north": {"uv": [0, 0, 2, 1], "texture": "#particle"},
				"east": {"uv": [0, 0, 4, 1], "texture": "#particle"},
				"south": {"uv": [0, 0, 1, 0.35], "texture": "#particle"},
				"west": {"uv": [0, 0, 4, 1], "texture": "#particle"},
				"up": {"uv": [0, 0, 8, 2], "rotation": 90, "texture": "#particle"},
				"down": {"uv": [0, 0, 1, 1.6], "texture": "#particle"}
			}
		},
		{
			"from": [7.7001, 5.9, -7.35],
			"to": [8.3001, 8.25, -7.15],
			"rotation": {"angle": -22.5, "axis": "x", "origin": [8, 8.125, -8.65]},
			"faces": {
				"north": {"uv": [0, 0, 1, 1.75], "texture": "#particle"},
				"east": {"uv": [0, 0, 0.5, 1.75], "texture": "#particle"},
				"south": {"uv": [0, 0, 2, 8.75], "texture": "#particle"},
				"west": {"uv": [0, 0, 0.5, 1.75], "texture": "#particle"},
				"up": {"uv": [0, 0, 1, 0.5], "texture": "#particle"},
				"down": {"uv": [0, 0, 1, 0.5], "texture": "#particle"}
			}
		},
		{
			"from": [7.7, 8.462, -7.912],
			"to": [8.3, 8.812, -7.312],
			"rotation": {"angle": 0, "axis": "y", "origin": [0, 0.5, -4.4]},
			"faces": {
				"north": {"uv": [0, 0, 1, 0.35], "texture": "#particle"},
				"east": {"uv": [0, 0, 1.6, 0.35], "texture": "#particle"},
				"south": {"uv": [0, 0, 1, 0.35], "texture": "#particle"},
				"west": {"uv": [0, 0, 1.6, 0.35], "texture": "#particle"},
				"up": {"uv": [0, 0, 1, 1.6], "texture": "#particle"},
				"down": {"uv": [0, 0, 1, 1.6], "texture": "#particle"}
			}
		},
		{
			"from": [7.7, 5.862, -8.112],
			"to": [8.3, 8.812, -7.912],
			"rotation": {"angle": 0, "axis": "y", "origin": [0, 0.5, -4.6]},
			"faces": {
				"north": {"uv": [0, 0, 1, 0.35], "texture": "#particle"},
				"east": {"uv": [0, 0, 0.6, 8.35], "texture": "#particle"},
				"south": {"uv": [0, 0, 1, 0.35], "texture": "#particle"},
				"west": {"uv": [0, 0, 0.6, 9.35], "texture": "#particle"},
				"up": {"uv": [0, 0, 1, 1.6], "texture": "#particle"},
				"down": {"uv": [0, 0, 1, 1.6], "texture": "#particle"}
			}
		},
		{
			"from": [7.5, 5.962, -6.812],
			"to": [8.5, 7.012, -6.612],
			"rotation": {"angle": 0, "axis": "y", "origin": [0, 0.5, -3.3]},
			"faces": {
				"north": {"uv": [0, 0, 1, 0.35], "texture": "#particle"},
				"east": {"uv": [0, 0, 0.6, 8.35], "texture": "#particle"},
				"south": {"uv": [0, 0, 1, 0.35], "texture": "#particle"},
				"west": {"uv": [0, 0, 0.6, 9.35], "texture": "#particle"},
				"up": {"uv": [0, 0, 1, 1.6], "texture": "#particle"},
				"down": {"uv": [0, 0, 1, 1.6], "texture": "#particle"}
			}
		},
		{
			"from": [7.5, 5.962, -8.112],
			"to": [8.5, 7.012, -7.912],
			"rotation": {"angle": 0, "axis": "y", "origin": [0, 0.5, -4.6]},
			"faces": {
				"north": {"uv": [0, 0, 1, 0.35], "texture": "#particle"},
				"east": {"uv": [0, 0, 0.6, 8.35], "texture": "#particle"},
				"south": {"uv": [0, 0, 1, 0.35], "texture": "#particle"},
				"west": {"uv": [0, 0, 0.6, 9.35], "texture": "#particle"},
				"up": {"uv": [0, 0, 1, 1.6], "texture": "#particle"},
				"down": {"uv": [0, 0, 1, 1.6], "texture": "#particle"}
			}
		},
		{
			"from": [7.7, 7.162, -7.912],
			"to": [8.3, 7.412, -6.512],
			"rotation": {"angle": 0, "axis": "y", "origin": [0, 1, -4.4]},
			"faces": {
				"north": {"uv": [0, 0, 1, 0.35], "texture": "#particle"},
				"east": {"uv": [0, 0, 0.6, 8.35], "texture": "#particle"},
				"south": {"uv": [0, 0, 1, 0.35], "texture": "#particle"},
				"west": {"uv": [0, 0, 0.6, 9.35], "texture": "#particle"},
				"up": {"uv": [0, 0, 1, 1.6], "texture": "#particle"},
				"down": {"uv": [0, 0, 1, 1.6], "texture": "#particle"}
			}
		},
		{
			"from": [7.7, 8.8, -8],
			"to": [7.75, 9.15, -7.5],
			"rotation": {"angle": 22.5, "axis": "z", "origin": [7.725, 8.975, -7.75]},
			"faces": {
				"north": {"uv": [0, 0, 0.25, 0.55], "texture": "#particle"},
				"east": {"uv": [0, 0, 0.5, 0.55], "texture": "#particle"},
				"south": {"uv": [0, 0, 0.25, 0.55], "texture": "#particle"},
				"west": {"uv": [0, 0, 0.5, 0.55], "texture": "#particle"},
				"up": {"uv": [0, 0, 0.25, 0.5], "texture": "#particle"},
				"down": {"uv": [0, 0, 0.25, 0.5], "texture": "#particle"}
			}
		},
		{
			"from": [7.98, 8.8, -8],
			"to": [8.03, 8.95, -7.5],
			"rotation": {"angle": 0, "axis": "y", "origin": [0.1, 0.6, -3.5]},
			"faces": {
				"north": {"uv": [0, 0, 0.25, 0.55], "texture": "#particle"},
				"east": {"uv": [0, 0, 0.5, 0.55], "texture": "#particle"},
				"south": {"uv": [0, 0, 0.25, 0.55], "texture": "#particle"},
				"west": {"uv": [0, 0, 0.5, 0.55], "texture": "#particle"},
				"up": {"uv": [0, 0, 0.25, 0.5], "texture": "#particle"},
				"down": {"uv": [0, 0, 0.25, 0.5], "texture": "#particle"}
			}
		},
		{
			"from": [8.25, 8.8, -8],
			"to": [8.3, 9.15, -7.5],
			"rotation": {"angle": -22.5, "axis": "z", "origin": [8.275, 8.975, -7.75]},
			"faces": {
				"north": {"uv": [0, 0, 0.25, 0.55], "texture": "#particle"},
				"east": {"uv": [0, 0, 0.5, 0.55], "texture": "#particle"},
				"south": {"uv": [0, 0, 0.25, 0.55], "texture": "#particle"},
				"west": {"uv": [0, 0, 0.5, 0.55], "texture": "#particle"},
				"up": {"uv": [0, 0, 0.25, 0.5], "texture": "#particle"},
				"down": {"uv": [0, 0, 0.25, 0.5], "texture": "#particle"}
			}
		},
		{
			"name": "octagon",
			"from": [7.84467, 6.125, -8.25],
			"to": [8.15533, 6.875, -8.25],
			"rotation": {"angle": 45, "axis": "z", "origin": [8, 6.5, -7.25]},
			"faces": {
				"north": {"uv": [9, 15, 10, 16], "texture": "#particle"},
				"east": {"uv": [9, 15, 10, 16], "texture": "#particle"},
				"south": {"uv": [9, 15, 10, 16], "texture": "#particle"},
				"west": {"uv": [9, 15, 10, 16], "texture": "#particle"},
				"up": {"uv": [9, 15, 10, 16], "texture": "#particle"},
				"down": {"uv": [9, 15, 10, 16], "texture": "#particle"}
			}
		},
		{
			"name": "octagon",
			"from": [7.84467, 6.125, -8.25],
			"to": [8.15533, 6.875, -8.25],
			"rotation": {"angle": 0, "axis": "z", "origin": [8, 6.5, -7.25]},
			"faces": {
				"north": {"uv": [9, 15, 10, 16], "texture": "#particle"},
				"east": {"uv": [9, 15, 10, 16], "texture": "#particle"},
				"south": {"uv": [9, 15, 10, 16], "texture": "#particle"},
				"west": {"uv": [9, 15, 10, 16], "texture": "#particle"},
				"up": {"uv": [9, 15, 10, 16], "texture": "#particle"},
				"down": {"uv": [9, 15, 10, 16], "texture": "#particle"}
			}
		},
		{
			"name": "octagon",
			"from": [7.625, 6.34467, -8.25],
			"to": [8.375, 6.65533, -8.25],
			"rotation": {"angle": 45, "axis": "z", "origin": [8, 6.5, -7.25]},
			"faces": {
				"north": {"uv": [9, 15, 10, 16], "texture": "#particle"},
				"east": {"uv": [9, 15, 10, 16], "texture": "#particle"},
				"south": {"uv": [9, 15, 10, 16], "texture": "#particle"},
				"west": {"uv": [9, 15, 10, 16], "texture": "#particle"},
				"up": {"uv": [9, 15, 10, 16], "texture": "#particle"},
				"down": {"uv": [9, 15, 10, 16], "texture": "#particle"}
			}
		},
		{
			"name": "octagon",
			"from": [7.625, 6.34467, -8.25],
			"to": [8.375, 6.65533, -8.25],
			"rotation": {"angle": 0, "axis": "z", "origin": [8, 6.5, -7.25]},
			"faces": {
				"north": {"uv": [9, 15, 10, 16], "texture": "#particle"},
				"east": {"uv": [9, 15, 10, 16], "texture": "#particle"},
				"south": {"uv": [9, 15, 10, 16], "texture": "#particle"},
				"west": {"uv": [9, 15, 10, 16], "texture": "#particle"},
				"up": {"uv": [9, 15, 10, 16], "texture": "#particle"},
				"down": {"uv": [9, 15, 10, 16], "texture": "#particle"}
			}
		},
		{
			"name": "lense",
			"from": [7.6, 8.75, 2.238],
			"to": [8.4, 9.5, 2.348],
			"rotation": {"angle": 0, "axis": "y", "origin": [0.8, 1.05, 8.65]},
			"faces": {
				"north": {"uv": [15.5, 0, 16, 0.5], "texture": "#1"},
				"east": {"uv": [0, 0, 1, 1], "texture": "#particle"},
				"south": {"uv": [15.5, 0, 16, 0.5], "texture": "#1"},
				"west": {"uv": [0, 0, 1, 1], "texture": "#particle"},
				"up": {"uv": [0, 0, 8, 2], "rotation": 90, "texture": "#particle"},
				"down": {"uv": [0, 0, 1, 1.6], "texture": "#particle"}
			}
		},
		{
			"name": "red dot",
			"from": [8, 9.125, 2.34],
			"to": [8.01, 9.135, 2.35],
			"rotation": {"angle": 0, "axis": "y", "origin": [8.1, 9.225, 2.493]},
			"faces": {
				"north": {"uv": [15, 0, 15.5, 0.5], "texture": "#1"},
				"east": {"uv": [15, 0, 15.5, 0.5], "texture": "#1"},
				"south": {"uv": [15, 0, 15.5, 0.5], "texture": "#1"},
				"west": {"uv": [15, 0, 15.5, 0.5], "texture": "#1"},
				"up": {"uv": [15, 0, 15.5, 0.5], "rotation": 90, "texture": "#1"},
				"down": {"uv": [15, 0, 15.5, 0.6], "texture": "#1"}
			}
		},
		{
			"from": [7.71, 7.1, 5.05],
			"to": [8.31, 8.65, 5.25],
			"rotation": {"angle": 0, "axis": "y", "origin": [0, 0.65, 9.55]},
			"faces": {
				"north": {"uv": [0, 0, 1, 1.75], "texture": "#particle"},
				"east": {"uv": [0, 0, 0.5, 1.75], "texture": "#particle"},
				"south": {"uv": [0, 0, 1, 1.75], "texture": "#particle"},
				"west": {"uv": [0, 0, 0.5, 1.75], "texture": "#particle"},
				"up": {"uv": [0, 0, 1, 0.5], "texture": "#particle"},
				"down": {"uv": [0, 0, 1, 0.5], "texture": "#particle"}
			}
		},
		{
			"from": [7.71, 7.14285, 11.08044],
			"to": [8.31, 8.89285, 11.88044],
			"rotation": {"angle": -22.5, "axis": "x", "origin": [8.01, 8.01785, 11.78044]},
			"faces": {
				"north": {"uv": [0, 0, 1, 1.75], "texture": "#particle"},
				"east": {"uv": [0, 0, 0.5, 1.75], "texture": "#particle"},
				"south": {"uv": [0, 0, 1, 1.75], "texture": "#particle"},
				"west": {"uv": [0, 0, 0.5, 1.75], "texture": "#particle"},
				"up": {"uv": [0, 0, 1, 0.5], "texture": "#particle"},
				"down": {"uv": [0, 0, 1, 0.5], "texture": "#particle"}
			}
		},
		{
			"from": [7.71, 7.14285, 10.28044],
			"to": [8.31, 8.89285, 11.08044],
			"rotation": {"angle": -22.5, "axis": "x", "origin": [8.01, 8.01785, 10.98044]},
			"faces": {
				"north": {"uv": [0, 0, 1, 1.75], "texture": "#particle"},
				"east": {"uv": [0, 0, 0.5, 1.75], "texture": "#particle"},
				"south": {"uv": [0, 0, 1, 1.75], "texture": "#particle"},
				"west": {"uv": [0, 0, 0.5, 1.75], "texture": "#particle"},
				"up": {"uv": [0, 0, 1, 0.5], "texture": "#particle"},
				"down": {"uv": [0, 0, 1, 0.5], "texture": "#particle"}
			}
		},
		{
			"from": [7.7, 8.51, 5.138],
			"to": [8.3, 8.76, 11.538],
			"rotation": {"angle": 0, "axis": "y", "origin": [0, 0.55, 14.45]},
			"faces": {
				"north": {"uv": [0, 0, 1, 0.35], "texture": "#particle"},
				"east": {"uv": [0, 0, 1.6, 0.35], "texture": "#particle"},
				"south": {"uv": [0, 0, 1, 0.35], "texture": "#particle"},
				"west": {"uv": [0, 0, 1.6, 0.35], "texture": "#particle"},
				"up": {"uv": [0, 0, 1, 1.6], "texture": "#particle"},
				"down": {"uv": [0, 0, 1, 1.6], "texture": "#particle"}
			}
		},
		{
			"from": [8.2, 9.15, 9.138],
			"to": [8.3, 9.25, 11.338],
			"rotation": {"angle": 0, "axis": "y", "origin": [0.5, 1.15, 14.45]},
			"faces": {
				"north": {"uv": [0, 0, 1, 0.35], "texture": "#particle"},
				"east": {"uv": [0, 0, 1.6, 0.35], "texture": "#particle"},
				"south": {"uv": [0, 0, 1, 0.35], "texture": "#particle"},
				"west": {"uv": [0, 0, 1.6, 0.35], "texture": "#particle"},
				"up": {"uv": [0, 0, 1, 1.6], "texture": "#particle"},
				"down": {"uv": [0, 0, 1, 1.6], "texture": "#particle"}
			}
		},
		{
			"from": [8.2, 9.25, 10.138],
			"to": [8.3, 9.35, 11.338],
			"rotation": {"angle": 0, "axis": "y", "origin": [0.5, 1.25, 14.45]},
			"faces": {
				"north": {"uv": [0, 0, 1, 0.35], "texture": "#particle"},
				"east": {"uv": [0, 0, 1.6, 0.35], "texture": "#particle"},
				"south": {"uv": [0, 0, 1, 0.35], "texture": "#particle"},
				"west": {"uv": [0, 0, 1.6, 0.35], "texture": "#particle"},
				"up": {"uv": [0, 0, 1, 1.6], "texture": "#particle"},
				"down": {"uv": [0, 0, 1, 1.6], "texture": "#particle"}
			}
		},
		{
			"from": [8.2, 9.05, 8.138],
			"to": [8.3, 9.15, 11.338],
			"rotation": {"angle": 0, "axis": "y", "origin": [0.5, 1.05, 14.45]},
			"faces": {
				"north": {"uv": [0, 0, 1, 0.35], "texture": "#particle"},
				"east": {"uv": [0, 0, 1.6, 0.35], "texture": "#particle"},
				"south": {"uv": [0, 0, 1, 0.35], "texture": "#particle"},
				"west": {"uv": [0, 0, 1.6, 0.35], "texture": "#particle"},
				"up": {"uv": [0, 0, 1, 1.6], "texture": "#particle"},
				"down": {"uv": [0, 0, 1, 1.6], "texture": "#particle"}
			}
		},
		{
			"from": [8.2, 8.95, 7.138],
			"to": [8.3, 9.05, 11.338],
			"rotation": {"angle": 0, "axis": "y", "origin": [0.5, 0.95, 14.45]},
			"faces": {
				"north": {"uv": [0, 0, 1, 0.35], "texture": "#particle"},
				"east": {"uv": [0, 0, 1.6, 0.35], "texture": "#particle"},
				"south": {"uv": [0, 0, 1, 0.35], "texture": "#particle"},
				"west": {"uv": [0, 0, 1.6, 0.35], "texture": "#particle"},
				"up": {"uv": [0, 0, 1, 1.6], "texture": "#particle"},
				"down": {"uv": [0, 0, 1, 1.6], "texture": "#particle"}
			}
		},
		{
			"from": [8.2, 8.85, 6.138],
			"to": [8.3, 8.95, 11.338],
			"rotation": {"angle": 0, "axis": "y", "origin": [0.5, 0.85, 14.45]},
			"faces": {
				"north": {"uv": [0, 0, 1, 0.35], "texture": "#particle"},
				"east": {"uv": [0, 0, 1.6, 0.35], "texture": "#particle"},
				"south": {"uv": [0, 0, 1, 0.35], "texture": "#particle"},
				"west": {"uv": [0, 0, 1.6, 0.35], "texture": "#particle"},
				"up": {"uv": [0, 0, 1, 1.6], "texture": "#particle"},
				"down": {"uv": [0, 0, 1, 1.6], "texture": "#particle"}
			}
		},
		{
			"from": [7.7, 8.85, 6.138],
			"to": [7.8, 8.95, 11.338],
			"rotation": {"angle": 0, "axis": "y", "origin": [0, 0.85, 14.45]},
			"faces": {
				"north": {"uv": [0, 0, 1, 0.35], "texture": "#particle"},
				"east": {"uv": [0, 0, 1.6, 0.35], "texture": "#particle"},
				"south": {"uv": [0, 0, 1, 0.35], "texture": "#particle"},
				"west": {"uv": [0, 0, 1.6, 0.35], "texture": "#particle"},
				"up": {"uv": [0, 0, 1, 1.6], "texture": "#particle"},
				"down": {"uv": [0, 0, 1, 1.6], "texture": "#particle"}
			}
		},
		{
			"from": [7.7, 8.95, 7.138],
			"to": [7.8, 9.05, 11.338],
			"rotation": {"angle": 0, "axis": "y", "origin": [0, 0.95, 14.45]},
			"faces": {
				"north": {"uv": [0, 0, 1, 0.35], "texture": "#particle"},
				"east": {"uv": [0, 0, 1.6, 0.35], "texture": "#particle"},
				"south": {"uv": [0, 0, 1, 0.35], "texture": "#particle"},
				"west": {"uv": [0, 0, 1.6, 0.35], "texture": "#particle"},
				"up": {"uv": [0, 0, 1, 1.6], "texture": "#particle"},
				"down": {"uv": [0, 0, 1, 1.6], "texture": "#particle"}
			}
		},
		{
			"from": [7.7, 9.05, 8.138],
			"to": [7.8, 9.15, 11.338],
			"rotation": {"angle": 0, "axis": "y", "origin": [0, 1.05, 14.45]},
			"faces": {
				"north": {"uv": [0, 0, 1, 0.35], "texture": "#particle"},
				"east": {"uv": [0, 0, 1.6, 0.35], "texture": "#particle"},
				"south": {"uv": [0, 0, 1, 0.35], "texture": "#particle"},
				"west": {"uv": [0, 0, 1.6, 0.35], "texture": "#particle"},
				"up": {"uv": [0, 0, 1, 1.6], "texture": "#particle"},
				"down": {"uv": [0, 0, 1, 1.6], "texture": "#particle"}
			}
		},
		{
			"from": [7.7, 9.15, 9.138],
			"to": [7.8, 9.25, 11.338],
			"rotation": {"angle": 0, "axis": "y", "origin": [0, 1.15, 14.45]},
			"faces": {
				"north": {"uv": [0, 0, 1, 0.35], "texture": "#particle"},
				"east": {"uv": [0, 0, 1.6, 0.35], "texture": "#particle"},
				"south": {"uv": [0, 0, 1, 0.35], "texture": "#particle"},
				"west": {"uv": [0, 0, 1.6, 0.35], "texture": "#particle"},
				"up": {"uv": [0, 0, 1, 1.6], "texture": "#particle"},
				"down": {"uv": [0, 0, 1, 1.6], "texture": "#particle"}
			}
		},
		{
			"from": [7.7, 9.25, 10.138],
			"to": [7.8, 9.35, 11.338],
			"rotation": {"angle": 0, "axis": "y", "origin": [0, 1.25, 14.45]},
			"faces": {
				"north": {"uv": [0, 0, 1, 0.35], "texture": "#particle"},
				"east": {"uv": [0, 0, 1.6, 0.35], "texture": "#particle"},
				"south": {"uv": [0, 0, 1, 0.35], "texture": "#particle"},
				"west": {"uv": [0, 0, 1.6, 0.35], "texture": "#particle"},
				"up": {"uv": [0, 0, 1, 1.6], "texture": "#particle"},
				"down": {"uv": [0, 0, 1, 1.6], "texture": "#particle"}
			}
		},
		{
			"from": [7.7, 8.75, 5.238],
			"to": [8.3, 8.85, 11.538],
			"rotation": {"angle": 0, "axis": "y", "origin": [0, 0.75, 14.45]},
			"faces": {
				"north": {"uv": [0, 0, 1, 0.35], "texture": "#particle"},
				"east": {"uv": [0, 0, 1.6, 0.35], "texture": "#particle"},
				"south": {"uv": [0, 0, 1, 0.35], "texture": "#particle"},
				"west": {"uv": [0, 0, 1.6, 0.35], "texture": "#particle"},
				"up": {"uv": [0, 0, 1, 1.6], "texture": "#particle"},
				"down": {"uv": [0, 0, 1, 1.6], "texture": "#particle"}
			}
		},
		{
			"from": [7.7, 7.41, 5.238],
			"to": [8.3, 7.76, 11.538],
			"rotation": {"angle": 0, "axis": "y", "origin": [0, -0.55, 14.45]},
			"faces": {
				"north": {"uv": [0, 0, 1, 0.35], "texture": "#particle"},
				"east": {"uv": [0, 0, 1.6, 0.35], "texture": "#particle"},
				"south": {"uv": [0, 0, 1, 0.35], "texture": "#particle"},
				"west": {"uv": [0, 0, 1.6, 0.35], "texture": "#particle"},
				"up": {"uv": [0, 0, 1, 1.6], "texture": "#particle"},
				"down": {"uv": [0, 0, 1, 1.6], "texture": "#particle"}
			}
		},
		{
			"from": [7.7, 8.75, 10.95],
			"to": [7.85, 9.3, 11.45],
			"rotation": {"angle": -22.5, "axis": "x", "origin": [8, 9.025, 11.2]},
			"faces": {
				"north": {"uv": [0, 0, 0.25, 0.55], "texture": "#particle"},
				"east": {"uv": [0, 0, 0.5, 0.55], "texture": "#particle"},
				"south": {"uv": [0, 0, 0.25, 0.55], "texture": "#particle"},
				"west": {"uv": [0, 0, 0.5, 0.55], "texture": "#particle"},
				"up": {"uv": [0, 0, 0.25, 0.5], "texture": "#particle"},
				"down": {"uv": [0, 0, 0.25, 0.5], "texture": "#particle"}
			}
		},
		{
			"from": [8.15, 8.75, 10.95],
			"to": [8.3, 9.3, 11.45],
			"rotation": {"angle": -22.5, "axis": "x", "origin": [8, 9.025, 11.2]},
			"faces": {
				"north": {"uv": [0, 0, 0.25, 0.55], "texture": "#particle"},
				"east": {"uv": [0, 0, 0.5, 0.55], "texture": "#particle"},
				"south": {"uv": [0, 0, 0.25, 0.55], "texture": "#particle"},
				"west": {"uv": [0, 0, 0.5, 0.55], "texture": "#particle"},
				"up": {"uv": [0, 0, 0.25, 0.5], "texture": "#particle"},
				"down": {"uv": [0, 0, 0.25, 0.5], "texture": "#particle"}
			}
		},
		{
			"from": [7.4501, 6.275, 11.82],
			"to": [8.5481, 7.325, 12.52],
			"rotation": {"angle": -45, "axis": "x", "origin": [8, 7.025, 12.15]},
			"faces": {
				"north": {"uv": [0.25, 0.25, 2.75, 2.75], "texture": "#particle"},
				"east": {"uv": [9, 0, 8, 1], "texture": "#particle"},
				"south": {"uv": [0.25, 0.25, 2.75, 2.75], "texture": "#particle"},
				"west": {"uv": [8, 0, 9, 1], "texture": "#particle"},
				"up": {"uv": [2.75, 0, 0.25, 9], "texture": "#particle"},
				"down": {"uv": [0.25, 0, 2.75, 9], "texture": "#particle"}
			}
		},
		{
			"from": [7.4501, 4.795, 11.85],
			"to": [8.5481, 5.495, 12.95],
			"rotation": {"angle": -45, "axis": "x", "origin": [8, 5.125, 12.15]},
			"faces": {
				"north": {"uv": [2.75, 0, 0.25, 9], "rotation": 180, "texture": "#particle"},
				"east": {"uv": [9, 0, 8, 1], "rotation": 90, "texture": "#particle"},
				"south": {"uv": [0.25, 0, 2.75, 9], "texture": "#particle"},
				"west": {"uv": [8, 0, 9, 1], "rotation": 270, "texture": "#particle"},
				"up": {"uv": [0.25, 0.25, 2.75, 2.75], "texture": "#particle"},
				"down": {"uv": [0.25, 0.25, 2.75, 2.75], "rotation": 180, "texture": "#particle"}
			}
		},
		{
			"from": [7, 7.175, 12.22],
			"to": [9, 7.475, 12.52],
			"rotation": {"angle": 0, "axis": "x", "origin": [8, 7.325, 12.37]},
			"faces": {
				"north": {"uv": [0.25, 0.25, 2.75, 2.75], "texture": "#particle"},
				"east": {"uv": [9, 0, 8, 1], "texture": "#particle"},
				"south": {"uv": [0.25, 0.25, 2.75, 2.75], "texture": "#particle"},
				"west": {"uv": [8, 0, 9, 1], "texture": "#particle"},
				"up": {"uv": [3.75, 0, 6.75, 1], "texture": "#particle"},
				"down": {"uv": [0.25, 0, 2.75, 9], "texture": "#particle"}
			}
		},
		{
			"from": [7.45, 6.75, 5],
			"to": [8.55, 7.5, 12.2],
			"rotation": {"angle": 0, "axis": "y", "origin": [0, 2.1, 0]},
			"faces": {
				"north": {"uv": [0.25, 0.25, 2.75, 2.75], "texture": "#particle"},
				"east": {"uv": [9, 0, 0, 1], "texture": "#particle"},
				"south": {"uv": [0.25, 0.25, 2.75, 2.75], "texture": "#particle"},
				"west": {"uv": [0, 0, 9, 1], "texture": "#particle"},
				"up": {"uv": [2.75, 0, 0.25, 9], "texture": "#particle"},
				"down": {"uv": [0.25, 0, 2.75, 9], "texture": "#particle"}
			}
		}
	],
	"display": {
		"thirdperson_righthand": {
			"translation": [-0.75, 2.75, -1.25],
			"scale": [0.81, 0.81, 0.81]
		},
		"thirdperson_lefthand": {
			"translation": [-12, 3, -1.75]
		},
		"firstperson_righthand": {
			"translation": [7, 0, -22.25],
			"scale": [4, 4, 3.46]
		},
		"firstperson_lefthand": {
			"translation": [-19.5, 4.25, -0.25]
		},
		"ground": {
			"rotation": [0, 0, -90],
			"translation": [2.75, -2.75, 0],
			"scale": [0.9, 0.9, 0.9]
		},
		"gui": {
			"rotation": [28, 141, -24],
			"translation": [0.5, 4, 0]
		},
		"head": {
			"translation": [0, 6.5, -10.5]
		},
		"fixed": {
			"rotation": [0, -90, 0],
			"translation": [-2, 3, -1],
			"scale": [1.25, 1.25, 1.25]
		}
	},
	"groups": [
		{
			"name": "stock2",
			"origin": [8, 8, 8],
			"color": 0,
			"children": [0, 1, 2, 3, 4, 5, 6, 7, 8, 9, 10, 11, 12]
		},
		{
			"name": "gun base",
			"origin": [0, 0, 0],
			"color": 0,
			"children": [13, 14, 15, 16, 17, 18, 19, 20, 21, 22, 23, 24, 25, 26, 27, 28, 29, 30, 31]
		},
		{
			"name": "round bit connector",
			"origin": [8, 8, 8],
			"color": 7,
			"children": [32, 33, 34, 35, 36, 37, 38]
		},
		{
			"name": "round bit",
			"origin": [8, 8, 8],
			"color": 3,
			"children": [
				39,
				40,
				41,
				42,
				{
					"name": "round bit",
					"origin": [8, 8, 8],
					"color": 3,
					"children": []
				},
				{
					"name": "round bit",
					"origin": [8, 8, 8],
					"color": 3,
					"children": [
						43,
						44,
						45,
						46,
						{
							"name": "round bit",
							"origin": [8, 8, 8],
							"color": 3,
							"children": []
						}
					]
				}
			]
		},
		{
			"name": "muzzle break",
			"origin": [8, 6.5, -5.5],
			"color": 0,
			"children": [47, 48, 49, 50, 51, 52, 53, 54]
		},
		{
			"name": "hole",
			"origin": [7.99927, 4.6232, -8.61],
			"color": 0,
			"children": [55, 56, 57, 58]
		},
		{
			"name": "hole",
			"origin": [7.99927, 9.5, -11.81],
			"color": 0,
			"children": [59, 60, 61, 62]
		},
		{
			"name": "barrel",
			"origin": [8, 8, 8],
			"color": 0,
			"children": [63, 64, 65, 66, 67, 68, 69, 70, 71, 72, 73, 74]
		},
		{
			"name": "iron sight",
			"origin": [0, 0, 0],
			"color": 0,
			"children": [75, 76, 77, 78, 79, 80, 81, 82]
		},
		{
			"name": "iron sight",
			"origin": [0, 0, 0],
			"color": 0,
			"children": [83, 84, 85, 86, 87, 88, 89, 90, 91]
		},
		{
			"name": "hole",
			"origin": [8, 8, 8],
			"color": 0,
			"children": [92, 93, 94, 95]
		},
		96,
		97,
		{
			"name": "iron sight",
			"origin": [0, 0, 0],
			"color": 0,
			"children": [98, 99, 100, 101, 102, 103, 104, 105, 106, 107, 108, 109, 110, 111, 112, 113, 114, 115]
		},
		116,
		117,
		118,
		119
	]
}