{
	"format_version": "1.21.6",
	"credit": "Made with Blockbench",
	"textures": {
		"0": "chems_guns:item/gun_ammo/m1911",
		"particle": "chems_guns:item/gun_ammo/m1911"
	},
	"elements": [
		{
			"from": [7.21008, 7.03992, -3.7],
			"to": [7.78992, 7.43992, 3.55],
			"rotation": {"angle": 45, "axis": "z", "origin": [7.5, 6.73992, 0.925]},
			"faces": {
				"north": {"uv": [5.5, 10, 6.5, 10.5], "rotation": 270, "texture": "#0"},
				"east": {"uv": [6.5, 11, 7.5, 11.5], "rotation": 90, "texture": "#0"},
				"south": {"uv": [8, 11, 9, 11.5], "rotation": 90, "texture": "#0"},
				"west": {"uv": [4, 11, 5, 11.5], "rotation": 90, "texture": "#0"},
				"up": {"uv": [4, 10.5, 9, 11], "rotation": 90, "texture": "#0"},
				"down": {"uv": [4, 11, 9, 11.5], "rotation": 90, "texture": "#0"}
			}
		},
		{
			"from": [7.29292, 6.24708, 3.5],
			"to": [7.70708, 7.24708, 3.75],
			"rotation": {"angle": 45, "axis": "z", "origin": [7.5, 6.74708, 3.625]},
			"faces": {
				"north": {"uv": [5.5, 9.5, 6.5, 10.5], "rotation": 90, "texture": "#0"},
				"east": {"uv": [4, 11, 5, 11.5], "rotation": 270, "texture": "#0"},
				"south": {"uv": [15, 0, 16, 1], "rotation": 270, "texture": "#0"},
				"west": {"uv": [6.5, 11, 7.5, 11.5], "rotation": 270, "texture": "#0"},
				"up": {"uv": [8.5, 11, 9, 11.5], "rotation": 270, "texture": "#0"},
				"down": {"uv": [8.5, 11, 9, 11.5], "rotation": 270, "texture": "#0"}
			}
		},
		{
			"from": [7, 6.54, 3.5],
			"to": [8, 6.95417, 3.75],
			"rotation": {"angle": 0, "axis": "y", "origin": [7.5, 6.74708, 3.625]},
			"faces": {
				"north": {"uv": [5.5, 9.5, 6.5, 10.5], "texture": "#0"},
				"east": {"uv": [8.5, 11, 9, 11.5], "texture": "#0"},
				"south": {"uv": [15, 0, 16, 1], "texture": "#0"},
				"west": {"uv": [8.5, 11, 9, 11.5], "texture": "#0"},
				"up": {"uv": [6.5, 11, 7.5, 11.5], "texture": "#0"},
				"down": {"uv": [4, 11, 5, 11.5], "texture": "#0"}
			}
		},
		{
			"from": [7.29292, 6.24708, 3.5],
			"to": [7.70708, 7.24708, 3.75],
			"rotation": {"angle": -45, "axis": "z", "origin": [7.5, 6.74708, 3.625]},
			"faces": {
				"north": {"uv": [5.5, 9.5, 6.5, 10.5], "rotation": 90, "texture": "#0"},
				"east": {"uv": [4, 11, 5, 11.5], "rotation": 270, "texture": "#0"},
				"south": {"uv": [15, 0, 16, 1], "rotation": 270, "texture": "#0"},
				"west": {"uv": [6.5, 11, 7.5, 11.5], "rotation": 270, "texture": "#0"},
				"up": {"uv": [8.5, 11, 9, 11.5], "rotation": 270, "texture": "#0"},
				"down": {"uv": [8.5, 11, 9, 11.5], "rotation": 270, "texture": "#0"}
			}
		},
		{
			"from": [6.8, 6.45, -3.7],
			"to": [7.2, 7.02983, 3.55],
			"rotation": {"angle": 45, "axis": "z", "origin": [7.5, 6.73992, 0.925]},
			"faces": {
				"north": {"uv": [5.5, 10, 6.5, 10.5], "texture": "#0"},
				"east": {"uv": [4, 11, 9, 11.5], "texture": "#0"},
				"south": {"uv": [8, 11, 9, 11.5], "texture": "#0"},
				"west": {"uv": [4, 9, 9, 9.5], "texture": "#0"},
				"up": {"uv": [6.5, 11, 7.5, 11.5], "texture": "#0"},
				"down": {"uv": [4, 11, 5, 11.5], "texture": "#0"}
			}
		},
		{
			"from": [6.8, 6.45, -3.7],
			"to": [7.2, 7.02983, 3.55],
			"rotation": {"angle": 0, "axis": "y", "origin": [7.5, 6.73992, 0.925]},
			"faces": {
				"north": {"uv": [5.5, 10, 6.5, 10.5], "texture": "#0"},
				"east": {"uv": [4, 11, 9, 11.5], "texture": "#0"},
				"south": {"uv": [8, 11, 9, 11.5], "texture": "#0"},
				"west": {"uv": [4, 11, 9, 11.5], "texture": "#0"},
				"up": {"uv": [6.5, 11, 7.5, 11.5], "texture": "#0"},
				"down": {"uv": [4, 11, 5, 11.5], "texture": "#0"}
			}
		},
		{
			"from": [7.21008, 7.03992, -3.7],
			"to": [7.78992, 7.43992, 3.55],
			"rotation": {"angle": 0, "axis": "y", "origin": [7.5, 6.73992, 0.925]},
			"faces": {
				"north": {"uv": [5.5, 10, 6.5, 10.5], "rotation": 270, "texture": "#0"},
				"east": {"uv": [6.5, 11, 7.5, 11.5], "rotation": 90, "texture": "#0"},
				"south": {"uv": [8, 11, 9, 11.5], "rotation": 90, "texture": "#0"},
				"west": {"uv": [4, 11, 5, 11.5], "rotation": 90, "texture": "#0"},
				"up": {"uv": [4, 10, 9, 10.5], "rotation": 90, "texture": "#0"},
				"down": {"uv": [4, 11, 9, 11.5], "rotation": 90, "texture": "#0"}
			}
		},
		{
			"from": [7.21008, 7.03992, -3.7],
			"to": [7.78992, 7.43992, 3.55],
			"rotation": {"angle": -45, "axis": "z", "origin": [7.5, 6.73992, 0.925]},
			"faces": {
				"north": {"uv": [5.5, 10, 6.5, 10.5], "rotation": 270, "texture": "#0"},
				"east": {"uv": [6.5, 11, 7.5, 11.5], "rotation": 90, "texture": "#0"},
				"south": {"uv": [8, 11, 9, 11.5], "rotation": 90, "texture": "#0"},
				"west": {"uv": [4, 11, 5, 11.5], "rotation": 90, "texture": "#0"},
				"up": {"uv": [4, 10, 9, 10.5], "rotation": 90, "texture": "#0"},
				"down": {"uv": [4, 11, 9, 11.5], "rotation": 90, "texture": "#0"}
			}
		},
		{
			"from": [7.8, 6.45, -3.7],
			"to": [8.2, 7.02983, 3.55],
			"rotation": {"angle": 0, "axis": "y", "origin": [7.5, 6.73992, 0.925]},
			"faces": {
				"north": {"uv": [5.5, 10, 6.5, 10.5], "texture": "#0"},
				"east": {"uv": [4, 9.5, 9, 10], "texture": "#0"},
				"south": {"uv": [8, 11, 9, 11.5], "texture": "#0"},
				"west": {"uv": [4, 11, 9, 11.5], "texture": "#0"},
				"up": {"uv": [6.5, 11, 7.5, 11.5], "texture": "#0"},
				"down": {"uv": [4, 11, 5, 11.5], "texture": "#0"}
			}
		},
		{
			"from": [7.8, 6.45, -3.7],
			"to": [8.2, 7.02983, 3.55],
			"rotation": {"angle": -45, "axis": "z", "origin": [7.5, 6.73992, 0.925]},
			"faces": {
				"north": {"uv": [5.5, 10, 6.5, 10.5], "texture": "#0"},
				"east": {"uv": [4, 10, 9, 10.5], "texture": "#0"},
				"south": {"uv": [8, 11, 9, 11.5], "texture": "#0"},
				"west": {"uv": [4, 11, 9, 11.5], "texture": "#0"},
				"up": {"uv": [6.5, 11, 7.5, 11.5], "texture": "#0"},
				"down": {"uv": [4, 11, 5, 11.5], "texture": "#0"}
			}
		},
		{
			"from": [7.21008, 6.03992, -3.7],
			"to": [7.78992, 6.43992, 3.55],
			"rotation": {"angle": 0, "axis": "y", "origin": [7.5, 6.73992, 0.925]},
			"faces": {
				"north": {"uv": [5.5, 10, 6.5, 10.5], "rotation": 90, "texture": "#0"},
				"east": {"uv": [4, 11, 5, 11.5], "rotation": 270, "texture": "#0"},
				"south": {"uv": [8, 11, 9, 11.5], "rotation": 270, "texture": "#0"},
				"west": {"uv": [6.5, 11, 7.5, 11.5], "rotation": 270, "texture": "#0"},
				"up": {"uv": [4, 11, 9, 11.5], "rotation": 270, "texture": "#0"},
				"down": {"uv": [4, 11, 9, 11.5], "rotation": 270, "texture": "#0"}
			}
		},
		{
			"from": [7.29292, 6.24708, 3.5],
			"to": [7.70708, 7.24708, 3.75],
			"rotation": {"angle": 0, "axis": "y", "origin": [7.5, 6.74708, 3.625]},
			"faces": {
				"north": {"uv": [5.5, 9.5, 6.5, 10.5], "rotation": 90, "texture": "#0"},
				"east": {"uv": [4, 11, 5, 11.5], "rotation": 270, "texture": "#0"},
				"south": {"uv": [15, 0, 16, 1], "rotation": 270, "texture": "#0"},
				"west": {"uv": [6.5, 11, 7.5, 11.5], "rotation": 270, "texture": "#0"},
				"up": {"uv": [8.5, 11, 9, 11.5], "rotation": 270, "texture": "#0"},
				"down": {"uv": [8.5, 11, 9, 11.5], "rotation": 270, "texture": "#0"}
			}
		},
		{
			"from": [7.2, 6.45, -3.251],
			"to": [7.8, 7.05, -3.001],
			"rotation": {"angle": 0, "axis": "y", "origin": [0, 0.25, -7]},
			"faces": {
				"north": {"uv": [9.5, 10, 10.5, 11], "texture": "#0"},
				"east": {"uv": [9.5, 10, 10.5, 11], "texture": "#0"},
				"south": {"uv": [9.5, 10, 10.5, 11], "texture": "#0"},
				"west": {"uv": [9.5, 10, 10.5, 11], "texture": "#0"},
				"up": {"uv": [9.5, 10, 10.5, 11], "texture": "#0"},
				"down": {"uv": [9.5, 10, 10.5, 11], "texture": "#0"}
			}
		},
		{
			"from": [7.001, 0.2, 10.13],
			"to": [7.998, 5.7, 12.23],
			"rotation": {"angle": -22.5, "axis": "x", "origin": [8, 5.5, 9.25]},
			"faces": {
				"north": {"uv": [10.003, 3.5, 11, 9], "texture": "#0"},
				"east": {"uv": [13.5, 7, 16, 12.5], "texture": "#0"},
				"south": {"uv": [11, 3.5, 10, 9], "texture": "#0"},
				"west": {"uv": [13.5, 7, 16, 12.5], "texture": "#0"},
				"up": {"uv": [13.003, 10, 16, 13], "texture": "#0"},
				"down": {"uv": [13.5, 10.5, 16, 11.497], "rotation": 90, "texture": "#0"}
			}
		},
		{
			"from": [7.25, 7.05, 3.75],
			"to": [7.75, 7.25, 6],
			"rotation": {"angle": 0, "axis": "y", "origin": [0, 0.25, 0]},
			"faces": {
				"north": {"uv": [15.5, 0, 16, 0.5], "texture": "#0"},
				"east": {"uv": [13.5, 6.5, 15.5, 7.5], "texture": "#0"},
				"south": {"uv": [15, 0, 16, 1], "texture": "#0"},
				"west": {"uv": [13.5, 7, 15.5, 8], "texture": "#0"},
				"up": {"uv": [16, 8.5, 15, 4], "texture": "#0"},
				"down": {"uv": [14, 9.5, 15.5, 12], "texture": "#0"}
			}
		},
		{
			"from": [7.03965, 6.74038, 3.7501],
			"to": [7.38965, 7.23538, 13.2501],
			"rotation": {"angle": -45, "axis": "z", "origin": [7.16465, 6.98788, 8.5]},
			"faces": {
				"north": {"uv": [15, 0.5, 15.5, 1], "texture": "#0"},
				"east": {"uv": [13.5, 6.5, 15.5, 7.5], "texture": "#0"},
				"south": {"uv": [15, 0.5, 15.5, 1], "texture": "#0"},
				"west": {"uv": [0, 0, 2.5, 8.5], "rotation": 90, "texture": "#0"},
				"up": {"uv": [14.5, 5, 15, 7], "texture": "#0"},
				"down": {"uv": [14, 6, 15.5, 8.5], "texture": "#0"}
			}
		},
		{
			"from": [7.61035, 6.74038, 3.7501],
			"to": [7.96035, 7.23538, 13.2501],
			"rotation": {"angle": 45, "axis": "z", "origin": [7.83535, 6.98788, 8.5]},
			"faces": {
				"north": {"uv": [15.5, 0.5, 15, 1], "texture": "#0"},
				"east": {"uv": [0, 8.5, 2.5, 0], "rotation": 90, "texture": "#0"},
				"south": {"uv": [15.5, 0.5, 15, 1], "texture": "#0"},
				"west": {"uv": [15.5, 6.5, 13.5, 7.5], "texture": "#0"},
				"up": {"uv": [15, 5, 14.5, 7], "texture": "#0"},
				"down": {"uv": [15.5, 6, 14, 8.5], "texture": "#0"}
			}
		},
		{
			"from": [7.63329, 5.75571, 3.901],
			"to": [7.98329, 6.35071, 6.551],
			"rotation": {"angle": -22.5, "axis": "z", "origin": [7.80829, 6.05321, 5.225]},
			"faces": {
				"north": {"uv": [15.5, 0.5, 15, 1], "texture": "#0"},
				"east": {"uv": [13.5, 2, 14, 0], "rotation": 90, "texture": "#0"},
				"south": {"uv": [15.5, 0.5, 15, 1], "texture": "#0"},
				"west": {"uv": [15.5, 6.5, 13.5, 7.5], "texture": "#0"},
				"up": {"uv": [15, 5, 14.5, 7], "texture": "#0"},
				"down": {"uv": [15.5, 6, 14, 8.5], "texture": "#0"}
			}
		},
		{
			"from": [7.01671, 5.75571, 3.901],
			"to": [7.36671, 6.35071, 6.551],
			"rotation": {"angle": 22.5, "axis": "z", "origin": [7.19171, 6.05321, 5.225]},
			"faces": {
				"north": {"uv": [15, 0.5, 15.5, 1], "texture": "#0"},
				"east": {"uv": [13.5, 6.5, 15.5, 7.5], "texture": "#0"},
				"south": {"uv": [15, 0.5, 15.5, 1], "texture": "#0"},
				"west": {"uv": [13.5, 0, 14, 2], "rotation": 90, "texture": "#0"},
				"up": {"uv": [14.5, 5, 15, 7], "texture": "#0"},
				"down": {"uv": [14, 6, 15.5, 8.5], "texture": "#0"}
			}
		},
		{
			"from": [6.9, 5.75, 10.5],
			"to": [8.1, 6.9, 13.25],
			"rotation": {"angle": 0, "axis": "y", "origin": [0, -0.5, 0]},
			"faces": {
				"north": {"uv": [0, 0, 3, 3], "texture": "#0"},
				"east": {"uv": [3.5, 14.5, 0.5, 16], "texture": "#0"},
				"south": {"uv": [14, 5, 15.5, 7.5], "texture": "#0"},
				"west": {"uv": [0.5, 14.5, 3.5, 16], "texture": "#0"},
				"up": {"uv": [14, 0.5, 14.5, 5.5], "texture": "#0"},
				"down": {"uv": [0, 13, 3, 16], "texture": "#0"}
			}
		},
		{
			"from": [6.899, 5.75, 11.55],
			"to": [8.101, 6.9, 12.5],
			"rotation": {"angle": 0, "axis": "y", "origin": [7.5, 6.325, 11.475]},
			"faces": {
				"north": {"uv": [0, 0, 3, 3], "texture": "#0"},
				"east": {"uv": [6.5, 7.5, 2, 0], "rotation": 90, "texture": "#0"},
				"south": {"uv": [14, 5, 15.5, 7.5], "texture": "#0"},
				"west": {"uv": [6.5, 7, 2, 0], "rotation": 90, "texture": "#0"},
				"up": {"uv": [14, 0.5, 14.5, 5.5], "texture": "#0"},
				"down": {"uv": [0, 13, 3, 16], "texture": "#0"}
			}
		},
		{
			"from": [6.899, 5.75, 10.6],
			"to": [8.101, 6.9, 11.55],
			"rotation": {"angle": 0, "axis": "y", "origin": [7.5, 6.325, 11.575]},
			"faces": {
				"north": {"uv": [0, 0, 3, 3], "texture": "#0"},
				"east": {"uv": [6.5, 7.5, 2, 0], "rotation": 90, "texture": "#0"},
				"south": {"uv": [14, 5, 15.5, 7.5], "texture": "#0"},
				"west": {"uv": [6.5, 0, 2, 7], "rotation": 90, "texture": "#0"},
				"up": {"uv": [14, 0.5, 14.5, 5.5], "texture": "#0"},
				"down": {"uv": [0, 13, 3, 16], "texture": "#0"}
			}
		},
		{
			"from": [6.9, 5.75, 6.5],
			"to": [8.1, 6.9, 10.5],
			"rotation": {"angle": 0, "axis": "y", "origin": [0, -0.75, -4]},
			"faces": {
				"north": {"uv": [0.5, 14, 1.5, 15.5], "texture": "#0"},
				"east": {"uv": [1, 8.5, 4, 16], "rotation": 90, "texture": "#0"},
				"south": {"uv": [0, 0, 3, 3], "texture": "#0"},
				"west": {"uv": [1, 16, 4, 8.5], "rotation": 90, "texture": "#0"},
				"up": {"uv": [14.5, 2, 15, 7], "texture": "#0"},
				"down": {"uv": [1.5, 9.5, 3.5, 16], "texture": "#0"}
			}
		},
		{
			"from": [6.901, 5.84, 5.12],
			"to": [8.099, 6.34, 6.62],
			"rotation": {"angle": 22.5, "axis": "x", "origin": [7.5, 6.1, 6.35]},
			"faces": {
				"north": {"uv": [0.5, 15, 1.5, 15.5], "texture": "#0"},
				"east": {"uv": [0, 10, 3, 8.5], "texture": "#0"},
				"south": {"uv": [0, 0, 3, 3], "texture": "#0"},
				"west": {"uv": [3, 10, 0, 8.5], "texture": "#0"},
				"up": {"uv": [14.5, 2, 15, 7], "texture": "#0"},
				"down": {"uv": [1, 14.5, 2, 15], "texture": "#0"}
			}
		},
		{
			"from": [6.9, 6.25, 3.75],
			"to": [8.1, 6.9, 6.5],
			"rotation": {"angle": 0, "axis": "y", "origin": [0, 0.25, 0]},
			"faces": {
				"north": {"uv": [15, 0, 16, 1], "texture": "#0"},
				"east": {"uv": [13.5, 6.5, 15.5, 7.5], "texture": "#0"},
				"south": {"uv": [15, 0, 16, 1], "texture": "#0"},
				"west": {"uv": [1, 8.5, 2.5, 14.5], "rotation": 90, "texture": "#0"},
				"up": {"uv": [14.5, 5, 15, 7], "texture": "#0"},
				"down": {"uv": [14, 6, 15.5, 8.5], "texture": "#0"}
			}
		},
		{
			"from": [7.3, 5.3, 3.9],
			"to": [7.7, 5.6, 6.5],
			"rotation": {"angle": 0, "axis": "y", "origin": [0, -1.25, 0]},
			"faces": {
				"north": {"uv": [14, 5, 14.5, 5.5], "texture": "#0"},
				"east": {"uv": [13.5, 5.5, 14.5, 8], "rotation": 90, "texture": "#0"},
				"south": {"uv": [15, 0, 16, 1], "texture": "#0"},
				"west": {"uv": [13.5, 4, 14.5, 6.5], "rotation": 90, "texture": "#0"},
				"up": {"uv": [15, 0, 16, 5], "texture": "#0"},
				"down": {"uv": [15, 5, 15.5, 7.5], "texture": "#0"}
			}
		},
		{
			"from": [7.04707, 5.40707, 3.9],
			"to": [7.46707, 5.70707, 6.5],
			"rotation": {"angle": -45, "axis": "z", "origin": [7.25707, 5.55707, 5.2]},
			"faces": {
				"north": {"uv": [14, 5, 14.5, 5.5], "texture": "#0"},
				"east": {"uv": [13.5, 5.5, 14.5, 8], "rotation": 90, "texture": "#0"},
				"south": {"uv": [15, 0, 16, 1], "texture": "#0"},
				"west": {"uv": [13.5, 4, 14.5, 6.5], "rotation": 90, "texture": "#0"},
				"up": {"uv": [15, 0, 16, 5], "texture": "#0"},
				"down": {"uv": [15, 5, 15.5, 7.5], "texture": "#0"}
			}
		},
		{
			"from": [7.53293, 5.40707, 3.9],
			"to": [7.95293, 5.70707, 6.5],
			"rotation": {"angle": 45, "axis": "z", "origin": [7.74293, 5.55707, 5.2]},
			"faces": {
				"north": {"uv": [14.5, 5, 14, 5.5], "texture": "#0"},
				"east": {"uv": [13.5, 6.5, 14.5, 4], "rotation": 90, "texture": "#0"},
				"south": {"uv": [16, 0, 15, 1], "texture": "#0"},
				"west": {"uv": [13.5, 8, 14.5, 5.5], "rotation": 90, "texture": "#0"},
				"up": {"uv": [16, 0, 15, 5], "texture": "#0"},
				"down": {"uv": [15.5, 5, 15, 7.5], "texture": "#0"}
			}
		},
		{
			"from": [7, 5.6, 3.9],
			"to": [8, 6.25, 6.5],
			"rotation": {"angle": 0, "axis": "y", "origin": [0, -1.25, 0]},
			"faces": {
				"north": {"uv": [14, 4.5, 15, 5.5], "texture": "#0"},
				"east": {"uv": [13.5, 3.5, 15, 8.5], "rotation": 90, "texture": "#0"},
				"south": {"uv": [15, 0, 16, 1], "texture": "#0"},
				"west": {"uv": [13.5, 3.5, 15, 8.5], "rotation": 90, "texture": "#0"},
				"up": {"uv": [15, 0, 16, 5], "texture": "#0"},
				"down": {"uv": [14.5, 5, 15.5, 7.5], "texture": "#0"}
			}
		},
		{
			"from": [7.35, 4.2, 8.95],
			"to": [7.65, 5.9, 9.25],
			"rotation": {"angle": 0, "axis": "y", "origin": [7.5, 4.9, 9.95]},
			"faces": {
				"north": {"uv": [0, 15.5, 0.5, 16], "texture": "#0"},
				"east": {"uv": [0, 15.5, 0.5, 16], "texture": "#0"},
				"south": {"uv": [0, 15, 0.5, 16], "texture": "#0"},
				"west": {"uv": [0, 15.5, 0.5, 16], "texture": "#0"},
				"up": {"uv": [13, 1, 14, 3], "texture": "#0"},
				"down": {"uv": [0, 15.5, 0.5, 16], "texture": "#0"}
			}
		},
		{
			"from": [7.45, 4.3, 9.95],
			"to": [7.65, 5.9, 10.75],
			"rotation": {"angle": 0, "axis": "y", "origin": [7.5, 5.05, 10.6]},
			"faces": {
				"north": {"uv": [0, 15.5, 0.5, 16], "texture": "#0"},
				"east": {"uv": [0, 15.5, 0.5, 16], "texture": "#0"},
				"south": {"uv": [0, 15, 0.5, 16], "texture": "#0"},
				"west": {"uv": [0, 15.5, 0.5, 16], "texture": "#0"},
				"up": {"uv": [13, 1, 14, 3], "texture": "#0"},
				"down": {"uv": [0, 15.5, 0.5, 16], "texture": "#0"}
			}
		},
		{
			"from": [7.35, 3.9, 9.25],
			"to": [7.65, 4.2, 10.95],
			"rotation": {"angle": 0, "axis": "y", "origin": [7.5, 4.9, 9.95]},
			"faces": {
				"north": {"uv": [0, 15.5, 0.5, 16], "texture": "#0"},
				"east": {"uv": [0, 15.5, 0.5, 16], "texture": "#0"},
				"south": {"uv": [14, 1, 15, 3], "texture": "#0"},
				"west": {"uv": [0, 15.5, 0.5, 16], "texture": "#0"},
				"up": {"uv": [0, 15.5, 0.5, 16], "texture": "#0"},
				"down": {"uv": [0, 15.5, 0.5, 16], "texture": "#0"}
			}
		},
		{
			"from": [7.35, 4, 8.99],
			"to": [7.65, 4.3, 9.41],
			"rotation": {"angle": 45, "axis": "x", "origin": [7.5, 4.15, 9.2]},
			"faces": {
				"north": {"uv": [0, 15.5, 0.5, 16], "texture": "#0"},
				"east": {"uv": [0, 15.5, 0.5, 16], "texture": "#0"},
				"south": {"uv": [14, 1, 15, 3], "texture": "#0"},
				"west": {"uv": [0, 15.5, 0.5, 16], "texture": "#0"},
				"up": {"uv": [0, 15.5, 0.5, 16], "texture": "#0"},
				"down": {"uv": [0, 15.5, 0.5, 16], "texture": "#0"}
			}
		},
		{
			"from": [7.35, 5, 8.69],
			"to": [7.65, 5.3, 9.11],
			"rotation": {"angle": 45, "axis": "x", "origin": [7.5, 5.15, 8.9]},
			"faces": {
				"north": {"uv": [0, 15.5, 0.5, 16], "texture": "#0"},
				"east": {"uv": [0, 15.5, 0.5, 16], "texture": "#0"},
				"south": {"uv": [14, 1, 15, 3], "texture": "#0"},
				"west": {"uv": [0, 15.5, 0.5, 16], "texture": "#0"},
				"up": {"uv": [13, 1, 14, 3], "texture": "#0"},
				"down": {"uv": [0, 15.5, 0.5, 16], "texture": "#0"}
			}
		},
		{
			"from": [7.35, 4.94, 9.15],
			"to": [7.65, 5.36, 9.45],
			"rotation": {"angle": 45, "axis": "x", "origin": [7.5, 5.15, 9.3]},
			"faces": {
				"north": {"uv": [0, 15.5, 0.5, 16], "rotation": 180, "texture": "#0"},
				"east": {"uv": [0, 15.5, 0.5, 16], "rotation": 270, "texture": "#0"},
				"south": {"uv": [13, 1, 14, 3], "texture": "#0"},
				"west": {"uv": [0, 15.5, 0.5, 16], "rotation": 90, "texture": "#0"},
				"up": {"uv": [0, 15.5, 0.5, 16], "rotation": 180, "texture": "#0"},
				"down": {"uv": [14, 1, 15, 3], "texture": "#0"}
			}
		},
		{
			"from": [7.25, 6.85, 10.5],
			"to": [7.75, 7.25, 13.25],
			"rotation": {"angle": 0, "axis": "y", "origin": [0, -0.5, 0]},
			"faces": {
				"north": {"uv": [0, 0, 3, 3], "texture": "#0"},
				"east": {"uv": [2.5, 14.5, 0.5, 16], "texture": "#0"},
				"south": {"uv": [15, 0.5, 15.5, 1.5], "texture": "#0"},
				"west": {"uv": [0.5, 14.5, 2.5, 16], "texture": "#0"},
				"up": {"uv": [13.5, 0.5, 14.5, 5.5], "texture": "#0"},
				"down": {"uv": [0, 0, 3, 6], "texture": "#0"}
			}
		},
		{
			"from": [7.01, 13.4, 11.1],
			"to": [7.99, 15.15, 12.6],
			"rotation": {"angle": 45, "axis": "x", "origin": [0, 9.4, 1.6]},
			"faces": {
				"north": {"uv": [0, 0, 3, 3], "texture": "#0"},
				"east": {"uv": [1, 12.5, 3, 15], "texture": "#0"},
				"south": {"uv": [14, 5, 15.5, 7.5], "texture": "#0"},
				"west": {"uv": [1, 12.5, 3, 15], "texture": "#0"},
				"up": {"uv": [14, 0.5, 15.5, 2], "texture": "#0"},
				"down": {"uv": [0, 0, 3, 6], "texture": "#0"}
			}
		},
		{
			"from": [7.21, 3.1, 15.4],
			"to": [7.79, 3.3, 16.6],
			"rotation": {"angle": -22.5, "axis": "x", "origin": [0, -2, 6]},
			"faces": {
				"north": {"uv": [0, 0, 3, 3], "texture": "#0"},
				"east": {"uv": [1.5, 13, 2, 13.5], "texture": "#0"},
				"south": {"uv": [14, 6.5, 15, 7], "texture": "#0"},
				"west": {"uv": [1.5, 13.5, 2, 14], "texture": "#0"},
				"up": {"uv": [14, 0.5, 15.5, 1.5], "texture": "#0"},
				"down": {"uv": [0, 0, 1, 1], "texture": "#0"}
			}
		},
		{
			"from": [7.21, 6.73101, 12.64884],
			"to": [7.79, 6.93101, 13.49884],
			"rotation": {"angle": 22.5, "axis": "x", "origin": [7.5, 6.83101, 13.24884]},
			"faces": {
				"north": {"uv": [0, 0, 3, 3], "texture": "#0"},
				"east": {"uv": [1.5, 13, 2, 13.5], "texture": "#0"},
				"south": {"uv": [14, 6.5, 15, 7], "texture": "#0"},
				"west": {"uv": [1.5, 13.5, 2, 14], "texture": "#0"},
				"up": {"uv": [14, 0.5, 15.5, 1.5], "texture": "#0"},
				"down": {"uv": [0, 0, 1, 1], "texture": "#0"}
			}
		},
		{
			"from": [7.25, 5.75, 6],
			"to": [7.75, 7.25, 10.5],
			"rotation": {"angle": 0, "axis": "y", "origin": [7.5, 6.5, 8.25]},
			"faces": {
				"north": {"uv": [0.5, 14, 1.5, 15.5], "texture": "#0"},
				"east": {"uv": [0, 8.5, 4, 10], "texture": "#0"},
				"south": {"uv": [0, 0, 3, 3], "texture": "#0"},
				"west": {"uv": [0, 8.5, 4, 10], "texture": "#0"},
				"up": {"uv": [13.5, 0, 14.5, 8.5], "texture": "#0"},
				"down": {"uv": [1.5, 9.5, 3.5, 16], "texture": "#0"}
			}
		},
		{
			"from": [7.25, 7.25, 12],
			"to": [7.75, 7.4, 12.5],
			"rotation": {"angle": 0, "axis": "y", "origin": [0, 0.75, 2]},
			"faces": {
				"north": {"uv": [4, 15.5, 5, 16], "texture": "#0"},
				"east": {"uv": [0, 8.5, 1, 9], "texture": "#0"},
				"south": {"uv": [1.5, 14.5, 2.5, 15], "texture": "#0"},
				"west": {"uv": [0, 8.5, 1, 9], "texture": "#0"},
				"up": {"uv": [15.5, 2, 16, 3.5], "texture": "#0"},
				"down": {"uv": [1.5, 9.5, 3.5, 16], "texture": "#0"}
			}
		},
		{
			"from": [7.18, 5.2, 6.5],
			"to": [7.83, 5.4, 10.5],
			"rotation": {"angle": 0, "axis": "y", "origin": [7.505, 5.3, 8.5]},
			"faces": {
				"north": {"uv": [1.5, 15, 2.5, 15.5], "texture": "#0"},
				"east": {"uv": [15.5, 8, 16, 1.5], "rotation": 90, "texture": "#0"},
				"south": {"uv": [15.5, 3.5, 16, 4.5], "texture": "#0"},
				"west": {"uv": [15.5, 7.5, 16, 1], "rotation": 90, "texture": "#0"},
				"up": {"uv": [0, 0, 3, 6], "texture": "#0"},
				"down": {"uv": [2.5, 9.5, 3.5, 16], "texture": "#0"}
			}
		},
		{
			"from": [7.01328, 5.27, 6.5],
			"to": [7.29328, 5.47, 10.5],
			"rotation": {"angle": -45, "axis": "z", "origin": [7.15328, 5.37172, 8.5]},
			"faces": {
				"north": {"uv": [1.5, 15, 2.5, 15.5], "texture": "#0"},
				"east": {"uv": [15.5, 8, 16, 1.5], "rotation": 90, "texture": "#0"},
				"south": {"uv": [15.5, 3.5, 16, 4.5], "texture": "#0"},
				"west": {"uv": [15.5, 7.5, 16, 1], "rotation": 90, "texture": "#0"},
				"up": {"uv": [0, 0, 3, 6], "texture": "#0"},
				"down": {"uv": [2.5, 9.5, 3, 16], "texture": "#0"}
			}
		},
		{
			"from": [7.715, 5.26, 6.5],
			"to": [7.995, 5.46, 10.5],
			"rotation": {"angle": 45, "axis": "z", "origin": [7.84672, 5.37172, 8.5]},
			"faces": {
				"north": {"uv": [2.5, 15, 1.5, 15.5], "texture": "#0"},
				"east": {"uv": [15.5, 1, 16, 7.5], "rotation": 90, "texture": "#0"},
				"south": {"uv": [16, 3.5, 15.5, 4.5], "texture": "#0"},
				"west": {"uv": [15.5, 1.5, 16, 8], "rotation": 90, "texture": "#0"},
				"up": {"uv": [3, 0, 0, 6], "texture": "#0"},
				"down": {"uv": [3, 9.5, 2.5, 16], "texture": "#0"}
			}
		},
		{
			"from": [6.98, 5.4, 6.5],
			"to": [8.03, 6.05, 10.5],
			"rotation": {"angle": 0, "axis": "y", "origin": [0, -2, -4]},
			"faces": {
				"north": {"uv": [1.5, 15, 2.5, 15.5], "texture": "#0"},
				"east": {"uv": [14.5, 8, 16, 1.5], "rotation": 90, "texture": "#0"},
				"south": {"uv": [15.5, 3.5, 16, 4.5], "texture": "#0"},
				"west": {"uv": [6.5, 7, 9, 0.5], "rotation": 90, "texture": "#0"},
				"up": {"uv": [0, 0, 3, 6], "texture": "#0"},
				"down": {"uv": [2.5, 9.5, 3.5, 16], "texture": "#0"}
			}
		},
		{
			"from": [7.45, 7.25, 4],
			"to": [7.55, 7.6, 4.5],
			"rotation": {"angle": 0, "axis": "y", "origin": [7.5, 7.425, 4.25]},
			"faces": {
				"north": {"uv": [4, 15, 5, 16], "texture": "#0"},
				"east": {"uv": [0, 8.5, 1, 9], "texture": "#0"},
				"south": {"uv": [1.5, 13.5, 3, 15], "texture": "#0"},
				"west": {"uv": [0, 8.5, 1, 9], "texture": "#0"},
				"up": {"uv": [15.5, 2, 16, 3.5], "texture": "#0"},
				"down": {"uv": [1.5, 9.5, 3.5, 16], "texture": "#0"}
			}
		},
		{
			"from": [7.25, 7.4, 12],
			"to": [7.45, 7.45, 12.5],
			"rotation": {"angle": 0, "axis": "y", "origin": [0, 0.85, 2]},
			"faces": {
				"north": {"uv": [4.5, 15.5, 5, 16], "texture": "#0"},
				"east": {"uv": [0, 8.5, 1, 9], "texture": "#0"},
				"south": {"uv": [1.5, 14.5, 2, 15], "texture": "#0"},
				"west": {"uv": [0, 8.5, 1, 9], "texture": "#0"},
				"up": {"uv": [15.5, 2, 16, 3.5], "texture": "#0"},
				"down": {"uv": [1.5, 9.5, 3.5, 16], "texture": "#0"}
			}
		},
		{
			"from": [7.55, 7.4, 12],
			"to": [7.75, 7.45, 12.5],
			"rotation": {"angle": 0, "axis": "y", "origin": [0.3, 0.85, 2]},
			"faces": {
				"north": {"uv": [5, 15.5, 5.5, 16], "texture": "#0"},
				"east": {"uv": [0, 8.5, 1, 9], "texture": "#0"},
				"south": {"uv": [1.5, 14.5, 2, 15], "texture": "#0"},
				"west": {"uv": [0, 8.5, 1, 9], "texture": "#0"},
				"up": {"uv": [15.5, 2, 16, 3.5], "texture": "#0"},
				"down": {"uv": [1.5, 9.5, 3.5, 16], "texture": "#0"}
			}
		},
		{
			"from": [7.2, 6.45, 3.749],
			"to": [7.8, 7.05, 3.999],
			"rotation": {"angle": 0, "axis": "y", "origin": [0, 0.25, 0]},
			"faces": {
				"north": {"uv": [9.5, 10, 10.5, 11], "texture": "#0"},
				"east": {"uv": [9.5, 10, 10.5, 11], "texture": "#0"},
				"south": {"uv": [9.5, 10, 10.5, 11], "texture": "#0"},
				"west": {"uv": [9.5, 10, 10.5, 11], "texture": "#0"},
				"up": {"uv": [9.5, 10, 10.5, 11], "texture": "#0"},
				"down": {"uv": [9.5, 10, 10.5, 11], "texture": "#0"}
			}
		},
		{
			"from": [7.21, 5.52, 13.56],
			"to": [7.79, 5.8, 13.84],
			"rotation": {"angle": -45, "axis": "x", "origin": [7.5, 5.73534, 13.76787]},
			"faces": {
				"north": {"uv": [0, 0, 3, 3], "texture": "#0"},
				"east": {"uv": [14, 7, 16, 7.5], "texture": "#0"},
				"south": {"uv": [14, 6.5, 15, 7], "texture": "#0"},
				"west": {"uv": [13.5, 5.5, 15.5, 6], "texture": "#0"},
				"up": {"uv": [14.5, 0.5, 15.5, 2.5], "texture": "#0"},
				"down": {"uv": [0, 0, 1, 1], "texture": "#0"}
			}
		},
		{
			"from": [7.21, 5.43534, 13.06787],
			"to": [7.79, 5.83534, 13.76787],
			"rotation": {"angle": 0, "axis": "y", "origin": [7.5, 5.63534, 13.11787]},
			"faces": {
				"north": {"uv": [0, 0, 3, 3], "texture": "#0"},
				"east": {"uv": [14, 7, 16, 7.5], "texture": "#0"},
				"south": {"uv": [14, 6.5, 15, 7], "texture": "#0"},
				"west": {"uv": [13.5, 5.5, 15.5, 6], "texture": "#0"},
				"up": {"uv": [14.5, 0.5, 15.5, 2.5], "texture": "#0"},
				"down": {"uv": [0, 0, 1, 1], "texture": "#0"}
			}
		},
		{
			"from": [7.11, 5.53534, 12.36787],
			"to": [7.89, 5.93534, 13.66787],
			"rotation": {"angle": 22.5, "axis": "x", "origin": [7.5, 5.73534, 13.11787]},
			"faces": {
				"north": {"uv": [0, 0, 3, 3], "texture": "#0"},
				"east": {"uv": [14, 7, 16, 7.5], "texture": "#0"},
				"south": {"uv": [14, 6.5, 15, 7], "texture": "#0"},
				"west": {"uv": [13.5, 5.5, 15.5, 6], "texture": "#0"},
				"up": {"uv": [14.5, 0.5, 15.5, 2.5], "texture": "#0"},
				"down": {"uv": [0, 0, 1, 1], "texture": "#0"}
			}
		},
		{
			"from": [7.21, 3.1, 15.4],
			"to": [7.79, 3.3, 16.6],
			"rotation": {"angle": -22.5, "axis": "x", "origin": [0, -2, 6]},
			"faces": {
				"north": {"uv": [0, 0, 3, 3], "texture": "#0"},
				"east": {"uv": [1.5, 13, 2, 13.5], "texture": "#0"},
				"south": {"uv": [14, 6.5, 15, 7], "texture": "#0"},
				"west": {"uv": [1.5, 13.5, 2, 14], "texture": "#0"},
				"up": {"uv": [14, 0.5, 15.5, 1.5], "texture": "#0"},
				"down": {"uv": [13.5, 2, 14.5, 3], "texture": "#0"}
			}
		},
		{
			"from": [7.31, 5.74565, 13.11349],
			"to": [7.69, 6.84565, 13.31349],
			"rotation": {"angle": 22.5, "axis": "x", "origin": [7.5, 6.29565, 13.31349]},
			"faces": {
				"north": {"uv": [14, 0.5, 15.5, 1.5], "rotation": 180, "texture": "#0"},
				"east": {"uv": [1.5, 13, 2, 13.5], "rotation": 90, "texture": "#0"},
				"south": {"uv": [13.5, 2.5, 14.5, 3.5], "texture": "#0"},
				"west": {"uv": [1.5, 13.5, 2, 14], "rotation": 270, "texture": "#0"},
				"up": {"uv": [14, 6.5, 15, 7], "texture": "#0"},
				"down": {"uv": [0, 0, 3, 3], "rotation": 180, "texture": "#0"}
			}
		},
		{
			"from": [7.31, 6.29565, 12.66349],
			"to": [7.69, 6.49565, 13.76349],
			"rotation": {"angle": -45, "axis": "x", "origin": [7.5, 6.39565, 13.21349]},
			"faces": {
				"north": {"uv": [0, 0, 3, 3], "texture": "#0"},
				"east": {"uv": [1.5, 13, 2, 13.5], "texture": "#0"},
				"south": {"uv": [14, 6.5, 15, 7], "texture": "#0"},
				"west": {"uv": [1.5, 13.5, 2, 14], "texture": "#0"},
				"up": {"uv": [14, 0.5, 15.5, 1.5], "texture": "#0"},
				"down": {"uv": [13.5, 2.5, 14.5, 3.5], "texture": "#0"}
			}
		}
	],
	"display": {
		"thirdperson_righthand": {
			"rotation": [24, -11, 0],
			"translation": [1, 3, -0.25],
			"scale": [0.72, 0.72, 0.72]
		},
		"thirdperson_lefthand": {
			"translation": [-12, 3, -1.75]
		},
		"firstperson_righthand": {
			"rotation": [-1.5, -10, 0],
			"translation": [0.955, 8.75, 5],
			"scale": [1, 1, 0.75]
		},
		"firstperson_lefthand": {
			"translation": [0, -80, 0]
		},
		"ground": {
			"rotation": [0, 0, -90],
			"translation": [2.25, -2.5, 0],
			"scale": [0.7, 0.7, 0.7]
		},
		"gui": {
			"rotation": [20, 128, 0],
			"translation": [2.5, 3.5, 0],
			"scale": [1.25, 1.25, 1.25]
		},
		"fixed": {
			"rotation": [0, -90, 0],
			"translation": [-3, 4, 0],
			"scale": [1.25, 1.25, 1.25]
		}
	}
}