{
	"format_version": "1.21.6",
	"credit": "Made with Blockbench",
	"textures": {
		"0": "chems_guns:item/gun_ammo/m202",
		"1": "chems_guns:item/gun_ammo/sniper_scope",
		"particle": "chems_guns:item/gun_ammo/m202"
	},
	"elements": [
		{
			"from": [12, 6.7, -7],
			"to": [13, 10.3, 14],
			"rotation": {"angle": 0, "axis": "y", "origin": [16, 15, 12]},
			"faces": {
				"north": {"uv": [0, 0, 0.5, 2.5], "texture": "#0"},
				"east": {"uv": [0, 0, 14, 2.5], "texture": "#0"},
				"south": {"uv": [0, 0, 0.5, 2.5], "texture": "#0"},
				"west": {"uv": [0, 0, 14, 2.5], "texture": "#0"},
				"up": {"uv": [15.5, 0, 16, 14], "texture": "#0"},
				"down": {"uv": [15.5, 0, 16, 13.5], "texture": "#0"}
			}
		},
		{
			"from": [8, 6.7, -7],
			"to": [9, 10.3, 14],
			"rotation": {"angle": 0, "axis": "y", "origin": [16, 15, 12]},
			"faces": {
				"north": {"uv": [0, 0, 0.5, 2.5], "texture": "#0"},
				"east": {"uv": [0, 0, 14, 2.5], "texture": "#0"},
				"south": {"uv": [0, 0, 0.5, 2.5], "texture": "#0"},
				"west": {"uv": [0, 0, 14, 2.5], "texture": "#0"},
				"up": {"uv": [15.5, 0, 16, 14], "texture": "#0"},
				"down": {"uv": [15.5, 0, 16, 14], "texture": "#0"}
			}
		},
		{
			"from": [8.7, 6, -7],
			"to": [12.3, 7, 14],
			"rotation": {"angle": 0, "axis": "y", "origin": [16, 10, 12]},
			"faces": {
				"north": {"uv": [0, 0, 2, 0.5], "texture": "#0"},
				"east": {"uv": [0, 0, 16, 0.5], "texture": "#0"},
				"south": {"uv": [0, 0, 2, 0.5], "texture": "#0"},
				"west": {"uv": [0, 0, 16, 0.5], "texture": "#0"},
				"up": {"uv": [14, 0, 16, 14], "texture": "#0"},
				"down": {"uv": [14, 0, 16, 14], "texture": "#0"}
			}
		},
		{
			"from": [8.7, 10, -7],
			"to": [12.3, 11, 14],
			"rotation": {"angle": 0, "axis": "y", "origin": [16, 14, 12]},
			"faces": {
				"north": {"uv": [14, 8.5, 14.5, 10.5], "rotation": 90, "texture": "#0"},
				"east": {"uv": [0, 0, 16, 0.5], "texture": "#0"},
				"south": {"uv": [0, 0, 2, 0.5], "texture": "#0"},
				"west": {"uv": [0, 0, 16, 0.5], "texture": "#0"},
				"up": {"uv": [14, 0, 16, 14], "texture": "#0"},
				"down": {"uv": [14, 0, 16, 14], "texture": "#0"}
			}
		},
		{
			"from": [8.59, 4.07, -7.001],
			"to": [9.6, 5.08, 14.001],
			"rotation": {"angle": -45, "axis": "z", "origin": [15.8, 7.9, 12]},
			"faces": {
				"north": {"uv": [2, 0, 2.5, 0.5], "texture": "#0"},
				"east": {"uv": [15.5, 0, 16, 14], "rotation": 90, "texture": "#0"},
				"south": {"uv": [0, 0, 0.5, 0.5], "texture": "#0"},
				"west": {"uv": [15.5, 0, 16, 14], "rotation": 90, "texture": "#0"},
				"up": {"uv": [15.5, 0, 16, 14], "texture": "#0"},
				"down": {"uv": [15.5, 0, 16, 14], "texture": "#0"}
			}
		},
		{
			"from": [8.59, 0.47, -7.001],
			"to": [9.6, 1.48, 14.001],
			"rotation": {"angle": -45, "axis": "z", "origin": [15.8, 4.3, 12]},
			"faces": {
				"north": {"uv": [2, 0, 2.5, 0.5], "texture": "#0"},
				"east": {"uv": [15.5, 0, 16, 14], "rotation": 90, "texture": "#0"},
				"south": {"uv": [0, 0, 0.5, 0.5], "texture": "#0"},
				"west": {"uv": [15.5, 0, 16, 14], "rotation": 90, "texture": "#0"},
				"up": {"uv": [15.5, 0, 16, 14], "texture": "#0"},
				"down": {"uv": [15.5, 0, 16, 14], "texture": "#0"}
			}
		},
		{
			"from": [12.16, 4.07, -7.001],
			"to": [13.17, 5.08, 14.001],
			"rotation": {"angle": -45, "axis": "z", "origin": [19.38, 7.88, 12]},
			"faces": {
				"north": {"uv": [2, 0, 2.5, 0.5], "texture": "#0"},
				"east": {"uv": [15.5, 0, 16, 14], "rotation": 90, "texture": "#0"},
				"south": {"uv": [0, 0, 0.5, 0.5], "texture": "#0"},
				"west": {"uv": [15.5, 0, 16, 14], "rotation": 90, "texture": "#0"},
				"up": {"uv": [15.5, 0, 16, 14], "texture": "#0"},
				"down": {"uv": [15.5, 0, 16, 14], "texture": "#0"}
			}
		},
		{
			"from": [12.16, 0.47, -7.001],
			"to": [13.17, 1.48, 14.001],
			"rotation": {"angle": -45, "axis": "z", "origin": [19.4, 4.3, 12]},
			"faces": {
				"north": {"uv": [2, 0, 2.5, 0.5], "texture": "#0"},
				"east": {"uv": [15.5, 0, 16, 14], "rotation": 90, "texture": "#0"},
				"south": {"uv": [0, 0, 0.5, 0.5], "texture": "#0"},
				"west": {"uv": [15.5, 0, 16, 14], "rotation": 90, "texture": "#0"},
				"up": {"uv": [15.5, 0, 16, 14], "texture": "#0"},
				"down": {"uv": [15.5, 0, 16, 14], "texture": "#0"}
			}
		},
		{
			"from": [9.9009, -3.4375, 1.875],
			"to": [10.9009, -1.4375, 3.875],
			"rotation": {"angle": 22.5, "axis": "x", "origin": [15.9, 4.5625, 18.875]},
			"faces": {
				"north": {"uv": [1.188, 5, 2.188, 7], "texture": "#0"},
				"east": {"uv": [0, 5, 2.188, 7], "texture": "#0"},
				"west": {"uv": [0.188, 5, 2.188, 7], "rotation": 90, "texture": "#0"},
				"up": {"uv": [0.188, 5.812, 2.188, 7], "texture": "#0"},
				"down": {"uv": [1.188, 5.312, 2.188, 7], "texture": "#0"}
			}
		},
		{
			"from": [9.9009, 1.5625, -5.125],
			"to": [10.9009, 5.5625, -4.125],
			"rotation": {"angle": 0, "axis": "x", "origin": [15.9, 11.5625, 11.875]},
			"faces": {
				"north": {"uv": [0, 6, 3.5, 7], "rotation": 90, "texture": "#0"},
				"east": {"uv": [0, 6, 3.5, 7], "rotation": 90, "texture": "#0"},
				"south": {"uv": [0, 6, 3.5, 7], "rotation": 90, "texture": "#0"},
				"west": {"uv": [0, 6, 3.5, 7], "rotation": 90, "texture": "#0"},
				"up": {"uv": [0, 6, 3.5, 7], "rotation": 90, "texture": "#0"},
				"down": {"uv": [0, 6, 3.5, 7], "rotation": 90, "texture": "#0"}
			}
		},
		{
			"from": [9.9009, 5.5625, -7.125],
			"to": [10.9009, 6.0625, -4.125],
			"rotation": {"angle": 0, "axis": "y", "origin": [15.9, 15.5625, 11.875]},
			"faces": {
				"north": {"uv": [3, 6, 3.5, 7], "rotation": 90, "texture": "#0"},
				"east": {"uv": [3, 6, 3.5, 7], "rotation": 90, "texture": "#0"},
				"south": {"uv": [3, 6, 3.5, 7], "rotation": 90, "texture": "#0"},
				"west": {"uv": [3, 6, 3.5, 7], "rotation": 90, "texture": "#0"},
				"up": {"uv": [3, 6, 3.5, 7], "rotation": 90, "texture": "#0"},
				"down": {"uv": [3, 6, 3.5, 7], "rotation": 90, "texture": "#0"}
			}
		},
		{
			"from": [9.9009, 1.0625, -7.125],
			"to": [10.9009, 1.5625, -4.125],
			"rotation": {"angle": 0, "axis": "y", "origin": [15.9, 11.0625, 11.875]},
			"faces": {
				"north": {"uv": [3, 6, 3.5, 7], "rotation": 90, "texture": "#0"},
				"east": {"uv": [3, 6, 3.5, 7], "rotation": 90, "texture": "#0"},
				"south": {"uv": [3, 6, 3.5, 7], "rotation": 90, "texture": "#0"},
				"west": {"uv": [3, 6, 3.5, 7], "rotation": 90, "texture": "#0"},
				"up": {"uv": [3, 6, 3.5, 7], "rotation": 90, "texture": "#0"},
				"down": {"uv": [3, 6, 3.5, 7], "rotation": 90, "texture": "#0"}
			}
		},
		{
			"from": [9.5, 1.5, 1.5],
			"to": [11.5, 6.5625, 3.5],
			"rotation": {"angle": 0, "axis": "x", "origin": [11, 4.5, 2.5]},
			"faces": {
				"north": {"uv": [14.5, 0, 16, 3.063], "texture": "#0"},
				"east": {"uv": [15, 0, 16, 3.063], "texture": "#0"},
				"south": {"uv": [14.5, 0, 16, 2.563], "texture": "#0"},
				"west": {"uv": [15, 0, 16, 3.063], "texture": "#0"},
				"up": {"uv": [0, 0, 3, 2], "texture": "#0"},
				"down": {"uv": [14.5, 0, 16, 1], "texture": "#0"}
			}
		},
		{
			"from": [8, 0.9, 10.4],
			"to": [13, 5.9625, 12],
			"rotation": {"angle": 0, "axis": "y", "origin": [10.5, 3.9, 10]},
			"faces": {
				"north": {"uv": [0, 7, 3, 10], "rotation": 90, "texture": "#0"},
				"east": {"uv": [0, 7, 1, 10], "texture": "#0"},
				"south": {"uv": [0, 7, 3, 10], "texture": "#0"},
				"west": {"uv": [2, 7, 3, 10], "texture": "#0"},
				"up": {"uv": [0, 7, 3, 8], "texture": "#0"},
				"down": {"uv": [0, 9, 3, 10], "texture": "#0"}
			}
		},
		{
			"from": [8, 0.9, -7.6],
			"to": [13, 5.9625, -7],
			"rotation": {"angle": 0, "axis": "y", "origin": [10.5, 3.9, -9]},
			"faces": {
				"north": {"uv": [0, 7, 3, 10], "rotation": 90, "texture": "#0"},
				"east": {"uv": [0, 7, 0.5, 10], "texture": "#0"},
				"south": {"uv": [0, 7, 3, 10], "texture": "#0"},
				"west": {"uv": [2.5, 7, 3, 10], "texture": "#0"},
				"up": {"uv": [0, 7, 3, 7.5], "texture": "#0"},
				"down": {"uv": [0, 9.5, 3, 10], "texture": "#0"}
			}
		},
		{
			"from": [9, 7, -7],
			"to": [12, 10.0625, -6.4],
			"rotation": {"angle": 0, "axis": "y", "origin": [10.5, 8.9, -8.4]},
			"faces": {
				"north": {"uv": [12.5, 1, 14, 2.5], "rotation": 90, "texture": "#0"},
				"east": {"uv": [0, 7, 0.5, 10], "texture": "#0"},
				"south": {"uv": [0, 7, 3, 10], "texture": "#0"},
				"west": {"uv": [2.5, 7, 3, 10], "texture": "#0"},
				"up": {"uv": [0, 7, 3, 7.5], "texture": "#0"},
				"down": {"uv": [0, 9.5, 3, 10], "texture": "#0"}
			}
		},
		{
			"from": [8.5, 6.9, 13.998],
			"to": [10.5, 7.9, 23.997],
			"rotation": {"angle": 0, "axis": "y", "origin": [8.1, 9.4, 23]},
			"faces": {
				"north": {"uv": [3.5, 14, 16, 16], "texture": "#0"},
				"east": {"uv": [0, 14, 16, 16], "texture": "#0"},
				"south": {"uv": [12, 12, 14, 14], "rotation": 90, "texture": "#0"},
				"west": {"uv": [0, 14, 16, 16], "texture": "#0"}
			}
		},
		{
			"from": [7.325, 4.942, 13.998],
			"to": [8.03, 7.062, 23.996],
			"rotation": {"angle": 45, "axis": "z", "origin": [6.9, 8.9, 23]},
			"faces": {
				"north": {"uv": [12, 12, 14, 14], "rotation": 90, "texture": "#0"},
				"east": {"uv": [12, 12, 14, 14], "rotation": 90, "texture": "#0"},
				"south": {"uv": [12, 12, 14, 14], "rotation": 90, "texture": "#0"},
				"west": {"uv": [12, 12, 14, 14], "rotation": 90, "texture": "#0"},
				"up": {"uv": [0, 14.5, 16, 16], "rotation": 90, "texture": "#0"},
				"down": {"uv": [0, 14, 16, 15.5], "rotation": 90, "texture": "#0"}
			}
		},
		{
			"from": [9, 6.4, 13.998],
			"to": [10, 8.4, 23.998],
			"rotation": {"angle": 0, "axis": "y", "origin": [7.9, 9.4, 23]},
			"faces": {
				"north": {"uv": [3.5, 14, 16, 16], "texture": "#0"},
				"south": {"uv": [12, 12, 14, 14], "rotation": 90, "texture": "#0"},
				"up": {"uv": [16, 16, 0, 14], "rotation": 90, "texture": "#0"},
				"down": {"uv": [0, 14, 16, 16], "texture": "#0"}
			}
		},
		{
			"from": [11.425, 6.042, 13.998],
			"to": [12.13, 8.162, 23.996],
			"rotation": {"angle": -45, "axis": "z", "origin": [11, 10, 23]},
			"faces": {
				"north": {"uv": [12, 12, 14, 14], "rotation": 90, "texture": "#0"},
				"east": {"uv": [12, 12, 14, 14], "rotation": 90, "texture": "#0"},
				"south": {"uv": [12, 12, 14, 14], "rotation": 90, "texture": "#0"},
				"west": {"uv": [12, 12, 14, 14], "rotation": 90, "texture": "#0"},
				"up": {"uv": [0, 14.5, 16, 16], "rotation": 90, "texture": "#0"},
				"down": {"uv": [0, 14, 16, 15.5], "rotation": 90, "texture": "#0"}
			}
		},
		{
			"from": [10.6, 6.9, 13.998],
			"to": [12.6, 7.9, 23.997],
			"rotation": {"angle": 0, "axis": "y", "origin": [10.2, 9.4, 23]},
			"faces": {
				"north": {"uv": [3.5, 14, 16, 16], "texture": "#0"},
				"east": {"uv": [0, 14, 16, 16], "texture": "#0"},
				"south": {"uv": [12, 12, 14, 14], "rotation": 90, "texture": "#0"},
				"west": {"uv": [0, 14, 16, 16], "texture": "#0"}
			}
		},
		{
			"from": [9.425, 4.942, 13.998],
			"to": [10.13, 7.062, 23.996],
			"rotation": {"angle": 45, "axis": "z", "origin": [9, 8.9, 23]},
			"faces": {
				"north": {"uv": [12, 12, 14, 14], "rotation": 90, "texture": "#0"},
				"east": {"uv": [12, 12, 14, 14], "rotation": 90, "texture": "#0"},
				"south": {"uv": [12, 12, 14, 14], "rotation": 90, "texture": "#0"},
				"west": {"uv": [12, 12, 14, 14], "rotation": 90, "texture": "#0"},
				"up": {"uv": [0, 14.5, 16, 16], "rotation": 90, "texture": "#0"},
				"down": {"uv": [0, 14, 16, 15.5], "rotation": 90, "texture": "#0"}
			}
		},
		{
			"from": [11.1, 6.4, 13.998],
			"to": [12.1, 8.4, 23.998],
			"rotation": {"angle": 0, "axis": "y", "origin": [10, 9.4, 23]},
			"faces": {
				"north": {"uv": [3.5, 14, 16, 16], "texture": "#0"},
				"south": {"uv": [12, 12, 14, 14], "rotation": 90, "texture": "#0"},
				"up": {"uv": [16, 16, 0, 14], "rotation": 90, "texture": "#0"},
				"down": {"uv": [0, 14, 16, 16], "texture": "#0"}
			}
		},
		{
			"from": [13.525, 6.042, 13.998],
			"to": [14.23, 8.162, 23.996],
			"rotation": {"angle": -45, "axis": "z", "origin": [13.1, 10, 23]},
			"faces": {
				"north": {"uv": [12, 12, 14, 14], "rotation": 90, "texture": "#0"},
				"east": {"uv": [12, 12, 14, 14], "rotation": 90, "texture": "#0"},
				"south": {"uv": [12, 12, 14, 14], "rotation": 90, "texture": "#0"},
				"west": {"uv": [12, 12, 14, 14], "rotation": 90, "texture": "#0"},
				"up": {"uv": [0, 14.5, 16, 16], "rotation": 90, "texture": "#0"},
				"down": {"uv": [0, 14, 16, 15.5], "rotation": 90, "texture": "#0"}
			}
		},
		{
			"from": [10.6, 9, 13.998],
			"to": [12.6, 10, 23.997],
			"rotation": {"angle": 0, "axis": "y", "origin": [10.2, 11.5, 23]},
			"faces": {
				"north": {"uv": [3.5, 14, 16, 16], "texture": "#0"},
				"east": {"uv": [0, 14, 16, 16], "texture": "#0"},
				"south": {"uv": [12, 12, 14, 14], "rotation": 90, "texture": "#0"},
				"west": {"uv": [0, 14, 16, 16], "texture": "#0"}
			}
		},
		{
			"from": [9.425, 7.042, 13.998],
			"to": [10.13, 9.162, 23.996],
			"rotation": {"angle": 45, "axis": "z", "origin": [9, 11, 23]},
			"faces": {
				"north": {"uv": [12, 12, 14, 14], "rotation": 90, "texture": "#0"},
				"east": {"uv": [12, 12, 14, 14], "rotation": 90, "texture": "#0"},
				"south": {"uv": [12, 12, 14, 14], "rotation": 90, "texture": "#0"},
				"west": {"uv": [12, 12, 14, 14], "rotation": 90, "texture": "#0"},
				"up": {"uv": [0, 14.5, 16, 16], "rotation": 90, "texture": "#0"},
				"down": {"uv": [0, 14, 16, 15.5], "rotation": 90, "texture": "#0"}
			}
		},
		{
			"from": [11.1, 8.5, 13.998],
			"to": [12.1, 10.5, 23.998],
			"rotation": {"angle": 0, "axis": "y", "origin": [10, 11.5, 23]},
			"faces": {
				"north": {"uv": [3.5, 14, 16, 16], "texture": "#0"},
				"south": {"uv": [12, 12, 14, 14], "rotation": 90, "texture": "#0"},
				"up": {"uv": [16, 16, 0, 14], "rotation": 90, "texture": "#0"},
				"down": {"uv": [0, 14, 16, 16], "texture": "#0"}
			}
		},
		{
			"from": [13.525, 8.142, 13.998],
			"to": [14.23, 10.262, 23.996],
			"rotation": {"angle": -45, "axis": "z", "origin": [13.1, 12.1, 23]},
			"faces": {
				"north": {"uv": [12, 12, 14, 14], "rotation": 90, "texture": "#0"},
				"east": {"uv": [12, 12, 14, 14], "rotation": 90, "texture": "#0"},
				"south": {"uv": [12, 12, 14, 14], "rotation": 90, "texture": "#0"},
				"west": {"uv": [12, 12, 14, 14], "rotation": 90, "texture": "#0"},
				"up": {"uv": [0, 14.5, 16, 16], "rotation": 90, "texture": "#0"},
				"down": {"uv": [0, 14, 16, 15.5], "rotation": 90, "texture": "#0"}
			}
		},
		{
			"from": [8.5, 9, 13.998],
			"to": [10.5, 10, 23.997],
			"rotation": {"angle": 0, "axis": "y", "origin": [8.1, 11.5, 23]},
			"faces": {
				"north": {"uv": [3.5, 14, 16, 16], "texture": "#0"},
				"east": {"uv": [0, 14, 16, 16], "texture": "#0"},
				"south": {"uv": [12, 12, 14, 14], "rotation": 90, "texture": "#0"},
				"west": {"uv": [0, 14, 16, 16], "texture": "#0"}
			}
		},
		{
			"from": [7.325, 7.042, 13.998],
			"to": [8.03, 9.162, 23.996],
			"rotation": {"angle": 45, "axis": "z", "origin": [6.9, 11, 23]},
			"faces": {
				"north": {"uv": [12, 12, 14, 14], "rotation": 90, "texture": "#0"},
				"east": {"uv": [12, 12, 14, 14], "rotation": 90, "texture": "#0"},
				"south": {"uv": [12, 12, 14, 14], "rotation": 90, "texture": "#0"},
				"west": {"uv": [12, 12, 14, 14], "rotation": 90, "texture": "#0"},
				"up": {"uv": [0, 14.5, 16, 16], "rotation": 90, "texture": "#0"},
				"down": {"uv": [0, 14, 16, 15.5], "rotation": 90, "texture": "#0"}
			}
		},
		{
			"from": [9, 8.5, 13.998],
			"to": [10, 10.5, 23.998],
			"rotation": {"angle": 0, "axis": "y", "origin": [7.9, 11.5, 23]},
			"faces": {
				"north": {"uv": [3.5, 14, 16, 16], "texture": "#0"},
				"south": {"uv": [12, 12, 14, 14], "rotation": 90, "texture": "#0"},
				"up": {"uv": [16, 16, 0, 14], "rotation": 90, "texture": "#0"},
				"down": {"uv": [0, 14, 16, 16], "texture": "#0"}
			}
		},
		{
			"from": [11.425, 8.142, 13.998],
			"to": [12.13, 10.262, 23.996],
			"rotation": {"angle": -45, "axis": "z", "origin": [11, 12.1, 23]},
			"faces": {
				"north": {"uv": [12, 12, 14, 14], "rotation": 90, "texture": "#0"},
				"east": {"uv": [12, 12, 14, 14], "rotation": 90, "texture": "#0"},
				"south": {"uv": [12, 12, 14, 14], "rotation": 90, "texture": "#0"},
				"west": {"uv": [12, 12, 14, 14], "rotation": 90, "texture": "#0"},
				"up": {"uv": [0, 14.5, 16, 16], "rotation": 90, "texture": "#0"},
				"down": {"uv": [0, 14, 16, 15.5], "rotation": 90, "texture": "#0"}
			}
		},
		{
			"from": [10.65, 8.45, 24],
			"to": [12.65, 10.5125, 24],
			"rotation": {"angle": 0, "axis": "y", "origin": [10.1, 11.5, 36]},
			"faces": {
				"south": {"uv": [4.5, 2.5, 14, 12], "rotation": 90, "texture": "#0"}
			}
		},
		{
			"from": [10.65, 6.35, 24],
			"to": [12.65, 8.4125, 24],
			"rotation": {"angle": 0, "axis": "y", "origin": [10.1, 9.3, 36]},
			"faces": {
				"south": {"uv": [4.5, 2.5, 14, 12], "rotation": 90, "texture": "#0"}
			}
		},
		{
			"from": [8.5, 6.35, 24],
			"to": [10.5, 8.4125, 24],
			"rotation": {"angle": 0, "axis": "y", "origin": [7.9, 9.3, 36]},
			"faces": {
				"south": {"uv": [4.5, 2.5, 14, 12], "rotation": 90, "texture": "#0"}
			}
		},
		{
			"from": [8.5, 8.45, 24],
			"to": [10.5, 10.5125, 24],
			"rotation": {"angle": 0, "axis": "y", "origin": [7.9, 11.5, 36]},
			"faces": {
				"south": {"uv": [4.5, 2.5, 14, 12], "rotation": 90, "texture": "#0"}
			}
		},
		{
			"from": [8.4, 6.3, -7.002],
			"to": [10.4, 8.3625, -7.002],
			"rotation": {"angle": 0, "axis": "y", "origin": [7.9, 9.3, 5]},
			"faces": {
				"north": {"uv": [4.5, 2.5, 14, 12], "texture": "#0"},
				"east": {"uv": [3.5, 14, 16, 16], "texture": "#0"},
				"south": {"uv": [4.5, 2.5, 14, 12], "rotation": 90, "texture": "#0"},
				"west": {"uv": [3.5, 14, 16, 16], "texture": "#0"},
				"up": {"uv": [3.5, 14, 16, 16], "texture": "#0"},
				"down": {"uv": [16, 14, 3.5, 16], "rotation": 90, "texture": "#0"}
			}
		},
		{
			"from": [10.6, 6.3, -7.002],
			"to": [12.6, 8.3625, -7.002],
			"rotation": {"angle": 0, "axis": "y", "origin": [10.1, 9.3, 5]},
			"faces": {
				"north": {"uv": [4.5, 2.5, 14, 12], "texture": "#0"},
				"east": {"uv": [16, 14, 3.5, 16], "texture": "#0"},
				"south": {"uv": [4.5, 2.5, 14, 12], "rotation": 90, "texture": "#0"},
				"west": {"uv": [3.5, 14, 16, 16], "texture": "#0"},
				"up": {"uv": [3.5, 14, 16, 16], "texture": "#0"},
				"down": {"uv": [16, 14, 3.5, 16], "rotation": 90, "texture": "#0"}
			}
		},
		{
			"from": [10.6, 8.5, -7.002],
			"to": [12.6, 10.5625, -7.002],
			"rotation": {"angle": 0, "axis": "y", "origin": [10.1, 11.5, 5]},
			"faces": {
				"north": {"uv": [4.5, 2.5, 14, 12], "texture": "#0"},
				"east": {"uv": [16, 14, 3.5, 16], "texture": "#0"},
				"south": {"uv": [4.5, 2.5, 14, 12], "rotation": 90, "texture": "#0"},
				"west": {"uv": [3.5, 14, 16, 16], "texture": "#0"},
				"up": {"uv": [16, 16, 3.5, 14], "rotation": 90, "texture": "#0"},
				"down": {"uv": [3.5, 14, 16, 16], "texture": "#0"}
			}
		},
		{
			"from": [8.4, 8.5, -7.002],
			"to": [10.4, 10.5625, -7.002],
			"rotation": {"angle": 0, "axis": "y", "origin": [7.9, 11.5, 5]},
			"faces": {
				"north": {"uv": [4.5, 2.5, 14, 12], "texture": "#0"},
				"east": {"uv": [3.5, 14, 16, 16], "texture": "#0"},
				"south": {"uv": [4.5, 2.5, 14, 12], "rotation": 90, "texture": "#0"},
				"west": {"uv": [3.5, 14, 16, 16], "texture": "#0"},
				"up": {"uv": [16, 16, 3.5, 14], "rotation": 90, "texture": "#0"},
				"down": {"uv": [3.5, 14, 16, 16], "texture": "#0"}
			}
		},
		{
			"from": [4.95, 7.45, 7.5],
			"to": [7.55, 10.05, 7.5],
			"rotation": {"angle": 0, "axis": "y", "origin": [5.5, 9.9, 6.5]},
			"faces": {
				"east": {"uv": [4.5, 13, 5, 16], "texture": "#0"},
				"south": {"uv": [4, 4, 12, 12], "texture": "#1"},
				"west": {"uv": [7, 13, 7.5, 16], "texture": "#0"},
				"up": {"uv": [4.5, 13, 7.5, 13.5], "texture": "#0"},
				"down": {"uv": [4.5, 15.5, 7.5, 16], "texture": "#0"}
			}
		},
		{
			"name": "octagon",
			"from": [5.42157, 6.75, 6.75],
			"to": [7.07843, 7.25, 8.75],
			"rotation": {"angle": 45, "axis": "z", "origin": [6.25, 8.75, 14.75]},
			"faces": {
				"north": {"uv": [0, 10, 2, 10.5], "texture": "#0"},
				"east": {"uv": [0, 10, 2, 12], "texture": "#0"},
				"south": {"uv": [0, 10, 2, 11.5], "texture": "#0"},
				"west": {"uv": [0, 10, 2, 12], "texture": "#0"},
				"up": {"uv": [1.5, 10.5, 3, 12.5], "texture": "#0"},
				"down": {"uv": [0.5, 11, 2.5, 13], "texture": "#0"}
			}
		},
		{
			"name": "octagon",
			"from": [5.42157, 6.75, 6.7501],
			"to": [7.07843, 7.25, 8.7501],
			"rotation": {"angle": 0, "axis": "z", "origin": [6.25, 8.75, 14.75]},
			"faces": {
				"north": {"uv": [0, 10, 2, 10.5], "texture": "#0"},
				"east": {"uv": [0, 10, 2, 12], "texture": "#0"},
				"south": {"uv": [0.5, 11, 2.5, 11.5], "texture": "#0"},
				"west": {"uv": [0, 10, 2, 12], "texture": "#0"},
				"up": {"uv": [1.5, 10.5, 3, 12.5], "texture": "#0"},
				"down": {"uv": [0.5, 11, 2.5, 13], "texture": "#0"}
			}
		},
		{
			"name": "octagon",
			"from": [4.92157, 7.25, 7.2499],
			"to": [7.57843, 7.55, 7.7499],
			"rotation": {"angle": 0, "axis": "y", "origin": [6.25, 9.25, 14.75]},
			"faces": {
				"north": {"uv": [0, 10, 2, 10.5], "texture": "#0"},
				"east": {"uv": [0, 10, 2, 12], "texture": "#0"},
				"south": {"uv": [0, 11, 1.5, 11.5], "texture": "#0"},
				"west": {"uv": [0, 10, 2, 12], "texture": "#0"},
				"up": {"uv": [1.5, 11.5, 3.5, 12.5], "texture": "#0"},
				"down": {"uv": [0.5, 11, 2.5, 13], "texture": "#0"}
			}
		},
		{
			"name": "octagon",
			"from": [4.75, 7.42157, 7.2499],
			"to": [5.05, 10.07843, 7.7499],
			"rotation": {"angle": 0, "axis": "z", "origin": [3.25, 8.75, 14.75]},
			"faces": {
				"north": {"uv": [0, 10, 2, 10.5], "rotation": 90, "texture": "#0"},
				"east": {"uv": [0.5, 11, 2.5, 13], "rotation": 270, "texture": "#0"},
				"south": {"uv": [0, 11, 1.5, 11.5], "rotation": 270, "texture": "#0"},
				"west": {"uv": [1.5, 11.5, 3.5, 12.5], "rotation": 270, "texture": "#0"},
				"up": {"uv": [0, 10, 2, 12], "rotation": 270, "texture": "#0"},
				"down": {"uv": [0, 10, 2, 12], "rotation": 270, "texture": "#0"}
			}
		},
		{
			"name": "octagon",
			"from": [7.45, 7.42157, 7.2499],
			"to": [7.75, 10.07843, 7.7499],
			"rotation": {"angle": 0, "axis": "z", "origin": [5.75, 8.75, 14.75]},
			"faces": {
				"north": {"uv": [0, 10, 2, 10.5], "rotation": 90, "texture": "#0"},
				"east": {"uv": [0.5, 11, 2.5, 13], "rotation": 270, "texture": "#0"},
				"south": {"uv": [0, 11, 1.5, 11.5], "rotation": 270, "texture": "#0"},
				"west": {"uv": [1.5, 11.5, 3.5, 12.5], "rotation": 270, "texture": "#0"},
				"up": {"uv": [0, 10, 2, 12], "rotation": 270, "texture": "#0"},
				"down": {"uv": [0, 10, 2, 12], "rotation": 270, "texture": "#0"}
			}
		},
		{
			"name": "octagon",
			"from": [4.92157, 9.95, 7.2499],
			"to": [7.57843, 10.25, 7.7499],
			"rotation": {"angle": 0, "axis": "y", "origin": [6.25, 11.75, 14.75]},
			"faces": {
				"north": {"uv": [0, 10, 2, 10.5], "texture": "#0"},
				"east": {"uv": [0, 10, 2, 12], "texture": "#0"},
				"south": {"uv": [0, 11, 1.5, 11.5], "texture": "#0"},
				"west": {"uv": [0, 10, 2, 12], "texture": "#0"},
				"up": {"uv": [1.5, 11.5, 3.5, 12.5], "texture": "#0"},
				"down": {"uv": [0.5, 11, 2.5, 13], "texture": "#0"}
			}
		},
		{
			"name": "octagon",
			"from": [5.42157, 10.25, 6.75],
			"to": [7.07843, 10.75, 8.75],
			"rotation": {"angle": 45, "axis": "z", "origin": [6.25, 8.75, 14.75]},
			"faces": {
				"north": {"uv": [0, 10, 2, 10.5], "texture": "#0"},
				"east": {"uv": [0, 10, 2, 12], "texture": "#0"},
				"south": {"uv": [0, 10, 1.5, 11.5], "texture": "#0"},
				"west": {"uv": [0, 10, 2, 12], "texture": "#0"},
				"up": {"uv": [0.5, 11, 2.5, 13], "texture": "#0"},
				"down": {"uv": [1.5, 10.5, 3, 12.5], "texture": "#0"}
			}
		},
		{
			"name": "octagon",
			"from": [5.42157, 10.25, 6.7501],
			"to": [7.07843, 10.75, 8.7501],
			"rotation": {"angle": 0, "axis": "z", "origin": [6.25, 8.75, 14.75]},
			"faces": {
				"north": {"uv": [0, 10, 2, 10.5], "texture": "#0"},
				"east": {"uv": [0, 10, 2, 12], "texture": "#0"},
				"south": {"uv": [0.5, 11.5, 2.5, 12], "texture": "#0"},
				"west": {"uv": [0, 10, 2, 12], "texture": "#0"},
				"up": {"uv": [1.5, 11, 3.5, 13], "texture": "#0"},
				"down": {"uv": [1.5, 10.5, 3, 12.5], "texture": "#0"}
			}
		},
		{
			"name": "octagon",
			"from": [4.25, 7.92157, 6.75],
			"to": [4.75, 9.57843, 8.75],
			"rotation": {"angle": 45, "axis": "z", "origin": [6.25, 8.75, 14.75]},
			"faces": {
				"north": {"uv": [0, 10, 0.5, 12], "texture": "#0"},
				"east": {"uv": [2, 10, 4, 11.5], "texture": "#0"},
				"south": {"uv": [0, 10.5, 1.5, 12], "texture": "#0"},
				"west": {"uv": [0.5, 11, 2.5, 13], "texture": "#0"},
				"up": {"uv": [0, 10, 2, 12], "texture": "#0"},
				"down": {"uv": [0, 10, 2, 12], "texture": "#0"}
			}
		},
		{
			"name": "octagon",
			"from": [4.25, 7.92157, 6.7501],
			"to": [4.75, 9.57843, 8.7501],
			"rotation": {"angle": 0, "axis": "z", "origin": [6.25, 8.75, 14.75]},
			"faces": {
				"north": {"uv": [0, 10, 0.5, 12], "texture": "#0"},
				"east": {"uv": [2, 10, 4, 11.5], "texture": "#0"},
				"south": {"uv": [0, 10, 1.5, 12], "texture": "#0"},
				"west": {"uv": [0.5, 11, 2.5, 13], "texture": "#0"},
				"up": {"uv": [0, 10, 2, 12], "texture": "#0"},
				"down": {"uv": [0, 10, 2, 12], "texture": "#0"}
			}
		},
		{
			"name": "octagon",
			"from": [7.75, 7.92157, 6.75],
			"to": [8.25, 9.57843, 8.75],
			"rotation": {"angle": 45, "axis": "z", "origin": [6.25, 8.75, 14.75]},
			"faces": {
				"north": {"uv": [0, 10, 0.5, 12], "texture": "#0"},
				"east": {"uv": [0.5, 11, 2.5, 13], "texture": "#0"},
				"south": {"uv": [0, 10.5, 1.5, 12.5], "texture": "#0"},
				"west": {"uv": [2, 10, 4, 11.5], "texture": "#0"},
				"up": {"uv": [0, 10, 2, 12], "texture": "#0"},
				"down": {"uv": [0, 10, 2, 12], "texture": "#0"}
			}
		},
		{
			"name": "octagon",
			"from": [7.75, 7.92157, 6.7501],
			"to": [8.25, 9.57843, 8.7501],
			"rotation": {"angle": 0, "axis": "z", "origin": [6.25, 8.75, 14.75]},
			"faces": {
				"north": {"uv": [0, 10, 0.5, 12], "texture": "#0"},
				"east": {"uv": [0, 10, 2, 12], "texture": "#0"},
				"south": {"uv": [0, 10.5, 1.5, 12], "texture": "#0"},
				"west": {"uv": [2, 10, 4, 11.5], "texture": "#0"},
				"up": {"uv": [0, 10, 2, 12], "texture": "#0"},
				"down": {"uv": [0, 10, 2, 12], "texture": "#0"}
			}
		}
	],
	"display": {
		"thirdperson_righthand": {
			"rotation": [0, -11, 0],
			"translation": [-3.25, 1.75, 10.25]
		},
		"thirdperson_lefthand": {
			"translation": [-9.75, 2, 5.75]
		},
		"firstperson_righthand": {
			"rotation": [0, -10, 0],
			"translation": [8, 6.5, 5.25],
			"scale": [1, 1, 0.77]
		},
		"firstperson_lefthand": {
			"translation": [0, -80, 0]
		},
		"ground": {
			"rotation": [0, 0, 90],
			"translation": [-0.75, -3.5, 0.5],
			"scale": [0.7, 0.7, 0.7]
		},
		"gui": {
			"rotation": [21, 150, 0],
			"translation": [2, 1, 0],
			"scale": [0.9, 0.9, 0.9]
		},
		"head": {
			"translation": [-2.5, 2, -14.5]
		},
		"fixed": {
			"rotation": [0, -90, 0],
			"translation": [-1, 0, -6.2],
			"scale": [1.25, 1.25, 1.25]
		}
	},
	"groups": [
		0,
		1,
		2,
		3,
		4,
		5,
		6,
		7,
		8,
		9,
		10,
		11,
		12,
		13,
		14,
		15,
		{
			"name": "tube",
			"origin": [11, 12.1, 23],
			"color": 0,
			"children": [16, 17, 18, 19]
		},
		{
			"name": "tube",
			"origin": [11, 12.1, 23],
			"color": 0,
			"children": [20, 21, 22, 23]
		},
		{
			"name": "tube",
			"origin": [11, 12.1, 23],
			"color": 0,
			"children": [24, 25, 26, 27]
		},
		{
			"name": "tube",
			"origin": [11, 12.1, 23],
			"color": 0,
			"children": [28, 29, 30, 31]
		},
		32,
		33,
		34,
		35,
		36,
		37,
		38,
		39,
		40,
		{
			"name": "scope",
			"origin": [8, 8, 8],
			"color": 0,
			"children": [41, 42, 43, 44, 45, 46, 47, 48, 49, 50, 51, 52]
		}
	]
}