{
	"format_version": "1.21.6",
	"credit": "Made with Blockbench",
	"textures": {
		"0": "chems_guns:item/gun_ammo/dshk",
		"1": "chems_guns:item/gun_ammo/rpg7",
		"2": "chems_guns:item/gun_ammo/20mmholes",
		"3": "chems_guns:item/gun_ammo/m4_carabine",
		"4": "chems_guns:item/gun_ammo/dp12",
		"5": "chems_guns:item/gun_ammo/fury_rocket_launcher_empty",
		"particle": "chems_guns:item/gun_ammo/dshk"
	},
	"elements": [
		{
			"from": [7.85, 8, 5.25],
			"to": [8.15, 8.8, 5.4],
			"rotation": {"angle": 0, "axis": "y", "origin": [-0.25, 1.7, -1.3]},
			"faces": {
				"north": {"uv": [0, 10, 10.5, 6.5], "rotation": 90, "texture": "#1"},
				"east": {"uv": [0, 9.5, 3.5, 10], "rotation": 90, "texture": "#1"},
				"south": {"uv": [0, 10, 10.5, 6.5], "rotation": 90, "texture": "#1"},
				"west": {"uv": [0, 10, 3.5, 9.5], "rotation": 90, "texture": "#1"},
				"up": {"uv": [0, 9.5, 3.5, 10], "texture": "#1"},
				"down": {"uv": [12.5, 13, 14, 11], "texture": "#1"}
			}
		},
		{
			"from": [7.85, 8, 12.65],
			"to": [8.15, 8.8, 12.8],
			"rotation": {"angle": 0, "axis": "y", "origin": [-0.25, 1.7, 6.1]},
			"faces": {
				"north": {"uv": [16, 5.5, 12.5, 16], "texture": "#1"},
				"east": {"uv": [0, 9.5, 3.5, 10], "rotation": 90, "texture": "#1"},
				"south": {"uv": [16, 5.5, 12.5, 16], "texture": "#1"},
				"west": {"uv": [0, 10, 3.5, 9.5], "rotation": 90, "texture": "#1"},
				"up": {"uv": [0, 9.5, 3.5, 10], "texture": "#1"},
				"down": {"uv": [12.5, 13, 14, 11], "texture": "#1"}
			}
		},
		{
			"from": [7.725, 8.15, 12.375],
			"to": [7.775, 8.65, 12.875],
			"rotation": {"angle": 0, "axis": "y", "origin": [7.8, 8.4, 12.625]},
			"faces": {
				"north": {"uv": [0, 2, 1, 0], "texture": "#3"},
				"east": {"uv": [0, 4, 3, 6], "texture": "#3"},
				"south": {"uv": [1, 2, 0, 0], "texture": "#3"},
				"west": {"uv": [0, 7, 2, 9], "texture": "#3"},
				"up": {"uv": [0, 0, 1, 2], "texture": "#3"},
				"down": {"uv": [1, 0, 0, 2], "rotation": 180, "texture": "#3"}
			}
		},
		{
			"from": [8.226, 8.065, 11.9],
			"to": [8.276, 8.565, 12.5],
			"rotation": {"angle": -22.5, "axis": "x", "origin": [8.3, 8.3, 12.225]},
			"faces": {
				"north": {"uv": [0, 2, 1, 0], "texture": "#3"},
				"east": {"uv": [0, 4, 3, 6], "texture": "#3"},
				"south": {"uv": [1, 2, 0, 0], "texture": "#3"},
				"west": {"uv": [0, 7, 2, 9], "texture": "#3"},
				"up": {"uv": [0, 0, 1, 2], "texture": "#3"},
				"down": {"uv": [1, 0, 0, 2], "rotation": 180, "texture": "#3"}
			}
		},
		{
			"from": [8.225, 8.15, 12.375],
			"to": [8.275, 8.65, 12.875],
			"rotation": {"angle": 0, "axis": "y", "origin": [8.3, 8.4, 12.625]},
			"faces": {
				"north": {"uv": [0, 2, 1, 0], "texture": "#3"},
				"east": {"uv": [0, 4, 3, 6], "texture": "#3"},
				"south": {"uv": [1, 2, 0, 0], "texture": "#3"},
				"west": {"uv": [0, 7, 2, 9], "texture": "#3"},
				"up": {"uv": [0, 0, 1, 2], "texture": "#3"},
				"down": {"uv": [1, 0, 0, 2], "rotation": 180, "texture": "#3"}
			}
		},
		{
			"from": [7.726, 8.065, 11.9],
			"to": [7.776, 8.565, 12.5],
			"rotation": {"angle": -22.5, "axis": "x", "origin": [7.8, 8.3, 12.225]},
			"faces": {
				"north": {"uv": [0, 2, 1, 0], "texture": "#3"},
				"east": {"uv": [0, 4, 3, 6], "texture": "#3"},
				"south": {"uv": [1, 2, 0, 0], "texture": "#3"},
				"west": {"uv": [0, 7, 2, 9], "texture": "#3"},
				"up": {"uv": [0, 0, 1, 2], "texture": "#3"},
				"down": {"uv": [1, 0, 0, 2], "rotation": 180, "texture": "#3"}
			}
		},
		{
			"from": [7.6502, 6.6, 13.05],
			"to": [8.3502, 7.45, 15],
			"rotation": {"angle": 22.5, "axis": "x", "origin": [8.05, 6.875, 14.075]},
			"faces": {
				"north": {"uv": [0, 1, 3, 3], "texture": "#0"},
				"east": {"uv": [12.5, 2.5, 14, 5], "rotation": 90, "texture": "#0"},
				"south": {"uv": [12.5, 6, 14, 7], "rotation": 90, "texture": "#0"},
				"west": {"uv": [12.5, 1.5, 14, 4.5], "rotation": 90, "texture": "#0"},
				"up": {"uv": [12.5, 2.5, 13.5, 5], "texture": "#0"},
				"down": {"uv": [12.5, 4, 13.5, 7], "texture": "#0"}
			}
		},
		{
			"from": [7.6501, 6.1, 14.65],
			"to": [8.3503, 7.75, 16.5],
			"rotation": {"angle": 0, "axis": "x", "origin": [8.05, 6.875, 15.675]},
			"faces": {
				"north": {"uv": [12.5, 3, 13.5, 5], "texture": "#0"},
				"east": {"uv": [12, 14, 14, 16], "rotation": 90, "texture": "#0"},
				"south": {"uv": [13, 6, 14, 8], "texture": "#0"},
				"west": {"uv": [12, 14, 14, 16], "rotation": 90, "texture": "#0"},
				"up": {"uv": [12.5, 2.5, 13.5, 4.5], "texture": "#0"},
				"down": {"uv": [12.5, 5, 13.5, 7], "texture": "#0"}
			}
		},
		{
			"from": [5.625, 4.07224, 8.9416],
			"to": [7.625, 6.79357, 10.6936],
			"rotation": {"angle": 0, "axis": "y", "origin": [6.625, 6.38291, 9.69166]},
			"faces": {
				"north": {"uv": [7.5, 6.5, 9.5, 10.5], "texture": "#0"},
				"east": {"uv": [7.5, 6.5, 9.5, 10.5], "texture": "#0"},
				"south": {"uv": [7.5, 6.5, 9.5, 10.5], "texture": "#0"},
				"west": {"uv": [7.5, 6.5, 9.5, 10.5], "texture": "#0"},
				"up": {"uv": [3, 3.5, 10, 10], "rotation": 90, "texture": "#5"},
				"down": {"uv": [7.5, 6.5, 9.5, 8.5], "rotation": 90, "texture": "#0"}
			}
		},
		{
			"from": [7.38, 7.775, 9.275],
			"to": [7.58, 7.975, 10.475],
			"rotation": {"angle": 0, "axis": "y", "origin": [7.6, 7.95, 9.625]},
			"faces": {
				"north": {"uv": [7.5, 13, 8.5, 14], "rotation": 90, "texture": "#0"},
				"east": {"uv": [7.5, 14, 9, 10.5], "rotation": 90, "texture": "#0"},
				"south": {"uv": [8.5, 10.5, 7.5, 11.5], "rotation": 90, "texture": "#0"},
				"west": {"uv": [9, 10.5, 7.5, 14], "rotation": 90, "texture": "#0"},
				"up": {"uv": [9, 14, 7.5, 10.5], "texture": "#0"},
				"down": {"uv": [9, 10.5, 7.5, 14], "texture": "#0"}
			}
		},
		{
			"from": [7.18, 7.675, 9.275],
			"to": [7.38, 7.875, 10.475],
			"rotation": {"angle": 0, "axis": "y", "origin": [7.4, 7.85, 9.625]},
			"faces": {
				"north": {"uv": [7.5, 13, 8.5, 14], "rotation": 90, "texture": "#0"},
				"east": {"uv": [7.5, 14, 9, 10.5], "rotation": 90, "texture": "#0"},
				"south": {"uv": [8.5, 10.5, 7.5, 11.5], "rotation": 90, "texture": "#0"},
				"west": {"uv": [9, 10.5, 7.5, 14], "rotation": 90, "texture": "#0"},
				"up": {"uv": [9, 14, 7.5, 10.5], "texture": "#0"},
				"down": {"uv": [9, 10.5, 7.5, 14], "texture": "#0"}
			}
		},
		{
			"from": [6.98, 7.075, 9.275],
			"to": [7.18, 7.275, 10.475],
			"rotation": {"angle": 0, "axis": "y", "origin": [7.2, 7.25, 9.625]},
			"faces": {
				"north": {"uv": [7.5, 13, 8.5, 14], "rotation": 90, "texture": "#0"},
				"east": {"uv": [7.5, 14, 9, 10.5], "rotation": 90, "texture": "#0"},
				"south": {"uv": [8.5, 10.5, 7.5, 11.5], "rotation": 90, "texture": "#0"},
				"west": {"uv": [9, 10.5, 7.5, 14], "rotation": 90, "texture": "#0"},
				"up": {"uv": [9, 14, 7.5, 10.5], "texture": "#0"},
				"down": {"uv": [9, 10.5, 7.5, 14], "texture": "#0"}
			}
		},
		{
			"from": [7.08, 7.375, 9.275],
			"to": [7.28, 7.575, 10.475],
			"rotation": {"angle": 0, "axis": "y", "origin": [7.3, 7.55, 9.625]},
			"faces": {
				"north": {"uv": [7.5, 13, 8.5, 14], "rotation": 90, "texture": "#0"},
				"east": {"uv": [7.5, 14, 9, 10.5], "rotation": 90, "texture": "#0"},
				"south": {"uv": [8.5, 10.5, 7.5, 11.5], "rotation": 90, "texture": "#0"},
				"west": {"uv": [9, 10.5, 7.5, 14], "rotation": 90, "texture": "#0"},
				"up": {"uv": [9, 14, 7.5, 10.5], "texture": "#0"},
				"down": {"uv": [9, 10.5, 7.5, 14], "texture": "#0"}
			}
		},
		{
			"from": [6.98, 6.775, 9.275],
			"to": [7.18, 6.975, 10.475],
			"rotation": {"angle": 0, "axis": "y", "origin": [7.2, 6.95, 9.625]},
			"faces": {
				"north": {"uv": [7.5, 13, 8.5, 14], "rotation": 90, "texture": "#0"},
				"east": {"uv": [7.5, 14, 9, 10.5], "rotation": 90, "texture": "#0"},
				"south": {"uv": [8.5, 10.5, 7.5, 11.5], "rotation": 90, "texture": "#0"},
				"west": {"uv": [9, 10.5, 7.5, 14], "rotation": 90, "texture": "#0"},
				"up": {"uv": [9, 14, 7.5, 10.5], "texture": "#0"},
				"down": {"uv": [9, 10.5, 7.5, 14], "texture": "#0"}
			}
		},
		{
			"from": [7.9, 7.2, 4.55],
			"to": [8.06427, 7.3, 8.1],
			"rotation": {"angle": 0, "axis": "y", "origin": [7.98213, 7.1, 5.575]},
			"faces": {
				"north": {"uv": [0, 6, 3, 9], "texture": "#3"},
				"east": {"uv": [0, 2, 13, 0], "texture": "#3"},
				"south": {"uv": [0, 4, 3.5, 6], "texture": "#3"},
				"west": {"uv": [13, 2, 0, 0], "texture": "#3"},
				"up": {"uv": [0, 0, 13, 2], "rotation": 90, "texture": "#3"},
				"down": {"uv": [13, 0, 0, 2], "rotation": 90, "texture": "#3"}
			}
		},
		{
			"from": [7.9, 7.2, 4.55],
			"to": [8.06427, 7.3, 8.1],
			"rotation": {"angle": 45, "axis": "z", "origin": [7.98213, 7.1, 5.575]},
			"faces": {
				"north": {"uv": [3, 6, 0, 9], "texture": "#3"},
				"east": {"uv": [0, 2, 13, 0], "texture": "#3"},
				"south": {"uv": [0, 4, 3.5, 6], "texture": "#3"},
				"west": {"uv": [13, 2, 0, 0], "texture": "#3"},
				"up": {"uv": [0, 0, 13, 2], "rotation": 90, "texture": "#3"},
				"down": {"uv": [13, 0, 0, 2], "rotation": 90, "texture": "#3"}
			}
		},
		{
			"from": [7.78213, 7.01787, 4.55],
			"to": [7.88213, 7.18213, 8.1],
			"rotation": {"angle": 0, "axis": "y", "origin": [7.98213, 7.1, 5.575]},
			"faces": {
				"north": {"uv": [0, 6, 3, 9], "rotation": 90, "texture": "#3"},
				"east": {"uv": [13, 0, 0, 2], "texture": "#3"},
				"south": {"uv": [0, 4, 3.5, 6], "rotation": 270, "texture": "#3"},
				"west": {"uv": [0, 0, 13, 2], "texture": "#3"},
				"up": {"uv": [0, 2, 13, 0], "rotation": 270, "texture": "#3"},
				"down": {"uv": [13, 2, 0, 0], "rotation": 270, "texture": "#3"}
			}
		},
		{
			"from": [7.78213, 7.01787, 4.55],
			"to": [7.88213, 7.18213, 8.1],
			"rotation": {"angle": 45, "axis": "z", "origin": [7.98213, 7.1, 5.575]},
			"faces": {
				"north": {"uv": [3, 6, 0, 9], "rotation": 90, "texture": "#3"},
				"east": {"uv": [13, 0, 0, 2], "texture": "#3"},
				"south": {"uv": [0, 4, 3.5, 6], "rotation": 270, "texture": "#3"},
				"west": {"uv": [0, 0, 13, 2], "texture": "#3"},
				"up": {"uv": [0, 2, 13, 0], "rotation": 270, "texture": "#3"},
				"down": {"uv": [13, 2, 0, 0], "rotation": 270, "texture": "#3"}
			}
		},
		{
			"from": [7.9, 6.9, 4.55],
			"to": [8.06427, 7, 8.1],
			"rotation": {"angle": 0, "axis": "y", "origin": [7.98213, 7.1, 5.575]},
			"faces": {
				"north": {"uv": [0, 6, 3, 9], "rotation": 180, "texture": "#3"},
				"east": {"uv": [13, 2, 0, 0], "rotation": 180, "texture": "#3"},
				"south": {"uv": [0, 4, 3.5, 6], "rotation": 180, "texture": "#3"},
				"west": {"uv": [0, 2, 13, 0], "rotation": 180, "texture": "#3"},
				"up": {"uv": [13, 0, 0, 2], "rotation": 270, "texture": "#3"},
				"down": {"uv": [0, 0, 13, 2], "rotation": 270, "texture": "#3"}
			}
		},
		{
			"from": [7.9, 6.9, 4.55],
			"to": [8.06427, 7, 8.1],
			"rotation": {"angle": 45, "axis": "z", "origin": [7.98213, 7.1, 5.575]},
			"faces": {
				"north": {"uv": [3, 6, 0, 9], "rotation": 180, "texture": "#3"},
				"east": {"uv": [13, 2, 0, 0], "rotation": 180, "texture": "#3"},
				"south": {"uv": [0, 4, 3.5, 6], "rotation": 180, "texture": "#3"},
				"west": {"uv": [0, 2, 13, 0], "rotation": 180, "texture": "#3"},
				"up": {"uv": [13, 0, 0, 2], "rotation": 270, "texture": "#3"},
				"down": {"uv": [0, 0, 13, 2], "rotation": 270, "texture": "#3"}
			}
		},
		{
			"from": [8.08213, 7.01787, 4.55],
			"to": [8.18213, 7.18213, 8.1],
			"rotation": {"angle": 0, "axis": "y", "origin": [7.98213, 7.1, 5.575]},
			"faces": {
				"north": {"uv": [0, 6, 3, 9], "rotation": 270, "texture": "#3"},
				"east": {"uv": [0, 0, 13, 2], "rotation": 180, "texture": "#3"},
				"south": {"uv": [0, 4, 3.5, 6], "rotation": 90, "texture": "#3"},
				"west": {"uv": [13, 0, 0, 2], "rotation": 180, "texture": "#3"},
				"up": {"uv": [13, 2, 0, 0], "rotation": 90, "texture": "#3"},
				"down": {"uv": [0, 2, 13, 0], "rotation": 90, "texture": "#3"}
			}
		},
		{
			"from": [8.08213, 7.01787, 4.55],
			"to": [8.18213, 7.18213, 8.1],
			"rotation": {"angle": 45, "axis": "z", "origin": [7.98213, 7.1, 5.575]},
			"faces": {
				"north": {"uv": [3, 6, 0, 9], "rotation": 270, "texture": "#3"},
				"east": {"uv": [0, 0, 13, 2], "rotation": 180, "texture": "#3"},
				"south": {"uv": [0, 4, 3.5, 6], "rotation": 90, "texture": "#3"},
				"west": {"uv": [13, 0, 0, 2], "rotation": 180, "texture": "#3"},
				"up": {"uv": [13, 2, 0, 0], "rotation": 90, "texture": "#3"},
				"down": {"uv": [0, 2, 13, 0], "rotation": 90, "texture": "#3"}
			}
		},
		{
			"from": [7.9, 7.8, 3.05],
			"to": [8.06427, 7.9, 8.1],
			"rotation": {"angle": 0, "axis": "y", "origin": [7.98213, 7.7, 5.575]},
			"faces": {
				"north": {"uv": [0, 6, 3, 9], "texture": "#3"},
				"east": {"uv": [0, 2, 13, 0], "texture": "#3"},
				"south": {"uv": [0, 4, 3.5, 6], "texture": "#3"},
				"west": {"uv": [13, 2, 0, 0], "texture": "#3"},
				"up": {"uv": [0, 0, 13, 2], "rotation": 90, "texture": "#3"},
				"down": {"uv": [13, 0, 0, 2], "rotation": 90, "texture": "#3"}
			}
		},
		{
			"from": [7.9, 7.8, 3.05],
			"to": [8.06427, 7.9, 8.1],
			"rotation": {"angle": 45, "axis": "z", "origin": [7.98213, 7.7, 5.575]},
			"faces": {
				"north": {"uv": [3, 6, 0, 9], "texture": "#3"},
				"east": {"uv": [0, 2, 13, 0], "texture": "#3"},
				"south": {"uv": [0, 4, 3.5, 6], "texture": "#3"},
				"west": {"uv": [13, 2, 0, 0], "texture": "#3"},
				"up": {"uv": [0, 0, 13, 2], "rotation": 90, "texture": "#3"},
				"down": {"uv": [13, 0, 0, 2], "rotation": 90, "texture": "#3"}
			}
		},
		{
			"from": [7.78213, 7.61787, 3.05],
			"to": [7.88213, 7.78213, 8.1],
			"rotation": {"angle": 0, "axis": "z", "origin": [7.98213, 7.7, 5.575]},
			"faces": {
				"north": {"uv": [0, 6, 3, 9], "rotation": 90, "texture": "#3"},
				"east": {"uv": [13, 0, 0, 2], "texture": "#3"},
				"south": {"uv": [0, 4, 3.5, 6], "rotation": 270, "texture": "#3"},
				"west": {"uv": [0, 0, 13, 2], "texture": "#3"},
				"up": {"uv": [0, 2, 13, 0], "rotation": 270, "texture": "#3"},
				"down": {"uv": [13, 2, 0, 0], "rotation": 270, "texture": "#3"}
			}
		},
		{
			"from": [7.78213, 7.61787, 3.05],
			"to": [7.88213, 7.78213, 8.1],
			"rotation": {"angle": 45, "axis": "z", "origin": [7.98213, 7.7, 5.575]},
			"faces": {
				"north": {"uv": [3, 6, 0, 9], "rotation": 90, "texture": "#3"},
				"east": {"uv": [13, 0, 0, 2], "texture": "#3"},
				"south": {"uv": [0, 4, 3.5, 6], "rotation": 270, "texture": "#3"},
				"west": {"uv": [0, 0, 13, 2], "texture": "#3"},
				"up": {"uv": [0, 2, 13, 0], "rotation": 270, "texture": "#3"},
				"down": {"uv": [13, 2, 0, 0], "rotation": 270, "texture": "#3"}
			}
		},
		{
			"from": [7.9, 7.5, 3.05],
			"to": [8.06427, 7.6, 8.1],
			"rotation": {"angle": 0, "axis": "z", "origin": [7.98213, 7.7, 5.575]},
			"faces": {
				"north": {"uv": [0, 6, 3, 9], "rotation": 180, "texture": "#3"},
				"east": {"uv": [13, 2, 0, 0], "rotation": 180, "texture": "#3"},
				"south": {"uv": [0, 4, 3.5, 6], "rotation": 180, "texture": "#3"},
				"west": {"uv": [0, 2, 13, 0], "rotation": 180, "texture": "#3"},
				"up": {"uv": [13, 0, 0, 2], "rotation": 270, "texture": "#3"},
				"down": {"uv": [0, 0, 13, 2], "rotation": 270, "texture": "#3"}
			}
		},
		{
			"from": [7.9, 7.5, 3.05],
			"to": [8.06427, 7.6, 8.1],
			"rotation": {"angle": 45, "axis": "z", "origin": [7.98213, 7.7, 5.575]},
			"faces": {
				"north": {"uv": [3, 6, 0, 9], "rotation": 180, "texture": "#3"},
				"east": {"uv": [13, 2, 0, 0], "rotation": 180, "texture": "#3"},
				"south": {"uv": [0, 4, 3.5, 6], "rotation": 180, "texture": "#3"},
				"west": {"uv": [0, 2, 13, 0], "rotation": 180, "texture": "#3"},
				"up": {"uv": [13, 0, 0, 2], "rotation": 270, "texture": "#3"},
				"down": {"uv": [0, 0, 13, 2], "rotation": 270, "texture": "#3"}
			}
		},
		{
			"from": [8.08213, 7.61787, 3.05],
			"to": [8.18213, 7.78213, 8.1],
			"rotation": {"angle": 0, "axis": "z", "origin": [7.98213, 7.7, 5.575]},
			"faces": {
				"north": {"uv": [0, 6, 3, 9], "rotation": 270, "texture": "#3"},
				"east": {"uv": [0, 0, 13, 2], "rotation": 180, "texture": "#3"},
				"south": {"uv": [0, 4, 3.5, 6], "rotation": 90, "texture": "#3"},
				"west": {"uv": [13, 0, 0, 2], "rotation": 180, "texture": "#3"},
				"up": {"uv": [13, 2, 0, 0], "rotation": 90, "texture": "#3"},
				"down": {"uv": [0, 2, 13, 0], "rotation": 90, "texture": "#3"}
			}
		},
		{
			"from": [8.08213, 7.61787, 3.05],
			"to": [8.18213, 7.78213, 8.1],
			"rotation": {"angle": 45, "axis": "z", "origin": [7.98213, 7.7, 5.575]},
			"faces": {
				"north": {"uv": [3, 6, 0, 9], "rotation": 270, "texture": "#3"},
				"east": {"uv": [0, 0, 13, 2], "rotation": 180, "texture": "#3"},
				"south": {"uv": [0, 4, 3.5, 6], "rotation": 90, "texture": "#3"},
				"west": {"uv": [13, 0, 0, 2], "rotation": 180, "texture": "#3"},
				"up": {"uv": [13, 2, 0, 0], "rotation": 90, "texture": "#3"},
				"down": {"uv": [0, 2, 13, 0], "rotation": 90, "texture": "#3"}
			}
		},
		{
			"from": [7.75, 6.85, 4.55],
			"to": [8.25, 7.35, 4.7],
			"rotation": {"angle": 0, "axis": "y", "origin": [-0.25, 0.1, -2.4]},
			"faces": {
				"north": {"uv": [0, 7, 2, 9], "texture": "#3"},
				"east": {"uv": [0, 2, 1, 0], "texture": "#3"},
				"south": {"uv": [0, 4, 3, 6], "texture": "#3"},
				"west": {"uv": [1, 2, 0, 0], "texture": "#3"},
				"up": {"uv": [0, 0, 1, 2], "rotation": 90, "texture": "#3"},
				"down": {"uv": [1, 0, 0, 2], "rotation": 90, "texture": "#3"}
			}
		},
		{
			"from": [7.8, 3.4, 5.15],
			"to": [8.1, 6.9, 5.45],
			"rotation": {"angle": -22.5, "axis": "z", "origin": [7.95, 6.85, 5.3]},
			"faces": {
				"north": {"uv": [12.5, 7, 13.5, 16], "texture": "#0"},
				"east": {"uv": [14, 7, 12.5, 16], "rotation": 90, "texture": "#0"},
				"south": {"uv": [12.5, 6, 13.5, 16], "texture": "#0"},
				"west": {"uv": [14, 16, 13, 6.5], "texture": "#0"},
				"up": {"uv": [12.5, 11, 14, 13], "texture": "#0"},
				"down": {"uv": [12.5, 13, 14, 11], "texture": "#0"}
			}
		},
		{
			"from": [7.9, 3.4, 5.15],
			"to": [8.2, 6.9, 5.45],
			"rotation": {"angle": 22.5, "axis": "z", "origin": [8.05, 6.85, 5.3]},
			"faces": {
				"north": {"uv": [12.5, 7, 13.5, 16], "texture": "#0"},
				"east": {"uv": [14, 7, 12.5, 16], "rotation": 90, "texture": "#0"},
				"south": {"uv": [12.5, 6, 13.5, 16], "texture": "#0"},
				"west": {"uv": [14, 16, 13, 6.5], "texture": "#0"},
				"up": {"uv": [12.5, 11, 14, 13], "texture": "#0"},
				"down": {"uv": [12.5, 13, 14, 11], "texture": "#0"}
			}
		},
		{
			"from": [7.6, 7.85, 7.75],
			"to": [7.7, 8.45, 7.85],
			"rotation": {"angle": -22.5, "axis": "x", "origin": [7.75, 7.85, 7.7]},
			"faces": {
				"north": {"uv": [2.5, 8.5, 5, 8], "rotation": 90, "texture": "#0"},
				"east": {"uv": [2.5, 8, 5, 8.5], "rotation": 90, "texture": "#0"},
				"south": {"uv": [2.5, 10.5, 5, 11], "rotation": 90, "texture": "#0"},
				"west": {"uv": [4, 8.5, 6.5, 9], "rotation": 90, "texture": "#0"},
				"up": {"uv": [3.1, 11.57692, 2.5, 11.5], "rotation": 90, "texture": "#0"},
				"down": {"uv": [2.5, 11.57692, 3.1, 11.5], "rotation": 90, "texture": "#0"}
			}
		},
		{
			"from": [7.601, 7.87, 7.75],
			"to": [7.701, 7.97, 8.35],
			"rotation": {"angle": 0, "axis": "x", "origin": [7.75, 7.85, 8.3]},
			"faces": {
				"north": {"uv": [3.1, 11.57692, 2.5, 11.5], "rotation": 270, "texture": "#0"},
				"east": {"uv": [2.5, 8, 5, 8.5], "rotation": 180, "texture": "#0"},
				"south": {"uv": [2.5, 11.57692, 3.1, 11.5], "rotation": 90, "texture": "#0"},
				"west": {"uv": [4, 8.5, 6.5, 9], "texture": "#0"},
				"up": {"uv": [2.5, 10.5, 5, 11], "rotation": 90, "texture": "#0"},
				"down": {"uv": [2.5, 8.5, 5, 8], "rotation": 270, "texture": "#0"}
			}
		},
		{
			"from": [7.55, 8.45709, 7.58837],
			"to": [7.75, 8.65709, 9.08837],
			"rotation": {"angle": -22.5, "axis": "x", "origin": [7.65, 8.50709, 7.88837]},
			"faces": {
				"north": {"uv": [12.5, 11, 14, 13], "rotation": 180, "texture": "#0"},
				"east": {"uv": [14, 7, 12.5, 16], "rotation": 180, "texture": "#0"},
				"south": {"uv": [12.5, 13, 14, 11], "texture": "#0"},
				"west": {"uv": [14, 16, 13, 6.5], "rotation": 270, "texture": "#0"},
				"up": {"uv": [12.5, 6, 13.5, 16], "texture": "#0"},
				"down": {"uv": [12.5, 7, 13.5, 16], "rotation": 180, "texture": "#0"}
			}
		},
		{
			"from": [7.7, 5.1, 12.15],
			"to": [8.3, 7, 12.9],
			"rotation": {"angle": -22.5, "axis": "x", "origin": [8, 6.25, 12.725]},
			"faces": {
				"north": {"uv": [12.5, 12, 14, 16], "texture": "#0"},
				"east": {"uv": [12.5, 16, 14, 12], "texture": "#0"},
				"south": {"uv": [12.5, 12, 13.5, 16], "texture": "#0"},
				"west": {"uv": [14, 16, 12.5, 12], "texture": "#0"},
				"up": {"uv": [12.5, 11, 14, 13], "texture": "#0"},
				"down": {"uv": [12.5, 13, 14, 11], "texture": "#0"}
			}
		},
		{
			"from": [7.8, 6.1, 11.55],
			"to": [8.2, 7.7, 12.3],
			"rotation": {"angle": 0, "axis": "x", "origin": [8, 6.95, 12.125]},
			"faces": {
				"north": {"uv": [12.5, 13, 14, 16], "texture": "#0"},
				"east": {"uv": [12.5, 16, 14, 13], "texture": "#0"},
				"south": {"uv": [12.5, 13, 13.5, 16], "texture": "#0"},
				"west": {"uv": [14, 16, 12.5, 13], "texture": "#0"},
				"up": {"uv": [12.5, 11, 14, 13], "texture": "#0"},
				"down": {"uv": [12.5, 13, 14, 11], "texture": "#0"}
			}
		},
		{
			"from": [7.7, 7.3, 9.4],
			"to": [8.3, 8.29, 13.05],
			"rotation": {"angle": 0, "axis": "x", "origin": [8, 7.695, 11.925]},
			"faces": {
				"north": {"uv": [0, 0, 1, 0.5], "texture": "#4"},
				"east": {"uv": [0, 0, 0.39, 11], "rotation": 90, "texture": "#4"},
				"south": {"uv": [0, 10.5, 1, 11], "texture": "#4"},
				"west": {"uv": [0.39, 11, 0, 0], "rotation": 90, "texture": "#4"},
				"up": {"uv": [0, 0, 1, 11], "texture": "#4"},
				"down": {"uv": [0, 0, 1, 11], "texture": "#4"}
			}
		},
		{
			"from": [7.625, 6.4, 6.5],
			"to": [8.375, 7.09, 9.05],
			"rotation": {"angle": 0, "axis": "y", "origin": [8, 6.795, 8.825]},
			"faces": {
				"north": {"uv": [2.5, 0, 8.5, 6], "texture": "#4"},
				"east": {"uv": [0.89, 11, 0.5, 0], "rotation": 90, "texture": "#4"},
				"south": {"uv": [2.5, 0, 8.5, 6], "texture": "#4"},
				"west": {"uv": [0.39, 11, 0, 0], "rotation": 90, "texture": "#4"},
				"up": {"uv": [0, 0, 1, 11], "texture": "#4"},
				"down": {"uv": [0, 0, 1, 11], "texture": "#4"}
			}
		},
		{
			"from": [7.675, 7.4, 6.5],
			"to": [8.325, 7.99, 8.45],
			"rotation": {"angle": 0, "axis": "y", "origin": [8, 7.795, 8.825]},
			"faces": {
				"north": {"uv": [9, 10.5, 12.5, 14], "texture": "#2"},
				"east": {"uv": [0, 6.5, 8.5, 9], "texture": "#2"},
				"south": {"uv": [9, 10.5, 12.5, 14], "texture": "#2"},
				"west": {"uv": [0, 6.5, 8.5, 9], "texture": "#2"},
				"up": {"uv": [0, 4.5, 8.5, 8], "rotation": 90, "texture": "#2"},
				"down": {"uv": [0, 0, 5, 1.85], "rotation": 90, "texture": "#2"}
			}
		},
		{
			"from": [7.525, 6.67224, 10.69166],
			"to": [8.475, 8.16224, 13.49166],
			"rotation": {"angle": 0, "axis": "x", "origin": [8, 7.56724, 10.59166]},
			"faces": {
				"north": {"uv": [1.5, 2.5, 4, 4], "texture": "#0"},
				"east": {"uv": [4.5, 0, 8.5, 1.89], "texture": "#0"},
				"south": {"uv": [1.5, 2.5, 4, 4], "texture": "#0"},
				"west": {"uv": [4.5, 0, 8.5, 1.89], "texture": "#0"},
				"up": {"uv": [4.5, 0, 8.5, 1.85], "rotation": 90, "texture": "#0"},
				"down": {"uv": [4.5, 0, 8.5, 2], "rotation": 90, "texture": "#0"}
			}
		},
		{
			"from": [7.725, 6.67224, 5.79166],
			"to": [8.275, 7.66224, 9.19166],
			"rotation": {"angle": 0, "axis": "y", "origin": [8, 7.56724, 5.69166]},
			"faces": {
				"north": {"uv": [1.5, 2.5, 4, 4], "texture": "#0"},
				"east": {"uv": [0, 0, 5, 1.89], "texture": "#0"},
				"south": {"uv": [1.5, 2.5, 4, 4], "texture": "#0"},
				"west": {"uv": [0, 0, 5, 1.89], "texture": "#0"},
				"up": {"uv": [0, 0, 5, 1.85], "rotation": 90, "texture": "#0"},
				"down": {"uv": [0, 0, 5, 2], "rotation": 90, "texture": "#0"}
			}
		},
		{
			"from": [7.725, 6.77224, 5.09166],
			"to": [8.275, 8.06224, 5.49166],
			"rotation": {"angle": 0, "axis": "y", "origin": [8, 7.66724, 4.99166]},
			"faces": {
				"north": {"uv": [10, 14, 12.5, 15.5], "texture": "#0"},
				"east": {"uv": [12.5, 13.5, 13.5, 16], "texture": "#0"},
				"south": {"uv": [12.5, 13.5, 13.5, 16], "texture": "#0"},
				"west": {"uv": [13, 13.5, 14, 16], "texture": "#0"},
				"up": {"uv": [12.5, 14.5, 13.5, 16], "rotation": 90, "texture": "#0"},
				"down": {"uv": [12.5, 11, 14, 16], "rotation": 90, "texture": "#0"}
			}
		},
		{
			"from": [7.725, 7.66, 6.39166],
			"to": [8.275, 7.96, 8.79166],
			"rotation": {"angle": 0, "axis": "y", "origin": [8, 8.56724, 6.29166]},
			"faces": {
				"north": {"uv": [1.5, 2.5, 4, 4], "texture": "#0"},
				"east": {"uv": [4.05, 10.8, 4.95, 13.4], "rotation": 90, "texture": "#4"},
				"south": {"uv": [1.5, 2.5, 4, 4], "texture": "#0"},
				"west": {"uv": [4.55, 10.55, 5.55, 13.2], "rotation": 90, "texture": "#4"},
				"up": {"uv": [4.5, 10.8, 5.45, 13.4], "texture": "#4"},
				"down": {"uv": [0, 0, 5, 2], "rotation": 90, "texture": "#0"}
			}
		},
		{
			"from": [7.724, 6.67224, 5.79166],
			"to": [8.2738, 7.66224, 6.49166],
			"rotation": {"angle": -22.5, "axis": "x", "origin": [8, 7.56724, 5.69166]},
			"faces": {
				"north": {"uv": [1.5, 2.5, 4, 4], "texture": "#0"},
				"east": {"uv": [1, 0, 2.5, 2], "texture": "#0"},
				"south": {"uv": [1.5, 2.5, 4, 4], "texture": "#0"},
				"west": {"uv": [1, 0, 2.5, 2], "texture": "#0"},
				"up": {"uv": [4.5, 1.5, 6, 2.5], "rotation": 90, "texture": "#0"},
				"down": {"uv": [0, 0, 5, 2], "rotation": 90, "texture": "#0"}
			}
		},
		{
			"from": [7.724, 6.97224, 8.49166],
			"to": [8.2738, 7.96224, 9.19166],
			"rotation": {"angle": -22.5, "axis": "x", "origin": [8, 7.86724, 8.59166]},
			"faces": {
				"north": {"uv": [1.5, 2.5, 4, 4], "texture": "#0"},
				"east": {"uv": [4, 0, 5, 2], "texture": "#0"},
				"south": {"uv": [1.5, 2.5, 4, 4], "texture": "#0"},
				"west": {"uv": [2, 0.5, 3, 2.5], "texture": "#0"},
				"up": {"uv": [4.5, 1, 5.5, 2], "rotation": 90, "texture": "#0"},
				"down": {"uv": [0, 0, 5, 2], "rotation": 90, "texture": "#0"}
			}
		},
		{
			"from": [7.625, 6.92224, 9.14166],
			"to": [8.375, 8.16224, 10.69166],
			"rotation": {"angle": 0, "axis": "y", "origin": [8, 7.56724, 7.79166]},
			"faces": {
				"north": {"uv": [1.5, 2.5, 4, 4], "texture": "#0"},
				"east": {"uv": [5, 0, 8, 1.89], "texture": "#0"},
				"south": {"uv": [1.5, 2.5, 4, 4], "texture": "#0"},
				"west": {"uv": [5, 0, 8, 1.89], "texture": "#0"},
				"up": {"uv": [5, 0, 8, 1.85], "rotation": 90, "texture": "#0"},
				"down": {"uv": [5, 0, 8, 2], "rotation": 90, "texture": "#0"}
			}
		}
	],
	"display": {
		"thirdperson_righthand": {
			"translation": [-0.25, 2, -5],
			"scale": [1.56, 1.56, 1.56]
		},
		"thirdperson_lefthand": {
			"translation": [-12.25, 1.5, -0.75],
			"scale": [0.75, 0.75, 0.75]
		},
		"firstperson_righthand": {
			"rotation": [0, -10, 0],
			"translation": [2.275, 12.75, -11.75],
			"scale": [3.42, 3.42, 3.01]
		},
		"ground": {
			"translation": [0, -0.25, -1.25],
			"scale": [1.65, 1.65, 1.65]
		},
		"gui": {
			"rotation": [17, 149, 0],
			"translation": [-2, 2.25, 0],
			"scale": [2.37, 2.37, 2.37]
		},
		"head": {
			"translation": [0, 12.5, -9.5],
			"scale": [2.61, 2.61, 2.61]
		},
		"fixed": {
			"rotation": [90, -90, -180],
			"translation": [3.75, 0, -11.25],
			"scale": [3.04, 3.04, 3.04]
		}
	},
	"groups": [
		{
			"name": "sights",
			"origin": [7.8, 8.5, 12.625],
			"color": 0,
			"children": [0, 1, 2, 3, 4, 5]
		},
		6,
		7,
		{
			"name": "mag",
			"origin": [7.25, 7.95, 12.625],
			"color": 0,
			"children": [8, 9, 10, 11, 12, 13]
		},
		{
			"name": "barrel",
			"origin": [7.25, 7.95, 12.625],
			"color": 0,
			"children": [
				{
					"name": "cylinder",
					"origin": [-0.25, 0.7, 1],
					"color": 0,
					"children": [14, 15, 16, 17, 18, 19, 20, 21]
				},
				{
					"name": "cylinder",
					"origin": [-0.25, 0.7, 1],
					"color": 0,
					"children": [22, 23, 24, 25, 26, 27, 28, 29]
				},
				30,
				31,
				32,
				33,
				34,
				35,
				36,
				37
			]
		},
		{
			"name": "front",
			"origin": [0, 0, 0],
			"color": 0,
			"children": [38, 39, 40, 41, 42, 43, 44, 45, 46, 47]
		},
		{
			"name": "octagon",
			"origin": [8, 8, 8],
			"color": 0,
			"children": []
		},
		{
			"name": "ammo",
			"origin": [0, 0, 0],
			"color": 0,
			"children": []
		},
		{
			"name": "stock",
			"origin": [8, 8.25, 10.5],
			"color": 0,
			"children": []
		}
	]
}