{
	"format_version": "1.21.6",
	"credit": "Made with Blockbench",
	"texture_size": [32, 32],
	"textures": {
		"0": "chems_guns:item/gun_ammo/laser2",
		"particle": "chems_guns:item/gun_ammo/laser2"
	},
	"elements": [
		{
			"from": [7.1, 3.737, 11.30422],
			"to": [8.9, 8.737, 13.30422],
			"rotation": {"angle": -22.5, "axis": "x", "origin": [8, 5.29289, 12.70711]},
			"faces": {
				"north": {"uv": [0, 0, 1, 2.5], "texture": "#0"},
				"east": {"uv": [0, 0, 1, 2.5], "texture": "#0"},
				"south": {"uv": [0, 0, 1, 2.5], "texture": "#0"},
				"west": {"uv": [0, 0, 1, 2.5], "texture": "#0"},
				"up": {"uv": [0, 0, 1, 1], "rotation": 180, "texture": "#0"},
				"down": {"uv": [0, 0, 1, 1], "rotation": 180, "texture": "#0"}
			}
		},
		{
			"from": [5.999, 5.7, 7.5351],
			"to": [9.999, 7.7, 8.5351],
			"rotation": {"angle": 0, "axis": "x", "origin": [8, 6, 12]},
			"faces": {
				"north": {"uv": [0, 0, 1, 1], "texture": "#0"},
				"east": {"uv": [0, 0, 1, 1], "texture": "#0"},
				"south": {"uv": [0, 0, 1, 1], "texture": "#0"},
				"west": {"uv": [0, 0, 1, 1], "texture": "#0"},
				"up": {"uv": [0, 0, 1, 1], "rotation": 180, "texture": "#0"},
				"down": {"uv": [0, 0, 1, 1], "rotation": 180, "texture": "#0"}
			}
		},
		{
			"from": [7.5, 6.3, 9.5],
			"to": [8.5, 8.3, 11.5],
			"rotation": {"angle": 0, "axis": "y", "origin": [10.499, 8.23, 9.9851]},
			"faces": {
				"north": {"uv": [6.5, 4.5, 7, 5.5], "texture": "#0"},
				"east": {"uv": [6, 4.5, 7, 5.5], "texture": "#0"},
				"south": {"uv": [6, 4.5, 7, 5.5], "texture": "#0"},
				"west": {"uv": [6, 4.5, 7, 5.5], "texture": "#0"},
				"up": {"uv": [6, 4.5, 7, 5.5], "rotation": 180, "texture": "#0"},
				"down": {"uv": [6, 4.5, 7, 5.5], "rotation": 180, "texture": "#0"}
			}
		},
		{
			"from": [6, 7.7, 7.435],
			"to": [10, 10.7, 11.535],
			"rotation": {"angle": 0, "axis": "y", "origin": [8, 6, 12]},
			"faces": {
				"north": {"uv": [0, 0, 2, 2], "texture": "#0"},
				"east": {"uv": [0, 0, 2.5, 2], "texture": "#0"},
				"south": {"uv": [0, 0, 2, 2], "texture": "#0"},
				"west": {"uv": [0, 0, 2.5, 2], "texture": "#0"},
				"up": {"uv": [0, 0, 2.5, 2.5], "rotation": 180, "texture": "#0"},
				"down": {"uv": [0, 1.5, 2, 5.5], "rotation": 180, "texture": "#0"}
			}
		},
		{
			"from": [7, 5.7, 18.535],
			"to": [9, 10.7, 19.535],
			"rotation": {"angle": 0, "axis": "y", "origin": [8, 6, 12]},
			"faces": {
				"north": {"uv": [0, 0, 2, 2.5], "texture": "#0"},
				"east": {"uv": [0, 0, 0.5, 2.5], "texture": "#0"},
				"south": {"uv": [0, 0, 1, 2.5], "texture": "#0"},
				"west": {"uv": [0, 0, 0.5, 2.5], "texture": "#0"},
				"up": {"uv": [0, 0, 2, 0.5], "rotation": 180, "texture": "#0"},
				"down": {"uv": [0, 0, 2, 0.5], "rotation": 180, "texture": "#0"}
			}
		},
		{
			"from": [7.5, 9.7, -5.465],
			"to": [8.5, 10.7, 0.535],
			"rotation": {"angle": 0, "axis": "y", "origin": [8, 6, 12]},
			"faces": {
				"north": {"uv": [7.5, 6, 8, 6.5], "texture": "#0"},
				"east": {"uv": [4.5, 5.5, 7, 6], "texture": "#0"},
				"south": {"uv": [4.5, 5.5, 7, 6], "texture": "#0"},
				"west": {"uv": [5, 5.5, 8, 6], "texture": "#0"},
				"up": {"uv": [7.5, 3, 8, 6], "rotation": 180, "texture": "#0"},
				"down": {"uv": [4.5, 5.5, 5, 6], "rotation": 180, "texture": "#0"}
			}
		},
		{
			"from": [7, 9.7, 0.535],
			"to": [9, 10.7, 1.535],
			"rotation": {"angle": 0, "axis": "y", "origin": [8, 6, 12]},
			"faces": {
				"north": {"uv": [0, 0, 2, 0.5], "texture": "#0"},
				"east": {"uv": [0, 0, 0.5, 0.5], "texture": "#0"},
				"south": {"uv": [0, 0, 2, 0.5], "texture": "#0"},
				"west": {"uv": [0, 0, 0.5, 0.5], "texture": "#0"},
				"up": {"uv": [0, 0, 2, 0.5], "rotation": 180, "texture": "#0"},
				"down": {"uv": [0, 0, 2, 0.5], "rotation": 180, "texture": "#0"}
			}
		},
		{
			"from": [7, 7.7, -8.465],
			"to": [9, 9.7, 1.535],
			"rotation": {"angle": 0, "axis": "y", "origin": [8, 6, 12]},
			"faces": {
				"north": {"uv": [4.5, 0, 6.5, 2], "texture": "#0"},
				"east": {"uv": [4.5, 5.5, 8, 6.5], "texture": "#0"},
				"south": {"uv": [4.5, 5.5, 5.5, 6.5], "texture": "#0"},
				"west": {"uv": [4.5, 5.5, 8, 6.5], "texture": "#0"},
				"up": {"uv": [4.5, 5.5, 8, 6.5], "rotation": 270, "texture": "#0"},
				"down": {"uv": [4.5, 5.5, 8, 6.5], "rotation": 270, "texture": "#0"}
			}
		},
		{
			"from": [7.25, 8, 2.5],
			"to": [8.75, 9.5, 7.5],
			"faces": {
				"north": {"uv": [3, 2, 4.5, 3], "texture": "#0"},
				"east": {"uv": [3, 2, 6.5, 3], "texture": "#0"},
				"south": {"uv": [3, 2, 4.5, 3], "texture": "#0"},
				"west": {"uv": [3, 2, 6.5, 3], "texture": "#0"},
				"up": {"uv": [3, 2, 4.5, 5.5], "texture": "#0"},
				"down": {"uv": [3, 2, 4.5, 5.5], "texture": "#0"}
			}
		},
		{
			"from": [7.25, 4.5, 2.5],
			"to": [8.75, 6, 7.5],
			"rotation": {"angle": 0, "axis": "y", "origin": [0, -0.5, 0]},
			"faces": {
				"north": {"uv": [3, 2, 4.5, 3], "texture": "#0"},
				"east": {"uv": [3, 2, 6.5, 3], "texture": "#0"},
				"south": {"uv": [3, 2, 4.5, 3], "texture": "#0"},
				"west": {"uv": [3, 2, 6.5, 3], "texture": "#0"},
				"up": {"uv": [3, 2, 4.5, 5.5], "texture": "#0"},
				"down": {"uv": [3, 2, 4.5, 5.5], "texture": "#0"}
			}
		},
		{
			"from": [5.25, 7.25, 2.5],
			"to": [6.75, 8.75, 7.5],
			"rotation": {"angle": 0, "axis": "y", "origin": [0, -0.25, 0]},
			"faces": {
				"north": {"uv": [3, 2, 4.5, 3], "texture": "#0"},
				"east": {"uv": [3, 2, 6.5, 3], "texture": "#0"},
				"south": {"uv": [3, 2, 4.5, 3], "texture": "#0"},
				"west": {"uv": [3, 2, 6.5, 3], "texture": "#0"},
				"up": {"uv": [3, 2, 4.5, 5.5], "texture": "#0"},
				"down": {"uv": [3, 2, 4.5, 5.5], "texture": "#0"}
			}
		},
		{
			"from": [5.25, 5.25, 2.5],
			"to": [6.75, 6.75, 7.5],
			"rotation": {"angle": 0, "axis": "y", "origin": [0, -0.25, 0]},
			"faces": {
				"north": {"uv": [3, 2, 4.5, 3], "texture": "#0"},
				"east": {"uv": [3, 2, 6.5, 3], "texture": "#0"},
				"south": {"uv": [3, 2, 4.5, 3], "texture": "#0"},
				"west": {"uv": [3, 2, 6.5, 3], "texture": "#0"},
				"up": {"uv": [3, 2, 4.5, 5.5], "texture": "#0"},
				"down": {"uv": [3, 2, 4.5, 5.5], "texture": "#0"}
			}
		},
		{
			"from": [9.25, 7.25, 2.5],
			"to": [10.75, 8.75, 7.5],
			"rotation": {"angle": 0, "axis": "y", "origin": [0, -0.25, 0]},
			"faces": {
				"north": {"uv": [3, 2, 4.5, 3], "texture": "#0"},
				"east": {"uv": [3, 2, 6.5, 3], "texture": "#0"},
				"south": {"uv": [3, 2, 4.5, 3], "texture": "#0"},
				"west": {"uv": [3, 2, 6.5, 3], "texture": "#0"},
				"up": {"uv": [3, 2, 4.5, 5.5], "texture": "#0"},
				"down": {"uv": [3, 2, 4.5, 5.5], "texture": "#0"}
			}
		},
		{
			"from": [9.25, 5.25, 2.5],
			"to": [10.75, 6.75, 7.5],
			"rotation": {"angle": 0, "axis": "y", "origin": [0, -0.25, 0]},
			"faces": {
				"north": {"uv": [3, 2, 4.5, 3], "texture": "#0"},
				"east": {"uv": [3, 2, 6.5, 3], "texture": "#0"},
				"south": {"uv": [3, 2, 4.5, 3], "texture": "#0"},
				"west": {"uv": [3, 2, 6.5, 3], "texture": "#0"},
				"up": {"uv": [3, 2, 4.5, 5.5], "texture": "#0"},
				"down": {"uv": [3, 2, 4.5, 5.5], "texture": "#0"}
			}
		},
		{
			"from": [7, 10.7, 3.5],
			"to": [9, 12.7, 5.5],
			"faces": {
				"north": {"uv": [12.5, 12.5, 16, 16], "texture": "#0"},
				"east": {"uv": [0, 0, 1, 1], "texture": "#0"},
				"south": {"uv": [12.5, 12.5, 16, 16], "texture": "#0"},
				"west": {"uv": [0, 0, 1, 1], "texture": "#0"},
				"up": {"uv": [0, 0, 1, 1], "texture": "#0"},
				"down": {"uv": [0, 0, 1, 1], "texture": "#0"}
			}
		},
		{
			"from": [6, 5.65, 1.5],
			"to": [10, 10.7, 2.5],
			"faces": {
				"north": {"uv": [0, 0, 1, 1.025], "texture": "#0"},
				"east": {"uv": [0, 0, 0.5, 4.525], "texture": "#0"},
				"south": {"uv": [0, 0, 1, 1.025], "texture": "#0"},
				"west": {"uv": [0, 0, 0.25, 4.025], "texture": "#0"},
				"up": {"uv": [0, 0, 1, 1.75], "texture": "#0"},
				"down": {"uv": [0, 0, 1, 1.75], "texture": "#0"}
			}
		},
		{
			"from": [7, 9.7, 2.5],
			"to": [9, 10.7, 7.5],
			"faces": {
				"north": {"uv": [0, 0, 1, 1], "texture": "#0"},
				"east": {"uv": [0, 0, 4, 1], "texture": "#0"},
				"south": {"uv": [0, 0, 1, 1], "texture": "#0"},
				"west": {"uv": [0, 0, 4, 1], "texture": "#0"},
				"up": {"uv": [0, 0, 1, 4], "texture": "#0"},
				"down": {"uv": [0, 0, 1, 4], "texture": "#0"}
			}
		},
		{
			"from": [7, 8.25, 11.5],
			"to": [9, 10.25, 18.5],
			"faces": {
				"north": {"uv": [7, 5.5, 8, 6.5], "texture": "#0"},
				"east": {"uv": [4.5, 5.5, 8, 6.5], "texture": "#0"},
				"south": {"uv": [7, 5.5, 8, 6.5], "texture": "#0"},
				"west": {"uv": [4.5, 5.5, 8, 6.5], "texture": "#0"},
				"up": {"uv": [4.5, 5.5, 8, 6.5], "rotation": 90, "texture": "#0"},
				"down": {"uv": [4.5, 5.5, 8, 6.5], "rotation": 90, "texture": "#0"}
			}
		},
		{
			"from": [7.25, 3.75, -3.75],
			"to": [8.75, 7.75, -2.25],
			"rotation": {"angle": 0, "axis": "x", "origin": [8, 3.75, -1]},
			"faces": {
				"north": {"uv": [7, 4.5, 8, 6.5], "texture": "#0"},
				"east": {"uv": [7, 4.5, 8, 6.5], "texture": "#0"},
				"south": {"uv": [7, 4.5, 8, 6.5], "texture": "#0"},
				"west": {"uv": [7, 4.5, 8, 6.5], "texture": "#0"},
				"up": {"uv": [7, 4.5, 8, 5.5], "texture": "#0"},
				"down": {"uv": [7, 5.5, 8, 6.5], "texture": "#0"}
			}
		},
		{
			"from": [7, 2.75, -4],
			"to": [9, 3.75, -2],
			"rotation": {"angle": 0, "axis": "x", "origin": [8, 3.75, -1]},
			"faces": {
				"north": {"uv": [0, 0, 1, 0.5], "texture": "#0"},
				"east": {"uv": [0, 0, 1, 0.5], "texture": "#0"},
				"south": {"uv": [0, 0, 1, 0.5], "texture": "#0"},
				"west": {"uv": [0, 0, 1, 0.5], "texture": "#0"},
				"up": {"uv": [0, 0, 1, 1], "texture": "#0"},
				"down": {"uv": [0, 0, 1, 1], "texture": "#0"}
			}
		}
	],
	"display": {
		"thirdperson_righthand": {
			"translation": [0, 0, 2],
			"scale": [0.75, 0.75, 0.75]
		},
		"thirdperson_lefthand": {
			"translation": [-12, 0, 2],
			"scale": [0.75, 0.75, 0.75]
		},
		"firstperson_righthand": {
			"rotation": [0, -10, 0],
			"translation": [-0.09, 4.62, 8],
			"scale": [1, 1, 0.25]
		},
		"firstperson_lefthand": {
			"translation": [0, -80, 0]
		},
		"ground": {
			"rotation": [0, 0, 90],
			"translation": [0, -2.75, 0],
			"scale": [0.5, 0.5, 0.5]
		},
		"gui": {
			"rotation": [21, 128, 0],
			"translation": [1.75, -0.25, 0],
			"scale": [0.9, 0.9, 0.9]
		},
		"head": {
			"translation": [0, -5, -18]
		},
		"fixed": {
			"rotation": [0, -90, 0],
			"translation": [0, 0, -0.75]
		}
	},
	"groups": [
		{
			"name": "laser",
			"origin": [8, 6, 12],
			"color": 0,
			"children": [0, 1, 2, 3, 4, 5, 6, 7, 8, 9, 10, 11, 12, 13, 14, 15, 16, 17, 18, 19]
		}
	]
}