{
	"format_version": "1.21.6",
	"credit": "Made with Blockbench",
	"textures": {
		"0": "chems_guns:item/gun_ammo/dshk",
		"1": "chems_guns:item/gun_ammo/rpg7",
		"2": "chems_guns:item/gun_ammo/20mmholes",
		"3": "chems_guns:item/gun_ammo/m4_carabine",
		"4": "chems_guns:item/gun_ammo/dp12",
		"5": "chems_guns:item/gun_ammo/fury_rocket_launcher_empty",
		"particle": "chems_guns:item/gun_ammo/dshk"
	},
	"elements": [
		{
			"from": [7.85, 7.8, 2.35],
			"to": [8.15, 8.6, 2.45],
			"rotation": {"angle": 0, "axis": "y", "origin": [-0.25, 1.5, -4.2]},
			"faces": {
				"north": {"uv": [0, 10, 10.5, 6.5], "rotation": 90, "texture": "#1"},
				"east": {"uv": [0, 9.5, 3.5, 10], "rotation": 90, "texture": "#1"},
				"south": {"uv": [0, 10, 10.5, 6.5], "rotation": 90, "texture": "#1"},
				"west": {"uv": [0, 10, 3.5, 9.5], "rotation": 90, "texture": "#1"},
				"up": {"uv": [0, 9.5, 3.5, 10], "texture": "#1"},
				"down": {"uv": [12.5, 13, 14, 11], "texture": "#1"}
			}
		},
		{
			"from": [7.85, 7.8, 2.55],
			"to": [8.15, 8.6, 2.65],
			"rotation": {"angle": -22.5, "axis": "x", "origin": [8, 8.2, 2.625]},
			"faces": {
				"north": {"uv": [0, 10, 10.5, 6.5], "rotation": 90, "texture": "#1"},
				"east": {"uv": [0, 9.5, 3.5, 10], "rotation": 90, "texture": "#1"},
				"south": {"uv": [0, 10, 10.5, 6.5], "rotation": 90, "texture": "#1"},
				"west": {"uv": [0, 10, 3.5, 9.5], "rotation": 90, "texture": "#1"},
				"up": {"uv": [0, 9.5, 3.5, 10], "texture": "#1"},
				"down": {"uv": [12.5, 13, 14, 11], "texture": "#1"}
			}
		},
		{
			"from": [7.85, 7.8, 9.05],
			"to": [8.15, 8.6, 9.2],
			"rotation": {"angle": 0, "axis": "y", "origin": [-0.25, 1.5, 2.5]},
			"faces": {
				"north": {"uv": [16, 5.5, 12.5, 16], "texture": "#1"},
				"east": {"uv": [0, 9.5, 3.5, 10], "rotation": 90, "texture": "#1"},
				"south": {"uv": [16, 5.5, 12.5, 16], "texture": "#1"},
				"west": {"uv": [0, 10, 3.5, 9.5], "rotation": 90, "texture": "#1"},
				"up": {"uv": [0, 9.5, 3.5, 10], "texture": "#1"},
				"down": {"uv": [12.5, 13, 14, 11], "texture": "#1"}
			}
		},
		{
			"from": [7.6501, 6.6, 13.05],
			"to": [8.3501, 7.45, 15],
			"rotation": {"angle": 22.5, "axis": "x", "origin": [8.05, 6.875, 14.075]},
			"faces": {
				"north": {"uv": [0, 1, 3, 3], "texture": "#0"},
				"east": {"uv": [12.5, 2.5, 14, 5], "rotation": 90, "texture": "#0"},
				"south": {"uv": [12.5, 6, 14, 7], "rotation": 90, "texture": "#0"},
				"west": {"uv": [12.5, 1.5, 14, 4.5], "rotation": 90, "texture": "#0"},
				"up": {"uv": [12.5, 2.5, 13.5, 5], "texture": "#0"},
				"down": {"uv": [12.5, 4, 13.5, 7], "texture": "#0"}
			}
		},
		{
			"from": [7.6502, 7, 13.05],
			"to": [8.3502, 7.85, 15],
			"rotation": {"angle": 0, "axis": "x", "origin": [8.05, 7.275, 14.075]},
			"faces": {
				"north": {"uv": [0, 1, 3, 3], "texture": "#0"},
				"east": {"uv": [12.5, 2.5, 14, 5], "rotation": 90, "texture": "#0"},
				"south": {"uv": [12.5, 6, 14, 7], "rotation": 90, "texture": "#0"},
				"west": {"uv": [12.5, 1.5, 14, 4.5], "rotation": 90, "texture": "#0"},
				"up": {"uv": [12.5, 2.5, 13.5, 5], "texture": "#0"},
				"down": {"uv": [12.5, 4, 13.5, 7], "texture": "#0"}
			}
		},
		{
			"from": [7.6501, 6.2, 14.65],
			"to": [8.3503, 7.85, 15.9],
			"rotation": {"angle": 0, "axis": "x", "origin": [8.05, 6.975, 15.675]},
			"faces": {
				"north": {"uv": [12.5, 3, 13.5, 5], "texture": "#0"},
				"east": {"uv": [12, 14, 14, 16], "rotation": 90, "texture": "#0"},
				"south": {"uv": [13, 6, 14, 8], "texture": "#0"},
				"west": {"uv": [12, 14, 14, 16], "rotation": 90, "texture": "#0"},
				"up": {"uv": [12.5, 2.5, 13.5, 4.5], "texture": "#0"},
				"down": {"uv": [12.5, 5, 13.5, 7], "texture": "#0"}
			}
		},
		{
			"from": [5.725, 4.87224, 8.9416],
			"to": [7.725, 7.59357, 10.6936],
			"rotation": {"angle": 0, "axis": "y", "origin": [6.725, 7.18291, 9.69166]},
			"faces": {
				"north": {"uv": [7.5, 6.5, 9.5, 10.5], "texture": "#0"},
				"east": {"uv": [7.5, 6.5, 9.5, 10.5], "texture": "#0"},
				"south": {"uv": [7.5, 6.5, 9.5, 10.5], "texture": "#0"},
				"west": {"uv": [7.5, 6.5, 9.5, 10.5], "texture": "#0"},
				"up": {"uv": [3, 3.5, 10, 10], "rotation": 90, "texture": "#5"},
				"down": {"uv": [7.5, 6.5, 9.5, 8.5], "rotation": 90, "texture": "#0"}
			}
		},
		{
			"from": [7.38, 7.775, 9.275],
			"to": [7.58, 7.975, 10.475],
			"rotation": {"angle": 0, "axis": "y", "origin": [7.6, 7.95, 9.625]},
			"faces": {
				"north": {"uv": [7.5, 13, 8.5, 14], "rotation": 90, "texture": "#0"},
				"east": {"uv": [7.5, 14, 9, 10.5], "rotation": 90, "texture": "#0"},
				"south": {"uv": [8.5, 10.5, 7.5, 11.5], "rotation": 90, "texture": "#0"},
				"west": {"uv": [9, 10.5, 7.5, 14], "rotation": 90, "texture": "#0"},
				"up": {"uv": [9, 14, 7.5, 10.5], "texture": "#0"},
				"down": {"uv": [9, 10.5, 7.5, 14], "texture": "#0"}
			}
		},
		{
			"from": [7.18, 7.675, 9.275],
			"to": [7.38, 7.875, 10.475],
			"rotation": {"angle": 0, "axis": "y", "origin": [7.4, 7.85, 9.625]},
			"faces": {
				"north": {"uv": [7.5, 13, 8.5, 14], "rotation": 90, "texture": "#0"},
				"east": {"uv": [7.5, 14, 9, 10.5], "rotation": 90, "texture": "#0"},
				"south": {"uv": [8.5, 10.5, 7.5, 11.5], "rotation": 90, "texture": "#0"},
				"west": {"uv": [9, 10.5, 7.5, 14], "rotation": 90, "texture": "#0"},
				"up": {"uv": [9, 14, 7.5, 10.5], "texture": "#0"},
				"down": {"uv": [9, 10.5, 7.5, 14], "texture": "#0"}
			}
		},
		{
			"from": [7.08, 7.475, 9.275],
			"to": [7.28, 7.675, 10.475],
			"rotation": {"angle": 0, "axis": "y", "origin": [7.3, 7.65, 9.625]},
			"faces": {
				"north": {"uv": [7.5, 13, 8.5, 14], "rotation": 90, "texture": "#0"},
				"east": {"uv": [7.5, 14, 9, 10.5], "rotation": 90, "texture": "#0"},
				"south": {"uv": [8.5, 10.5, 7.5, 11.5], "rotation": 90, "texture": "#0"},
				"west": {"uv": [9, 10.5, 7.5, 14], "rotation": 90, "texture": "#0"},
				"up": {"uv": [9, 14, 7.5, 10.5], "texture": "#0"},
				"down": {"uv": [9, 10.5, 7.5, 14], "texture": "#0"}
			}
		},
		{
			"from": [7.9, 6.9, 2.75],
			"to": [8.06427, 7.3, 8.1],
			"rotation": {"angle": 0, "axis": "y", "origin": [7.98213, 7.1, 5.575]},
			"faces": {
				"north": {"uv": [0, 6, 3, 9], "texture": "#3"},
				"east": {"uv": [0, 2, 13, 0], "texture": "#3"},
				"south": {"uv": [0, 4, 3.5, 6], "texture": "#3"},
				"west": {"uv": [13, 2, 0, 0], "texture": "#3"},
				"up": {"uv": [0, 0, 13, 2], "rotation": 90, "texture": "#3"},
				"down": {"uv": [13, 0, 0, 2], "rotation": 90, "texture": "#3"}
			}
		},
		{
			"from": [7.9, 6.9, 2.75],
			"to": [8.06427, 7.3, 8.1],
			"rotation": {"angle": 45, "axis": "z", "origin": [7.98213, 7.1, 5.575]},
			"faces": {
				"north": {"uv": [3, 6, 0, 9], "texture": "#3"},
				"east": {"uv": [0, 2, 13, 0], "texture": "#3"},
				"south": {"uv": [0, 4, 3.5, 6], "texture": "#3"},
				"west": {"uv": [13, 2, 0, 0], "texture": "#3"},
				"up": {"uv": [0, 0, 13, 2], "rotation": 90, "texture": "#3"},
				"down": {"uv": [13, 0, 0, 2], "rotation": 90, "texture": "#3"}
			}
		},
		{
			"from": [7.78213, 7.01787, 2.75],
			"to": [8.18213, 7.18213, 8.1],
			"rotation": {"angle": 0, "axis": "y", "origin": [7.98213, 7.1, 5.575]},
			"faces": {
				"north": {"uv": [0, 6, 3, 9], "rotation": 90, "texture": "#3"},
				"east": {"uv": [13, 0, 0, 2], "texture": "#3"},
				"south": {"uv": [0, 4, 3.5, 6], "rotation": 270, "texture": "#3"},
				"west": {"uv": [0, 0, 13, 2], "texture": "#3"},
				"up": {"uv": [0, 2, 13, 0], "rotation": 270, "texture": "#3"},
				"down": {"uv": [13, 2, 0, 0], "rotation": 270, "texture": "#3"}
			}
		},
		{
			"from": [7.78213, 7.01787, 2.75],
			"to": [8.18213, 7.18213, 8.1],
			"rotation": {"angle": 45, "axis": "z", "origin": [7.98213, 7.1, 5.575]},
			"faces": {
				"north": {"uv": [3, 6, 0, 9], "rotation": 270, "texture": "#3"},
				"east": {"uv": [0, 0, 13, 2], "rotation": 180, "texture": "#3"},
				"south": {"uv": [0, 4, 3.5, 6], "rotation": 90, "texture": "#3"},
				"west": {"uv": [13, 0, 0, 2], "rotation": 180, "texture": "#3"},
				"up": {"uv": [13, 2, 0, 0], "rotation": 90, "texture": "#3"},
				"down": {"uv": [0, 2, 13, 0], "rotation": 90, "texture": "#3"}
			}
		},
		{
			"from": [7.9, 7.8, 0.75],
			"to": [8.06427, 7.9, 9.5],
			"rotation": {"angle": 0, "axis": "y", "origin": [7.98213, 7.7, 5.575]},
			"faces": {
				"north": {"uv": [0, 6, 3, 9], "texture": "#3"},
				"east": {"uv": [0, 2, 13, 0], "texture": "#3"},
				"south": {"uv": [0, 4, 3.5, 6], "texture": "#3"},
				"west": {"uv": [13, 2, 0, 0], "texture": "#3"},
				"up": {"uv": [0, 0, 13, 2], "rotation": 90, "texture": "#3"},
				"down": {"uv": [13, 0, 0, 2], "rotation": 90, "texture": "#3"}
			}
		},
		{
			"from": [7.9, 7.8, 0.75],
			"to": [8.06427, 7.9, 9.5],
			"rotation": {"angle": 45, "axis": "z", "origin": [7.98213, 7.7, 5.575]},
			"faces": {
				"north": {"uv": [3, 6, 0, 9], "texture": "#3"},
				"east": {"uv": [0, 2, 13, 0], "texture": "#3"},
				"south": {"uv": [0, 4, 3.5, 6], "texture": "#3"},
				"west": {"uv": [13, 2, 0, 0], "texture": "#3"},
				"up": {"uv": [0, 0, 13, 2], "rotation": 90, "texture": "#3"},
				"down": {"uv": [13, 0, 0, 2], "rotation": 90, "texture": "#3"}
			}
		},
		{
			"from": [7.78213, 7.61787, 0.75],
			"to": [7.88213, 7.78213, 9.5],
			"rotation": {"angle": 0, "axis": "z", "origin": [7.98213, 7.7, 5.575]},
			"faces": {
				"north": {"uv": [0, 6, 3, 9], "rotation": 90, "texture": "#3"},
				"east": {"uv": [13, 0, 0, 2], "texture": "#3"},
				"south": {"uv": [0, 4, 3.5, 6], "rotation": 270, "texture": "#3"},
				"west": {"uv": [0, 0, 13, 2], "texture": "#3"},
				"up": {"uv": [0, 2, 13, 0], "rotation": 270, "texture": "#3"},
				"down": {"uv": [13, 2, 0, 0], "rotation": 270, "texture": "#3"}
			}
		},
		{
			"from": [7.78213, 7.61787, 0.75],
			"to": [7.88213, 7.78213, 9.5],
			"rotation": {"angle": 45, "axis": "z", "origin": [7.98213, 7.7, 5.575]},
			"faces": {
				"north": {"uv": [3, 6, 0, 9], "rotation": 90, "texture": "#3"},
				"east": {"uv": [13, 0, 0, 2], "texture": "#3"},
				"south": {"uv": [0, 4, 3.5, 6], "rotation": 270, "texture": "#3"},
				"west": {"uv": [0, 0, 13, 2], "texture": "#3"},
				"up": {"uv": [0, 2, 13, 0], "rotation": 270, "texture": "#3"},
				"down": {"uv": [13, 2, 0, 0], "rotation": 270, "texture": "#3"}
			}
		},
		{
			"from": [7.9, 7.5, 0.75],
			"to": [8.06427, 7.6, 9.5],
			"rotation": {"angle": 0, "axis": "z", "origin": [7.98213, 7.7, 5.575]},
			"faces": {
				"north": {"uv": [0, 6, 3, 9], "rotation": 180, "texture": "#3"},
				"east": {"uv": [13, 2, 0, 0], "rotation": 180, "texture": "#3"},
				"south": {"uv": [0, 4, 3.5, 6], "rotation": 180, "texture": "#3"},
				"west": {"uv": [0, 2, 13, 0], "rotation": 180, "texture": "#3"},
				"up": {"uv": [13, 0, 0, 2], "rotation": 270, "texture": "#3"},
				"down": {"uv": [0, 0, 13, 2], "rotation": 270, "texture": "#3"}
			}
		},
		{
			"from": [7.9, 7.5, 0.75],
			"to": [8.06427, 7.6, 9.5],
			"rotation": {"angle": 45, "axis": "z", "origin": [7.98213, 7.7, 5.575]},
			"faces": {
				"north": {"uv": [3, 6, 0, 9], "rotation": 180, "texture": "#3"},
				"east": {"uv": [13, 2, 0, 0], "rotation": 180, "texture": "#3"},
				"south": {"uv": [0, 4, 3.5, 6], "rotation": 180, "texture": "#3"},
				"west": {"uv": [0, 2, 13, 0], "rotation": 180, "texture": "#3"},
				"up": {"uv": [13, 0, 0, 2], "rotation": 270, "texture": "#3"},
				"down": {"uv": [0, 0, 13, 2], "rotation": 270, "texture": "#3"}
			}
		},
		{
			"from": [8.08213, 7.61787, 0.75],
			"to": [8.18213, 7.78213, 9.5],
			"rotation": {"angle": 0, "axis": "z", "origin": [7.98213, 7.7, 5.575]},
			"faces": {
				"north": {"uv": [0, 6, 3, 9], "rotation": 270, "texture": "#3"},
				"east": {"uv": [0, 0, 13, 2], "rotation": 180, "texture": "#3"},
				"south": {"uv": [0, 4, 3.5, 6], "rotation": 90, "texture": "#3"},
				"west": {"uv": [13, 0, 0, 2], "rotation": 180, "texture": "#3"},
				"up": {"uv": [13, 2, 0, 0], "rotation": 90, "texture": "#3"},
				"down": {"uv": [0, 2, 13, 0], "rotation": 90, "texture": "#3"}
			}
		},
		{
			"from": [8.08213, 7.61787, 0.75],
			"to": [8.18213, 7.78213, 9.5],
			"rotation": {"angle": 45, "axis": "z", "origin": [7.98213, 7.7, 5.575]},
			"faces": {
				"north": {"uv": [3, 6, 0, 9], "rotation": 270, "texture": "#3"},
				"east": {"uv": [0, 0, 13, 2], "rotation": 180, "texture": "#3"},
				"south": {"uv": [0, 4, 3.5, 6], "rotation": 90, "texture": "#3"},
				"west": {"uv": [13, 0, 0, 2], "rotation": 180, "texture": "#3"},
				"up": {"uv": [13, 2, 0, 0], "rotation": 90, "texture": "#3"},
				"down": {"uv": [0, 2, 13, 0], "rotation": 90, "texture": "#3"}
			}
		},
		{
			"from": [6.35, 3.675, 1.875],
			"to": [6.65, 3.725, 2.175],
			"rotation": {"angle": 0, "axis": "x", "origin": [6.6, 3.7, 2.025]},
			"faces": {
				"north": {"uv": [0, 0, 1, 2], "rotation": 270, "texture": "#3"},
				"east": {"uv": [0, 2, 1, 0], "rotation": 90, "texture": "#3"},
				"south": {"uv": [1, 0, 0, 2], "rotation": 90, "texture": "#3"},
				"west": {"uv": [1, 2, 0, 0], "rotation": 270, "texture": "#3"},
				"up": {"uv": [0, 4, 3, 6], "texture": "#3"},
				"down": {"uv": [0, 7, 2, 9], "rotation": 180, "texture": "#3"}
			}
		},
		{
			"from": [9.35, 3.675, 1.875],
			"to": [9.65, 3.725, 2.175],
			"rotation": {"angle": 0, "axis": "y", "origin": [9.6, 3.7, 2.025]},
			"faces": {
				"north": {"uv": [0, 0, 1, 2], "rotation": 270, "texture": "#3"},
				"east": {"uv": [0, 2, 1, 0], "rotation": 90, "texture": "#3"},
				"south": {"uv": [1, 0, 0, 2], "rotation": 90, "texture": "#3"},
				"west": {"uv": [1, 2, 0, 0], "rotation": 270, "texture": "#3"},
				"up": {"uv": [0, 4, 3, 6], "texture": "#3"},
				"down": {"uv": [0, 7, 2, 9], "rotation": 180, "texture": "#3"}
			}
		},
		{
			"from": [7.8, 3.4, 1.95],
			"to": [7.9, 6.9, 2.05],
			"rotation": {"angle": -22.5, "axis": "z", "origin": [7.95, 6.85, 2.1]},
			"faces": {
				"north": {"uv": [12.5, 7, 13.5, 16], "texture": "#0"},
				"east": {"uv": [14, 7, 12.5, 16], "rotation": 90, "texture": "#0"},
				"south": {"uv": [12.5, 6, 13.5, 16], "texture": "#0"},
				"west": {"uv": [14, 16, 13, 6.5], "texture": "#0"},
				"up": {"uv": [12.5, 11, 14, 13], "texture": "#0"},
				"down": {"uv": [12.5, 13, 14, 11], "texture": "#0"}
			}
		},
		{
			"from": [8.1, 3.4, 1.95],
			"to": [8.2, 6.9, 2.05],
			"rotation": {"angle": 22.5, "axis": "z", "origin": [8.05, 6.85, 2.1]},
			"faces": {
				"north": {"uv": [12.5, 7, 13.5, 16], "texture": "#0"},
				"east": {"uv": [14, 7, 12.5, 16], "rotation": 90, "texture": "#0"},
				"south": {"uv": [12.5, 6, 13.5, 16], "texture": "#0"},
				"west": {"uv": [14, 16, 13, 6.5], "texture": "#0"},
				"up": {"uv": [12.5, 11, 14, 13], "texture": "#0"},
				"down": {"uv": [12.5, 13, 14, 11], "texture": "#0"}
			}
		},
		{
			"from": [7.05, 7.9, 6.75],
			"to": [7.65, 8, 6.85],
			"rotation": {"angle": 0, "axis": "z", "origin": [7.05, 7.85, 6.7]},
			"faces": {
				"north": {"uv": [2.5, 8.5, 5, 8], "texture": "#0"},
				"east": {"uv": [3.1, 11.57692, 2.5, 11.5], "rotation": 180, "texture": "#0"},
				"south": {"uv": [2.5, 10.5, 5, 11], "rotation": 180, "texture": "#0"},
				"west": {"uv": [2.5, 11.57692, 3.1, 11.5], "rotation": 180, "texture": "#0"},
				"up": {"uv": [4, 8.5, 6.5, 9], "rotation": 180, "texture": "#0"},
				"down": {"uv": [2.5, 8, 5, 8.5], "rotation": 180, "texture": "#0"}
			}
		},
		{
			"from": [7.6, 7.9, 6.8],
			"to": [7.7, 8, 7.4],
			"rotation": {"angle": 0, "axis": "y", "origin": [7.75, 7.85, 6.8]},
			"faces": {
				"north": {"uv": [2.5, 11.57692, 3.1, 11.5], "rotation": 180, "texture": "#0"},
				"east": {"uv": [2.5, 8.5, 5, 8], "texture": "#0"},
				"south": {"uv": [3.1, 11.57692, 2.5, 11.5], "rotation": 180, "texture": "#0"},
				"west": {"uv": [2.5, 10.5, 5, 11], "rotation": 180, "texture": "#0"},
				"up": {"uv": [4, 8.5, 6.5, 9], "rotation": 270, "texture": "#0"},
				"down": {"uv": [2.5, 8, 5, 8.5], "rotation": 90, "texture": "#0"}
			}
		},
		{
			"from": [6.95, 7.85709, 6.78837],
			"to": [7.15, 8.05709, 8.28837],
			"rotation": {"angle": 0, "axis": "x", "origin": [7.05, 7.90709, 7.08837]},
			"faces": {
				"north": {"uv": [12.5, 11, 14, 13], "rotation": 180, "texture": "#0"},
				"east": {"uv": [12.5, 13.5, 13.5, 3.5], "rotation": 90, "texture": "#0"},
				"south": {"uv": [12.5, 13, 14, 11], "texture": "#0"},
				"west": {"uv": [14, 16, 13, 6.5], "rotation": 270, "texture": "#0"},
				"up": {"uv": [12.5, 6, 13.5, 16], "texture": "#0"},
				"down": {"uv": [12.5, 7, 13.5, 16], "rotation": 180, "texture": "#0"}
			}
		},
		{
			"from": [7.7, 5.1, 12.15],
			"to": [8.3, 7, 12.9],
			"rotation": {"angle": -22.5, "axis": "x", "origin": [8, 6.25, 12.725]},
			"faces": {
				"north": {"uv": [12.5, 12, 14, 16], "texture": "#0"},
				"east": {"uv": [12.5, 16, 14, 12], "texture": "#0"},
				"south": {"uv": [12.5, 12, 13.5, 16], "texture": "#0"},
				"west": {"uv": [14, 16, 12.5, 12], "texture": "#0"},
				"up": {"uv": [12.5, 11, 14, 13], "texture": "#0"},
				"down": {"uv": [12.5, 13, 14, 11], "texture": "#0"}
			}
		},
		{
			"from": [7.8, 6.1, 11.55],
			"to": [8.2, 7.7, 12.3],
			"rotation": {"angle": 0, "axis": "x", "origin": [8, 6.95, 12.125]},
			"faces": {
				"north": {"uv": [12.5, 13, 14, 16], "texture": "#0"},
				"east": {"uv": [12.5, 16, 14, 13], "texture": "#0"},
				"south": {"uv": [12.5, 13, 13.5, 16], "texture": "#0"},
				"west": {"uv": [14, 16, 12.5, 13], "texture": "#0"},
				"up": {"uv": [12.5, 11, 14, 13], "texture": "#0"},
				"down": {"uv": [12.5, 13, 14, 11], "texture": "#0"}
			}
		},
		{
			"from": [7.625, 6.4, 7.2],
			"to": [8.375, 7.09, 9.05],
			"rotation": {"angle": 0, "axis": "y", "origin": [8, 6.795, 8.825]},
			"faces": {
				"north": {"uv": [2.5, 0, 8.5, 6], "texture": "#4"},
				"east": {"uv": [0.89, 11, 0.5, 0], "rotation": 90, "texture": "#4"},
				"south": {"uv": [2.5, 0, 8.5, 6], "texture": "#4"},
				"west": {"uv": [0.39, 11, 0, 0], "rotation": 90, "texture": "#4"},
				"up": {"uv": [0, 0, 1, 11], "texture": "#4"},
				"down": {"uv": [0, 0, 1, 11], "texture": "#4"}
			}
		},
		{
			"from": [7.625, 6.4, 5.35],
			"to": [8.375, 7.09, 7.2],
			"rotation": {"angle": 0, "axis": "y", "origin": [8, 6.795, 6.925]},
			"faces": {
				"north": {"uv": [2.5, 0, 8.5, 6], "texture": "#4"},
				"east": {"uv": [0.89, 11, 0.5, 0], "rotation": 90, "texture": "#4"},
				"south": {"uv": [2.5, 0, 8.5, 6], "texture": "#4"},
				"west": {"uv": [0.39, 11, 0, 0], "rotation": 90, "texture": "#4"},
				"up": {"uv": [0, 0, 1, 11], "texture": "#4"},
				"down": {"uv": [0, 0, 1, 11], "texture": "#4"}
			}
		},
		{
			"from": [7.675, 7.4, 7],
			"to": [8.325, 8.09, 8.95],
			"rotation": {"angle": 0, "axis": "y", "origin": [8, 7.795, 9.325]},
			"faces": {
				"north": {"uv": [9, 10.5, 12.5, 14], "texture": "#2"},
				"east": {"uv": [0, 7, 8.5, 8], "texture": "#2"},
				"south": {"uv": [9, 10.5, 12.5, 14], "texture": "#2"},
				"west": {"uv": [0, 7, 8.5, 8], "texture": "#2"},
				"up": {"uv": [0, 7, 8.5, 7.5], "rotation": 90, "texture": "#2"},
				"down": {"uv": [0, 0, 5, 1.85], "rotation": 90, "texture": "#2"}
			}
		},
		{
			"from": [7.675, 7.4, 5.45],
			"to": [8.325, 8.09, 7],
			"rotation": {"angle": 0, "axis": "y", "origin": [8, 7.795, 7.425]},
			"faces": {
				"north": {"uv": [9, 10.5, 12.5, 14], "texture": "#2"},
				"east": {"uv": [0, 7, 7.5, 8], "texture": "#2"},
				"south": {"uv": [9, 10.5, 12.5, 14], "texture": "#2"},
				"west": {"uv": [0, 7, 7.5, 8], "texture": "#2"},
				"up": {"uv": [0, 7, 7.5, 7.5], "rotation": 90, "texture": "#2"},
				"down": {"uv": [0, 0, 5, 1.85], "rotation": 90, "texture": "#2"}
			}
		},
		{
			"from": [7.15, 4.09481, 1.85],
			"to": [7.17, 6.54481, 2.4],
			"rotation": {"angle": -22.5, "axis": "z", "origin": [7.11162, 5.31981, 2.125]},
			"faces": {
				"north": {"uv": [0, 8.5, 8.5, 9], "rotation": 90, "texture": "#2"},
				"east": {"uv": [0, 5.5, 10.5, 8], "rotation": 90, "texture": "#2"},
				"south": {"uv": [0, 8.5, 8.5, 9], "rotation": 270, "texture": "#2"},
				"west": {"uv": [0, 5.5, 10.5, 8], "rotation": 270, "texture": "#2"},
				"up": {"uv": [11, 5.5, 11.5, 8.5], "rotation": 270, "texture": "#2"},
				"down": {"uv": [9, 10.5, 12.5, 14], "rotation": 270, "texture": "#2"}
			}
		},
		{
			"from": [8.85, 4.09481, 1.85],
			"to": [8.87, 6.54481, 2.4],
			"rotation": {"angle": 22.5, "axis": "z", "origin": [8.81162, 5.31981, 2.125]},
			"faces": {
				"north": {"uv": [0, 8.5, 8.5, 9], "rotation": 90, "texture": "#2"},
				"east": {"uv": [0, 5.5, 10.5, 8], "rotation": 90, "texture": "#2"},
				"south": {"uv": [0, 8.5, 8.5, 9], "rotation": 270, "texture": "#2"},
				"west": {"uv": [0, 5.5, 10.5, 8], "rotation": 270, "texture": "#2"},
				"up": {"uv": [11, 5.5, 11.5, 8.5], "rotation": 270, "texture": "#2"},
				"down": {"uv": [9, 10.5, 12.5, 14], "rotation": 270, "texture": "#2"}
			}
		},
		{
			"from": [7.525, 6.67224, 10.69166],
			"to": [8.475, 7.86224, 13.49166],
			"rotation": {"angle": 0, "axis": "x", "origin": [8, 7.56724, 10.59166]},
			"faces": {
				"north": {"uv": [1.5, 2.5, 4, 4], "texture": "#0"},
				"east": {"uv": [3.5, 0, 8.5, 2.5], "texture": "#0"},
				"south": {"uv": [1.5, 2.5, 4, 4], "texture": "#0"},
				"west": {"uv": [3.5, 0, 8.5, 2.39], "texture": "#0"},
				"up": {"uv": [3.5, 0, 8.5, 2], "rotation": 90, "texture": "#0"},
				"down": {"uv": [4.5, 0, 8.5, 2], "rotation": 90, "texture": "#0"}
			}
		},
		{
			"from": [7.725, 6.67224, 5.29166],
			"to": [8.275, 7.66224, 9.19166],
			"rotation": {"angle": 0, "axis": "y", "origin": [8, 7.56724, 5.69166]},
			"faces": {
				"north": {"uv": [1.5, 2.5, 4, 4], "texture": "#0"},
				"east": {"uv": [0.5, 0, 9, 2.39], "texture": "#0"},
				"south": {"uv": [1.5, 2.5, 4, 4], "texture": "#0"},
				"west": {"uv": [0.5, 0, 9, 2.39], "texture": "#0"},
				"up": {"uv": [0, 0, 5, 1.85], "rotation": 90, "texture": "#0"},
				"down": {"uv": [0, 0, 5, 2], "rotation": 90, "texture": "#0"}
			}
		},
		{
			"from": [7.725, 7.77224, 9.19166],
			"to": [8.275, 8.26224, 11.79166],
			"rotation": {"angle": 0, "axis": "y", "origin": [8, 8.66724, 9.49166]},
			"faces": {
				"north": {"uv": [1.5, 2.5, 4, 4], "texture": "#0"},
				"east": {"uv": [0, 0, 5, 1], "texture": "#0"},
				"south": {"uv": [1.5, 2.5, 4, 4], "texture": "#0"},
				"west": {"uv": [0, 0, 5, 1], "texture": "#0"},
				"up": {"uv": [0, 0, 5, 1.85], "rotation": 90, "texture": "#0"},
				"down": {"uv": [0, 0, 5, 2], "rotation": 90, "texture": "#0"}
			}
		},
		{
			"from": [7.7251, 7.48, 11.63],
			"to": [8.2751, 7.97, 13.33],
			"rotation": {"angle": 22.5, "axis": "x", "origin": [8, 7.71724, 12.44166]},
			"faces": {
				"north": {"uv": [1.5, 2.5, 4, 4], "texture": "#0"},
				"east": {"uv": [0, 0, 5, 1], "texture": "#0"},
				"south": {"uv": [1.5, 2.5, 4, 4], "texture": "#0"},
				"west": {"uv": [0.5, 0, 4, 1], "texture": "#0"},
				"up": {"uv": [0, 0, 5, 1], "rotation": 90, "texture": "#0"},
				"down": {"uv": [0, 0, 5, 2], "rotation": 90, "texture": "#0"}
			}
		},
		{
			"from": [7.725, 6.87224, 1.89166],
			"to": [8.275, 7.96224, 2.29166],
			"rotation": {"angle": 0, "axis": "y", "origin": [8, 7.66724, 1.79166]},
			"faces": {
				"north": {"uv": [2.5, 10, 3.5, 12.5], "texture": "#0"},
				"east": {"uv": [5, 9.5, 6, 12], "texture": "#0"},
				"south": {"uv": [5, 9.5, 6, 12], "texture": "#0"},
				"west": {"uv": [5.5, 9.5, 6.5, 12], "texture": "#0"},
				"up": {"uv": [5, 10.5, 6, 12], "rotation": 90, "texture": "#0"},
				"down": {"uv": [5, 11, 6, 12], "rotation": 90, "texture": "#0"}
			}
		},
		{
			"from": [7.725, 7.27224, 3.29166],
			"to": [8.275, 7.96224, 3.49166],
			"rotation": {"angle": 0, "axis": "y", "origin": [8, 7.66724, 3.19166]},
			"faces": {
				"north": {"uv": [2.5, 10, 3.5, 12.5], "texture": "#0"},
				"east": {"uv": [5, 9.5, 6, 12], "texture": "#0"},
				"south": {"uv": [5, 9.5, 6, 12], "texture": "#0"},
				"west": {"uv": [5.5, 9.5, 6.5, 12], "texture": "#0"},
				"up": {"uv": [5, 10.5, 6, 12], "rotation": 90, "texture": "#0"},
				"down": {"uv": [5, 11, 6, 12], "rotation": 90, "texture": "#0"}
			}
		},
		{
			"from": [7.725, 6.87224, 3.99166],
			"to": [8.275, 7.96224, 4.19166],
			"rotation": {"angle": 0, "axis": "y", "origin": [8, 7.66724, 3.89166]},
			"faces": {
				"north": {"uv": [2.5, 10, 3.5, 12.5], "texture": "#0"},
				"east": {"uv": [5, 9.5, 6, 12], "texture": "#0"},
				"south": {"uv": [5, 9.5, 6, 12], "texture": "#0"},
				"west": {"uv": [5.5, 9.5, 6.5, 12], "texture": "#0"},
				"up": {"uv": [5, 10.5, 6, 12], "rotation": 90, "texture": "#0"},
				"down": {"uv": [5, 11, 6, 12], "rotation": 90, "texture": "#0"}
			}
		},
		{
			"from": [7.625, 6.92224, 9.14166],
			"to": [8.375, 7.86224, 10.69166],
			"rotation": {"angle": 0, "axis": "y", "origin": [8, 7.56724, 7.79166]},
			"faces": {
				"north": {"uv": [1.5, 2.5, 4, 4], "texture": "#0"},
				"east": {"uv": [5, 0, 8, 1.89], "texture": "#0"},
				"south": {"uv": [1.5, 2.5, 4, 4], "texture": "#0"},
				"west": {"uv": [5, 0, 8, 1.89], "texture": "#0"},
				"up": {"uv": [5, 0, 8, 1.85], "rotation": 90, "texture": "#0"},
				"down": {"uv": [5, 0, 8, 2], "rotation": 90, "texture": "#0"}
			}
		}
	],
	"display": {
		"thirdperson_righthand": {
			"translation": [-0.25, 2, -4.25],
			"scale": [1.56, 1.56, 1.56]
		},
		"thirdperson_lefthand": {
			"translation": [-12.25, 1.5, -0.75],
			"scale": [0.75, 0.75, 0.75]
		},
		"firstperson_righthand": {
			"translation": [-8.96, 16.25, 3.25],
			"scale": [3.42, 3.42, 1.36]
		},
		"ground": {
			"translation": [0, -0.5, -1.25],
			"scale": [1.65, 1.65, 1.65]
		},
		"gui": {
			"rotation": [17, 149, 0],
			"translation": [-1, 2.25, 0],
			"scale": [2.37, 2.37, 2.37]
		},
		"head": {
			"translation": [0, 12.5, -9.5],
			"scale": [2.61, 2.61, 2.61]
		},
		"fixed": {
			"rotation": [90, -90, -180],
			"translation": [3.75, 0, -11.25],
			"scale": [3.04, 3.04, 3.04]
		}
	},
	"groups": [
		{
			"name": "sights",
			"origin": [7.8, 8.5, 12.625],
			"color": 0,
			"children": [0, 1, 2]
		},
		3,
		4,
		5,
		{
			"name": "mag",
			"origin": [7.25, 7.95, 12.625],
			"color": 0,
			"children": [6, 7, 8, 9]
		},
		{
			"name": "barrel",
			"origin": [7.25, 7.95, 12.625],
			"color": 0,
			"children": [
				{
					"name": "cylinder",
					"origin": [-0.25, 0.7, 1],
					"color": 0,
					"children": [10, 11, 12, 13]
				},
				{
					"name": "cylinder",
					"origin": [-0.25, 0.7, 1],
					"color": 0,
					"children": [14, 15, 16, 17, 18, 19, 20, 21]
				},
				22,
				23,
				24,
				25,
				26,
				27,
				28,
				29,
				30
			]
		},
		{
			"name": "front",
			"origin": [0, 0, 0],
			"color": 0,
			"children": [31, 32, 33, 34, 35, 36, 37, 38, 39, 40, 41, 42, 43, 44]
		},
		{
			"name": "octagon",
			"origin": [8, 8, 8],
			"color": 0,
			"children": []
		},
		{
			"name": "ammo",
			"origin": [0, 0, 0],
			"color": 0,
			"children": []
		},
		{
			"name": "stock",
			"origin": [8, 8.25, 10.5],
			"color": 0,
			"children": []
		}
	]
}