{
	"format_version": "1.21.6",
	"credit": "Made with Blockbench",
	"texture_size": [8, 8],
	"textures": {
		"particle": "chems_guns:item/gun_ammo/m61"
	},
	"elements": [
		{
			"from": [-16, 4.8, 7.5],
			"to": [-14, 10, 8.5],
			"rotation": {"angle": 22.5, "axis": "z", "origin": [-16, 7, 6.5]},
			"faces": {
				"north": {"uv": [11.5, 4.5, 16, 6.5], "rotation": 90, "texture": "#particle"},
				"east": {"uv": [12.1, 5, 16, 6], "rotation": 90, "texture": "#particle"},
				"south": {"uv": [11.5, 4.5, 16, 6.5], "rotation": 90, "texture": "#particle"},
				"west": {"uv": [12, 5, 16, 6], "rotation": 90, "texture": "#particle"},
				"up": {"uv": [14, 5.5, 16, 6.5], "texture": "#particle"},
				"down": {"uv": [14, 0, 16, 1.5], "texture": "#particle"}
			}
		},
		{
			"from": [-15.1, 5, 7.499],
			"to": [-12, 7, 8.501],
			"rotation": {"angle": 0, "axis": "y", "origin": [-13.55, 6, 8]},
			"faces": {
				"north": {"uv": [14, 0, 15.5, 2], "rotation": 90, "texture": "#particle"},
				"east": {"uv": [14, 0, 16, 4], "texture": "#particle"},
				"south": {"uv": [14, 0, 16, 1.5], "texture": "#particle"},
				"west": {"uv": [14, 0, 16, 1.5], "texture": "#particle"},
				"up": {"uv": [14, 0, 16, 0.5], "texture": "#particle"},
				"down": {"uv": [14, 0, 16, 0.5], "texture": "#particle"}
			}
		},
		{
			"from": [-12.5, 7, 7.75],
			"to": [-12, 10, 8.25],
			"rotation": {"angle": 0, "axis": "y", "origin": [-13.55, 10, 8]},
			"faces": {
				"north": {"uv": [12.5, 12, 13, 16], "texture": "#particle"},
				"east": {"uv": [14, 12, 14.5, 16], "texture": "#particle"},
				"south": {"uv": [15.5, 12, 16, 16], "texture": "#particle"},
				"west": {"uv": [15.5, 12, 16, 16], "texture": "#particle"},
				"up": {"uv": [12.5, 12, 16, 13], "texture": "#particle"},
				"down": {"uv": [14, 12, 16, 13.5], "texture": "#particle"}
			}
		},
		{
			"from": [-3.1, 8.2, 7.75],
			"to": [-2.6, 11.2, 8.25],
			"rotation": {"angle": -45, "axis": "z", "origin": [-4.15, 11.2, 8]},
			"faces": {
				"north": {"uv": [12.5, 12, 13, 16], "texture": "#particle"},
				"east": {"uv": [14, 12, 14.5, 16], "texture": "#particle"},
				"south": {"uv": [15.5, 12, 16, 16], "texture": "#particle"},
				"west": {"uv": [15.5, 12, 16, 16], "texture": "#particle"},
				"up": {"uv": [12.5, 12, 16, 13], "texture": "#particle"},
				"down": {"uv": [14, 12, 16, 13.5], "texture": "#particle"}
			}
		},
		{
			"from": [-12.5, 10, 7.75],
			"to": [-9.7, 10.5001, 8.25],
			"rotation": {"angle": 0, "axis": "y", "origin": [-13.55, 13, 8]},
			"faces": {
				"north": {"uv": [14, 12, 14.5, 16], "rotation": 90, "texture": "#particle"},
				"east": {"uv": [14, 12, 16, 16], "texture": "#particle"},
				"south": {"uv": [15.5, 12, 16, 16], "rotation": 90, "texture": "#particle"},
				"west": {"uv": [13.5, 15, 14.5, 16], "texture": "#particle"},
				"up": {"uv": [13, 12, 14, 16], "rotation": 90, "texture": "#particle"},
				"down": {"uv": [12, 12, 12.5, 16], "rotation": 90, "texture": "#particle"}
			}
		},
		{
			"from": [-3.5, 10, 4.75],
			"to": [-2.5, 10.5001, 11.25],
			"rotation": {"angle": 0, "axis": "y", "origin": [-6.55, 13, 8]},
			"faces": {
				"north": {"uv": [12, 12, 13, 12.5], "texture": "#particle"},
				"east": {"uv": [12, 15.5, 16, 16], "texture": "#particle"},
				"south": {"uv": [15, 12, 16, 12.5], "texture": "#particle"},
				"west": {"uv": [11.5, 12, 16, 12.5], "texture": "#particle"},
				"up": {"uv": [15, 12, 16, 16], "texture": "#particle"},
				"down": {"uv": [15, 12, 16, 16], "texture": "#particle"}
			}
		},
		{
			"from": [-3.2, 10.5, 9.25],
			"to": [-2.7, 12, 9.75],
			"rotation": {"angle": 0, "axis": "y", "origin": [-2.95, 10.75, 9.5]},
			"faces": {
				"north": {"uv": [14.5, 12, 15.5, 14.5], "texture": "#particle"},
				"east": {"uv": [13, 12, 14, 14.5], "texture": "#particle"},
				"south": {"uv": [12, 12, 13, 14.5], "texture": "#particle"},
				"west": {"uv": [13.5, 12, 14.5, 14.5], "texture": "#particle"},
				"up": {"uv": [15, 12, 16, 16], "texture": "#particle"},
				"down": {"uv": [15.5, 12, 16, 12.5], "texture": "#particle"}
			}
		},
		{
			"from": [-3.2, 12, 6.25],
			"to": [-2.7, 12.5, 9.75],
			"rotation": {"angle": 0, "axis": "y", "origin": [-2.95, 12.25, 9.5]},
			"faces": {
				"north": {"uv": [13.5, 15, 14.5, 16], "rotation": 90, "texture": "#particle"},
				"east": {"uv": [12.5, 15.5, 16, 16], "texture": "#particle"},
				"south": {"uv": [13.5, 15, 14.5, 16], "texture": "#particle"},
				"west": {"uv": [15.5, 12, 16, 16], "rotation": 90, "texture": "#particle"},
				"up": {"uv": [15.5, 12, 16, 16], "texture": "#particle"},
				"down": {"uv": [15.5, 12, 16, 15.5], "texture": "#particle"}
			}
		},
		{
			"from": [-3.2, 10.5, 6.25],
			"to": [-2.7, 12, 6.75],
			"rotation": {"angle": 0, "axis": "y", "origin": [-2.95, 10.75, 6.5]},
			"faces": {
				"north": {"uv": [14.5, 12, 15.5, 14.5], "texture": "#particle"},
				"east": {"uv": [13, 12, 14, 14.5], "texture": "#particle"},
				"south": {"uv": [12, 12, 13, 14.5], "texture": "#particle"},
				"west": {"uv": [13.5, 12, 14.5, 14.5], "texture": "#particle"},
				"up": {"uv": [15, 12, 16, 16], "texture": "#particle"},
				"down": {"uv": [15.5, 12, 16, 12.5], "texture": "#particle"}
			}
		},
		{
			"from": [-10, 10, 7.55],
			"to": [-2.5, 10.5, 8.05],
			"rotation": {"angle": 22.5, "axis": "y", "origin": [-9.5, 10.25, 7.8]},
			"faces": {
				"north": {"uv": [15, 12, 15.5, 16], "rotation": 90, "texture": "#particle"},
				"east": {"uv": [14, 12, 16, 16], "texture": "#particle"},
				"south": {"uv": [15.5, 12, 16, 16], "texture": "#particle"},
				"west": {"uv": [14, 12, 16, 13.5], "texture": "#particle"},
				"up": {"uv": [12, 12, 12.5, 16], "rotation": 90, "texture": "#particle"},
				"down": {"uv": [15.5, 12, 16, 16], "texture": "#particle"}
			}
		},
		{
			"from": [-10, 10, 7.95],
			"to": [-2.5, 10.5, 8.45],
			"rotation": {"angle": -22.5, "axis": "y", "origin": [-9.5, 10.25, 8.2]},
			"faces": {
				"north": {"uv": [15, 12, 15.5, 16], "rotation": 90, "texture": "#particle"},
				"east": {"uv": [14, 12, 16, 16], "texture": "#particle"},
				"south": {"uv": [12, 12, 12.5, 16], "rotation": 90, "texture": "#particle"},
				"west": {"uv": [14, 12, 16, 13.5], "texture": "#particle"},
				"up": {"uv": [12, 12, 12.5, 16], "rotation": 90, "texture": "#particle"},
				"down": {"uv": [12, 12, 12.5, 16], "rotation": 90, "texture": "#particle"}
			}
		},
		{
			"from": [-12.001, 3, 7],
			"to": [-3.999, 9, 9],
			"rotation": {"angle": 0, "axis": "y", "origin": [-12, 4, 6.5]},
			"faces": {
				"north": {"uv": [3, 0, 6, 3.5], "rotation": 90, "texture": "#particle"},
				"east": {"uv": [6, 0, 8, 6], "texture": "#particle"},
				"south": {"uv": [3, 0, 6, 3.5], "rotation": 90, "texture": "#particle"},
				"west": {"uv": [6, 0, 8, 6], "texture": "#particle"},
				"up": {"uv": [8, 0, 16, 2], "texture": "#particle"},
				"down": {"uv": [8, 0, 16, 2], "texture": "#particle"}
			}
		},
		{
			"from": [-12.001, 4, 2.25],
			"to": [-3.999, 8, 3.75],
			"rotation": {"angle": 0, "axis": "y", "origin": [-8, 6, 3]},
			"faces": {
				"north": {"uv": [3, 0, 6, 6], "rotation": 90, "texture": "#particle"},
				"east": {"uv": [6, 0, 8, 6], "texture": "#particle"},
				"south": {"uv": [3, 0, 6, 6], "rotation": 90, "texture": "#particle"},
				"west": {"uv": [6, 0, 8, 6], "texture": "#particle"},
				"up": {"uv": [8, 0, 16, 2], "texture": "#particle"},
				"down": {"uv": [8, 0, 16, 2], "texture": "#particle"}
			}
		},
		{
			"from": [-12.002, 5.25, 1],
			"to": [-3.998, 6.75, 5],
			"rotation": {"angle": 0, "axis": "x", "origin": [-8, 6, 3]},
			"faces": {
				"north": {"uv": [8, 0, 16, 2], "rotation": 180, "texture": "#particle"},
				"east": {"uv": [6, 0, 8, 6], "rotation": 90, "texture": "#particle"},
				"south": {"uv": [8, 0, 16, 2], "texture": "#particle"},
				"west": {"uv": [6, 0, 8, 6], "rotation": 270, "texture": "#particle"},
				"up": {"uv": [3, 0, 6, 6], "rotation": 90, "texture": "#particle"},
				"down": {"uv": [3, 0, 6, 6], "rotation": 270, "texture": "#particle"}
			}
		},
		{
			"from": [-12.002, 5, 5],
			"to": [-3.998, 7, 11],
			"rotation": {"angle": 0, "axis": "y", "origin": [-8, 6, 8]},
			"faces": {
				"north": {"uv": [8, 0, 16, 2], "rotation": 180, "texture": "#particle"},
				"east": {"uv": [6, 0, 8, 6], "rotation": 270, "texture": "#particle"},
				"south": {"uv": [8, 0, 16, 2], "texture": "#particle"},
				"west": {"uv": [6, 0, 8, 6], "rotation": 90, "texture": "#particle"},
				"up": {"uv": [3, 0, 6, 3.5], "rotation": 270, "texture": "#particle"},
				"down": {"uv": [3, 0, 6, 3.5], "rotation": 90, "texture": "#particle"}
			}
		},
		{
			"from": [24.5, 4.95, 5.5],
			"to": [24.999, 7.05, 10.5],
			"rotation": {"angle": -45, "axis": "x", "origin": [24, 6, 8]},
			"faces": {
				"north": {"uv": [6.5, 9.5, 7, 11], "rotation": 180, "texture": "#particle"},
				"east": {"uv": [7.5, 14, 12, 16], "rotation": 180, "texture": "#particle"},
				"south": {"uv": [6.5, 9, 7, 11], "rotation": 180, "texture": "#particle"},
				"west": {"uv": [7.5, 14, 12, 16], "rotation": 180, "texture": "#particle"},
				"up": {"uv": [8, 6.5, 16, 11], "texture": "#particle"},
				"down": {"uv": [8, 6.5, 16, 11], "texture": "#particle"}
			}
		},
		{
			"from": [24.5, 5, 5.5],
			"to": [24.999, 7, 10.5],
			"rotation": {"angle": 0, "axis": "y", "origin": [24, 6, 8]},
			"faces": {
				"north": {"uv": [6.5, 9, 7, 11], "rotation": 180, "texture": "#particle"},
				"east": {"uv": [7.5, 14, 12, 16], "rotation": 180, "texture": "#particle"},
				"south": {"uv": [6.5, 9, 7, 11], "rotation": 180, "texture": "#particle"},
				"west": {"uv": [7.5, 14, 12, 16], "rotation": 180, "texture": "#particle"},
				"up": {"uv": [8, 6.5, 16, 11], "texture": "#particle"},
				"down": {"uv": [8, 6.5, 16, 11], "texture": "#particle"}
			}
		},
		{
			"from": [24.5, 3.5, 6.95],
			"to": [24.999, 8.5, 9.05],
			"rotation": {"angle": -45, "axis": "x", "origin": [24, 6, 8]},
			"faces": {
				"north": {"uv": [6.5, 9.5, 7, 11], "rotation": 180, "texture": "#particle"},
				"east": {"uv": [7.5, 14, 12, 16], "rotation": 90, "texture": "#particle"},
				"south": {"uv": [8, 6.5, 16, 11], "texture": "#particle"},
				"west": {"uv": [7.5, 14, 12, 16], "rotation": 270, "texture": "#particle"},
				"up": {"uv": [6.5, 9, 7, 11], "texture": "#particle"},
				"down": {"uv": [6.5, 9, 7, 11], "rotation": 180, "texture": "#particle"}
			}
		},
		{
			"from": [24.5, 3.5, 7],
			"to": [24.999, 8.5, 9],
			"rotation": {"angle": 0, "axis": "y", "origin": [24, 6, 8]},
			"faces": {
				"north": {"uv": [6.5, 9.5, 7, 11], "rotation": 180, "texture": "#particle"},
				"east": {"uv": [7.5, 14, 12, 16], "rotation": 90, "texture": "#particle"},
				"south": {"uv": [8, 6.5, 16, 11], "texture": "#particle"},
				"west": {"uv": [7.5, 14, 12, 16], "rotation": 270, "texture": "#particle"},
				"up": {"uv": [6.5, 9, 7, 11], "texture": "#particle"},
				"down": {"uv": [6.5, 9, 7, 11], "rotation": 180, "texture": "#particle"}
			}
		},
		{
			"from": [20.5, 4.95, 5.5],
			"to": [20.999, 7.05, 10.5],
			"rotation": {"angle": -45, "axis": "x", "origin": [20, 6, 8]},
			"faces": {
				"north": {"uv": [6.5, 9.5, 7, 11], "rotation": 180, "texture": "#particle"},
				"east": {"uv": [7.5, 14, 12, 16], "rotation": 180, "texture": "#particle"},
				"south": {"uv": [6.5, 9, 7, 11], "rotation": 180, "texture": "#particle"},
				"west": {"uv": [7.5, 14, 12, 16], "rotation": 180, "texture": "#particle"},
				"up": {"uv": [8, 6.5, 16, 11], "texture": "#particle"},
				"down": {"uv": [8, 6.5, 16, 11], "texture": "#particle"}
			}
		},
		{
			"from": [20.5, 5, 5.5],
			"to": [20.999, 7, 10.5],
			"rotation": {"angle": 0, "axis": "y", "origin": [20, 6, 8]},
			"faces": {
				"north": {"uv": [6.5, 9, 7, 11], "rotation": 180, "texture": "#particle"},
				"east": {"uv": [7.5, 14, 12, 16], "rotation": 180, "texture": "#particle"},
				"south": {"uv": [6.5, 9, 7, 11], "rotation": 180, "texture": "#particle"},
				"west": {"uv": [7.5, 14, 12, 16], "rotation": 180, "texture": "#particle"},
				"up": {"uv": [8, 6.5, 16, 11], "texture": "#particle"},
				"down": {"uv": [8, 6.5, 16, 11], "texture": "#particle"}
			}
		},
		{
			"from": [20.5, 3.5, 6.95],
			"to": [20.999, 8.5, 9.05],
			"rotation": {"angle": -45, "axis": "x", "origin": [20, 6, 8]},
			"faces": {
				"north": {"uv": [6.5, 9.5, 7, 11], "rotation": 180, "texture": "#particle"},
				"east": {"uv": [7.5, 14, 12, 16], "rotation": 90, "texture": "#particle"},
				"south": {"uv": [8, 6.5, 16, 11], "texture": "#particle"},
				"west": {"uv": [7.5, 14, 12, 16], "rotation": 270, "texture": "#particle"},
				"up": {"uv": [6.5, 9, 7, 11], "texture": "#particle"},
				"down": {"uv": [6.5, 9, 7, 11], "rotation": 180, "texture": "#particle"}
			}
		},
		{
			"from": [20.5, 3.5, 7],
			"to": [20.999, 8.5, 9],
			"rotation": {"angle": 0, "axis": "y", "origin": [20, 6, 8]},
			"faces": {
				"north": {"uv": [6.5, 9.5, 7, 11], "rotation": 180, "texture": "#particle"},
				"east": {"uv": [7.5, 14, 12, 16], "rotation": 90, "texture": "#particle"},
				"south": {"uv": [8, 6.5, 16, 11], "texture": "#particle"},
				"west": {"uv": [7.5, 14, 12, 16], "rotation": 270, "texture": "#particle"},
				"up": {"uv": [6.5, 9, 7, 11], "texture": "#particle"},
				"down": {"uv": [6.5, 9, 7, 11], "rotation": 180, "texture": "#particle"}
			}
		},
		{
			"from": [3.5, 4.95, 5.5],
			"to": [3.999, 7.05, 10.5],
			"rotation": {"angle": -45, "axis": "x", "origin": [3, 6, 8]},
			"faces": {
				"north": {"uv": [6.5, 9.5, 7, 11], "rotation": 180, "texture": "#particle"},
				"east": {"uv": [7.5, 14, 12, 16], "rotation": 180, "texture": "#particle"},
				"south": {"uv": [6.5, 9, 7, 11], "rotation": 180, "texture": "#particle"},
				"west": {"uv": [7.5, 14, 12, 16], "rotation": 180, "texture": "#particle"},
				"up": {"uv": [8, 6.5, 16, 11], "texture": "#particle"},
				"down": {"uv": [8, 6.5, 16, 11], "texture": "#particle"}
			}
		},
		{
			"from": [3.5, 5, 5.5],
			"to": [3.999, 7, 10.5],
			"rotation": {"angle": 0, "axis": "y", "origin": [3, 6, 8]},
			"faces": {
				"north": {"uv": [6.5, 9, 7, 11], "rotation": 180, "texture": "#particle"},
				"east": {"uv": [7.5, 14, 12, 16], "rotation": 180, "texture": "#particle"},
				"south": {"uv": [6.5, 9, 7, 11], "rotation": 180, "texture": "#particle"},
				"west": {"uv": [7.5, 14, 12, 16], "rotation": 180, "texture": "#particle"},
				"up": {"uv": [8, 6.5, 16, 11], "texture": "#particle"},
				"down": {"uv": [8, 6.5, 16, 11], "texture": "#particle"}
			}
		},
		{
			"from": [3.5, 3.5, 6.95],
			"to": [3.999, 8.5, 9.05],
			"rotation": {"angle": -45, "axis": "x", "origin": [3, 6, 8]},
			"faces": {
				"north": {"uv": [6.5, 9.5, 7, 11], "rotation": 180, "texture": "#particle"},
				"east": {"uv": [7.5, 14, 12, 16], "rotation": 90, "texture": "#particle"},
				"south": {"uv": [8, 6.5, 16, 11], "texture": "#particle"},
				"west": {"uv": [7.5, 14, 12, 16], "rotation": 270, "texture": "#particle"},
				"up": {"uv": [6.5, 9, 7, 11], "texture": "#particle"},
				"down": {"uv": [6.5, 9, 7, 11], "rotation": 180, "texture": "#particle"}
			}
		},
		{
			"from": [3.5, 3.5, 7],
			"to": [3.999, 8.5, 9],
			"rotation": {"angle": 0, "axis": "y", "origin": [3, 6, 8]},
			"faces": {
				"north": {"uv": [6.5, 9.5, 7, 11], "rotation": 180, "texture": "#particle"},
				"east": {"uv": [7.5, 14, 12, 16], "rotation": 90, "texture": "#particle"},
				"south": {"uv": [8, 6.5, 16, 11], "texture": "#particle"},
				"west": {"uv": [7.5, 14, 12, 16], "rotation": 270, "texture": "#particle"},
				"up": {"uv": [6.5, 9, 7, 11], "texture": "#particle"},
				"down": {"uv": [6.5, 9, 7, 11], "rotation": 180, "texture": "#particle"}
			}
		},
		{
			"from": [28.5, 4.95, 5.5],
			"to": [31.999, 7.05, 10.5],
			"rotation": {"angle": -45, "axis": "x", "origin": [31, 6, 8]},
			"faces": {
				"north": {"uv": [8, 6.5, 16, 11], "rotation": 180, "texture": "#particle"},
				"east": {"uv": [7.5, 14, 12, 16], "rotation": 180, "texture": "#particle"},
				"south": {"uv": [8, 6.5, 16, 11], "rotation": 180, "texture": "#particle"},
				"west": {"uv": [7.5, 14, 12, 16], "rotation": 180, "texture": "#particle"},
				"up": {"uv": [8, 6.5, 16, 11], "texture": "#particle"},
				"down": {"uv": [8, 6.5, 16, 11], "texture": "#particle"}
			}
		},
		{
			"from": [28.5, 5, 5.5],
			"to": [31.999, 7, 10.5],
			"rotation": {"angle": 0, "axis": "y", "origin": [31, 6, 8]},
			"faces": {
				"north": {"uv": [8, 6.5, 16, 11], "rotation": 180, "texture": "#particle"},
				"east": {"uv": [7.5, 14, 12, 16], "rotation": 180, "texture": "#particle"},
				"south": {"uv": [8, 6.5, 16, 11], "rotation": 180, "texture": "#particle"},
				"west": {"uv": [7.5, 14, 12, 16], "rotation": 180, "texture": "#particle"},
				"up": {"uv": [8, 6.5, 16, 11], "texture": "#particle"},
				"down": {"uv": [8, 6.5, 16, 11], "texture": "#particle"}
			}
		},
		{
			"from": [28.5, 3.5, 6.95],
			"to": [31.999, 8.5, 9.05],
			"rotation": {"angle": -45, "axis": "x", "origin": [31, 6, 8]},
			"faces": {
				"north": {"uv": [8, 6.5, 16, 11], "rotation": 180, "texture": "#particle"},
				"east": {"uv": [7.5, 14, 12, 16], "rotation": 90, "texture": "#particle"},
				"south": {"uv": [8, 6.5, 16, 11], "texture": "#particle"},
				"west": {"uv": [7.5, 14, 12, 16], "rotation": 270, "texture": "#particle"},
				"up": {"uv": [8, 6.5, 16, 11], "texture": "#particle"},
				"down": {"uv": [8, 6.5, 16, 11], "rotation": 180, "texture": "#particle"}
			}
		},
		{
			"from": [28.5, 3.5, 7],
			"to": [31.999, 8.5, 9],
			"rotation": {"angle": 0, "axis": "x", "origin": [31, 6, 8]},
			"faces": {
				"north": {"uv": [8, 6.5, 16, 11], "rotation": 180, "texture": "#particle"},
				"east": {"uv": [7.5, 14, 12, 16], "rotation": 90, "texture": "#particle"},
				"south": {"uv": [8, 6.5, 16, 11], "texture": "#particle"},
				"west": {"uv": [7.5, 14, 12, 16], "rotation": 270, "texture": "#particle"},
				"up": {"uv": [8, 6.5, 16, 11], "texture": "#particle"},
				"down": {"uv": [8, 6.5, 16, 11], "rotation": 180, "texture": "#particle"}
			}
		},
		{
			"from": [14, 7.07574, 7.92426],
			"to": [32, 8.07574, 8.92426],
			"rotation": {"angle": -45, "axis": "x", "origin": [23, 6, 8]},
			"faces": {
				"north": {"uv": [0, 11, 16, 12], "rotation": 180, "texture": "#particle"},
				"east": {"uv": [2, 14, 4, 16], "texture": "#particle"},
				"south": {"uv": [0, 11, 16, 12], "texture": "#particle"},
				"west": {"uv": [6, 0, 8, 6], "texture": "#particle"},
				"up": {"uv": [0, 11, 16, 12], "texture": "#particle"},
				"down": {"uv": [0, 11, 16, 12], "texture": "#particle"}
			}
		},
		{
			"from": [14, 5.5, 6.1],
			"to": [32, 6.5, 7.1],
			"rotation": {"angle": 0, "axis": "y", "origin": [23, 6, 8]},
			"faces": {
				"north": {"uv": [0, 11, 16, 12], "rotation": 180, "texture": "#particle"},
				"east": {"uv": [0, 14, 2, 16], "texture": "#particle"},
				"south": {"uv": [0, 11, 16, 12], "texture": "#particle"},
				"west": {"uv": [6, 0, 8, 6], "rotation": 90, "texture": "#particle"},
				"up": {"uv": [0, 11, 16, 12], "texture": "#particle"},
				"down": {"uv": [0, 11, 16, 12], "texture": "#particle"}
			}
		},
		{
			"from": [14, 5.07574, 5.92426],
			"to": [32, 6.07574, 6.92426],
			"rotation": {"angle": -45, "axis": "x", "origin": [23, 6, 8]},
			"faces": {
				"north": {"uv": [0, 11, 16, 12], "rotation": 180, "texture": "#particle"},
				"east": {"uv": [2, 14, 4, 16], "texture": "#particle"},
				"south": {"uv": [0, 11, 16, 12], "texture": "#particle"},
				"west": {"uv": [6, 0, 8, 6], "rotation": 90, "texture": "#particle"},
				"up": {"uv": [0, 11, 16, 12], "texture": "#particle"},
				"down": {"uv": [0, 11, 16, 12], "texture": "#particle"}
			}
		},
		{
			"from": [14, 5.92426, 9.07574],
			"to": [32, 6.92426, 10.07574],
			"rotation": {"angle": -45, "axis": "x", "origin": [23, 6, 8]},
			"faces": {
				"north": {"uv": [0, 11, 16, 12], "rotation": 180, "texture": "#particle"},
				"east": {"uv": [2, 14, 4, 16], "texture": "#particle"},
				"south": {"uv": [0, 11, 16, 12], "texture": "#particle"},
				"west": {"uv": [6, 0, 8, 6], "rotation": 90, "texture": "#particle"},
				"up": {"uv": [0, 11, 16, 12], "texture": "#particle"},
				"down": {"uv": [0, 11, 16, 12], "texture": "#particle"}
			}
		},
		{
			"from": [14, 5.5, 8.9],
			"to": [32, 6.5, 9.9],
			"rotation": {"angle": 0, "axis": "y", "origin": [23, 6, 8]},
			"faces": {
				"north": {"uv": [0, 11, 16, 12], "rotation": 180, "texture": "#particle"},
				"east": {"uv": [0, 14, 2, 16], "texture": "#particle"},
				"south": {"uv": [0, 11, 16, 12], "texture": "#particle"},
				"west": {"uv": [6, 0, 8, 6], "rotation": 90, "texture": "#particle"},
				"up": {"uv": [0, 11, 16, 12], "texture": "#particle"},
				"down": {"uv": [0, 11, 16, 12], "texture": "#particle"}
			}
		},
		{
			"from": [14, 3.92426, 7.07574],
			"to": [32, 4.92426, 8.07574],
			"rotation": {"angle": -45, "axis": "x", "origin": [23, 6, 8]},
			"faces": {
				"north": {"uv": [0, 11, 16, 12], "rotation": 180, "texture": "#particle"},
				"east": {"uv": [2, 14, 4, 16], "texture": "#particle"},
				"south": {"uv": [0, 11, 16, 12], "texture": "#particle"},
				"west": {"uv": [6, 0, 8, 6], "texture": "#particle"},
				"up": {"uv": [0, 11, 16, 12], "texture": "#particle"},
				"down": {"uv": [0, 11, 16, 12], "texture": "#particle"}
			}
		},
		{
			"from": [-4, 7.5, 8.1],
			"to": [14, 8.5, 9.1],
			"rotation": {"angle": -45, "axis": "x", "origin": [5, 6, 8.6]},
			"faces": {
				"north": {"uv": [0, 11, 16, 12], "rotation": 180, "texture": "#particle"},
				"east": {"uv": [0, 14, 2, 16], "rotation": 90, "texture": "#particle"},
				"south": {"uv": [0, 11, 16, 12], "texture": "#particle"},
				"west": {"uv": [6, 0, 8, 6], "texture": "#particle"},
				"up": {"uv": [0, 11, 16, 12], "texture": "#particle"},
				"down": {"uv": [0, 11, 16, 12], "texture": "#particle"}
			}
		},
		{
			"from": [-4, 5.5, 6.1],
			"to": [14, 6.5, 7.1],
			"rotation": {"angle": 0, "axis": "y", "origin": [5, 6, 8.6]},
			"faces": {
				"north": {"uv": [0, 11, 16, 12], "rotation": 180, "texture": "#particle"},
				"east": {"uv": [0, 14, 2, 16], "texture": "#particle"},
				"south": {"uv": [0, 11, 16, 12], "texture": "#particle"},
				"west": {"uv": [6, 0, 8, 6], "rotation": 90, "texture": "#particle"},
				"up": {"uv": [0, 11, 16, 12], "texture": "#particle"},
				"down": {"uv": [0, 11, 16, 12], "texture": "#particle"}
			}
		},
		{
			"from": [-4, 5.5, 6.1],
			"to": [14, 6.5, 7.1],
			"rotation": {"angle": -45, "axis": "x", "origin": [5, 6, 8.6]},
			"faces": {
				"north": {"uv": [0, 11, 16, 12], "rotation": 180, "texture": "#particle"},
				"east": {"uv": [0, 14, 2, 16], "texture": "#particle"},
				"south": {"uv": [0, 11, 16, 12], "texture": "#particle"},
				"west": {"uv": [6, 0, 8, 6], "rotation": 90, "texture": "#particle"},
				"up": {"uv": [0, 11, 16, 12], "texture": "#particle"},
				"down": {"uv": [0, 11, 16, 12], "texture": "#particle"}
			}
		},
		{
			"from": [-4, 5.5, 8.9],
			"to": [14, 6.5, 9.9],
			"rotation": {"angle": -45, "axis": "x", "origin": [5, 6, 7.4]},
			"faces": {
				"north": {"uv": [0, 11, 16, 12], "rotation": 180, "texture": "#particle"},
				"east": {"uv": [0, 14, 2, 16], "texture": "#particle"},
				"south": {"uv": [0, 11, 16, 12], "texture": "#particle"},
				"west": {"uv": [6, 0, 8, 6], "rotation": 90, "texture": "#particle"},
				"up": {"uv": [0, 11, 16, 12], "texture": "#particle"},
				"down": {"uv": [0, 11, 16, 12], "texture": "#particle"}
			}
		},
		{
			"from": [-4, 5.5, 8.9],
			"to": [14, 6.5, 9.9],
			"rotation": {"angle": 0, "axis": "y", "origin": [5, 6, 7.4]},
			"faces": {
				"north": {"uv": [0, 11, 16, 12], "rotation": 180, "texture": "#particle"},
				"east": {"uv": [0, 14, 2, 16], "texture": "#particle"},
				"south": {"uv": [0, 11, 16, 12], "texture": "#particle"},
				"west": {"uv": [6, 0, 8, 6], "rotation": 90, "texture": "#particle"},
				"up": {"uv": [0, 11, 16, 12], "texture": "#particle"},
				"down": {"uv": [0, 11, 16, 12], "texture": "#particle"}
			}
		},
		{
			"from": [-4, 3.5, 6.9],
			"to": [14, 4.5, 7.9],
			"rotation": {"angle": -45, "axis": "x", "origin": [5, 6, 7.4]},
			"faces": {
				"north": {"uv": [0, 11, 16, 12], "rotation": 180, "texture": "#particle"},
				"east": {"uv": [0, 14, 2, 16], "rotation": 90, "texture": "#particle"},
				"south": {"uv": [0, 11, 16, 12], "texture": "#particle"},
				"west": {"uv": [6, 0, 8, 6], "texture": "#particle"},
				"up": {"uv": [0, 11, 16, 12], "texture": "#particle"},
				"down": {"uv": [0, 11, 16, 12], "texture": "#particle"}
			}
		},
		{
			"from": [-12, 3.2, 6.6],
			"to": [-4, 8.8, 9.42],
			"rotation": {"angle": 45, "axis": "x", "origin": [-9.5, 6, 8.01]},
			"faces": {
				"north": {"uv": [3, 0, 6, 2.5], "texture": "#particle"},
				"east": {"uv": [3, 0, 6, 6], "texture": "#particle"},
				"south": {"uv": [3, 0, 6, 2.5], "texture": "#particle"},
				"west": {"uv": [3, 0, 6, 6], "texture": "#particle"},
				"up": {"uv": [8, 2, 16, 4.5], "texture": "#particle"},
				"down": {"uv": [8, 2, 16, 4.5], "texture": "#particle"}
			}
		},
		{
			"from": [-12, 3.2, 6.6],
			"to": [-4, 8.8, 9.42],
			"rotation": {"angle": -45, "axis": "x", "origin": [-9.5, 6, 8.01]},
			"faces": {
				"north": {"uv": [3, 0, 6, 2.5], "texture": "#particle"},
				"east": {"uv": [3, 0, 6, 6], "texture": "#particle"},
				"south": {"uv": [3, 0, 6, 2.5], "texture": "#particle"},
				"west": {"uv": [3, 0, 6, 6], "texture": "#particle"},
				"up": {"uv": [8, 2, 16, 4.5], "texture": "#particle"},
				"down": {"uv": [8, 2, 16, 4.5], "texture": "#particle"}
			}
		},
		{
			"from": [-12, 4.04697, 2.12197],
			"to": [-4, 7.94697, 3.87197],
			"rotation": {"angle": -45, "axis": "x", "origin": [-8, 5.99697, 2.99697]},
			"faces": {
				"north": {"uv": [3, 0, 6, 2.5], "texture": "#particle"},
				"east": {"uv": [3, 0, 6, 6], "texture": "#particle"},
				"south": {"uv": [3, 0, 6, 2.5], "texture": "#particle"},
				"west": {"uv": [3, 0, 6, 6], "texture": "#particle"},
				"up": {"uv": [8, 2, 16, 4.5], "texture": "#particle"},
				"down": {"uv": [8, 2, 16, 4.5], "texture": "#particle"}
			}
		},
		{
			"from": [-12, 5.12197, 1.04697],
			"to": [-4, 6.87197, 4.94697],
			"rotation": {"angle": -45, "axis": "x", "origin": [-8, 5.99697, 2.99697]},
			"faces": {
				"north": {"uv": [8, 2, 16, 4.5], "rotation": 180, "texture": "#particle"},
				"east": {"uv": [3, 0, 6, 6], "rotation": 90, "texture": "#particle"},
				"south": {"uv": [8, 2, 16, 4.5], "texture": "#particle"},
				"west": {"uv": [3, 0, 6, 6], "rotation": 270, "texture": "#particle"},
				"up": {"uv": [3, 0, 6, 2.5], "texture": "#particle"},
				"down": {"uv": [3, 0, 6, 2.5], "rotation": 180, "texture": "#particle"}
			}
		}
	],
	"display": {
		"thirdperson_righthand": {
			"rotation": [72, 90, 0],
			"translation": [-0.5, 20, -5.75]
		},
		"thirdperson_lefthand": {
			"rotation": [0, -90, 0],
			"translation": [-11.5, -2.75, -8.25],
			"scale": [0.5, 0.5, 0.5]
		},
		"firstperson_righthand": {
			"rotation": [0, 90, 0],
			"translation": [13.5, -2.5, -47],
			"scale": [3.13, 4, 4]
		},
		"firstperson_lefthand": {
			"translation": [0, -80, 0]
		},
		"ground": {
			"rotation": [90, 0, 0],
			"translation": [0, -1.25, 0]
		},
		"gui": {
			"rotation": [23, -110, 0],
			"translation": [2, 3, 0]
		},
		"head": {
			"rotation": [0, 90, 0],
			"translation": [-1, 1.25, -9.75]
		},
		"fixed": {
			"translation": [0, 2, -3.5],
			"scale": [1.75, 1.75, 1.75]
		}
	},
	"groups": [
		{
			"name": "group",
			"origin": [-10, 2, 0],
			"color": 0,
			"children": []
		},
		0,
		1,
		2,
		3,
		4,
		5,
		6,
		7,
		8,
		9,
		10,
		11,
		12,
		13,
		14,
		{
			"name": "disc",
			"origin": [31, 6, 8],
			"color": 0,
			"children": [
				15,
				16,
				17,
				18,
				{
					"name": "disc",
					"origin": [31, 6, 8],
					"color": 0,
					"children": [
						19,
						20,
						21,
						22,
						{
							"name": "disc",
							"origin": [31, 6, 8],
							"color": 0,
							"children": [23, 24, 25, 26]
						}
					]
				}
			]
		},
		{
			"name": "muzzle",
			"origin": [31, 6, 8],
			"color": 0,
			"children": [27, 28, 29, 30]
		},
		{
			"name": "barrel",
			"origin": [5, 6, 7.4],
			"color": 0,
			"children": [31, 32, 33, 34, 35, 36]
		},
		{
			"name": "barrel",
			"origin": [5, 6, 7.4],
			"color": 0,
			"children": [37, 38, 39, 40, 41, 42]
		},
		43,
		44,
		45,
		46
	]
}