{
	"format_version": "1.21.6",
	"credit": "Made with Blockbench",
	"textures": {
		"0": "chems_guns:item/gun_ammo/csr50",
		"1": "chems_guns:item/gun_ammo/20mmholes",
		"2": "chems_guns:item/gun_ammo/m4_carabine",
		"particle": "chems_guns:item/gun_ammo/csr50"
	},
	"elements": [
		{
			"from": [7.65, 1.85, 23.3],
			"to": [8.35, 2.1, 25.051],
			"rotation": {"angle": 0, "axis": "y", "origin": [4, 3.1, 16.3]},
			"faces": {
				"north": {"uv": [0, 0, 2, 0.5], "texture": "#0"},
				"east": {"uv": [0, 0, 3, 0.5], "texture": "#0"},
				"south": {"uv": [0, 0, 3, 5.5], "texture": "#0"},
				"west": {"uv": [0, 0, 3, 0.5], "texture": "#0"},
				"up": {"uv": [0, 0, 2, 3], "texture": "#0"},
				"down": {"uv": [0, 0, 2, 3], "texture": "#0"}
			}
		},
		{
			"from": [7.65, 1.82, 22.97],
			"to": [8.35, 3.571, 23.22],
			"rotation": {"angle": -22.5, "axis": "x", "origin": [8, 2.675, 23.0755]},
			"faces": {
				"north": {"uv": [0, 0, 2, 3], "rotation": 180, "texture": "#0"},
				"east": {"uv": [0, 0, 3, 0.5], "rotation": 270, "texture": "#0"},
				"south": {"uv": [0, 0, 2, 3], "texture": "#0"},
				"west": {"uv": [0, 0, 3, 0.5], "rotation": 90, "texture": "#0"},
				"up": {"uv": [0, 0, 2, 0.5], "rotation": 180, "texture": "#0"},
				"down": {"uv": [0, 0, 3, 5.5], "texture": "#0"}
			}
		},
		{
			"from": [7.4, 3.55, 21.5],
			"to": [7.65, 4.25, 25],
			"rotation": {"angle": 22.5, "axis": "z", "origin": [8.15, 3.75, 23.5]},
			"faces": {
				"north": {"uv": [0, 0, 0.5, 1], "texture": "#0"},
				"east": {"uv": [0, 0, 7, 2], "texture": "#0"},
				"south": {"uv": [0, 0, 0.5, 1.5], "texture": "#0"},
				"west": {"uv": [0, 3.5, 7, 5], "texture": "#1"},
				"up": {"uv": [0, 0, 1, 0.5], "texture": "#1"},
				"down": {"uv": [0, 0, 1, 0.5], "texture": "#1"}
			}
		},
		{
			"from": [7.4, 3.75, 21.5],
			"to": [7.65, 4.45, 25],
			"rotation": {"angle": -22.5, "axis": "z", "origin": [8.15, 4.25, 23.5]},
			"faces": {
				"north": {"uv": [0, 0, 0.5, 1], "texture": "#0"},
				"south": {"uv": [0, 0, 0.5, 1.5], "texture": "#0"},
				"west": {"uv": [0, 7.5, 7, 9], "texture": "#1"},
				"up": {"uv": [0, 0, 1, 0.5], "texture": "#1"}
			}
		},
		{
			"from": [7.27, 3.925, 21.5],
			"to": [8.735, 4.075, 25],
			"rotation": {"angle": 0, "axis": "y", "origin": [4, 1, 17]},
			"faces": {
				"north": {"uv": [0, 0, 4.6, 0.3], "texture": "#0"},
				"east": {"uv": [6.5, 3, 0, 3.5], "texture": "#1"},
				"south": {"uv": [0, 0, 3, 0.5], "texture": "#0"},
				"west": {"uv": [0, 7.5, 7, 8], "texture": "#1"}
			}
		},
		{
			"from": [7.53, 3.27, 21.5],
			"to": [8.46, 4.72, 25],
			"rotation": {"angle": 0, "axis": "y", "origin": [4, 1, 17]},
			"faces": {
				"north": {"uv": [0, 0, 2, 2.5], "texture": "#0"},
				"south": {"uv": [0, 0, 3, 4], "texture": "#0"},
				"up": {"uv": [0, 3, 7, 5], "rotation": 90, "texture": "#1"},
				"down": {"uv": [7, 3.5, 0, 5], "rotation": 90, "texture": "#1"}
			}
		},
		{
			"from": [8.35, 3.75, 21.5],
			"to": [8.6, 4.45, 25],
			"rotation": {"angle": 22.5, "axis": "z", "origin": [7.85, 4.25, 23.5]},
			"faces": {
				"north": {"uv": [0, 0, 0.5, 1], "texture": "#0"},
				"east": {"uv": [6.5, 3, 0, 4.5], "texture": "#1"},
				"south": {"uv": [0, 0, 0.5, 1.5], "texture": "#0"},
				"west": {"uv": [0, 0, 1.5, 0.5], "texture": "#1"},
				"up": {"uv": [0, 0, 1, 0.5], "texture": "#1"}
			}
		},
		{
			"from": [8.35, 3.55, 21.5],
			"to": [8.6, 4.25, 25],
			"rotation": {"angle": -22.5, "axis": "z", "origin": [7.85, 3.75, 23.5]},
			"faces": {
				"north": {"uv": [0, 0, 0.5, 1], "texture": "#0"},
				"east": {"uv": [6.5, 7.5, 0, 9], "texture": "#1"},
				"south": {"uv": [0, 0, 0.5, 1.5], "texture": "#0"}
			}
		},
		{
			"from": [7.4, 2.05, 25],
			"to": [7.65, 2.75, 25.5],
			"rotation": {"angle": 22.5, "axis": "z", "origin": [8.15, 2.25, 27]},
			"faces": {
				"north": {"uv": [0, 0, 0.5, 1], "texture": "#0"},
				"east": {"uv": [0, 0, 7, 2], "texture": "#0"},
				"south": {"uv": [8, 6, 8.5, 7.5], "texture": "#0"},
				"west": {"uv": [12, 6, 13, 8], "texture": "#0"},
				"up": {"uv": [0, 0, 1, 0.5], "texture": "#1"},
				"down": {"uv": [0, 0, 1, 0.5], "texture": "#1"}
			}
		},
		{
			"from": [7.4, 3.75, 25],
			"to": [7.65, 4.45, 25.5],
			"rotation": {"angle": -22.5, "axis": "z", "origin": [8.15, 4.25, 27]},
			"faces": {
				"north": {"uv": [0, 0, 0.5, 1], "texture": "#0"},
				"south": {"uv": [8, 6, 8.5, 7.5], "texture": "#0"},
				"west": {"uv": [12, 6.5, 13, 8], "texture": "#0"},
				"up": {"uv": [0, 0, 1, 0.5], "texture": "#1"}
			}
		},
		{
			"from": [7.27, 2.425, 24.999],
			"to": [8.735, 4.075, 25.499],
			"rotation": {"angle": 0, "axis": "y", "origin": [4, 1, 20.5]},
			"faces": {
				"north": {"uv": [0, 0, 4.6, 0.3], "texture": "#0"},
				"east": {"uv": [13, 6, 12, 6.5], "texture": "#0"},
				"south": {"uv": [10, 6, 13, 8], "texture": "#0"},
				"west": {"uv": [12, 7.5, 13, 8], "texture": "#0"}
			}
		},
		{
			"from": [7.53, 1.77, 25.001],
			"to": [8.46, 4.72, 25.501],
			"rotation": {"angle": 0, "axis": "y", "origin": [4, 1, 20.5]},
			"faces": {
				"north": {"uv": [0, 0, 2, 2.5], "texture": "#0"},
				"south": {"uv": [10, 6, 13, 8], "rotation": 90, "texture": "#0"},
				"up": {"uv": [12, 6, 13, 8], "rotation": 90, "texture": "#0"},
				"down": {"uv": [13, 6, 12, 8], "rotation": 90, "texture": "#0"}
			}
		},
		{
			"from": [8.35, 3.75, 25],
			"to": [8.6, 4.45, 25.5],
			"rotation": {"angle": 22.5, "axis": "z", "origin": [7.85, 4.25, 27]},
			"faces": {
				"north": {"uv": [0, 0, 0.5, 1], "texture": "#0"},
				"east": {"uv": [13, 6, 12, 7.5], "texture": "#0"},
				"south": {"uv": [8, 6, 8.5, 7.5], "texture": "#0"},
				"west": {"uv": [0, 0, 1.5, 0.5], "texture": "#1"},
				"up": {"uv": [0, 0, 1, 0.5], "texture": "#1"}
			}
		},
		{
			"from": [8.35, 2.05, 25],
			"to": [8.6, 2.75, 25.5],
			"rotation": {"angle": -22.5, "axis": "z", "origin": [7.85, 2.25, 27]},
			"faces": {
				"north": {"uv": [0, 0, 0.5, 1], "texture": "#0"},
				"east": {"uv": [13, 6, 12, 8], "texture": "#0"},
				"south": {"uv": [8, 6, 8.5, 7.5], "texture": "#0"}
			}
		},
		{
			"from": [7.4, 3.55, 14.5],
			"to": [7.65, 4.25, 21.5],
			"rotation": {"angle": 22.5, "axis": "z", "origin": [8.15, 3.75, 16]},
			"faces": {
				"north": {"uv": [0, 0, 0.5, 1], "texture": "#0"},
				"east": {"uv": [0, 0, 7, 2], "texture": "#0"},
				"south": {"uv": [0, 0, 2, 2], "texture": "#0"},
				"west": {"uv": [0, 3.5, 16, 5], "texture": "#1"},
				"up": {"uv": [0, 0, 1, 0.5], "texture": "#1"},
				"down": {"uv": [0, 0, 1, 0.5], "texture": "#1"}
			}
		},
		{
			"from": [7.4, 3.75, 14.5],
			"to": [7.65, 4.45, 21.5],
			"rotation": {"angle": -22.5, "axis": "z", "origin": [8.15, 4.25, 16]},
			"faces": {
				"north": {"uv": [0, 0, 0.5, 1], "texture": "#0"},
				"south": {"uv": [0, 0, 2, 2], "texture": "#0"},
				"west": {"uv": [0, 7.5, 16, 9], "texture": "#1"},
				"up": {"uv": [0, 0, 1, 0.5], "texture": "#1"}
			}
		},
		{
			"from": [7.27, 3.925, 14.5],
			"to": [8.735, 4.075, 21.5],
			"rotation": {"angle": 0, "axis": "y", "origin": [4, 1, 9.5]},
			"faces": {
				"north": {"uv": [0, 0, 4.6, 0.3], "texture": "#0"},
				"east": {"uv": [16, 3, 0, 3.5], "texture": "#1"},
				"south": {"uv": [0, 0, 4.6, 0.3], "texture": "#0"},
				"west": {"uv": [0, 7.5, 16, 8], "texture": "#1"}
			}
		},
		{
			"from": [7.53, 3.27, 14.5],
			"to": [8.46, 4.72, 21.5],
			"rotation": {"angle": 0, "axis": "y", "origin": [4, 1, 9.5]},
			"faces": {
				"north": {"uv": [0, 0, 2, 2.5], "texture": "#0"},
				"south": {"uv": [0, 0, 3, 4], "texture": "#0"},
				"up": {"uv": [0, 3.5, 16, 4.5], "rotation": 90, "texture": "#1"},
				"down": {"uv": [16, 3, 0, 4.5], "rotation": 90, "texture": "#1"}
			}
		},
		{
			"from": [8.35, 3.75, 14.5],
			"to": [8.6, 4.45, 21.5],
			"rotation": {"angle": 22.5, "axis": "z", "origin": [7.85, 4.25, 16]},
			"faces": {
				"north": {"uv": [0, 0, 0.5, 1], "texture": "#0"},
				"east": {"uv": [16, 3, 0, 4.5], "texture": "#1"},
				"south": {"uv": [0, 0, 2, 2], "texture": "#0"},
				"west": {"uv": [0, 0, 1.5, 0.5], "texture": "#1"},
				"up": {"uv": [0, 0, 1, 0.5], "texture": "#1"}
			}
		},
		{
			"from": [8.35, 3.55, 14.5],
			"to": [8.6, 4.25, 21.5],
			"rotation": {"angle": -22.5, "axis": "z", "origin": [7.85, 3.75, 16]},
			"faces": {
				"north": {"uv": [0, 0, 0.5, 1], "texture": "#0"},
				"east": {"uv": [16, 7.5, 0, 9], "texture": "#1"},
				"south": {"uv": [0, 0, 2, 2], "texture": "#0"}
			}
		},
		{
			"from": [7.53, 3.27, 7.5],
			"to": [8.46, 4.72, 14.5],
			"rotation": {"angle": 0, "axis": "y", "origin": [4, 1, 2.5]},
			"faces": {
				"north": {"uv": [0, 0, 2, 2.5], "texture": "#0"},
				"south": {"uv": [0, 0, 3, 4], "texture": "#0"},
				"up": {"uv": [0, 3.5, 16, 4.5], "rotation": 90, "texture": "#1"},
				"down": {"uv": [16, 4.5, 0, 6], "rotation": 90, "texture": "#1"}
			}
		},
		{
			"from": [7.4, 3.75, 7.5],
			"to": [7.65, 4.45, 14.5],
			"rotation": {"angle": -22.5, "axis": "z", "origin": [8.15, 4.25, 9]},
			"faces": {
				"north": {"uv": [0, 0, 0.5, 1], "texture": "#0"},
				"south": {"uv": [0, 0, 2, 2], "texture": "#0"},
				"west": {"uv": [0, 5.5, 13.5, 7], "texture": "#1"},
				"up": {"uv": [0, 0, 1, 0.5], "texture": "#1"}
			}
		},
		{
			"from": [8.35, 3.75, 7.5],
			"to": [8.6, 4.45, 14.5],
			"rotation": {"angle": 22.5, "axis": "z", "origin": [7.85, 4.25, 9]},
			"faces": {
				"north": {"uv": [0, 0, 0.5, 1], "texture": "#0"},
				"east": {"uv": [13.5, 4.5, 0, 6], "texture": "#1"},
				"south": {"uv": [0, 0, 2, 2], "texture": "#0"},
				"west": {"uv": [0, 0, 1.5, 0.5], "texture": "#1"},
				"up": {"uv": [0, 0, 1, 0.5], "texture": "#1"}
			}
		},
		{
			"from": [8.35, 3.55, 7.5],
			"to": [8.6, 4.25, 14.5],
			"rotation": {"angle": -22.5, "axis": "z", "origin": [7.85, 3.75, 9]},
			"faces": {
				"north": {"uv": [0, 0, 0.5, 1], "texture": "#0"},
				"east": {"uv": [13.5, 4.5, 0, 6], "texture": "#1"},
				"south": {"uv": [0, 0, 2, 2], "texture": "#0"}
			}
		},
		{
			"from": [7.4, 3.55, 7.5],
			"to": [7.65, 4.25, 14.5],
			"rotation": {"angle": 22.5, "axis": "z", "origin": [8.15, 3.75, 9]},
			"faces": {
				"north": {"uv": [0, 0, 0.5, 1], "texture": "#0"},
				"east": {"uv": [0, 0, 7, 2], "texture": "#0"},
				"south": {"uv": [0, 0, 2, 2], "texture": "#0"},
				"west": {"uv": [0, 5.5, 13.5, 7], "texture": "#1"},
				"up": {"uv": [0, 0, 1, 0.5], "texture": "#1"},
				"down": {"uv": [0, 0, 1, 0.5], "texture": "#1"}
			}
		},
		{
			"from": [7.27, 3.925, 7.5],
			"to": [8.735, 4.075, 14.5],
			"rotation": {"angle": 0, "axis": "y", "origin": [4, 1, 2.5]},
			"faces": {
				"north": {"uv": [0, 0, 4.6, 0.3], "texture": "#0"},
				"east": {"uv": [16, 3, 0, 3.5], "texture": "#1"},
				"south": {"uv": [0, 0, 4.6, 0.3], "texture": "#0"},
				"west": {"uv": [0, 7.5, 16, 8], "texture": "#1"}
			}
		},
		{
			"from": [7.7501, 0.2, 19.3],
			"to": [8.2499, 2.7, 20.3],
			"rotation": {"angle": -22.5, "axis": "x", "origin": [8, 1.45, 19]},
			"faces": {
				"north": {"uv": [4, 3, 5, 8], "texture": "#0"},
				"east": {"uv": [6, 3, 4, 8], "texture": "#0"},
				"south": {"uv": [5, 3, 6, 8], "texture": "#0"},
				"west": {"uv": [4, 3, 6, 8], "texture": "#0"},
				"up": {"uv": [4, 6, 6, 8], "texture": "#0"},
				"down": {"uv": [4, 3, 6, 5], "texture": "#0"}
			}
		},
		{
			"from": [7.425, 2, 14.25],
			"to": [8.575, 4.05, 17.75],
			"rotation": {"angle": 0, "axis": "x", "origin": [8, 3.025, 16]},
			"faces": {
				"north": {"uv": [0, 0, 2.5, 2], "texture": "#0"},
				"east": {"uv": [0, 0, 6, 2], "texture": "#0"},
				"south": {"uv": [0, 0, 2.5, 2], "texture": "#0"},
				"west": {"uv": [0, 0, 6, 2], "texture": "#0"},
				"up": {"uv": [0, 0, 2.5, 6], "texture": "#0"},
				"down": {"uv": [0, 0, 2.5, 6], "texture": "#0"}
			}
		},
		{
			"from": [7.6, 0.5, 14.375],
			"to": [8.4, 2, 17.625],
			"rotation": {"angle": 0, "axis": "y", "origin": [4, 1, 12.5]},
			"faces": {
				"north": {"uv": [10, 6, 12, 8], "texture": "#0"},
				"east": {"uv": [7, 6, 12.5, 8], "texture": "#0"},
				"south": {"uv": [7, 6, 9, 8], "texture": "#0"},
				"west": {"uv": [7, 6, 12.5, 8], "texture": "#0"},
				"up": {"uv": [7, 8, 9, 13.5], "texture": "#0"},
				"down": {"uv": [7, 8.5, 9, 14], "texture": "#0"}
			}
		},
		{
			"from": [7.6, 2.6, 16.675],
			"to": [8.4, 4.1, 19.925],
			"rotation": {"angle": 0, "axis": "y", "origin": [8, 3.35, 18.3]},
			"faces": {
				"north": {"uv": [10, 6, 12, 8], "texture": "#0"},
				"east": {"uv": [7, 6, 11, 8], "texture": "#0"},
				"south": {"uv": [7, 6, 9, 8], "texture": "#0"},
				"west": {"uv": [7, 6, 11, 8], "texture": "#0"},
				"up": {"uv": [7, 8, 9, 13.5], "texture": "#0"},
				"down": {"uv": [7, 8.5, 9, 14], "texture": "#0"}
			}
		},
		{
			"from": [7.601, 3.52, 19.66],
			"to": [8.401, 5.02, 20.91],
			"rotation": {"angle": 45, "axis": "x", "origin": [8, 4.25, 19.3]},
			"faces": {
				"north": {"uv": [10, 6, 12, 8], "texture": "#0"},
				"east": {"uv": [7, 6, 8.5, 8], "texture": "#0"},
				"south": {"uv": [7, 6, 8, 8], "texture": "#0"},
				"west": {"uv": [7, 6, 8.5, 8], "texture": "#0"},
				"up": {"uv": [7, 8, 9, 13.5], "texture": "#0"},
				"down": {"uv": [7, 8.5, 9, 14], "texture": "#0"}
			}
		},
		{
			"from": [7.85, 1.825, 18.25],
			"to": [8.15, 2.825, 19.25],
			"rotation": {"angle": 0, "axis": "y", "origin": [4, 0.7, 12]},
			"faces": {
				"north": {"uv": [3.5, 9, 4.5, 11], "texture": "#0"},
				"east": {"uv": [4, 9, 6.5, 11.5], "texture": "#0"},
				"south": {"uv": [4, 9, 5, 11], "texture": "#0"},
				"west": {"uv": [6.5, 9, 4, 11.5], "texture": "#0"},
				"up": {"uv": [4, 9, 5, 11], "texture": "#0"},
				"down": {"uv": [3.5, 9, 4.5, 11], "texture": "#0"}
			}
		},
		{
			"from": [7.3, 3.5, -3.5],
			"to": [8.7, 4.5, -1.5],
			"rotation": {"angle": 0, "axis": "y", "origin": [0, -3, 5.5]},
			"faces": {
				"north": {"uv": [9, 12, 11, 15], "rotation": 90, "texture": "#0"},
				"east": {"uv": [11.5, 8.5, 15, 10.5], "texture": "#0"},
				"south": {"uv": [12, 13, 15, 15], "texture": "#0"},
				"west": {"uv": [11.5, 8.5, 15, 10.5], "texture": "#0"},
				"up": {"uv": [12, 11, 15, 15], "texture": "#0"},
				"down": {"uv": [12, 11, 15, 15], "texture": "#0"}
			}
		},
		{
			"from": [6.1, -0.15, 8.3],
			"to": [7.1, 0, 9.3],
			"rotation": {"angle": 0, "axis": "y", "origin": [6.6, -0.125, 8.8]},
			"faces": {
				"north": {"uv": [15.5, 14, 16, 16], "rotation": 90, "texture": "#0"},
				"east": {"uv": [15.5, 15, 16, 16], "rotation": 270, "texture": "#0"},
				"south": {"uv": [15.5, 14, 16, 16], "rotation": 270, "texture": "#0"},
				"west": {"uv": [15.5, 15, 16, 16], "rotation": 270, "texture": "#0"},
				"up": {"uv": [14, 14, 16, 16], "rotation": 270, "texture": "#0"},
				"down": {"uv": [14, 14, 16, 16], "rotation": 270, "texture": "#0"}
			}
		},
		{
			"from": [8.9, -0.15, 8.3],
			"to": [9.9, 0, 9.3],
			"rotation": {"angle": 0, "axis": "y", "origin": [9.4, -0.125, 8.8]},
			"faces": {
				"north": {"uv": [15.5, 14, 16, 16], "rotation": 90, "texture": "#0"},
				"east": {"uv": [15.5, 15, 16, 16], "rotation": 270, "texture": "#0"},
				"south": {"uv": [15.5, 14, 16, 16], "rotation": 270, "texture": "#0"},
				"west": {"uv": [15.5, 15, 16, 16], "rotation": 270, "texture": "#0"},
				"up": {"uv": [14, 14, 16, 16], "rotation": 270, "texture": "#0"},
				"down": {"uv": [14, 14, 16, 16], "rotation": 270, "texture": "#0"}
			}
		},
		{
			"name": "octagon",
			"from": [7.35, -0.55, 8.69289],
			"to": [7.55, 3.25, 8.90711],
			"rotation": {"angle": 22.5, "axis": "z", "origin": [7.75, 4.75, 8.8]},
			"faces": {
				"north": {"uv": [15, 4, 16, 16], "rotation": 180, "texture": "#0"},
				"east": {"uv": [15, 4, 16, 16], "texture": "#0"},
				"south": {"uv": [15, 4, 16, 16], "texture": "#0"},
				"west": {"uv": [2, 15, 14, 16], "rotation": 270, "texture": "#0"},
				"up": {"uv": [15, 15, 16, 16], "texture": "#0"},
				"down": {"uv": [15, 15, 16, 16], "rotation": 180, "texture": "#0"}
			}
		},
		{
			"name": "octagon",
			"from": [8.45, -0.65, 8.69289],
			"to": [8.65, 3.1, 8.90711],
			"rotation": {"angle": -22.5, "axis": "z", "origin": [8.75, 4.6, 8.8]},
			"faces": {
				"north": {"uv": [15, 4, 16, 16], "rotation": 180, "texture": "#0"},
				"east": {"uv": [15, 4, 16, 16], "texture": "#0"},
				"south": {"uv": [15, 4, 16, 16], "texture": "#0"},
				"west": {"uv": [2, 15, 14, 16], "rotation": 270, "texture": "#0"},
				"up": {"uv": [15, 15, 16, 16], "texture": "#0"},
				"down": {"uv": [15, 15, 16, 16], "rotation": 180, "texture": "#0"}
			}
		},
		{
			"name": "octagon",
			"from": [7.5, 2.95, 8.49289],
			"to": [8.55, 3.35, 9.10711],
			"rotation": {"angle": 0, "axis": "y", "origin": [12.25, 2.95, 8.8]},
			"faces": {
				"north": {"uv": [15, 4, 16, 5], "rotation": 90, "texture": "#0"},
				"east": {"uv": [15, 15, 16, 16], "rotation": 90, "texture": "#0"},
				"south": {"uv": [15, 4, 16, 5], "rotation": 90, "texture": "#0"},
				"west": {"uv": [15, 15, 16, 16], "rotation": 270, "texture": "#0"},
				"up": {"uv": [12, 15, 14, 16], "texture": "#0"},
				"down": {"uv": [4, 15, 5, 16], "rotation": 180, "texture": "#0"}
			}
		},
		{
			"name": "octagon",
			"from": [7.6, 3.85, -1.5],
			"to": [8.4, 4.18136, 4.5],
			"rotation": {"angle": 0, "axis": "y", "origin": [8, 4.01568, 1.5]},
			"faces": {
				"north": {"uv": [15, 15, 16, 16], "texture": "#0"},
				"east": {"uv": [1.5, 15, 13.5, 16], "texture": "#0"},
				"south": {"uv": [15, 15, 16, 16], "texture": "#0"},
				"west": {"uv": [2, 15, 14, 16], "texture": "#0"},
				"up": {"uv": [15, 4, 16, 5], "texture": "#0"},
				"down": {"uv": [15, 4, 16, 5], "texture": "#0"}
			}
		},
		{
			"name": "octagon",
			"from": [7.6, 3.85, -1.5],
			"to": [8.4, 4.18136, 4.5],
			"rotation": {"angle": -45, "axis": "z", "origin": [8, 4.01568, 1.5]},
			"faces": {
				"north": {"uv": [15, 15, 16, 16], "texture": "#0"},
				"east": {"uv": [4, 15, 16, 16], "texture": "#0"},
				"south": {"uv": [15, 15, 16, 16], "texture": "#0"},
				"west": {"uv": [4, 15, 16, 16], "texture": "#0"},
				"up": {"uv": [15, 4, 16, 5], "texture": "#0"},
				"down": {"uv": [15, 4, 16, 5], "texture": "#0"}
			}
		},
		{
			"name": "octagon",
			"from": [7.83432, 3.61568, -1.5],
			"to": [8.16568, 4.41568, 4.5],
			"rotation": {"angle": 0, "axis": "z", "origin": [8, 4.01568, 1.5]},
			"faces": {
				"north": {"uv": [15, 15, 16, 16], "rotation": 270, "texture": "#0"},
				"east": {"uv": [15, 4, 16, 5], "rotation": 90, "texture": "#0"},
				"south": {"uv": [15, 15, 16, 16], "rotation": 90, "texture": "#0"},
				"west": {"uv": [15, 4, 16, 5], "rotation": 90, "texture": "#0"},
				"up": {"uv": [2, 15, 14, 16], "rotation": 90, "texture": "#0"},
				"down": {"uv": [4, 15, 16, 16], "rotation": 90, "texture": "#0"}
			}
		},
		{
			"name": "octagon",
			"from": [7.83432, 3.61568, -1.5],
			"to": [8.16568, 4.41568, 4.5],
			"rotation": {"angle": -45, "axis": "z", "origin": [8, 4.01568, 1.5]},
			"faces": {
				"north": {"uv": [15, 15, 16, 16], "rotation": 270, "texture": "#0"},
				"east": {"uv": [15, 4, 16, 5], "rotation": 90, "texture": "#0"},
				"south": {"uv": [15, 15, 16, 16], "rotation": 90, "texture": "#0"},
				"west": {"uv": [15, 4, 16, 5], "rotation": 90, "texture": "#0"},
				"up": {"uv": [2, 15, 14, 16], "rotation": 90, "texture": "#0"},
				"down": {"uv": [0.5, 15, 12.5, 16], "rotation": 90, "texture": "#0"}
			}
		},
		{
			"name": "octagon",
			"from": [7.6, 3.85, 4.5],
			"to": [8.4, 4.18136, 10.5],
			"rotation": {"angle": 0, "axis": "y", "origin": [8, 4.01568, 7.5]},
			"faces": {
				"north": {"uv": [15, 15, 16, 16], "texture": "#0"},
				"east": {"uv": [1.5, 15, 13.5, 16], "texture": "#0"},
				"south": {"uv": [15, 15, 16, 16], "texture": "#0"},
				"west": {"uv": [2, 15, 14, 16], "texture": "#0"},
				"up": {"uv": [15, 4, 16, 5], "texture": "#0"},
				"down": {"uv": [15, 4, 16, 5], "texture": "#0"}
			}
		},
		{
			"name": "octagon",
			"from": [7.6, 3.85, 4.5],
			"to": [8.4, 4.18136, 10.5],
			"rotation": {"angle": -45, "axis": "z", "origin": [8, 4.01568, 7.5]},
			"faces": {
				"north": {"uv": [15, 15, 16, 16], "texture": "#0"},
				"east": {"uv": [4, 15, 16, 16], "texture": "#0"},
				"south": {"uv": [15, 15, 16, 16], "texture": "#0"},
				"west": {"uv": [4, 15, 16, 16], "texture": "#0"},
				"up": {"uv": [15, 4, 16, 5], "texture": "#0"},
				"down": {"uv": [15, 4, 16, 5], "texture": "#0"}
			}
		},
		{
			"name": "octagon",
			"from": [7.83432, 3.61568, 4.5],
			"to": [8.16568, 4.41568, 10.5],
			"rotation": {"angle": 0, "axis": "y", "origin": [8, 4.01568, 7.5]},
			"faces": {
				"north": {"uv": [15, 15, 16, 16], "rotation": 270, "texture": "#0"},
				"east": {"uv": [15, 4, 16, 5], "rotation": 90, "texture": "#0"},
				"south": {"uv": [15, 15, 16, 16], "rotation": 90, "texture": "#0"},
				"west": {"uv": [15, 4, 16, 5], "rotation": 90, "texture": "#0"},
				"up": {"uv": [2, 15, 14, 16], "rotation": 90, "texture": "#0"},
				"down": {"uv": [4, 15, 16, 16], "rotation": 90, "texture": "#0"}
			}
		},
		{
			"name": "octagon",
			"from": [7.83432, 3.61568, 4.5],
			"to": [8.16568, 4.41568, 10.5],
			"rotation": {"angle": -45, "axis": "z", "origin": [8, 4.01568, 7.5]},
			"faces": {
				"north": {"uv": [15, 15, 16, 16], "rotation": 270, "texture": "#0"},
				"east": {"uv": [15, 4, 16, 5], "rotation": 90, "texture": "#0"},
				"south": {"uv": [15, 15, 16, 16], "rotation": 90, "texture": "#0"},
				"west": {"uv": [15, 4, 16, 5], "rotation": 90, "texture": "#0"},
				"up": {"uv": [2, 15, 14, 16], "rotation": 90, "texture": "#0"},
				"down": {"uv": [0.5, 15, 12.5, 16], "rotation": 90, "texture": "#0"}
			}
		},
		{
			"name": "octagon",
			"from": [7.6, 3.85, 10.5],
			"to": [8.4, 4.18136, 16.5],
			"rotation": {"angle": 0, "axis": "y", "origin": [8, 4.01568, 13.5]},
			"faces": {
				"north": {"uv": [15, 15, 16, 16], "texture": "#0"},
				"east": {"uv": [1.5, 15, 13.5, 16], "texture": "#0"},
				"south": {"uv": [15, 15, 16, 16], "texture": "#0"},
				"west": {"uv": [2, 15, 14, 16], "texture": "#0"},
				"up": {"uv": [15, 4, 16, 5], "texture": "#0"},
				"down": {"uv": [15, 4, 16, 5], "texture": "#0"}
			}
		},
		{
			"name": "octagon",
			"from": [7.6, 3.85, 10.5],
			"to": [8.4, 4.18136, 16.5],
			"rotation": {"angle": -45, "axis": "z", "origin": [8, 4.01568, 13.5]},
			"faces": {
				"north": {"uv": [15, 15, 16, 16], "texture": "#0"},
				"east": {"uv": [4, 15, 16, 16], "texture": "#0"},
				"south": {"uv": [15, 15, 16, 16], "texture": "#0"},
				"west": {"uv": [4, 15, 16, 16], "texture": "#0"},
				"up": {"uv": [15, 4, 16, 5], "texture": "#0"},
				"down": {"uv": [15, 4, 16, 5], "texture": "#0"}
			}
		},
		{
			"name": "octagon",
			"from": [7.83432, 3.61568, 10.5],
			"to": [8.16568, 4.41568, 16.5],
			"rotation": {"angle": 0, "axis": "y", "origin": [8, 4.01568, 13.5]},
			"faces": {
				"north": {"uv": [15, 15, 16, 16], "rotation": 270, "texture": "#0"},
				"east": {"uv": [15, 4, 16, 5], "rotation": 90, "texture": "#0"},
				"south": {"uv": [15, 15, 16, 16], "rotation": 90, "texture": "#0"},
				"west": {"uv": [15, 4, 16, 5], "rotation": 90, "texture": "#0"},
				"up": {"uv": [2, 15, 14, 16], "rotation": 90, "texture": "#0"},
				"down": {"uv": [4, 15, 16, 16], "rotation": 90, "texture": "#0"}
			}
		},
		{
			"name": "octagon",
			"from": [7.83432, 3.61568, 10.5],
			"to": [8.16568, 4.41568, 16.5],
			"rotation": {"angle": -45, "axis": "z", "origin": [8, 4.01568, 13.5]},
			"faces": {
				"north": {"uv": [15, 15, 16, 16], "rotation": 270, "texture": "#0"},
				"east": {"uv": [15, 4, 16, 5], "rotation": 90, "texture": "#0"},
				"south": {"uv": [15, 15, 16, 16], "rotation": 90, "texture": "#0"},
				"west": {"uv": [15, 4, 16, 5], "rotation": 90, "texture": "#0"},
				"up": {"uv": [2, 15, 14, 16], "rotation": 90, "texture": "#0"},
				"down": {"uv": [0.5, 15, 12.5, 16], "rotation": 90, "texture": "#0"}
			}
		},
		{
			"name": "octagon",
			"from": [7.79289, 5.6, 15.5],
			"to": [8.20711, 6.6, 18.5],
			"rotation": {"angle": 45, "axis": "z", "origin": [8, 6.1, 18]},
			"faces": {
				"north": {"uv": [15, 15, 16, 16], "texture": "#0"},
				"east": {"uv": [10, 15, 11, 16], "texture": "#0"},
				"south": {"uv": [15, 15, 16, 16], "texture": "#0"},
				"west": {"uv": [10, 15, 11, 16], "texture": "#0"},
				"up": {"uv": [15, 10, 16, 16], "texture": "#0"},
				"down": {"uv": [15, 10, 16, 16], "texture": "#0"}
			}
		},
		{
			"name": "octagon",
			"from": [7.79289, 5.6, 15.5],
			"to": [8.20711, 6.6, 18.5],
			"rotation": {"angle": 0, "axis": "z", "origin": [8, 6.1, 18]},
			"faces": {
				"north": {"uv": [15, 15, 16, 16], "texture": "#0"},
				"east": {"uv": [10, 15, 11, 16], "texture": "#0"},
				"south": {"uv": [15, 15, 16, 16], "texture": "#0"},
				"west": {"uv": [10, 15, 11, 16], "texture": "#0"},
				"up": {"uv": [15, 4, 16, 10], "texture": "#0"},
				"down": {"uv": [15, 10, 16, 16], "texture": "#0"}
			}
		},
		{
			"name": "octagon",
			"from": [7.5, 5.89289, 15.5],
			"to": [8.5, 6.30711, 18.5],
			"rotation": {"angle": 45, "axis": "z", "origin": [8, 6.1, 18]},
			"faces": {
				"north": {"uv": [15, 15, 16, 16], "texture": "#0"},
				"east": {"uv": [8, 15, 14, 16], "texture": "#0"},
				"south": {"uv": [15, 15, 16, 16], "texture": "#0"},
				"west": {"uv": [0, 15, 6, 16], "texture": "#0"},
				"up": {"uv": [15, 10, 16, 11], "texture": "#0"},
				"down": {"uv": [15, 10, 16, 11], "texture": "#0"}
			}
		},
		{
			"name": "octagon",
			"from": [7.5, 5.89289, 15.5],
			"to": [8.5, 6.30711, 18.5],
			"rotation": {"angle": 0, "axis": "z", "origin": [8, 6.1, 18]},
			"faces": {
				"north": {"uv": [15, 15, 16, 16], "texture": "#0"},
				"east": {"uv": [10, 15, 16, 16], "texture": "#0"},
				"south": {"uv": [15, 15, 16, 16], "texture": "#0"},
				"west": {"uv": [5, 15, 11, 16], "texture": "#0"},
				"up": {"uv": [15, 10, 16, 11], "texture": "#0"},
				"down": {"uv": [15, 10, 16, 11], "texture": "#0"}
			}
		},
		{
			"name": "octagon",
			"from": [7.80584, 5.63125, 11.49],
			"to": [8.19416, 6.56875, 11.49],
			"rotation": {"angle": 45, "axis": "z", "origin": [8, 6.1, 11.125]},
			"faces": {
				"north": {"uv": [4, 13, 5, 14], "texture": "#0"},
				"east": {"uv": [4, 13, 5, 14], "texture": "#0"},
				"south": {"uv": [5, 13, 6, 14], "texture": "#0"},
				"west": {"uv": [4, 13, 5, 14], "texture": "#0"},
				"up": {"uv": [5, 12, 6, 14], "texture": "#0"},
				"down": {"uv": [4, 12, 5, 14], "texture": "#0"}
			}
		},
		{
			"name": "octagon",
			"from": [7.80584, 5.63125, 11.49],
			"to": [8.19416, 6.56875, 11.49],
			"rotation": {"angle": 0, "axis": "y", "origin": [8, 6.1, 11.125]},
			"faces": {
				"north": {"uv": [4, 13, 5, 14], "texture": "#0"},
				"east": {"uv": [4, 13, 5, 14], "texture": "#0"},
				"south": {"uv": [5, 13, 6, 14], "texture": "#0"},
				"west": {"uv": [4, 13, 5, 14], "texture": "#0"},
				"up": {"uv": [5, 12, 6, 14], "texture": "#0"},
				"down": {"uv": [4, 12, 5, 14], "texture": "#0"}
			}
		},
		{
			"name": "octagon",
			"from": [7.53125, 5.90584, 11.49],
			"to": [8.46875, 6.29416, 11.49],
			"rotation": {"angle": 45, "axis": "z", "origin": [8, 6.1, 11.125]},
			"faces": {
				"north": {"uv": [4, 13, 5, 14], "texture": "#0"},
				"east": {"uv": [4, 13, 6, 14], "texture": "#0"},
				"south": {"uv": [5, 13, 6, 14], "texture": "#0"},
				"west": {"uv": [4, 13, 6, 14], "texture": "#0"},
				"up": {"uv": [5, 12, 6, 13], "texture": "#0"},
				"down": {"uv": [4, 12, 5, 13], "texture": "#0"}
			}
		},
		{
			"name": "octagon",
			"from": [7.53125, 5.90584, 11.49],
			"to": [8.46875, 6.29416, 11.49],
			"rotation": {"angle": 0, "axis": "y", "origin": [8, 6.1, 11.125]},
			"faces": {
				"north": {"uv": [4, 13, 5, 14], "texture": "#0"},
				"east": {"uv": [4, 13, 6, 14], "texture": "#0"},
				"south": {"uv": [5, 13, 6, 14], "texture": "#0"},
				"west": {"uv": [4, 13, 6, 14], "texture": "#0"},
				"up": {"uv": [5, 12, 6, 13], "texture": "#0"},
				"down": {"uv": [4, 12, 5, 13], "texture": "#0"}
			}
		},
		{
			"name": "octagon",
			"from": [7.80584, 5.63125, 19.51],
			"to": [8.19416, 6.56875, 19.51],
			"rotation": {"angle": 45, "axis": "z", "origin": [8, 6.1, 19.125]},
			"faces": {
				"north": {"uv": [4, 13, 5, 14], "texture": "#0"},
				"east": {"uv": [4, 13, 5, 14], "texture": "#0"},
				"south": {"uv": [5, 13, 6, 14], "texture": "#0"},
				"west": {"uv": [4, 13, 5, 14], "texture": "#0"},
				"up": {"uv": [5, 12, 6, 14], "texture": "#0"},
				"down": {"uv": [4, 12, 5, 14], "texture": "#0"}
			}
		},
		{
			"name": "octagon",
			"from": [7.80584, 5.63125, 19.51],
			"to": [8.19416, 6.56875, 19.51],
			"rotation": {"angle": 0, "axis": "y", "origin": [8, 6.1, 19.125]},
			"faces": {
				"north": {"uv": [4, 13, 5, 14], "texture": "#0"},
				"east": {"uv": [4, 13, 5, 14], "texture": "#0"},
				"south": {"uv": [5, 13, 6, 14], "texture": "#0"},
				"west": {"uv": [4, 13, 5, 14], "texture": "#0"},
				"up": {"uv": [5, 12, 6, 14], "texture": "#0"},
				"down": {"uv": [4, 12, 5, 14], "texture": "#0"}
			}
		},
		{
			"name": "octagon",
			"from": [7.53125, 5.90584, 19.51],
			"to": [8.46875, 6.29416, 19.51],
			"rotation": {"angle": 45, "axis": "z", "origin": [8, 6.1, 19.125]},
			"faces": {
				"north": {"uv": [4, 13, 5, 14], "texture": "#0"},
				"east": {"uv": [4, 13, 6, 14], "texture": "#0"},
				"south": {"uv": [5, 13, 6, 14], "texture": "#0"},
				"west": {"uv": [4, 13, 6, 14], "texture": "#0"},
				"up": {"uv": [5, 12, 6, 13], "texture": "#0"},
				"down": {"uv": [4, 12, 5, 13], "texture": "#0"}
			}
		},
		{
			"name": "octagon",
			"from": [7.53125, 5.90584, 19.51],
			"to": [8.46875, 6.29416, 19.51],
			"rotation": {"angle": 0, "axis": "y", "origin": [8, 6.1, 19.125]},
			"faces": {
				"north": {"uv": [4, 13, 5, 14], "texture": "#0"},
				"east": {"uv": [4, 13, 6, 14], "texture": "#0"},
				"south": {"uv": [5, 13, 6, 14], "texture": "#0"},
				"west": {"uv": [4, 13, 6, 14], "texture": "#0"},
				"up": {"uv": [5, 12, 6, 13], "texture": "#0"},
				"down": {"uv": [4, 12, 5, 13], "texture": "#0"}
			}
		},
		{
			"name": "octagon",
			"from": [7.74112, 5.475, 18.5],
			"to": [8.25888, 6.725, 19.5],
			"rotation": {"angle": 45, "axis": "z", "origin": [8, 6.1, 19]},
			"faces": {
				"north": {"uv": [15, 15, 16, 16], "texture": "#0"},
				"east": {"uv": [14, 15, 15, 16], "texture": "#0"},
				"south": {"uv": [15, 15, 16, 16], "texture": "#0"},
				"west": {"uv": [14, 15, 15, 16], "texture": "#0"},
				"up": {"uv": [15, 14, 16, 16], "texture": "#0"},
				"down": {"uv": [15, 14, 16, 16], "texture": "#0"}
			}
		},
		{
			"name": "octagon",
			"from": [7.74112, 5.475, 18.5],
			"to": [8.25888, 6.725, 19.5],
			"rotation": {"angle": 0, "axis": "z", "origin": [8, 6.1, 19]},
			"faces": {
				"north": {"uv": [15, 15, 16, 16], "texture": "#0"},
				"east": {"uv": [14, 15, 15, 16], "texture": "#0"},
				"south": {"uv": [15, 15, 16, 16], "texture": "#0"},
				"west": {"uv": [14, 15, 15, 16], "texture": "#0"},
				"up": {"uv": [15, 14, 16, 16], "texture": "#0"},
				"down": {"uv": [15, 14, 16, 16], "texture": "#0"}
			}
		},
		{
			"name": "octagon",
			"from": [7.375, 5.84112, 18.5],
			"to": [8.625, 6.35888, 19.5],
			"rotation": {"angle": 45, "axis": "z", "origin": [8, 6.1, 19]},
			"faces": {
				"north": {"uv": [15, 15, 16, 16], "texture": "#0"},
				"east": {"uv": [14, 15, 16, 16], "texture": "#0"},
				"south": {"uv": [15, 15, 16, 16], "texture": "#0"},
				"west": {"uv": [14, 15, 16, 16], "texture": "#0"},
				"up": {"uv": [15, 14, 16, 15], "texture": "#0"},
				"down": {"uv": [15, 14, 16, 15], "texture": "#0"}
			}
		},
		{
			"name": "octagon",
			"from": [7.375, 5.84112, 18.5],
			"to": [8.625, 6.35888, 19.5],
			"rotation": {"angle": 0, "axis": "z", "origin": [8, 6.1, 19]},
			"faces": {
				"north": {"uv": [15, 15, 16, 16], "texture": "#0"},
				"east": {"uv": [14, 15, 16, 16], "texture": "#0"},
				"south": {"uv": [15, 15, 16, 16], "texture": "#0"},
				"west": {"uv": [14, 15, 16, 16], "texture": "#0"},
				"up": {"uv": [15, 14, 16, 15], "texture": "#0"},
				"down": {"uv": [15, 14, 16, 15], "texture": "#0"}
			}
		},
		{
			"name": "octagon",
			"from": [7.767, 5.5375, 14.5],
			"to": [8.233, 6.6625, 15.5],
			"rotation": {"angle": 45, "axis": "z", "origin": [8, 6.1, 15]},
			"faces": {
				"north": {"uv": [15, 15, 16, 16], "texture": "#0"},
				"east": {"uv": [14, 15, 15, 16], "texture": "#0"},
				"south": {"uv": [15, 15, 16, 16], "texture": "#0"},
				"west": {"uv": [14, 15, 15, 16], "texture": "#0"},
				"up": {"uv": [15, 14, 16, 16], "texture": "#0"},
				"down": {"uv": [15, 14, 16, 16], "texture": "#0"}
			}
		},
		{
			"name": "octagon",
			"from": [7.767, 5.5375, 14.5],
			"to": [8.233, 6.6625, 15.5],
			"rotation": {"angle": 0, "axis": "z", "origin": [8, 6.1, 15]},
			"faces": {
				"north": {"uv": [15, 15, 16, 16], "texture": "#0"},
				"east": {"uv": [14, 15, 15, 16], "texture": "#0"},
				"south": {"uv": [15, 15, 16, 16], "texture": "#0"},
				"west": {"uv": [14, 15, 15, 16], "texture": "#0"},
				"up": {"uv": [13, 11, 14, 13], "texture": "#0"},
				"down": {"uv": [15, 14, 16, 16], "texture": "#0"}
			}
		},
		{
			"name": "octagon",
			"from": [7.4375, 5.867, 14.5],
			"to": [8.5625, 6.333, 15.5],
			"rotation": {"angle": 45, "axis": "z", "origin": [8, 6.1, 15]},
			"faces": {
				"north": {"uv": [15, 15, 16, 16], "texture": "#0"},
				"east": {"uv": [13, 15, 15, 16], "texture": "#0"},
				"south": {"uv": [15, 15, 16, 16], "texture": "#0"},
				"west": {"uv": [14, 15, 16, 16], "texture": "#0"},
				"up": {"uv": [15, 14, 16, 15], "texture": "#0"},
				"down": {"uv": [15, 14, 16, 15], "texture": "#0"}
			}
		},
		{
			"name": "octagon",
			"from": [7.4375, 5.867, 14.5],
			"to": [8.5625, 6.333, 15.5],
			"rotation": {"angle": 0, "axis": "z", "origin": [8, 6.1, 15]},
			"faces": {
				"north": {"uv": [15, 15, 16, 16], "texture": "#0"},
				"east": {"uv": [11, 15, 13, 16], "texture": "#0"},
				"south": {"uv": [15, 15, 16, 16], "texture": "#0"},
				"west": {"uv": [8, 15, 10, 16], "texture": "#0"},
				"up": {"uv": [15, 14, 16, 15], "texture": "#0"},
				"down": {"uv": [15, 14, 16, 15], "texture": "#0"}
			}
		},
		{
			"name": "octagon",
			"from": [7.74112, 5.475, 13.5],
			"to": [8.25888, 6.725, 14.5],
			"rotation": {"angle": 45, "axis": "z", "origin": [8, 6.1, 14]},
			"faces": {
				"north": {"uv": [15, 15, 16, 16], "texture": "#0"},
				"east": {"uv": [14, 15, 15, 16], "texture": "#0"},
				"south": {"uv": [15, 15, 16, 16], "texture": "#0"},
				"west": {"uv": [14, 15, 15, 16], "texture": "#0"},
				"up": {"uv": [15, 7, 16, 9], "texture": "#0"},
				"down": {"uv": [15, 14, 16, 16], "texture": "#0"}
			}
		},
		{
			"name": "octagon",
			"from": [7.74112, 5.475, 13.5],
			"to": [8.25888, 6.725, 14.5],
			"rotation": {"angle": 0, "axis": "z", "origin": [8, 6.1, 14]},
			"faces": {
				"north": {"uv": [15, 15, 16, 16], "texture": "#0"},
				"east": {"uv": [14, 15, 15, 16], "texture": "#0"},
				"south": {"uv": [15, 15, 16, 16], "texture": "#0"},
				"west": {"uv": [14, 15, 15, 16], "texture": "#0"},
				"up": {"uv": [11, 14, 12, 16], "texture": "#0"},
				"down": {"uv": [15, 14, 16, 16], "texture": "#0"}
			}
		},
		{
			"name": "octagon",
			"from": [7.375, 5.84112, 13.5],
			"to": [8.625, 6.35888, 14.5],
			"rotation": {"angle": 45, "axis": "z", "origin": [8, 6.1, 14]},
			"faces": {
				"north": {"uv": [15, 15, 16, 16], "texture": "#0"},
				"east": {"uv": [14, 15, 16, 16], "texture": "#0"},
				"south": {"uv": [15, 15, 16, 16], "texture": "#0"},
				"west": {"uv": [14, 15, 16, 16], "texture": "#0"},
				"up": {"uv": [15, 14, 16, 15], "texture": "#0"},
				"down": {"uv": [15, 14, 16, 15], "texture": "#0"}
			}
		},
		{
			"name": "octagon",
			"from": [7.375, 5.84112, 13.5],
			"to": [8.625, 6.35888, 14.5],
			"rotation": {"angle": 0, "axis": "z", "origin": [8, 6.1, 14]},
			"faces": {
				"north": {"uv": [15, 15, 16, 16], "texture": "#0"},
				"east": {"uv": [14, 15, 16, 16], "texture": "#0"},
				"south": {"uv": [15, 15, 16, 16], "texture": "#0"},
				"west": {"uv": [3, 15, 5, 16], "texture": "#0"},
				"up": {"uv": [15, 14, 16, 15], "texture": "#0"},
				"down": {"uv": [15, 14, 16, 15], "texture": "#0"}
			}
		},
		{
			"name": "octagon",
			"from": [7.71523, 5.4125, 11.5],
			"to": [8.28477, 6.7875, 13.5],
			"rotation": {"angle": 45, "axis": "z", "origin": [8, 6.1, 13]},
			"faces": {
				"north": {"uv": [15, 15, 16, 16], "texture": "#0"},
				"east": {"uv": [12, 15, 13, 16], "texture": "#0"},
				"south": {"uv": [15, 15, 16, 16], "texture": "#0"},
				"west": {"uv": [12, 15, 13, 16], "texture": "#0"},
				"up": {"uv": [13, 11, 14, 15], "texture": "#0"},
				"down": {"uv": [15, 12, 16, 16], "texture": "#0"}
			}
		},
		{
			"name": "octagon",
			"from": [7.71523, 5.4125, 11.5],
			"to": [8.28477, 6.7875, 13.5],
			"rotation": {"angle": 0, "axis": "z", "origin": [8, 6.1, 13]},
			"faces": {
				"north": {"uv": [15, 15, 16, 16], "texture": "#0"},
				"east": {"uv": [12, 15, 13, 16], "texture": "#0"},
				"south": {"uv": [15, 15, 16, 16], "texture": "#0"},
				"west": {"uv": [12, 15, 13, 16], "texture": "#0"},
				"up": {"uv": [14, 12, 15, 16], "texture": "#0"},
				"down": {"uv": [15, 12, 16, 16], "texture": "#0"}
			}
		},
		{
			"name": "octagon",
			"from": [7.3125, 5.81523, 11.5],
			"to": [8.6875, 6.38477, 13.5],
			"rotation": {"angle": 45, "axis": "z", "origin": [8, 6.1, 13]},
			"faces": {
				"north": {"uv": [15, 15, 16, 16], "texture": "#0"},
				"east": {"uv": [10, 15, 14, 16], "texture": "#0"},
				"south": {"uv": [15, 15, 16, 16], "texture": "#0"},
				"west": {"uv": [6, 15, 10, 16], "texture": "#0"},
				"up": {"uv": [15, 12, 16, 13], "texture": "#0"},
				"down": {"uv": [15, 12, 16, 13], "texture": "#0"}
			}
		},
		{
			"name": "octagon",
			"from": [7.3125, 5.81523, 11.5],
			"to": [8.6875, 6.38477, 13.5],
			"rotation": {"angle": 0, "axis": "z", "origin": [8, 6.1, 13]},
			"faces": {
				"north": {"uv": [15, 15, 16, 16], "texture": "#0"},
				"east": {"uv": [10, 15, 14, 16], "texture": "#0"},
				"south": {"uv": [15, 15, 16, 16], "texture": "#0"},
				"west": {"uv": [7, 15, 11, 16], "texture": "#0"},
				"up": {"uv": [15, 12, 16, 13], "texture": "#0"},
				"down": {"uv": [15, 12, 16, 13], "texture": "#0"}
			}
		},
		{
			"from": [7.5, 4.65, 14.5],
			"to": [8.5, 5.4, 17.5],
			"rotation": {"angle": 0, "axis": "y", "origin": [0, -3.35, 5.5]},
			"faces": {
				"north": {"uv": [14.5, 15, 16, 16], "texture": "#0"},
				"east": {"uv": [11.5, 15, 16, 16], "texture": "#0"},
				"south": {"uv": [14.5, 15, 16, 16], "texture": "#0"},
				"west": {"uv": [11.5, 15, 16, 16], "texture": "#0"},
				"up": {"uv": [15, 11.5, 16, 16], "texture": "#0"},
				"down": {"uv": [15.5, 15, 16, 16], "texture": "#0"}
			}
		},
		{
			"from": [7.7, 4.65, 7.7],
			"to": [8.3, 4.8, 9.6],
			"rotation": {"angle": 0, "axis": "y", "origin": [0, -3.35, -0.4]},
			"faces": {
				"north": {"uv": [12, 9, 13, 10], "texture": "#2"},
				"east": {"uv": [0, 9, 16, 10], "texture": "#2"},
				"south": {"uv": [7, 9, 8, 10], "texture": "#2"},
				"west": {"uv": [0, 9, 16, 10], "texture": "#2"},
				"up": {"uv": [0, 9, 16, 10], "rotation": 90, "texture": "#2"},
				"down": {"uv": [15.5, 15, 16, 16], "texture": "#0"}
			}
		},
		{
			"from": [7.7, 4.65, 9.6],
			"to": [8.3, 4.8, 11.5],
			"rotation": {"angle": 0, "axis": "y", "origin": [0, -3.35, 1.5]},
			"faces": {
				"north": {"uv": [12, 9, 13, 10], "texture": "#2"},
				"east": {"uv": [0, 9, 16, 10], "texture": "#2"},
				"south": {"uv": [7, 9, 8, 10], "texture": "#2"},
				"west": {"uv": [0, 9, 16, 10], "texture": "#2"},
				"up": {"uv": [0, 9, 16, 10], "rotation": 90, "texture": "#2"},
				"down": {"uv": [15.5, 15, 16, 16], "texture": "#0"}
			}
		},
		{
			"from": [7.7, 4.65, 11.5],
			"to": [8.3, 4.8, 13.4],
			"rotation": {"angle": 0, "axis": "y", "origin": [0, -3.35, 3.4]},
			"faces": {
				"north": {"uv": [12, 9, 13, 10], "texture": "#2"},
				"east": {"uv": [0, 9, 16, 10], "texture": "#2"},
				"south": {"uv": [7, 9, 8, 10], "texture": "#2"},
				"west": {"uv": [0, 9, 16, 10], "texture": "#2"},
				"up": {"uv": [0, 9, 16, 10], "rotation": 90, "texture": "#2"},
				"down": {"uv": [15.5, 15, 16, 16], "texture": "#0"}
			}
		},
		{
			"from": [7.7, 4.65, 13.4],
			"to": [8.3, 4.8, 15.3],
			"rotation": {"angle": 0, "axis": "y", "origin": [0, -3.35, 5.3]},
			"faces": {
				"north": {"uv": [12, 9, 13, 10], "texture": "#2"},
				"east": {"uv": [0, 9, 16, 10], "texture": "#2"},
				"south": {"uv": [7, 9, 8, 10], "texture": "#2"},
				"west": {"uv": [0, 9, 16, 10], "texture": "#2"},
				"up": {"uv": [0, 9, 16, 10], "rotation": 90, "texture": "#2"},
				"down": {"uv": [15.5, 15, 16, 16], "texture": "#0"}
			}
		},
		{
			"from": [7.7, 4.65, 15.3],
			"to": [8.3, 4.8, 17.2],
			"rotation": {"angle": 0, "axis": "y", "origin": [0, -3.35, 7.2]},
			"faces": {
				"north": {"uv": [12, 9, 13, 10], "texture": "#2"},
				"east": {"uv": [0, 9, 16, 10], "texture": "#2"},
				"south": {"uv": [7, 9, 8, 10], "texture": "#2"},
				"west": {"uv": [0, 9, 16, 10], "texture": "#2"},
				"up": {"uv": [0, 9, 16, 10], "rotation": 90, "texture": "#2"},
				"down": {"uv": [15.5, 15, 16, 16], "texture": "#0"}
			}
		},
		{
			"from": [7.7, 4.65, 17.2],
			"to": [8.3, 4.8, 19.1],
			"rotation": {"angle": 0, "axis": "y", "origin": [0, -3.35, 9.1]},
			"faces": {
				"north": {"uv": [12, 9, 13, 10], "texture": "#2"},
				"east": {"uv": [0, 9, 16, 10], "texture": "#2"},
				"south": {"uv": [7, 9, 8, 10], "texture": "#2"},
				"west": {"uv": [0, 9, 16, 10], "texture": "#2"},
				"up": {"uv": [0, 9, 16, 10], "rotation": 90, "texture": "#2"},
				"down": {"uv": [15.5, 15, 16, 16], "texture": "#0"}
			}
		},
		{
			"from": [7.4, 5.4, 14.5],
			"to": [8.6, 6.3, 15.25],
			"rotation": {"angle": 0, "axis": "y", "origin": [0, -2.6, 5.5]},
			"faces": {
				"north": {"uv": [14.5, 15, 16, 16], "texture": "#0"},
				"east": {"uv": [15, 14.5, 16, 16], "texture": "#0"},
				"south": {"uv": [14.5, 15, 16, 16], "texture": "#0"},
				"west": {"uv": [15, 14.5, 16, 16], "texture": "#0"},
				"up": {"uv": [14.5, 15, 16, 16], "texture": "#0"},
				"down": {"uv": [15.5, 15, 16, 16], "texture": "#0"}
			}
		},
		{
			"from": [7.4, 5.4, 16.8],
			"to": [8.6, 6.3, 17.55],
			"rotation": {"angle": 0, "axis": "y", "origin": [0, -2.6, 7.8]},
			"faces": {
				"north": {"uv": [14.5, 15, 16, 16], "texture": "#0"},
				"east": {"uv": [15, 14.5, 16, 16], "texture": "#0"},
				"south": {"uv": [14.5, 15, 16, 16], "texture": "#0"},
				"west": {"uv": [15, 14.5, 16, 16], "texture": "#0"},
				"up": {"uv": [14.5, 15, 16, 16], "texture": "#0"},
				"down": {"uv": [15.5, 15, 16, 16], "texture": "#0"}
			}
		}
	],
	"display": {
		"thirdperson_righthand": {
			"rotation": [0, -10, 0],
			"translation": [2.25, 6.75, -12.5],
			"scale": [1.35, 1.35, 1.35]
		},
		"thirdperson_lefthand": {
			"translation": [-12, 8.75, -2.25],
			"scale": [1.75, 1.75, 1.75]
		},
		"firstperson_righthand": {
			"rotation": [0, -10, 0],
			"translation": [9, 9.25, -7.25],
			"scale": [1.31, 1.31, 1.18]
		},
		"firstperson_lefthand": {
			"translation": [0, 8.25, -1.75],
			"scale": [1.25, 1.25, 1.25]
		},
		"ground": {
			"rotation": [0, 0, -90],
			"translation": [5.75, -2.25, 4.75],
			"scale": [1.25, 1.25, 1.25]
		},
		"gui": {
			"rotation": [21, 150, 0],
			"translation": [-3.25, 3.25, 0],
			"scale": [1.3, 1.3, 1.3]
		},
		"head": {
			"translation": [0, 0, -17.5],
			"scale": [0.5, 0.5, 2]
		},
		"fixed": {
			"rotation": [0, -90, 0],
			"translation": [6, 9, -1],
			"scale": [1.99, 1.99, 1.99]
		}
	},
	"groups": [
		{
			"name": "part",
			"origin": [0, 0, 12],
			"color": 0,
			"children": [0, 1]
		},
		{
			"name": "part",
			"origin": [0, 0, 12],
			"color": 0,
			"children": []
		},
		{
			"name": "group",
			"origin": [7.85, 3.75, 16],
			"color": 0,
			"children": [2, 3, 4, 5, 6, 7]
		},
		{
			"name": "stock",
			"origin": [7.85, 3.75, 16],
			"color": 0,
			"children": [8, 9, 10, 11, 12, 13]
		},
		{
			"name": "group",
			"origin": [7.85, 3.75, 16],
			"color": 0,
			"children": [14, 15, 16, 17, 18, 19]
		},
		{
			"name": "part",
			"origin": [0, 0, 12],
			"color": 0,
			"children": [20, 21, 22, 23, 24, 25]
		},
		26,
		27,
		28,
		29,
		30,
		31,
		{
			"name": "octagon",
			"origin": [8, 8, 8],
			"color": 0,
			"children": []
		},
		{
			"name": "octagon",
			"origin": [8, 8, 8],
			"color": 0,
			"children": []
		},
		{
			"name": "octagon",
			"origin": [8, 8, 8],
			"color": 0,
			"children": []
		},
		32,
		{
			"name": "stand",
			"origin": [12.25, 2.85, 6.8],
			"color": 0,
			"children": [33, 34, 35, 36, 37]
		},
		{
			"name": "barrel",
			"origin": [8, 8, 8],
			"color": 0,
			"children": [
				{
					"name": "group",
					"origin": [0, -3, 1.5],
					"color": 0,
					"children": [38, 39, 40, 41]
				},
				{
					"name": "group",
					"origin": [0, -3, 1.5],
					"color": 0,
					"children": [
						42,
						43,
						44,
						45,
						{
							"name": "group",
							"origin": [0, -3, 1.5],
							"color": 0,
							"children": [46, 47, 48, 49]
						}
					]
				}
			]
		},
		{
			"name": "scope",
			"origin": [8, 8, 8],
			"color": 0,
			"children": [50, 51, 52, 53]
		},
		{
			"name": "scope",
			"origin": [8, 8, 8],
			"color": 0,
			"children": [54, 55, 56, 57]
		},
		{
			"name": "scope",
			"origin": [8, 8, 8],
			"color": 0,
			"children": [58, 59, 60, 61]
		},
		{
			"name": "scope",
			"origin": [8, 9.7125, 3.375],
			"color": 0,
			"children": [62, 63, 64, 65]
		},
		{
			"name": "scope",
			"origin": [8, 8, 8],
			"color": 0,
			"children": [66, 67, 68, 69]
		},
		{
			"name": "scope",
			"origin": [8, 8, 8],
			"color": 0,
			"children": [70, 71, 72, 73]
		},
		{
			"name": "scope",
			"origin": [8, 8, 8],
			"color": 0,
			"children": [74, 75, 76, 77]
		},
		78,
		{
			"name": "rails",
			"origin": [0, -3.35, -1.5],
			"color": 0,
			"children": [79, 80, 81, 82, 83, 84]
		},
		{
			"name": "rails",
			"origin": [0, -3.35, -1.5],
			"color": 0,
			"children": []
		},
		85,
		86
	]
}