{
	"format_version": "1.21.6",
	"credit": "Made with Blockbench",
	"textures": {
		"0": "chems_guns:item/gun_ammo/mac10",
		"particle": "chems_guns:item/gun_ammo/mac10"
	},
	"elements": [
		{
			"from": [7, 4.5, 8.5],
			"to": [9, 7.5, 12],
			"rotation": {"angle": 0, "axis": "y", "origin": [8, 5, 9]},
			"faces": {
				"north": {"uv": [0, 0, 2, 3], "texture": "#0"},
				"east": {"uv": [0, 7, 2, 11], "texture": "#0"},
				"south": {"uv": [0, 0, 3, 4], "texture": "#0"},
				"west": {"uv": [0, 7, 2, 11], "texture": "#0"},
				"up": {"uv": [0, 0, 3, 2], "texture": "#0"},
				"down": {"uv": [0, 0, 3, 2], "texture": "#0"}
			}
		},
		{
			"from": [7, 3.5, 12],
			"to": [7.75, 4.75, 12.75],
			"rotation": {"angle": 0, "axis": "y", "origin": [8, 4, 12.5]},
			"faces": {
				"north": {"uv": [0, 0, 0.75, 1.25], "texture": "#0"},
				"east": {"uv": [0, 7, 2, 11], "texture": "#0"},
				"south": {"uv": [0, 0, 3, 4], "texture": "#0"},
				"west": {"uv": [0, 7, 2, 11], "texture": "#0"},
				"up": {"uv": [0, 0, 3, 2], "texture": "#0"},
				"down": {"uv": [0, 0, 3, 2], "texture": "#0"}
			}
		},
		{
			"from": [7, 3.5, 12],
			"to": [7.75, 4.75, 12.75],
			"rotation": {"angle": 0, "axis": "y", "origin": [8, 4, 12.5]},
			"faces": {
				"north": {"uv": [0, 0, 0.75, 1.25], "texture": "#0"},
				"east": {"uv": [0, 7, 2, 11], "texture": "#0"},
				"south": {"uv": [0, 0, 3, 4], "texture": "#0"},
				"west": {"uv": [0, 7, 2, 11], "texture": "#0"},
				"up": {"uv": [0, 0, 3, 2], "texture": "#0"},
				"down": {"uv": [0, 0, 3, 2], "texture": "#0"}
			}
		},
		{
			"from": [7.25, 4.75, 12.5],
			"to": [7.75, 8.25, 12.75],
			"rotation": {"angle": 0, "axis": "y", "origin": [8, 5.25, 12.5]},
			"faces": {
				"north": {"uv": [0, 0, 0.5, 3.5], "texture": "#0"},
				"east": {"uv": [0, 7, 2, 11], "texture": "#0"},
				"south": {"uv": [0, 0, 3, 4], "texture": "#0"},
				"west": {"uv": [0, 7, 2, 11], "texture": "#0"},
				"up": {"uv": [0, 0, 3, 2], "texture": "#0"},
				"down": {"uv": [0, 0, 3, 2], "texture": "#0"}
			}
		},
		{
			"from": [7.25, 7, 9.25],
			"to": [7.75, 7.25, 13],
			"rotation": {"angle": -22.5, "axis": "x", "origin": [8, 7.25, 9.75]},
			"faces": {
				"north": {"uv": [0, 0, 0.5, 0.25], "rotation": 180, "texture": "#0"},
				"east": {"uv": [0, 7, 2, 11], "rotation": 270, "texture": "#0"},
				"south": {"uv": [0, 0, 3, 2], "texture": "#0"},
				"west": {"uv": [0, 7, 2, 11], "rotation": 90, "texture": "#0"},
				"up": {"uv": [0, 0, 3, 4], "rotation": 180, "texture": "#0"},
				"down": {"uv": [0, 0, 3, 4], "texture": "#0"}
			}
		},
		{
			"from": [8.25, 4.75, 12.5],
			"to": [8.75, 8.25, 12.75],
			"rotation": {"angle": 0, "axis": "y", "origin": [9, 5.25, 12.5]},
			"faces": {
				"north": {"uv": [0, 0, 0.5, 3.5], "texture": "#0"},
				"east": {"uv": [0, 7, 2, 11], "texture": "#0"},
				"south": {"uv": [0, 0, 3, 4], "texture": "#0"},
				"west": {"uv": [0, 7, 2, 11], "texture": "#0"},
				"up": {"uv": [0, 0, 3, 2], "texture": "#0"},
				"down": {"uv": [0, 0, 3, 2], "texture": "#0"}
			}
		},
		{
			"from": [8.25, 7, 9.25],
			"to": [8.75, 7.25, 13],
			"rotation": {"angle": -22.5, "axis": "x", "origin": [9, 7.25, 9.75]},
			"faces": {
				"north": {"uv": [0, 0, 0.5, 0.25], "rotation": 180, "texture": "#0"},
				"east": {"uv": [0, 7, 2, 11], "rotation": 270, "texture": "#0"},
				"south": {"uv": [0, 0, 3, 2], "texture": "#0"},
				"west": {"uv": [0, 7, 2, 11], "rotation": 90, "texture": "#0"},
				"up": {"uv": [0, 0, 3, 4], "rotation": 180, "texture": "#0"},
				"down": {"uv": [0, 0, 3, 4], "texture": "#0"}
			}
		},
		{
			"from": [7, 4.5, 1],
			"to": [9, 7.5, 6.25],
			"rotation": {"angle": 0, "axis": "y", "origin": [8, 5, 9]},
			"faces": {
				"north": {"uv": [0, 0, 2, 3], "texture": "#0"},
				"east": {"uv": [0, 7, 4, 11], "texture": "#0"},
				"south": {"uv": [0, 0, 3, 4], "texture": "#0"},
				"west": {"uv": [0, 7, 4, 11], "texture": "#0"},
				"up": {"uv": [0, 0, 3, 4], "texture": "#0"},
				"down": {"uv": [0, 0, 3, 4], "texture": "#0"}
			}
		},
		{
			"from": [7.5, 5.5, -1],
			"to": [8.5, 6.5, 1],
			"rotation": {"angle": 0, "axis": "y", "origin": [8, 5, 11]},
			"faces": {
				"north": {"uv": [9, 0, 13, 4], "texture": "#0"},
				"east": {"uv": [12, 11, 16, 13], "texture": "#0"},
				"south": {"uv": [0, 0, 3, 4], "texture": "#0"},
				"west": {"uv": [12, 11, 16, 13], "texture": "#0"},
				"up": {"uv": [14, 9, 16, 13], "texture": "#0"},
				"down": {"uv": [14, 9, 16, 13], "texture": "#0"}
			}
		},
		{
			"from": [7.5, 2.25, 0],
			"to": [8.5, 3.25, 1.75],
			"rotation": {"angle": 22.5, "axis": "x", "origin": [8, 1.75, 13]},
			"faces": {
				"north": {"uv": [0, 0, 1, 1], "texture": "#0"},
				"east": {"uv": [0, 7, 4, 11], "texture": "#0"},
				"south": {"uv": [0, 0, 3, 4], "texture": "#0"},
				"west": {"uv": [0, 7, 4, 11], "texture": "#0"},
				"up": {"uv": [0, 0, 3, 4], "texture": "#0"},
				"down": {"uv": [0, 0, 3, 4], "texture": "#0"}
			}
		},
		{
			"from": [6.9999, 4.5, 6.25],
			"to": [8.9999, 5.75, 8.5],
			"rotation": {"angle": 0, "axis": "y", "origin": [8, 5, 9]},
			"faces": {
				"north": {"uv": [0, 0, 2, 1.25], "texture": "#0"},
				"east": {"uv": [0, 0, 4, 2], "texture": "#0"},
				"south": {"uv": [0, 0, 3, 2], "texture": "#0"},
				"west": {"uv": [0, 0, 4, 1], "texture": "#0"},
				"up": {"uv": [0, 0, 3, 4], "texture": "#0"},
				"down": {"uv": [0, 0, 3, 4], "texture": "#0"}
			}
		},
		{
			"from": [7.5, 2.5, 4.5],
			"to": [8.5, 3, 6.5],
			"rotation": {"angle": 0, "axis": "y", "origin": [8, 5, 9]},
			"faces": {
				"north": {"uv": [15, 11, 16, 12], "texture": "#0"},
				"east": {"uv": [14, 9, 16, 11], "rotation": 270, "texture": "#0"},
				"south": {"uv": [14, 11, 15, 12], "texture": "#0"},
				"west": {"uv": [16, 9, 14, 11], "rotation": 90, "texture": "#0"},
				"up": {"uv": [15, 11, 16, 12], "texture": "#0"},
				"down": {"uv": [14, 11, 15, 12], "texture": "#0"}
			}
		},
		{
			"from": [7.5, 3, 4.5],
			"to": [8.5, 4.5, 5],
			"rotation": {"angle": 0, "axis": "y", "origin": [8, 6, 9]},
			"faces": {
				"north": {"uv": [15, 11, 16, 12], "texture": "#0"},
				"east": {"uv": [13, 9, 14, 10], "rotation": 270, "texture": "#0"},
				"south": {"uv": [14, 11, 15, 12], "texture": "#0"},
				"west": {"uv": [16, 9, 15, 10], "rotation": 90, "texture": "#0"},
				"up": {"uv": [15, 11, 16, 12], "texture": "#0"},
				"down": {"uv": [14, 11, 15, 12], "texture": "#0"}
			}
		},
		{
			"from": [7.5, 0.5, 8.25],
			"to": [8.5, 4.5, 9.25],
			"rotation": {"angle": 0, "axis": "y", "origin": [8, 3, 12.75]},
			"faces": {
				"north": {"uv": [15, 11, 16, 13], "texture": "#0"},
				"east": {"uv": [14, 11, 16, 13], "texture": "#0"},
				"south": {"uv": [14, 11, 15, 13], "texture": "#0"},
				"west": {"uv": [14, 11, 16, 13], "texture": "#0"},
				"up": {"uv": [15, 11, 16, 13], "texture": "#0"},
				"down": {"uv": [14, 11, 15, 13], "texture": "#0"}
			}
		},
		{
			"from": [7.5, -3.25, 6.5],
			"to": [8.5, 0.75, 8.25],
			"rotation": {"angle": 0, "axis": "y", "origin": [8, -0.75, 11.25]},
			"faces": {
				"north": {"uv": [15, 11, 16, 13], "texture": "#0"},
				"east": {"uv": [14, 11, 16, 13], "texture": "#0"},
				"south": {"uv": [14, 11, 15, 13], "texture": "#0"},
				"west": {"uv": [14, 11, 16, 13], "texture": "#0"},
				"up": {"uv": [15, 11, 16, 13], "texture": "#0"},
				"down": {"uv": [14, 11, 15, 13], "texture": "#0"}
			}
		},
		{
			"from": [7.25, 0.5, 6.4],
			"to": [8.75, 4.5, 8.4],
			"rotation": {"angle": 0, "axis": "x", "origin": [8, 2.5, 9]},
			"faces": {
				"north": {"uv": [0, 5, 1.5, 9], "texture": "#0"},
				"east": {"uv": [0, 0, 2, 5], "texture": "#0"},
				"south": {"uv": [2, 0, 4, 5], "texture": "#0"},
				"west": {"uv": [0, 0, 2, 5], "texture": "#0"},
				"up": {"uv": [0, 0, 2, 2], "texture": "#0"},
				"down": {"uv": [0, 0, 2, 2], "texture": "#0"}
			}
		},
		{
			"from": [8, 5.5, 6.25],
			"to": [9, 7.5, 8.5],
			"rotation": {"angle": 0, "axis": "y", "origin": [8, 4, 9]},
			"faces": {
				"north": {"uv": [0, 0, 1, 2], "texture": "#0"},
				"east": {"uv": [0, 0, 4, 2.5], "texture": "#0"},
				"south": {"uv": [0, 0, 1.5, 2.5], "texture": "#0"},
				"west": {"uv": [10, 0, 12, 2.75], "texture": "#0"},
				"up": {"uv": [0, 0, 1.5, 4], "texture": "#0"},
				"down": {"uv": [0, 0, 1.5, 4], "texture": "#0"}
			}
		},
		{
			"from": [7, 7, 6.25],
			"to": [8, 7.5, 8.5],
			"rotation": {"angle": 0, "axis": "y", "origin": [8, 4.5, 9]},
			"faces": {
				"north": {"uv": [0, 0, 1, 0.5], "texture": "#0"},
				"east": {"uv": [0, 0, 4, 2.5], "texture": "#0"},
				"south": {"uv": [0, 0, 1.5, 2.5], "texture": "#0"},
				"west": {"uv": [0, 0, 4, 2.5], "texture": "#0"},
				"up": {"uv": [0, 0, 1.5, 4], "texture": "#0"},
				"down": {"uv": [0, 0, 1.5, 4], "texture": "#0"}
			}
		}
	],
	"display": {
		"thirdperson_righthand": {
			"translation": [0, 2.75, 0.75],
			"scale": [0.75, 0.75, 0.75]
		},
		"thirdperson_lefthand": {
			"translation": [-12, 2.75, 0.75],
			"scale": [0.75, 0.75, 0.75]
		},
		"firstperson_righthand": {
			"translation": [-9, 6.75, 3]
		},
		"firstperson_lefthand": {
			"translation": [0, -80, 0]
		},
		"ground": {
			"rotation": [0, 0, 90],
			"translation": [-1.5, -2.5, 1.5],
			"scale": [0.75, 0.75, 0.75]
		},
		"gui": {
			"rotation": [21, 128, 0],
			"translation": [1.75, 4.5, 0]
		},
		"head": {
			"translation": [0, -2, 0]
		},
		"fixed": {
			"rotation": [0, -90, 0],
			"translation": [-2.25, 5, -0.25]
		}
	}
}