{
	"format_version": "1.21.6",
	"credit": "Made with Blockbench",
	"textures": {
		"0": "chems_guns:item/gun_ammo/mg36a",
		"particle": "chems_guns:item/gun_ammo/mg36a"
	},
	"elements": [
		{
			"from": [6.5, 6, 6],
			"to": [9.5, 8.55, 10],
			"faces": {
				"north": {"uv": [0, 1, 3, 3], "texture": "#0"},
				"east": {"uv": [12, 0, 16, 2.5], "texture": "#0"},
				"south": {"uv": [12, 0, 16, 2.5], "texture": "#0"},
				"west": {"uv": [12, 0, 16, 3], "texture": "#0"},
				"up": {"uv": [11, 3.5, 15, 6], "rotation": 90, "texture": "#0"},
				"down": {"uv": [0, 13, 5, 16], "texture": "#0"}
			}
		},
		{
			"from": [6.75, 5, 10],
			"to": [9.25, 8.55, 15],
			"rotation": {"angle": 0, "axis": "y", "origin": [0, 0, 4]},
			"faces": {
				"north": {"uv": [0, 1, 3, 3], "texture": "#0"},
				"east": {"uv": [11.5, 3, 16, 6.5], "texture": "#0"},
				"south": {"uv": [12.5, 3, 16, 6], "rotation": 90, "texture": "#0"},
				"west": {"uv": [11, 3, 16, 6.5], "texture": "#0"},
				"up": {"uv": [0, 13, 5, 16], "rotation": 90, "texture": "#0"},
				"down": {"uv": [0, 13, 5, 16], "rotation": 90, "texture": "#0"}
			}
		},
		{
			"from": [7.501, 1.3, 12.8],
			"to": [8.498, 5.3, 14.8],
			"rotation": {"angle": -22.5, "axis": "x", "origin": [8, 2.5, 13]},
			"faces": {
				"north": {"uv": [14.503, 9.5, 16, 16], "texture": "#0"},
				"east": {"uv": [12.5, 9.5, 16, 16], "texture": "#0"},
				"south": {"uv": [13.003, 9.5, 14.5, 16], "texture": "#0"},
				"west": {"uv": [12.5, 9.5, 16, 16], "texture": "#0"},
				"up": {"uv": [13.003, 10, 16, 13], "texture": "#0"},
				"down": {"uv": [14.503, 13, 16, 16], "texture": "#0"}
			}
		},
		{
			"from": [7.6001, 3.4, 10.81],
			"to": [8.4001, 3.9, 12.66],
			"rotation": {"angle": 0, "axis": "y", "origin": [8.0001, 3.65, 11.66]},
			"faces": {
				"north": {"uv": [4.5, 11, 5.5, 12], "rotation": 180, "texture": "#0"},
				"east": {"uv": [0.5, 11.5, 3.5, 12.5], "rotation": 180, "texture": "#0"},
				"south": {"uv": [15, 15, 16, 16], "texture": "#0"},
				"west": {"uv": [3.5, 11, 7, 12], "texture": "#0"},
				"up": {"uv": [3.5, 11, 6.5, 12], "rotation": 90, "texture": "#0"},
				"down": {"uv": [3.5, 11, 7, 12], "rotation": 90, "texture": "#0"}
			}
		},
		{
			"from": [7.6001, 3.8, 10.66],
			"to": [8.4001, 6.4, 11.16],
			"rotation": {"angle": -22.5, "axis": "x", "origin": [8.0001, 3.9, 11.66]},
			"faces": {
				"north": {"uv": [0.5, 11, 5, 12], "rotation": 90, "texture": "#0"},
				"east": {"uv": [2.5, 11, 7, 12], "rotation": 90, "texture": "#0"},
				"south": {"uv": [2, 11, 6.5, 12], "rotation": 90, "texture": "#0"},
				"west": {"uv": [3.5, 11.5, 8, 12.5], "rotation": 90, "texture": "#0"},
				"up": {"uv": [15, 10, 16, 16], "texture": "#0"},
				"down": {"uv": [10, 10, 16, 11], "rotation": 90, "texture": "#0"}
			}
		},
		{
			"from": [7.7, 4.25, 11.25],
			"to": [8.3, 6.25, 12.25],
			"rotation": {"angle": 0, "axis": "y", "origin": [-0.5, 0.25, 2.25]},
			"faces": {
				"north": {"uv": [15, 0, 16, 2], "texture": "#0"},
				"east": {"uv": [9, 3, 10, 5], "texture": "#0"},
				"south": {"uv": [15, 0, 16, 2], "texture": "#0"},
				"west": {"uv": [9, 3, 10, 5], "texture": "#0"},
				"up": {"uv": [15, 0, 16, 2], "texture": "#0"},
				"down": {"uv": [15, 0, 16, 2], "texture": "#0"}
			}
		},
		{
			"from": [7, 4, 6],
			"to": [9, 6, 10],
			"rotation": {"angle": 0, "axis": "y", "origin": [0, 0, 1]},
			"faces": {
				"north": {"uv": [9.5, 12, 11.5, 14], "rotation": 90, "texture": "#0"},
				"east": {"uv": [9.5, 10, 11.5, 14], "rotation": 90, "texture": "#0"},
				"south": {"uv": [9.5, 12, 11.5, 14], "rotation": 90, "texture": "#0"},
				"west": {"uv": [9.5, 10, 11.5, 14], "rotation": 90, "texture": "#0"},
				"up": {"uv": [14, 12, 16, 16], "texture": "#0"},
				"down": {"uv": [14, 12, 16, 16], "texture": "#0"}
			}
		},
		{
			"from": [9.02, 7.35, -2.999],
			"to": [10.02, 8.85, 6.001],
			"rotation": {"angle": 22.5, "axis": "z", "origin": [8.25, 7, -2]},
			"faces": {
				"north": {"uv": [0, 2.5, 1.5, 3.5], "rotation": 90, "texture": "#0"},
				"east": {"uv": [0, 0, 9, 1.5], "texture": "#0"},
				"south": {"uv": [0, 2.5, 1.5, 3.5], "rotation": 270, "texture": "#0"},
				"west": {"uv": [0, 0, 1.5, 13], "rotation": 270, "texture": "#0"},
				"up": {"uv": [0, 0, 13, 1], "rotation": 270, "texture": "#0"},
				"down": {"uv": [0, 0, 13, 1], "rotation": 270, "texture": "#0"}
			}
		},
		{
			"from": [6.825, 8, -3],
			"to": [9.175, 9.39, 6],
			"rotation": {"angle": 0, "axis": "y", "origin": [0, 0, -10]},
			"faces": {
				"north": {"uv": [1.5, 2.5, 4, 4], "texture": "#0"},
				"east": {"uv": [0, 0, 13, 1.39], "texture": "#0"},
				"south": {"uv": [1.5, 2.5, 4, 4], "texture": "#0"},
				"west": {"uv": [0, 0, 13, 1.39], "texture": "#0"},
				"up": {"uv": [0, 0, 9, 1.85], "rotation": 90, "texture": "#0"},
				"down": {"uv": [0, 0, 1.85, 13], "texture": "#0"}
			}
		},
		{
			"from": [5.98, 7.35, -2.999],
			"to": [6.98, 8.85, 6.001],
			"rotation": {"angle": -22.5, "axis": "z", "origin": [7.75, 7, -2]},
			"faces": {
				"north": {"uv": [4, 2.5, 5.5, 3.5], "rotation": 90, "texture": "#0"},
				"east": {"uv": [0, 0, 1.5, 13], "rotation": 270, "texture": "#0"},
				"south": {"uv": [0, 2.5, 1.5, 3.5], "rotation": 270, "texture": "#0"},
				"west": {"uv": [0, 0, 9, 1.5], "texture": "#0"},
				"up": {"uv": [0, 0, 13, 1], "rotation": 270, "texture": "#0"},
				"down": {"uv": [0, 0, 13, 1], "rotation": 270, "texture": "#0"}
			}
		},
		{
			"from": [9.02, 5.15, -2.999],
			"to": [10.02, 6.65, 6.001],
			"rotation": {"angle": -22.5, "axis": "z", "origin": [8.25, 7, 2]},
			"faces": {
				"north": {"uv": [0, 2.5, 1.5, 3.5], "rotation": 90, "texture": "#0"},
				"east": {"uv": [0, 0, 9, 1.5], "texture": "#0"},
				"south": {"uv": [0, 2.5, 1.5, 3.5], "rotation": 270, "texture": "#0"},
				"west": {"uv": [0, 0, 1.5, 13], "rotation": 90, "texture": "#0"},
				"up": {"uv": [0, 0, 13, 1], "rotation": 270, "texture": "#0"},
				"down": {"uv": [0, 0, 13, 1], "rotation": 270, "texture": "#0"}
			}
		},
		{
			"from": [6.825, 4.61, -3],
			"to": [9.175, 6, 6],
			"rotation": {"angle": 0, "axis": "y", "origin": [0, 14, 10]},
			"faces": {
				"north": {"uv": [1.5, 2.5, 4, 4], "rotation": 180, "texture": "#0"},
				"east": {"uv": [0, 0, 13, 1.39], "rotation": 180, "texture": "#0"},
				"south": {"uv": [11, 0, 12.85, 1.39], "rotation": 180, "texture": "#0"},
				"west": {"uv": [0, 0, 13, 1.39], "rotation": 180, "texture": "#0"},
				"up": {"uv": [0, 0, 1.85, 13], "texture": "#0"},
				"down": {"uv": [0, 0, 9, 1.85], "rotation": 90, "texture": "#0"}
			}
		},
		{
			"from": [5.98, 5.15, -2.999],
			"to": [6.98, 6.65, 6.001],
			"rotation": {"angle": 22.5, "axis": "z", "origin": [7.75, 7, 2]},
			"faces": {
				"north": {"uv": [4, 2.5, 5.5, 3.5], "rotation": 90, "texture": "#0"},
				"east": {"uv": [0, 0, 1.5, 13], "rotation": 90, "texture": "#0"},
				"south": {"uv": [0, 2.5, 1.5, 3.5], "rotation": 270, "texture": "#0"},
				"west": {"uv": [0, 0, 9, 1.5], "texture": "#0"},
				"up": {"uv": [0, 0, 13, 1], "rotation": 270, "texture": "#0"},
				"down": {"uv": [0, 0, 13, 1], "rotation": 270, "texture": "#0"}
			}
		},
		{
			"from": [6.25, 6, -3],
			"to": [9.75, 8, 6],
			"rotation": {"angle": 0, "axis": "y", "origin": [-0.25, 0, 0]},
			"faces": {
				"north": {"uv": [0, 4, 3.5, 6], "texture": "#0"},
				"east": {"uv": [0, 10.5, 9, 12.5], "texture": "#0"},
				"south": {"uv": [0, 4, 3.5, 6], "texture": "#0"},
				"west": {"uv": [0, 10.5, 9, 12.5], "texture": "#0"},
				"up": {"uv": [3, 3, 6, 13], "texture": "#0"},
				"down": {"uv": [3, 3, 6, 13], "texture": "#0"}
			}
		},
		{
			"name": "octagon",
			"from": [7.73223, 8, -4],
			"to": [8.23223, 8.5, -3],
			"rotation": {"angle": 0, "axis": "y", "origin": [8, 7.25, -4]},
			"faces": {
				"north": {"uv": [4, 4, 5, 5], "texture": "#0"},
				"east": {"uv": [11.5, 9, 12.5, 9.5], "texture": "#0"},
				"south": {"uv": [0, 0, 1, 1], "texture": "#0"},
				"west": {"uv": [11.5, 9, 12.5, 9.5], "texture": "#0"},
				"up": {"uv": [12, 8.5, 12.5, 9.5], "texture": "#0"},
				"down": {"uv": [12, 8.5, 12.5, 9.5], "texture": "#0"}
			}
		},
		{
			"name": "octagon",
			"from": [7.73223, 6, -4],
			"to": [8.23223, 6.5, -3],
			"rotation": {"angle": 0, "axis": "y", "origin": [8, 5.25, -4]},
			"faces": {
				"north": {"uv": [4, 4, 5, 5], "texture": "#0"},
				"east": {"uv": [11.5, 9, 12.5, 9.5], "texture": "#0"},
				"south": {"uv": [0, 0, 1, 1], "texture": "#0"},
				"west": {"uv": [11.5, 9, 12.5, 9.5], "texture": "#0"},
				"up": {"uv": [12, 8.5, 12.5, 9.5], "texture": "#0"},
				"down": {"uv": [12, 8.5, 12.5, 9.5], "texture": "#0"}
			}
		},
		{
			"name": "octagon",
			"from": [7.48223, 7.75, -7],
			"to": [8.48223, 8.75, -4],
			"rotation": {"angle": 0, "axis": "y", "origin": [8, 7.25, -5]},
			"faces": {
				"north": {"uv": [14, 7.5, 16, 9.5], "texture": "#0"},
				"east": {"uv": [9.5, 8, 14, 9.5], "texture": "#0"},
				"south": {"uv": [10.5, 8, 12, 9.5], "texture": "#0"},
				"west": {"uv": [9.5, 8, 14, 9.5], "texture": "#0"},
				"up": {"uv": [9, 8, 13.5, 9.5], "rotation": 90, "texture": "#0"},
				"down": {"uv": [9.5, 8, 14, 9.5], "rotation": 90, "texture": "#0"}
			}
		},
		{
			"from": [7.5, 9, -2],
			"to": [8.5, 10, 0],
			"faces": {
				"north": {"uv": [0, 0, 1, 1], "texture": "#0"},
				"east": {"uv": [0, 0, 2, 1], "texture": "#0"},
				"south": {"uv": [0, 0, 1, 1], "texture": "#0"},
				"west": {"uv": [0, 0, 2, 1], "texture": "#0"},
				"up": {"uv": [0, 0, 1, 2], "texture": "#0"},
				"down": {"uv": [0, 0, 1, 2], "texture": "#0"}
			}
		},
		{
			"from": [7.25, 2, 6.25],
			"to": [8.75, 5, 9.75],
			"rotation": {"angle": 0, "axis": "y", "origin": [0, 0, 1]},
			"faces": {
				"north": {"uv": [6, 13, 7.5, 16], "texture": "#0"},
				"east": {"uv": [6.5, 3.5, 10, 6.5], "texture": "#0"},
				"south": {"uv": [6, 13, 7.5, 16], "texture": "#0"},
				"west": {"uv": [6.5, 3.5, 10, 6.5], "texture": "#0"},
				"up": {"uv": [1, 0, 2.5, 3.5], "texture": "#0"},
				"down": {"uv": [1, 0, 2.5, 3.5], "texture": "#0"}
			}
		},
		{
			"from": [7.249, 3.75, 5],
			"to": [8.751, 5.75, 8.5],
			"rotation": {"angle": 22.5, "axis": "x", "origin": [0, 0.75, -0.25]},
			"faces": {
				"north": {"uv": [6, 14, 7.5, 16], "texture": "#0"},
				"east": {"uv": [9, 14, 12.5, 16], "texture": "#0"},
				"south": {"uv": [6, 14, 7.5, 16], "texture": "#0"},
				"west": {"uv": [9, 14, 12.5, 16], "texture": "#0"},
				"up": {"uv": [1, 0, 2.5, 3.5], "texture": "#0"},
				"down": {"uv": [7.5, 12.5, 9, 16], "texture": "#0"}
			}
		},
		{
			"from": [7.25, 5.25, 21.002],
			"to": [8.75, 6.3, 24.002],
			"rotation": {"angle": 0, "axis": "y", "origin": [14.5, 14, 9]},
			"faces": {
				"north": {"uv": [0, 12.5, 2.5, 16], "texture": "#0"},
				"east": {"uv": [5.5, 8, 8.5, 9], "texture": "#0"},
				"south": {"uv": [0, 3, 2.5, 6.5], "texture": "#0"},
				"west": {"uv": [1.5, 8, 4.5, 9], "texture": "#0"},
				"up": {"uv": [0, 0, 1, 1], "rotation": 270, "texture": "#0"},
				"down": {"uv": [0, 13.5, 1, 16], "rotation": 90, "texture": "#0"}
			}
		},
		{
			"from": [7.249, 5.65, 18.4],
			"to": [8.751, 6.85, 24.6],
			"rotation": {"angle": 22.5, "axis": "x", "origin": [8, 6.25, 20.15]},
			"faces": {
				"north": {"uv": [0, 3, 1, 4], "texture": "#0"},
				"east": {"uv": [1.5, 8, 9, 9.5], "texture": "#0"},
				"south": {"uv": [0, 3, 1, 4], "texture": "#0"},
				"west": {"uv": [1.5, 8, 9, 9.5], "texture": "#0"},
				"up": {"uv": [0, 3, 1, 4], "rotation": 270, "texture": "#0"},
				"down": {"uv": [1.5, 8, 9, 9.5], "rotation": 90, "texture": "#0"}
			}
		},
		{
			"from": [7.25, 4, 24.002],
			"to": [8.75, 7.5, 25.002],
			"rotation": {"angle": 0, "axis": "y", "origin": [14.5, 14, 10]},
			"faces": {
				"north": {"uv": [0, 12.5, 2.5, 16], "texture": "#0"},
				"east": {"uv": [8, 6.5, 9, 10], "texture": "#0"},
				"south": {"uv": [5.5, 8, 9, 9.5], "rotation": 90, "texture": "#0"},
				"west": {"uv": [8, 6.5, 9, 10], "texture": "#0"},
				"up": {"uv": [0, 0, 1, 1], "rotation": 270, "texture": "#0"},
				"down": {"uv": [1.5, 8, 2.5, 9.5], "rotation": 90, "texture": "#0"}
			}
		},
		{
			"from": [7.25, 6.3, 15],
			"to": [8.75, 7.5, 24],
			"rotation": {"angle": 0, "axis": "y", "origin": [14.5, 14, 10]},
			"faces": {
				"north": {"uv": [0, 3, 1, 4], "texture": "#0"},
				"east": {"uv": [1.5, 6.5, 12, 8], "texture": "#0"},
				"south": {"uv": [0, 3, 1, 4], "texture": "#0"},
				"west": {"uv": [1.5, 6.5, 12, 8], "texture": "#0"},
				"up": {"uv": [0, 3, 1, 4], "rotation": 270, "texture": "#0"},
				"down": {"uv": [1.5, 8, 9, 9.5], "rotation": 90, "texture": "#0"}
			}
		},
		{
			"from": [8.10886, 7.42, 15],
			"to": [8.85886, 8.235, 25],
			"rotation": {"angle": 22.5, "axis": "z", "origin": [8.60886, 7.19183, 10.5]},
			"faces": {
				"north": {"uv": [0, 4, 1, 5], "texture": "#0"},
				"east": {"uv": [1.5, 7, 11.5, 8], "texture": "#0"},
				"south": {"uv": [1.5, 7.5, 2.5, 8.5], "texture": "#0"},
				"west": {"uv": [1, 3, 2, 4], "texture": "#0"},
				"up": {"uv": [1, 2, 2, 3], "rotation": 270, "texture": "#0"},
				"down": {"uv": [0, 2, 1, 3], "rotation": 90, "texture": "#0"}
			}
		},
		{
			"from": [7.555, 7.25, 15.001],
			"to": [8.44, 8.25, 25.001],
			"rotation": {"angle": 0, "axis": "y", "origin": [14.5, 14, 10]},
			"faces": {
				"north": {"uv": [0, 3, 1, 4], "texture": "#0"},
				"east": {"uv": [0, 3, 1, 4], "texture": "#0"},
				"south": {"uv": [7.5, 8, 8.75, 9.5], "texture": "#0"},
				"west": {"uv": [0, 3, 1, 4], "texture": "#0"},
				"up": {"uv": [1.5, 7, 12, 8], "rotation": 270, "texture": "#0"},
				"down": {"uv": [0, 3, 1, 4], "rotation": 90, "texture": "#0"}
			}
		},
		{
			"from": [7.4, 7.235, 15],
			"to": [8.15, 8.035, 25],
			"rotation": {"angle": -22.5, "axis": "z", "origin": [8, 7.75, 10.5]},
			"faces": {
				"north": {"uv": [0, 5, 1, 6], "texture": "#0"},
				"east": {"uv": [1, 5, 2, 6], "texture": "#0"},
				"south": {"uv": [1.5, 8.5, 2.5, 9.5], "texture": "#0"},
				"west": {"uv": [1.5, 7, 12, 8], "texture": "#0"},
				"up": {"uv": [1, 4, 2, 5], "rotation": 270, "texture": "#0"},
				"down": {"uv": [0, 3, 1, 4], "rotation": 90, "texture": "#0"}
			}
		}
	],
	"display": {
		"thirdperson_righthand": {
			"rotation": [0, -10, 0],
			"translation": [0, 1.5, -0.75],
			"scale": [0.75, 0.75, 0.75]
		},
		"thirdperson_lefthand": {
			"translation": [-12.25, 1.5, -0.75],
			"scale": [0.75, 0.75, 0.75]
		},
		"firstperson_righthand": {
			"rotation": [0, -10, 0],
			"translation": [11.25, 6, 0.25]
		},
		"ground": {
			"rotation": [0, 0, -90],
			"translation": [1.75, -2.5, 0.5],
			"scale": [0.7, 0.7, 0.7]
		},
		"gui": {
			"rotation": [28, 128, -24],
			"translation": [-2, 2, 0]
		},
		"fixed": {
			"rotation": [0, -90, 0],
			"translation": [-0.75, 0, -1.75]
		}
	},
	"groups": [
		0,
		1,
		2,
		3,
		4,
		5,
		6,
		{
			"name": "front",
			"origin": [0, 0, 0],
			"color": 0,
			"children": [7, 8, 9, 10, 11, 12, 13]
		},
		{
			"name": "octagon",
			"origin": [8, 8, 8],
			"color": 0,
			"children": [14, 15, 16]
		},
		17,
		{
			"name": "ammo",
			"origin": [0, 0, 0],
			"color": 0,
			"children": [18, 19]
		},
		{
			"name": "stock",
			"origin": [8, 8.25, 10.5],
			"color": 0,
			"children": [20, 21, 22, 23, 24, 25, 26]
		}
	]
}