{
	"format_version": "1.21.6",
	"credit": "Made with Blockbench",
	"textures": {
		"0": "chems_guns:item/gun_ammo/dshk",
		"1": "chems_guns:item/gun_ammo/rpg7",
		"2": "chems_guns:item/gun_ammo/20mmholes",
		"particle": "chems_guns:item/gun_ammo/dshk"
	},
	"elements": [
		{
			"from": [7.5502, 6.7, 14.35],
			"to": [8.5502, 7.85, 15.3],
			"rotation": {"angle": 0, "axis": "y", "origin": [8.05, 7.075, 15.375]},
			"faces": {
				"north": {"uv": [0, 1, 3, 3], "texture": "#0"},
				"east": {"uv": [11, 3, 12.5, 5], "texture": "#0"},
				"south": {"uv": [11.5, 3, 12.5, 7], "rotation": 90, "texture": "#0"},
				"west": {"uv": [11, 3, 12.5, 5], "texture": "#0"},
				"up": {"uv": [10, 3, 11.5, 5], "texture": "#0"},
				"down": {"uv": [10, 3, 12.5, 7.5], "texture": "#0"}
			}
		},
		{
			"from": [7.5499, 5.9, 16.15],
			"to": [8.5499, 8.35, 17.1],
			"rotation": {"angle": 0, "axis": "y", "origin": [8.05, 7.075, 17.175]},
			"faces": {
				"north": {"uv": [0, 1, 3, 3], "texture": "#0"},
				"east": {"uv": [11, 3.5, 12.5, 7.5], "texture": "#0"},
				"south": {"uv": [10, 3, 11.5, 7], "texture": "#0"},
				"west": {"uv": [11, 3.5, 12.5, 7.5], "texture": "#0"},
				"up": {"uv": [10, 3, 11.5, 4.5], "texture": "#0"},
				"down": {"uv": [10.5, 4.5, 12, 6], "texture": "#0"}
			}
		},
		{
			"from": [7.55, 6.9, 15.05],
			"to": [8.55, 8.05, 16.45],
			"rotation": {"angle": -22.5, "axis": "x", "origin": [8.05, 7.475, 15.525]},
			"faces": {
				"north": {"uv": [0, 1, 3, 3], "texture": "#0"},
				"east": {"uv": [10.5, 4, 12.5, 6], "texture": "#0"},
				"south": {"uv": [11.5, 3, 12.5, 7], "rotation": 90, "texture": "#0"},
				"west": {"uv": [10.5, 4, 12.5, 6], "texture": "#0"},
				"up": {"uv": [10, 3, 11.5, 5], "texture": "#0"},
				"down": {"uv": [10, 3, 12.5, 7.5], "texture": "#0"}
			}
		},
		{
			"from": [7.5501, 6.17, 15.1],
			"to": [8.5501, 7.32, 16.45],
			"rotation": {"angle": 22.5, "axis": "x", "origin": [8.05, 6.775, 15.625]},
			"faces": {
				"north": {"uv": [11, 3, 12.5, 5], "texture": "#0"},
				"east": {"uv": [10.5, 3, 12.5, 5], "texture": "#0"},
				"south": {"uv": [11.5, 3, 12.5, 7], "rotation": 90, "texture": "#0"},
				"west": {"uv": [10.5, 3, 12.5, 5], "texture": "#0"},
				"up": {"uv": [10, 3, 12.5, 7.5], "texture": "#0"},
				"down": {"uv": [11, 4, 12.5, 6], "texture": "#0"}
			}
		},
		{
			"from": [5.525, 6.77224, 8.6916],
			"to": [7.525, 7.59357, 10.6936],
			"rotation": {"angle": 0, "axis": "y", "origin": [6.525, 7.18291, 9.69166]},
			"faces": {
				"north": {"uv": [7.5, 7.5, 9.5, 8.5], "texture": "#0"},
				"east": {"uv": [7.5, 7.5, 9.5, 9.39], "texture": "#0"},
				"south": {"uv": [7.5, 9.5, 9.5, 10.5], "texture": "#0"},
				"west": {"uv": [7.5, 7.5, 9.5, 9.39], "texture": "#0"},
				"up": {"uv": [7.5, 7.5, 9.5, 9.5], "rotation": 90, "texture": "#0"},
				"down": {"uv": [7.5, 6.5, 9.5, 8.5], "rotation": 90, "texture": "#0"}
			}
		},
		{
			"from": [6.025, 7.37224, 8.7916],
			"to": [7.625, 7.99357, 10.5936],
			"rotation": {"angle": 0, "axis": "y", "origin": [6.625, 7.78291, 9.69166]},
			"faces": {
				"north": {"uv": [7.5, 7.5, 9.5, 8.5], "texture": "#0"},
				"east": {"uv": [7.5, 7.5, 9.5, 9.39], "texture": "#0"},
				"south": {"uv": [7.5, 9.5, 9.5, 10.5], "texture": "#0"},
				"west": {"uv": [7.5, 7.5, 9.5, 9.39], "texture": "#0"},
				"up": {"uv": [7.5, 7, 9.5, 9], "rotation": 90, "texture": "#0"},
				"down": {"uv": [7.5, 6.5, 9.5, 8.5], "rotation": 90, "texture": "#0"}
			}
		},
		{
			"from": [5.525, 6.77224, 8.69166],
			"to": [7.525, 7.59357, 10.69166],
			"rotation": {"angle": -45, "axis": "z", "origin": [6.525, 7.18291, 9.69166]},
			"faces": {
				"north": {"uv": [7.5, 7.5, 9.5, 8.5], "texture": "#0"},
				"east": {"uv": [7.5, 7.5, 9.5, 9.39], "texture": "#0"},
				"south": {"uv": [7.5, 9.5, 9.5, 10.5], "texture": "#0"},
				"west": {"uv": [7.5, 7.5, 9.5, 9.39], "texture": "#0"},
				"up": {"uv": [7.5, 7.5, 9.5, 9.5], "rotation": 90, "texture": "#0"},
				"down": {"uv": [7.5, 6.5, 9.5, 8.5], "rotation": 90, "texture": "#0"}
			}
		},
		{
			"from": [6.11433, 6.18291, 8.6915],
			"to": [6.93567, 8.18291, 10.6935],
			"rotation": {"angle": 0, "axis": "z", "origin": [6.525, 7.18291, 9.69166]},
			"faces": {
				"north": {"uv": [7.5, 7.5, 9.5, 8.5], "rotation": 270, "texture": "#0"},
				"east": {"uv": [7.5, 7.5, 9.5, 9.5], "rotation": 180, "texture": "#0"},
				"south": {"uv": [7.5, 9.5, 9.5, 10.5], "rotation": 90, "texture": "#0"},
				"west": {"uv": [7.5, 6.5, 9.5, 8.5], "rotation": 180, "texture": "#0"},
				"up": {"uv": [7.5, 7.5, 9.5, 9.39], "rotation": 90, "texture": "#0"},
				"down": {"uv": [7.5, 7.5, 9.5, 9.39], "rotation": 90, "texture": "#0"}
			}
		},
		{
			"from": [6.11433, 6.18291, 8.69166],
			"to": [6.93567, 8.18291, 10.69166],
			"rotation": {"angle": -45, "axis": "z", "origin": [6.525, 7.18291, 9.69166]},
			"faces": {
				"north": {"uv": [7.5, 7.5, 9.5, 8.5], "rotation": 270, "texture": "#0"},
				"east": {"uv": [7.5, 7.5, 9.5, 9.5], "rotation": 180, "texture": "#0"},
				"south": {"uv": [7.5, 9.5, 9.5, 10.5], "rotation": 90, "texture": "#0"},
				"west": {"uv": [7.5, 6.5, 9.5, 8.5], "rotation": 180, "texture": "#0"},
				"up": {"uv": [7.5, 7.5, 9.5, 9.39], "rotation": 90, "texture": "#0"},
				"down": {"uv": [7.5, 7.5, 9.5, 9.39], "rotation": 90, "texture": "#0"}
			}
		},
		{
			"from": [6.78, 7.175, 8.875],
			"to": [7.08, 7.475, 10.475],
			"rotation": {"angle": 0, "axis": "y", "origin": [7.1, 7.35, 9.625]},
			"faces": {
				"north": {"uv": [7.5, 13, 8.5, 14], "rotation": 90, "texture": "#0"},
				"east": {"uv": [7.5, 14, 9, 10.5], "rotation": 90, "texture": "#0"},
				"south": {"uv": [8.5, 10.5, 7.5, 11.5], "rotation": 90, "texture": "#0"},
				"west": {"uv": [9, 10.5, 7.5, 14], "rotation": 90, "texture": "#0"},
				"up": {"uv": [9, 14, 7.5, 10.5], "texture": "#0"},
				"down": {"uv": [9, 10.5, 7.5, 14], "texture": "#0"}
			}
		},
		{
			"from": [7.6, 6.9, -2],
			"to": [8.4, 7.7, 8.7],
			"rotation": {"angle": 0, "axis": "y", "origin": [-0.25, 0.3, -6.9]},
			"faces": {
				"north": {"uv": [11, 7.5, 13, 9.5], "texture": "#0"},
				"east": {"uv": [0.5, 3.5, 12, 2], "texture": "#2"},
				"south": {"uv": [4.5, 0, 15, 2.5], "texture": "#0"},
				"west": {"uv": [12, 3.5, 0.5, 2], "texture": "#2"},
				"up": {"uv": [12, 3.5, 0.5, 2], "rotation": 90, "texture": "#2"},
				"down": {"uv": [0.5, 2, 12, 3.5], "rotation": 90, "texture": "#2"}
			}
		},
		{
			"from": [7.8, 7.1, 3.9],
			"to": [8.2, 7.5, 8.7],
			"rotation": {"angle": 0, "axis": "y", "origin": [-0.25, 0.3, 1.6]},
			"faces": {
				"north": {"uv": [11, 7.5, 13, 9.5], "texture": "#0"},
				"east": {"uv": [14, 8.5, 12.5, 16], "rotation": 90, "texture": "#0"},
				"south": {"uv": [0, 4, 3.5, 6], "texture": "#0"},
				"west": {"uv": [14, 16, 12.5, 8.5], "rotation": 90, "texture": "#0"},
				"up": {"uv": [12.5, 8.5, 14, 16], "texture": "#0"},
				"down": {"uv": [12.5, 16, 14, 8.5], "texture": "#0"}
			}
		},
		{
			"from": [7.8, 7.1, -0.9],
			"to": [8.2, 7.5, 3.9],
			"rotation": {"angle": 0, "axis": "y", "origin": [-0.25, 0.3, -3.1]},
			"faces": {
				"north": {"uv": [11, 7.5, 13, 9.5], "texture": "#0"},
				"east": {"uv": [14, 8.5, 12.5, 16], "rotation": 90, "texture": "#0"},
				"south": {"uv": [0, 4, 3.5, 6], "texture": "#0"},
				"west": {"uv": [14, 16, 12.5, 8.5], "rotation": 90, "texture": "#0"},
				"up": {"uv": [12.5, 8.5, 14, 16], "texture": "#0"},
				"down": {"uv": [12.5, 16, 14, 8.5], "texture": "#0"}
			}
		},
		{
			"from": [7.5, 6.8, -2.1],
			"to": [8.5, 7.8, -0.9],
			"rotation": {"angle": 0, "axis": "y", "origin": [-0.25, 0.3, -8.1]},
			"faces": {
				"north": {"uv": [11, 7.5, 13, 9.5], "texture": "#0"},
				"east": {"uv": [16, 11.5, 14.5, 16], "rotation": 90, "texture": "#0"},
				"south": {"uv": [9, 10.5, 12.5, 14], "texture": "#0"},
				"west": {"uv": [16, 16, 14.5, 11.5], "rotation": 90, "texture": "#0"},
				"up": {"uv": [14.5, 8.5, 16, 13], "texture": "#0"},
				"down": {"uv": [14.5, 13, 16, 8.5], "texture": "#0"}
			}
		},
		{
			"from": [7.75, 7.04, -2.9],
			"to": [8.25, 7.54, -2.1],
			"rotation": {"angle": 0, "axis": "y", "origin": [-0.25, 0.3, -8.3]},
			"faces": {
				"north": {"uv": [11, 7.5, 13, 9.5], "texture": "#0"},
				"east": {"uv": [14, 14, 12.5, 16], "rotation": 90, "texture": "#0"},
				"south": {"uv": [0, 4, 3.5, 6], "texture": "#0"},
				"west": {"uv": [14, 16, 12.5, 14], "rotation": 90, "texture": "#0"},
				"up": {"uv": [12.5, 11, 14, 13], "texture": "#0"},
				"down": {"uv": [12.5, 13, 14, 11], "texture": "#0"}
			}
		},
		{
			"from": [7.9, 7.3, 0.55],
			"to": [8.1, 8.8, 0.9],
			"rotation": {"angle": 0, "axis": "y", "origin": [-0.25, 1.2, -5.8]},
			"faces": {
				"north": {"uv": [12.5, 14, 13.5, 16], "texture": "#0"},
				"east": {"uv": [14, 14, 12.5, 16], "rotation": 90, "texture": "#0"},
				"south": {"uv": [12.5, 13, 13.5, 16], "texture": "#0"},
				"west": {"uv": [6.5, 6.5, 5.5, 4], "texture": "#0"},
				"up": {"uv": [12.5, 11, 14, 13], "texture": "#0"},
				"down": {"uv": [12.5, 13, 14, 11], "texture": "#0"}
			}
		},
		{
			"from": [7.8, 3.6, 0.55],
			"to": [8.1, 7.1, 0.85],
			"rotation": {"angle": -22.5, "axis": "z", "origin": [7.95, 7.05, 0.7]},
			"faces": {
				"north": {"uv": [12.5, 7, 13.5, 16], "texture": "#0"},
				"east": {"uv": [14, 7, 12.5, 16], "rotation": 90, "texture": "#0"},
				"south": {"uv": [12.5, 6, 13.5, 16], "texture": "#0"},
				"west": {"uv": [14, 16, 13, 6.5], "texture": "#0"},
				"up": {"uv": [12.5, 11, 14, 13], "texture": "#0"},
				"down": {"uv": [12.5, 13, 14, 11], "texture": "#0"}
			}
		},
		{
			"from": [7.9, 3.6, 0.55],
			"to": [8.2, 7.1, 0.85],
			"rotation": {"angle": 22.5, "axis": "z", "origin": [8.05, 7.05, 0.7]},
			"faces": {
				"north": {"uv": [12.5, 7, 13.5, 16], "texture": "#0"},
				"east": {"uv": [14, 7, 12.5, 16], "rotation": 90, "texture": "#0"},
				"south": {"uv": [12.5, 6, 13.5, 16], "texture": "#0"},
				"west": {"uv": [14, 16, 13, 6.5], "texture": "#0"},
				"up": {"uv": [12.5, 11, 14, 13], "texture": "#0"},
				"down": {"uv": [12.5, 13, 14, 11], "texture": "#0"}
			}
		},
		{
			"from": [7.7, 5.1, 12.15],
			"to": [8.3, 7, 12.9],
			"rotation": {"angle": -22.5, "axis": "x", "origin": [8, 6.25, 12.725]},
			"faces": {
				"north": {"uv": [12.5, 12, 14, 16], "texture": "#0"},
				"east": {"uv": [12.5, 16, 14, 12], "texture": "#0"},
				"south": {"uv": [12.5, 12, 13.5, 16], "texture": "#0"},
				"west": {"uv": [14, 16, 12.5, 12], "texture": "#0"},
				"up": {"uv": [12.5, 11, 14, 13], "texture": "#0"},
				"down": {"uv": [12.5, 13, 14, 11], "texture": "#0"}
			}
		},
		{
			"from": [7.8, 6.1, 11.55],
			"to": [8.2, 7.7, 12.3],
			"rotation": {"angle": 0, "axis": "x", "origin": [8, 6.95, 12.125]},
			"faces": {
				"north": {"uv": [12.5, 13, 14, 16], "texture": "#0"},
				"east": {"uv": [12.5, 16, 14, 13], "texture": "#0"},
				"south": {"uv": [12.5, 13, 13.5, 16], "texture": "#0"},
				"west": {"uv": [14, 16, 12.5, 13], "texture": "#0"},
				"up": {"uv": [12.5, 11, 14, 13], "texture": "#0"},
				"down": {"uv": [12.5, 13, 14, 11], "texture": "#0"}
			}
		},
		{
			"from": [7.975, 8.8, 0.55],
			"to": [8.025, 8.9, 0.9],
			"rotation": {"angle": 0, "axis": "y", "origin": [-0.25, 2.3, -5.8]},
			"faces": {
				"north": {"uv": [12.5, 14, 13.5, 16], "texture": "#0"},
				"east": {"uv": [14, 14, 12.5, 16], "rotation": 90, "texture": "#0"},
				"south": {"uv": [12.5, 13, 13.5, 16], "texture": "#0"},
				"west": {"uv": [6.5, 6.5, 5.5, 4], "texture": "#0"},
				"up": {"uv": [12.5, 11, 14, 13], "texture": "#0"},
				"down": {"uv": [12.5, 13, 14, 11], "texture": "#0"}
			}
		},
		{
			"from": [7.6251, 7.384, 8.666],
			"to": [8.3751, 8.374, 10.916],
			"rotation": {"angle": 0, "axis": "x", "origin": [8, 7.795, 9.825]},
			"faces": {
				"north": {"uv": [1.5, 2.5, 4, 4], "texture": "#0"},
				"east": {"uv": [0, 0, 5, 1.89], "texture": "#0"},
				"south": {"uv": [1.5, 6.5, 5, 10], "texture": "#0"},
				"west": {"uv": [0, 0, 5, 1.89], "texture": "#0"},
				"up": {"uv": [0, 0, 5, 2.35], "rotation": 90, "texture": "#0"},
				"down": {"uv": [0, 0, 5, 1.85], "rotation": 90, "texture": "#0"}
			}
		},
		{
			"from": [7.625, 7.7, 5.7],
			"to": [8.375, 8.29, 7.55],
			"rotation": {"angle": 0, "axis": "y", "origin": [8, 8.095, 6.825]},
			"faces": {
				"north": {"uv": [1.5, 2.5, 4, 4], "texture": "#0"},
				"east": {"uv": [0, 0, 5, 1.89], "texture": "#0"},
				"south": {"uv": [1.5, 6.5, 5, 10], "texture": "#0"},
				"west": {"uv": [0, 0, 5, 1.89], "texture": "#0"},
				"up": {"uv": [0, 0, 5, 2.35], "rotation": 90, "texture": "#0"},
				"down": {"uv": [0, 0, 5, 1.85], "rotation": 90, "texture": "#0"}
			}
		},
		{
			"from": [7.625, 7.1, 10.6],
			"to": [8.375, 7.99, 12.85],
			"rotation": {"angle": 22.5, "axis": "x", "origin": [8, 7.395, 11.725]},
			"faces": {
				"north": {"uv": [1.5, 2.5, 4, 4], "texture": "#0"},
				"east": {"uv": [0, 0, 5, 1.89], "texture": "#0"},
				"south": {"uv": [1.5, 6.5, 5, 10], "texture": "#0"},
				"west": {"uv": [0, 0, 5, 1.89], "texture": "#0"},
				"up": {"uv": [0, 0, 5, 2.35], "rotation": 90, "texture": "#0"},
				"down": {"uv": [0, 0, 5, 1.85], "rotation": 90, "texture": "#0"}
			}
		},
		{
			"from": [7.525, 6.67224, 8.69166],
			"to": [8.475, 7.86224, 14.49166],
			"rotation": {"angle": 0, "axis": "x", "origin": [8, 7.56724, 10.59166]},
			"faces": {
				"north": {"uv": [1.5, 2.5, 4, 4], "texture": "#0"},
				"east": {"uv": [0, 0, 10, 1.89], "texture": "#0"},
				"south": {"uv": [1.5, 2.5, 4, 4], "texture": "#0"},
				"west": {"uv": [0, 0, 10, 1.89], "texture": "#0"},
				"up": {"uv": [0, 0, 10, 1.85], "rotation": 90, "texture": "#0"},
				"down": {"uv": [0, 0, 10, 2], "rotation": 90, "texture": "#0"}
			}
		},
		{
			"from": [7.75, 8.3, 7.25],
			"to": [8.25, 8.9, 7.4],
			"rotation": {"angle": 0, "axis": "y", "origin": [-0.25, 1.8, 0.7]},
			"faces": {
				"north": {"uv": [0, 16, 6, 12.5], "rotation": 90, "texture": "#1"},
				"east": {"uv": [2, 12.5, 4.5, 13], "rotation": 90, "texture": "#1"},
				"south": {"uv": [0, 16, 6, 12.5], "rotation": 90, "texture": "#1"},
				"west": {"uv": [2, 13, 4.5, 12.5], "rotation": 90, "texture": "#1"},
				"up": {"uv": [12.5, 8, 16, 8.5], "texture": "#1"},
				"down": {"uv": [12.5, 13, 14, 11], "texture": "#1"}
			}
		}
	],
	"display": {
		"thirdperson_righthand": {
			"translation": [-0.5, 2, -4],
			"scale": [1.4, 1.4, 1.4]
		},
		"thirdperson_lefthand": {
			"translation": [-12.25, 1.5, -0.75],
			"scale": [0.75, 0.75, 0.75]
		},
		"firstperson_righthand": {
			"rotation": [0, -10, 0],
			"translation": [5.275, 10.5, -12.75],
			"scale": [3.42, 3.42, 2.84]
		},
		"ground": {
			"translation": [0, -1.75, -1.25],
			"scale": [1.65, 1.65, 1.65]
		},
		"gui": {
			"rotation": [17, 149, 0],
			"translation": [0.5, 1.25, 0],
			"scale": [2.05, 2.05, 2.05]
		},
		"head": {
			"translation": [0, 12.5, -9.5],
			"scale": [2.61, 2.61, 2.61]
		},
		"fixed": {
			"rotation": [90, -90, -180],
			"translation": [-0.75, 0, -8],
			"scale": [2.57, 2.57, 2.57]
		}
	},
	"groups": [
		0,
		1,
		2,
		3,
		{
			"name": "mag",
			"origin": [7.25, 7.95, 12.625],
			"color": 0,
			"children": [4, 5, 6, 7, 8, 9]
		},
		{
			"name": "barrel",
			"origin": [7.25, 7.95, 12.625],
			"color": 0,
			"children": [10, 11, 12, 13, 14, 15, 16, 17, 18, 19, 20]
		},
		{
			"name": "front",
			"origin": [0, 0, 0],
			"color": 0,
			"children": [21, 22, 23, 24, 25]
		},
		{
			"name": "octagon",
			"origin": [8, 8, 8],
			"color": 0,
			"children": []
		},
		{
			"name": "ammo",
			"origin": [0, 0, 0],
			"color": 0,
			"children": []
		},
		{
			"name": "stock",
			"origin": [8, 8.25, 10.5],
			"color": 0,
			"children": []
		}
	]
}