{
	"format_version": "1.21.6",
	"credit": "Made with Blockbench",
	"texture_size": [8, 8],
	"textures": {
		"particle": "chems_guns:item/gun_ammo/standard"
	},
	"elements": [
		{
			"from": [-8.81, 13.23, 8],
			"to": [-3.81, 15.23, 10],
			"rotation": {"angle": -45, "axis": "z", "origin": [-8.81, 13.83, 9]},
			"faces": {
				"north": {"uv": [0, 0, 3, 1], "texture": "#particle"},
				"east": {"uv": [1, 0, 2, 1], "texture": "#particle"},
				"south": {"uv": [0, 0, 3, 1], "texture": "#particle"},
				"west": {"uv": [0, 0, 1, 1], "texture": "#particle"},
				"up": {"uv": [3, 1, 0, 0], "texture": "#particle"},
				"down": {"uv": [3, 0, 0, 1], "texture": "#particle"}
			}
		},
		{
			"from": [-13.81, 12.83, 7.99],
			"to": [-7.81, 14.83, 9.99],
			"rotation": {"angle": 0, "axis": "y", "origin": [-12, 2, 0]},
			"faces": {
				"north": {"uv": [4, 1, 6.5, 2], "texture": "#particle"},
				"east": {"uv": [0, 0, 2, 2], "texture": "#particle"},
				"south": {"uv": [0, 1, 2.5, 2], "texture": "#particle"},
				"west": {"uv": [0, 0, 2, 2], "texture": "#particle"},
				"up": {"uv": [2.5, 1, 0, 0], "texture": "#particle"},
				"down": {"uv": [7.5, 0, 5, 1], "texture": "#particle"}
			}
		},
		{
			"from": [-15.81, 9.83, 8],
			"to": [-13.81, 14.83, 10],
			"rotation": {"angle": 0, "axis": "y", "origin": [-12, 2, 0]},
			"faces": {
				"north": {"uv": [3, 3, 4, 6], "texture": "#particle"},
				"east": {"uv": [4, 5, 5, 8], "texture": "#particle"},
				"south": {"uv": [5, 7, 6, 10], "texture": "#particle"},
				"west": {"uv": [3, 6, 4, 9], "texture": "#particle"},
				"up": {"uv": [5, 9, 4, 8], "texture": "#particle"},
				"down": {"uv": [5, 4, 4, 5], "texture": "#particle"}
			}
		},
		{
			"from": [-13.4, 8, 7.99],
			"to": [-11.4, 12, 9.99],
			"rotation": {"angle": 45, "axis": "z", "origin": [-12, 8, 9]},
			"faces": {
				"north": {"uv": [0, 0, 1, 2], "texture": "#particle"},
				"east": {"uv": [3, 0, 4, 2], "texture": "#particle"},
				"south": {"uv": [2, 0, 3, 2], "texture": "#particle"},
				"west": {"uv": [1, 0, 2, 2], "texture": "#particle"},
				"up": {"uv": [2, 2, 0, 0], "texture": "#particle"},
				"down": {"uv": [2, 0, 0, 2], "texture": "#particle"}
			}
		},
		{
			"from": [-13, 7, 8],
			"to": [-9, 9, 10],
			"rotation": {"angle": 0, "axis": "y", "origin": [-10, 2, 0]},
			"faces": {
				"north": {"uv": [0, 0, 2, 1], "texture": "#particle"},
				"east": {"uv": [0, 0, 1, 1], "texture": "#particle"},
				"south": {"uv": [0, 0, 2, 1], "texture": "#particle"},
				"west": {"uv": [0, 0, 1, 1], "texture": "#particle"},
				"up": {"uv": [2, 1, 0, 0], "texture": "#particle"},
				"down": {"uv": [2, 0, 0, 1], "texture": "#particle"}
			}
		},
		{
			"from": [2, 9.83, 16.81],
			"to": [4, 16.83, 18.81],
			"rotation": {"angle": 0, "axis": "y", "origin": [-6, 2, 15]},
			"faces": {
				"north": {"uv": [5, 12, 6, 16], "texture": "#particle"},
				"east": {"uv": [3, 10, 4, 14], "texture": "#particle"},
				"south": {"uv": [5, 9, 6, 13], "texture": "#particle"},
				"west": {"uv": [3, 12, 4, 16], "texture": "#particle"},
				"up": {"uv": [5, 12, 4, 11], "texture": "#particle"},
				"down": {"uv": [6, 10, 5, 11], "texture": "#particle"}
			}
		},
		{
			"from": [1.99, 8, 14.4],
			"to": [3.99, 12, 16.4],
			"rotation": {"angle": 45, "axis": "x", "origin": [3, 8, 15]},
			"faces": {
				"north": {"uv": [1, 0, 2, 2], "texture": "#particle"},
				"east": {"uv": [0, 0, 1, 2], "texture": "#particle"},
				"south": {"uv": [1, 0, 2, 2], "texture": "#particle"},
				"west": {"uv": [0, 0, 1, 2], "texture": "#particle"},
				"up": {"uv": [2, 2, 0, 0], "texture": "#particle"},
				"down": {"uv": [2, 0, 0, 2], "texture": "#particle"}
			}
		},
		{
			"from": [2, 7, 14],
			"to": [4, 9, 16],
			"rotation": {"angle": 0, "axis": "y", "origin": [-6, 2, 13]},
			"faces": {
				"north": {"uv": [1, 1, 2, 2], "texture": "#particle"},
				"east": {"uv": [0, 0, 1, 1], "texture": "#particle"},
				"south": {"uv": [1, 1, 2, 2], "texture": "#particle"},
				"west": {"uv": [0, 0, 1, 1], "texture": "#particle"},
				"up": {"uv": [1, 2, 0, 1], "texture": "#particle"},
				"down": {"uv": [2, 0, 1, 1], "texture": "#particle"}
			}
		},
		{
			"from": [2, 14.83, 7.81],
			"to": [4, 16.83, 16.81],
			"rotation": {"angle": 0, "axis": "y", "origin": [-6, 2, 15]},
			"faces": {
				"north": {"uv": [3, 3, 4, 4], "texture": "#particle"},
				"east": {"uv": [0, 0, 5, 1], "texture": "#particle"},
				"south": {"uv": [1, 1, 2, 2], "texture": "#particle"},
				"west": {"uv": [0, 1, 5, 0], "texture": "#particle"},
				"up": {"uv": [4, 9, 3, 4], "texture": "#particle"},
				"down": {"uv": [5, 5, 4, 10], "texture": "#particle"}
			}
		},
		{
			"name": "octagon",
			"from": [-8.001, 1.96447, 1.5],
			"to": [1.999, 4.03553, 6.5],
			"rotation": {"angle": 45, "axis": "x", "origin": [-3, 3, 4]},
			"faces": {
				"north": {"uv": [3, 0, 8, 1], "texture": "#particle"},
				"east": {"uv": [0, 0, 2.5, 1], "texture": "#particle"},
				"south": {"uv": [0, 0, 5, 1], "texture": "#particle"},
				"west": {"uv": [0, 0, 2.5, 1], "texture": "#particle"},
				"up": {"uv": [5, 2.5, 0, 0], "texture": "#particle"},
				"down": {"uv": [5, 0, 0, 2.5], "texture": "#particle"}
			}
		},
		{
			"name": "octagon",
			"from": [-8.002, 1.96447, 1.5],
			"to": [1.998, 4.03553, 6.5],
			"rotation": {"angle": 0, "axis": "x", "origin": [-3, 3, 4]},
			"faces": {
				"north": {"uv": [0, 1, 5, 2], "texture": "#particle"},
				"east": {"uv": [0, 0, 2.5, 1], "texture": "#particle"},
				"south": {"uv": [0, 0, 5, 1], "texture": "#particle"},
				"west": {"uv": [0, 0, 2.5, 1], "texture": "#particle"},
				"up": {"uv": [10, 13.5, 5, 11], "texture": "#particle"},
				"down": {"uv": [8, 11, 3, 13.5], "texture": "#particle"}
			}
		},
		{
			"name": "octagon",
			"from": [-8, 0.5, 2.96447],
			"to": [2, 5.5, 5.03553],
			"rotation": {"angle": 45, "axis": "x", "origin": [-3, 3, 4]},
			"faces": {
				"north": {"uv": [5, 11, 10, 13.5], "texture": "#particle"},
				"east": {"uv": [5, 11, 6, 13.5], "texture": "#particle"},
				"south": {"uv": [5, 11, 10, 13.5], "texture": "#particle"},
				"west": {"uv": [4, 11, 5, 13.5], "texture": "#particle"},
				"up": {"uv": [9, 12, 4, 11], "texture": "#particle"},
				"down": {"uv": [10, 12, 5, 13], "texture": "#particle"}
			}
		},
		{
			"name": "octagon",
			"from": [-8.003, 0.5, 2.96447],
			"to": [1.997, 5.5, 5.03553],
			"rotation": {"angle": 0, "axis": "x", "origin": [-3, 3, 4]},
			"faces": {
				"north": {"uv": [4, 11, 9, 13.5], "texture": "#particle"},
				"east": {"uv": [3, 11, 4, 13.5], "texture": "#particle"},
				"south": {"uv": [4, 11, 9, 13.5], "texture": "#particle"},
				"west": {"uv": [4, 11, 5, 13.5], "texture": "#particle"},
				"up": {"uv": [5, 1, 0, 0], "texture": "#particle"},
				"down": {"uv": [5, 0, 0, 1], "texture": "#particle"}
			}
		},
		{
			"name": "octagon",
			"from": [-10, 7.25736, 4],
			"to": [6, 9.74264, 6],
			"rotation": {"angle": 45, "axis": "x", "origin": [-2, 8.5, 7]},
			"faces": {
				"north": {"uv": [5, 0, 13, 1], "texture": "#particle"},
				"east": {"uv": [0, 0, 1, 1], "texture": "#particle"},
				"south": {"uv": [0, 1, 8, 2], "texture": "#particle"},
				"west": {"uv": [0, 0, 1, 1], "texture": "#particle"},
				"up": {"uv": [8, 2, 0, 1], "texture": "#particle"},
				"down": {"uv": [8, 0, 0, 1], "texture": "#particle"}
			}
		},
		{
			"name": "octagon",
			"from": [-10, 3.25736, 12],
			"to": [6, 5.74264, 14],
			"rotation": {"angle": 45, "axis": "x", "origin": [-2, 4.5, 11]},
			"faces": {
				"north": {"uv": [0, 2, 8, 3], "texture": "#particle"},
				"east": {"uv": [0, 2, 1, 3], "texture": "#particle"},
				"south": {"uv": [0, 2, 8, 3], "texture": "#particle"},
				"west": {"uv": [0, 2, 1, 3], "texture": "#particle"},
				"up": {"uv": [8, 3, 0, 2], "texture": "#particle"},
				"down": {"uv": [8, 2, 0, 3], "texture": "#particle"}
			}
		},
		{
			"name": "octagon",
			"from": [-10.001, 3.25736, 4],
			"to": [5.999, 9.74264, 14],
			"rotation": {"angle": 0, "axis": "x", "origin": [-2, 8.5, 9]},
			"faces": {
				"north": {"uv": [0, 0, 8, 3], "texture": "#particle"},
				"east": {"uv": [0, 0, 5, 3], "texture": "#particle"},
				"south": {"uv": [0, 0, 8, 3], "texture": "#particle"},
				"west": {"uv": [0, 0, 5, 3], "texture": "#particle"},
				"up": {"uv": [8, 5, 0, 0], "texture": "#particle"},
				"down": {"uv": [8, 0, 0, 5], "texture": "#particle"}
			}
		},
		{
			"name": "octagon",
			"from": [-10, 9.5, 9.75736],
			"to": [6, 11.5, 12.24264],
			"rotation": {"angle": 45, "axis": "x", "origin": [-2, 8.5, 11]},
			"faces": {
				"north": {"uv": [0, 0, 8, 1], "texture": "#particle"},
				"east": {"uv": [0, 0, 1, 1], "texture": "#particle"},
				"south": {"uv": [0, 0, 8, 1], "texture": "#particle"},
				"west": {"uv": [0, 0, 1, 1], "texture": "#particle"},
				"up": {"uv": [8, 1, 0, 0], "texture": "#particle"},
				"down": {"uv": [8, 0, 0, 1], "texture": "#particle"}
			}
		},
		{
			"name": "octagon",
			"from": [-10, 1.5, 5.75736],
			"to": [6, 3.5, 8.24264],
			"rotation": {"angle": 45, "axis": "x", "origin": [-2, 4.5, 7]},
			"faces": {
				"north": {"uv": [0, 2, 8, 3], "texture": "#particle"},
				"east": {"uv": [0, 2, 1, 3], "texture": "#particle"},
				"south": {"uv": [0, 2, 8, 3], "texture": "#particle"},
				"west": {"uv": [0, 2, 1, 3], "texture": "#particle"},
				"up": {"uv": [8, 3, 0, 2], "texture": "#particle"},
				"down": {"uv": [8, 2, 0, 3], "texture": "#particle"}
			}
		},
		{
			"name": "octagon",
			"from": [-9.99, 1.5, 5.75736],
			"to": [6.01, 11.5, 12.24264],
			"rotation": {"angle": 0, "axis": "x", "origin": [-2, 4.5, 9]},
			"faces": {
				"north": {"uv": [8, 2, 16, 7], "texture": "#particle"},
				"east": {"uv": [10, 0, 13, 5], "texture": "#particle"},
				"south": {"uv": [8, 2, 16, 7], "texture": "#particle"},
				"west": {"uv": [10, 0, 13, 5], "texture": "#particle"},
				"up": {"uv": [11, 14, 3, 11], "texture": "#particle"},
				"down": {"uv": [16, 3, 8, 6], "texture": "#particle"}
			}
		},
		{
			"name": "octagon",
			"from": [8, 4.37868, 5.5],
			"to": [21, 5.62132, 6.25],
			"rotation": {"angle": 45, "axis": "x", "origin": [7, 5, 7]},
			"faces": {
				"north": {"uv": [0, 0, 6.5, 0.5], "texture": "#particle"},
				"east": {"uv": [0, 8, 0.5, 8.5], "texture": "#particle"},
				"south": {"uv": [0, 0.5, 6.5, 1], "texture": "#particle"},
				"west": {"uv": [0.5, 8, 1, 8.5], "texture": "#particle"},
				"up": {"uv": [6.5, 1.5, 0, 1], "texture": "#particle"},
				"down": {"uv": [6.5, 1.5, 0, 2], "texture": "#particle"}
			}
		},
		{
			"name": "octagon",
			"from": [8, 4.37868, 5.5],
			"to": [21, 5.62132, 6.25],
			"rotation": {"angle": 0, "axis": "y", "origin": [7, 5, 7]},
			"faces": {
				"north": {"uv": [6, 0, 12.5, 0.5], "texture": "#particle"},
				"east": {"uv": [0, 0, 0.5, 0.5], "texture": "#particle"},
				"south": {"uv": [0, 0, 6.5, 0.5], "texture": "#particle"},
				"west": {"uv": [0, 0, 0.5, 0.5], "texture": "#particle"},
				"up": {"uv": [6.5, 0.5, 0, 0], "texture": "#particle"},
				"down": {"uv": [6.5, 0, 0, 0.5], "texture": "#particle"}
			}
		},
		{
			"name": "octagon",
			"from": [8, 4.37868, 7.75],
			"to": [21, 5.62132, 8.5],
			"rotation": {"angle": 45, "axis": "x", "origin": [7, 5, 7]},
			"faces": {
				"north": {"uv": [0, 0, 6.5, 0.5], "texture": "#particle"},
				"east": {"uv": [0, 0, 0.5, 0.5], "texture": "#particle"},
				"south": {"uv": [5, 0, 11.5, 0.5], "texture": "#particle"},
				"west": {"uv": [0, 0, 0.5, 0.5], "texture": "#particle"},
				"up": {"uv": [6.5, 0.5, 0, 0], "texture": "#particle"},
				"down": {"uv": [6.5, 0, 0, 0.5], "texture": "#particle"}
			}
		},
		{
			"name": "octagon",
			"from": [8, 4.37868, 7.75],
			"to": [21, 5.62132, 8.5],
			"rotation": {"angle": 0, "axis": "y", "origin": [7, 5, 7]},
			"faces": {
				"north": {"uv": [0, 0, 6.5, 0.5], "texture": "#particle"},
				"east": {"uv": [0, 0, 0.5, 0.5], "texture": "#particle"},
				"south": {"uv": [0, 0, 6.5, 0.5], "texture": "#particle"},
				"west": {"uv": [0, 0, 0.5, 0.5], "texture": "#particle"},
				"up": {"uv": [6.5, 0.5, 0, 0], "texture": "#particle"},
				"down": {"uv": [6.5, 0, 0, 0.5], "texture": "#particle"}
			}
		},
		{
			"name": "octagon",
			"from": [8, 3.5, 6.37868],
			"to": [21, 4.25, 7.62132],
			"rotation": {"angle": 45, "axis": "x", "origin": [7, 5, 7]},
			"faces": {
				"north": {"uv": [0, 0, 6.5, 0.5], "texture": "#particle"},
				"east": {"uv": [0, 0, 0.5, 0.5], "texture": "#particle"},
				"south": {"uv": [0, 0, 6.5, 0.5], "texture": "#particle"},
				"west": {"uv": [0, 0, 0.5, 0.5], "texture": "#particle"},
				"up": {"uv": [6.5, 0.5, 0, 0], "texture": "#particle"},
				"down": {"uv": [9.5, 1, 3, 1.5], "texture": "#particle"}
			}
		},
		{
			"name": "octagon",
			"from": [8, 3.5, 6.37868],
			"to": [21, 4.25, 7.62132],
			"rotation": {"angle": 0, "axis": "y", "origin": [7, 5, 7]},
			"faces": {
				"north": {"uv": [0, 0, 6.5, 0.5], "texture": "#particle"},
				"east": {"uv": [0, 0, 0.5, 0.5], "texture": "#particle"},
				"south": {"uv": [0, 0, 6.5, 0.5], "texture": "#particle"},
				"west": {"uv": [0, 0, 0.5, 0.5], "texture": "#particle"},
				"up": {"uv": [6.5, 0.5, 0, 0], "texture": "#particle"},
				"down": {"uv": [6.5, 0, 0, 0.5], "texture": "#particle"}
			}
		},
		{
			"name": "octagon",
			"from": [8, 5.75, 6.37868],
			"to": [21, 6.5, 7.62132],
			"rotation": {"angle": 45, "axis": "x", "origin": [7, 5, 7]},
			"faces": {
				"north": {"uv": [0, 0, 6.5, 0.5], "texture": "#particle"},
				"east": {"uv": [0, 0, 0.5, 0.5], "texture": "#particle"},
				"south": {"uv": [0, 0, 6.5, 0.5], "texture": "#particle"},
				"west": {"uv": [0, 0, 0.5, 0.5], "texture": "#particle"},
				"up": {"uv": [6.5, 0.5, 0, 0], "texture": "#particle"},
				"down": {"uv": [6.5, 0, 0, 0.5], "texture": "#particle"}
			}
		},
		{
			"name": "octagon",
			"from": [8, 5.75, 6.37868],
			"to": [21, 6.5, 7.62132],
			"rotation": {"angle": 0, "axis": "y", "origin": [7, 5, 7]},
			"faces": {
				"north": {"uv": [0, 0, 6.5, 0.5], "texture": "#particle"},
				"east": {"uv": [0, 0, 0.5, 0.5], "texture": "#particle"},
				"south": {"uv": [0, 0, 6.5, 0.5], "texture": "#particle"},
				"west": {"uv": [0, 0, 0.5, 0.5], "texture": "#particle"},
				"up": {"uv": [6.5, 0.5, 0, 0], "texture": "#particle"},
				"down": {"uv": [6.5, 0, 0, 0.5], "texture": "#particle"}
			}
		},
		{
			"name": "octagon",
			"from": [21.001, 4.37868, 7.75],
			"to": [30.001, 5.62132, 8.5],
			"rotation": {"angle": 0, "axis": "y", "origin": [7, 5, 7]},
			"faces": {
				"north": {"uv": [1, 11, 5.5, 11.5], "texture": "#particle"},
				"east": {"uv": [9.5, 3, 10, 3.5], "texture": "#particle"},
				"south": {"uv": [4, 4, 8.5, 4.5], "texture": "#particle"},
				"west": {"uv": [0, 0, 0.5, 0.5], "texture": "#particle"},
				"up": {"uv": [5.5, 12.5, 1, 12], "texture": "#particle"},
				"down": {"uv": [5.5, 11, 1, 11.5], "texture": "#particle"}
			}
		},
		{
			"name": "octagon",
			"from": [21, 3.5, 6.37868],
			"to": [30, 4.25, 7.62132],
			"rotation": {"angle": 45, "axis": "x", "origin": [7, 5, 7]},
			"faces": {
				"north": {"uv": [1, 11, 5.5, 11.5], "texture": "#particle"},
				"east": {"uv": [9.5, 5, 10, 5.5], "texture": "#particle"},
				"south": {"uv": [4, 4, 8.5, 4.5], "texture": "#particle"},
				"west": {"uv": [0, 0, 0.5, 0.5], "texture": "#particle"},
				"up": {"uv": [5.5, 12.5, 1, 12], "texture": "#particle"},
				"down": {"uv": [5.5, 11, 1, 11.5], "texture": "#particle"}
			}
		},
		{
			"name": "octagon",
			"from": [21.001, 3.5, 6.37868],
			"to": [30.001, 4.25, 7.62132],
			"rotation": {"angle": 0, "axis": "y", "origin": [7, 5, 7]},
			"faces": {
				"north": {"uv": [1, 11, 5.5, 11.5], "texture": "#particle"},
				"east": {"uv": [6.5, 4, 7, 4.5], "texture": "#particle"},
				"south": {"uv": [4, 4, 8.5, 4.5], "texture": "#particle"},
				"west": {"uv": [0, 0, 0.5, 0.5], "texture": "#particle"},
				"up": {"uv": [5.5, 12.5, 1, 12], "texture": "#particle"},
				"down": {"uv": [5.5, 11, 1, 11.5], "texture": "#particle"}
			}
		},
		{
			"name": "octagon",
			"from": [21, 4.37868, 7.75],
			"to": [30, 5.62132, 8.5],
			"rotation": {"angle": 45, "axis": "x", "origin": [7, 5, 7]},
			"faces": {
				"north": {"uv": [1, 11, 5.5, 11.5], "texture": "#particle"},
				"east": {"uv": [10.5, 3, 11, 3.5], "texture": "#particle"},
				"south": {"uv": [4, 4, 8.5, 4.5], "texture": "#particle"},
				"west": {"uv": [0, 0, 0.5, 0.5], "texture": "#particle"},
				"up": {"uv": [5.5, 12.5, 1, 12], "texture": "#particle"},
				"down": {"uv": [5.5, 11, 1, 11.5], "texture": "#particle"}
			}
		},
		{
			"name": "octagon",
			"from": [21.001, 4.37868, 5.5],
			"to": [30.001, 5.62132, 6.25],
			"rotation": {"angle": 0, "axis": "y", "origin": [7, 5, 7]},
			"faces": {
				"north": {"uv": [1, 11, 5.5, 11.5], "texture": "#particle"},
				"east": {"uv": [9.5, 3, 10, 3.5], "texture": "#particle"},
				"south": {"uv": [4, 4, 8.5, 4.5], "texture": "#particle"},
				"west": {"uv": [0, 0, 0.5, 0.5], "texture": "#particle"},
				"up": {"uv": [5.5, 12.5, 1, 12], "texture": "#particle"},
				"down": {"uv": [5.5, 11, 1, 11.5], "texture": "#particle"}
			}
		},
		{
			"name": "octagon",
			"from": [21, 4.37868, 5.5],
			"to": [30, 5.62132, 6.25],
			"rotation": {"angle": 45, "axis": "x", "origin": [7, 5, 7]},
			"faces": {
				"north": {"uv": [1, 11, 5.5, 11.5], "texture": "#particle"},
				"east": {"uv": [8.5, 3, 9, 3.5], "texture": "#particle"},
				"south": {"uv": [4, 4, 8.5, 4.5], "texture": "#particle"},
				"west": {"uv": [0, 0, 0.5, 0.5], "texture": "#particle"},
				"up": {"uv": [5.5, 12.5, 1, 12], "texture": "#particle"},
				"down": {"uv": [5.5, 11, 1, 11.5], "texture": "#particle"}
			}
		},
		{
			"name": "octagon",
			"from": [21.001, 5.75, 6.37868],
			"to": [30.001, 6.5, 7.62132],
			"rotation": {"angle": 0, "axis": "y", "origin": [7, 5, 7]},
			"faces": {
				"north": {"uv": [1, 11, 5.5, 11.5], "texture": "#particle"},
				"east": {"uv": [9.5, 3, 10, 3.5], "texture": "#particle"},
				"south": {"uv": [4, 4, 8.5, 4.5], "texture": "#particle"},
				"west": {"uv": [0, 0, 0.5, 0.5], "texture": "#particle"},
				"up": {"uv": [5.5, 12.5, 1, 12], "texture": "#particle"},
				"down": {"uv": [5.5, 11, 1, 11.5], "texture": "#particle"}
			}
		},
		{
			"name": "octagon",
			"from": [21, 5.75, 6.37868],
			"to": [30, 6.5, 7.62132],
			"rotation": {"angle": 45, "axis": "x", "origin": [7, 5, 7]},
			"faces": {
				"north": {"uv": [1, 11, 5.5, 11.5], "texture": "#particle"},
				"east": {"uv": [11.5, 3, 12, 3.5], "texture": "#particle"},
				"south": {"uv": [4, 4, 8.5, 4.5], "texture": "#particle"},
				"west": {"uv": [0, 0, 0.5, 0.5], "texture": "#particle"},
				"up": {"uv": [5.5, 12.5, 1, 12], "texture": "#particle"},
				"down": {"uv": [5.5, 11, 1, 11.5], "texture": "#particle"}
			}
		},
		{
			"name": "octagon",
			"from": [8, 7.37868, 5.5],
			"to": [21, 8.62132, 6.25],
			"rotation": {"angle": 45, "axis": "x", "origin": [7, 8, 7]},
			"faces": {
				"north": {"uv": [4, 0, 10.5, 0.5], "texture": "#particle"},
				"east": {"uv": [0, 8, 0.5, 8.5], "texture": "#particle"},
				"south": {"uv": [0, 0.5, 6.5, 1], "texture": "#particle"},
				"west": {"uv": [0.5, 8, 1, 8.5], "texture": "#particle"},
				"up": {"uv": [6.5, 1.5, 0, 1], "texture": "#particle"},
				"down": {"uv": [6.5, 1.5, 0, 2], "texture": "#particle"}
			}
		},
		{
			"name": "octagon",
			"from": [8, 7.37868, 5.5],
			"to": [21, 8.62132, 6.25],
			"rotation": {"angle": 0, "axis": "y", "origin": [7, 8, 7]},
			"faces": {
				"north": {"uv": [3, 1, 9.5, 1.5], "texture": "#particle"},
				"east": {"uv": [0, 0, 0.5, 0.5], "texture": "#particle"},
				"south": {"uv": [0, 0, 6.5, 0.5], "texture": "#particle"},
				"west": {"uv": [0, 0, 0.5, 0.5], "texture": "#particle"},
				"up": {"uv": [6.5, 0.5, 0, 0], "texture": "#particle"},
				"down": {"uv": [6.5, 0, 0, 0.5], "texture": "#particle"}
			}
		},
		{
			"name": "octagon",
			"from": [8, 7.37868, 7.75],
			"to": [21, 8.62132, 8.5],
			"rotation": {"angle": 45, "axis": "x", "origin": [7, 8, 7]},
			"faces": {
				"north": {"uv": [0, 0, 6.5, 0.5], "texture": "#particle"},
				"east": {"uv": [0, 0, 0.5, 0.5], "texture": "#particle"},
				"south": {"uv": [0, 0, 6.5, 0.5], "texture": "#particle"},
				"west": {"uv": [0, 0, 0.5, 0.5], "texture": "#particle"},
				"up": {"uv": [6.5, 0.5, 0, 0], "texture": "#particle"},
				"down": {"uv": [6.5, 0, 0, 0.5], "texture": "#particle"}
			}
		},
		{
			"name": "octagon",
			"from": [8, 7.37868, 7.75],
			"to": [21, 8.62132, 8.5],
			"rotation": {"angle": 0, "axis": "y", "origin": [7, 8, 7]},
			"faces": {
				"north": {"uv": [0, 0, 6.5, 0.5], "texture": "#particle"},
				"east": {"uv": [0, 0, 0.5, 0.5], "texture": "#particle"},
				"south": {"uv": [0, 0, 6.5, 0.5], "texture": "#particle"},
				"west": {"uv": [0, 0, 0.5, 0.5], "texture": "#particle"},
				"up": {"uv": [6.5, 0.5, 0, 0], "texture": "#particle"},
				"down": {"uv": [6.5, 0, 0, 0.5], "texture": "#particle"}
			}
		},
		{
			"name": "octagon",
			"from": [8, 6.5, 6.37868],
			"to": [21, 7.25, 7.62132],
			"rotation": {"angle": 45, "axis": "x", "origin": [7, 8, 7]},
			"faces": {
				"north": {"uv": [0, 0, 6.5, 0.5], "texture": "#particle"},
				"east": {"uv": [0, 0, 0.5, 0.5], "texture": "#particle"},
				"south": {"uv": [0, 0, 6.5, 0.5], "texture": "#particle"},
				"west": {"uv": [0, 0, 0.5, 0.5], "texture": "#particle"},
				"up": {"uv": [6.5, 0.5, 0, 0], "texture": "#particle"},
				"down": {"uv": [7.5, 1, 1, 1.5], "texture": "#particle"}
			}
		},
		{
			"name": "octagon",
			"from": [8, 6.5, 6.37868],
			"to": [21, 7.25, 7.62132],
			"rotation": {"angle": 0, "axis": "y", "origin": [7, 8, 7]},
			"faces": {
				"north": {"uv": [0, 0, 6.5, 0.5], "texture": "#particle"},
				"east": {"uv": [0, 0, 0.5, 0.5], "texture": "#particle"},
				"south": {"uv": [0, 0, 6.5, 0.5], "texture": "#particle"},
				"west": {"uv": [0, 0, 0.5, 0.5], "texture": "#particle"},
				"up": {"uv": [6.5, 0.5, 0, 0], "texture": "#particle"},
				"down": {"uv": [6.5, 0, 0, 0.5], "texture": "#particle"}
			}
		},
		{
			"name": "octagon",
			"from": [8, 8.75, 6.37868],
			"to": [21, 9.5, 7.62132],
			"rotation": {"angle": 45, "axis": "x", "origin": [7, 8, 7]},
			"faces": {
				"north": {"uv": [0, 0, 6.5, 0.5], "texture": "#particle"},
				"east": {"uv": [0, 0, 0.5, 0.5], "texture": "#particle"},
				"south": {"uv": [0, 0, 6.5, 0.5], "texture": "#particle"},
				"west": {"uv": [0, 0, 0.5, 0.5], "texture": "#particle"},
				"up": {"uv": [6.5, 0.5, 0, 0], "texture": "#particle"},
				"down": {"uv": [6.5, 0, 0, 0.5], "texture": "#particle"}
			}
		},
		{
			"name": "octagon",
			"from": [8, 8.75, 6.37868],
			"to": [21, 9.5, 7.62132],
			"rotation": {"angle": 0, "axis": "y", "origin": [7, 8, 7]},
			"faces": {
				"north": {"uv": [0, 0, 6.5, 0.5], "texture": "#particle"},
				"east": {"uv": [0, 0, 0.5, 0.5], "texture": "#particle"},
				"south": {"uv": [0, 0, 6.5, 0.5], "texture": "#particle"},
				"west": {"uv": [0, 0, 0.5, 0.5], "texture": "#particle"},
				"up": {"uv": [11.5, 0.5, 5, 0], "texture": "#particle"},
				"down": {"uv": [6.5, 0, 0, 0.5], "texture": "#particle"}
			}
		},
		{
			"name": "octagon",
			"from": [21.001, 7.37868, 7.75],
			"to": [30.001, 8.62132, 8.5],
			"rotation": {"angle": 0, "axis": "y", "origin": [7, 8, 7]},
			"faces": {
				"north": {"uv": [1, 11, 5.5, 11.5], "texture": "#particle"},
				"east": {"uv": [8.5, 3, 9, 3.5], "texture": "#particle"},
				"south": {"uv": [4, 4, 8.5, 4.5], "texture": "#particle"},
				"west": {"uv": [0, 0, 0.5, 0.5], "texture": "#particle"},
				"up": {"uv": [5.5, 12.5, 1, 12], "texture": "#particle"},
				"down": {"uv": [5.5, 11, 1, 11.5], "texture": "#particle"}
			}
		},
		{
			"name": "octagon",
			"from": [21, 6.5, 6.37868],
			"to": [30, 7.25, 7.62132],
			"rotation": {"angle": 45, "axis": "x", "origin": [7, 8, 7]},
			"faces": {
				"north": {"uv": [1, 11, 5.5, 11.5], "texture": "#particle"},
				"east": {"uv": [6.5, 4, 7, 4.5], "texture": "#particle"},
				"south": {"uv": [4, 4, 8.5, 4.5], "texture": "#particle"},
				"west": {"uv": [0, 0, 0.5, 0.5], "texture": "#particle"},
				"up": {"uv": [5.5, 12.5, 1, 12], "texture": "#particle"},
				"down": {"uv": [5.5, 12, 1, 12.5], "texture": "#particle"}
			}
		},
		{
			"name": "octagon",
			"from": [21.001, 6.5, 6.37868],
			"to": [30.001, 7.25, 7.62132],
			"rotation": {"angle": 0, "axis": "y", "origin": [7, 8, 7]},
			"faces": {
				"north": {"uv": [1, 11, 5.5, 11.5], "texture": "#particle"},
				"east": {"uv": [12.5, 5, 13, 5.5], "texture": "#particle"},
				"south": {"uv": [4, 4, 8.5, 4.5], "texture": "#particle"},
				"west": {"uv": [0, 0, 0.5, 0.5], "texture": "#particle"},
				"up": {"uv": [5.5, 12.5, 1, 12], "texture": "#particle"},
				"down": {"uv": [5.5, 11, 1, 11.5], "texture": "#particle"}
			}
		},
		{
			"name": "octagon",
			"from": [21, 7.37868, 7.75],
			"to": [30, 8.62132, 8.5],
			"rotation": {"angle": 45, "axis": "x", "origin": [7, 8, 7]},
			"faces": {
				"north": {"uv": [1, 11, 5.5, 11.5], "texture": "#particle"},
				"east": {"uv": [12.5, 4, 13, 4.5], "texture": "#particle"},
				"south": {"uv": [4, 4, 8.5, 4.5], "texture": "#particle"},
				"west": {"uv": [0, 0, 0.5, 0.5], "texture": "#particle"},
				"up": {"uv": [5.5, 12.5, 1, 12], "texture": "#particle"},
				"down": {"uv": [5.5, 11, 1, 11.5], "texture": "#particle"}
			}
		},
		{
			"name": "octagon",
			"from": [21.001, 7.37868, 5.5],
			"to": [30.001, 8.62132, 6.25],
			"rotation": {"angle": 0, "axis": "y", "origin": [7, 8, 7]},
			"faces": {
				"north": {"uv": [1, 11, 5.5, 11.5], "texture": "#particle"},
				"east": {"uv": [6.5, 3, 7, 3.5], "texture": "#particle"},
				"south": {"uv": [4, 4, 8.5, 4.5], "texture": "#particle"},
				"west": {"uv": [0, 0, 0.5, 0.5], "texture": "#particle"},
				"up": {"uv": [5.5, 12.5, 1, 12], "texture": "#particle"},
				"down": {"uv": [5.5, 11, 1, 11.5], "texture": "#particle"}
			}
		},
		{
			"name": "octagon",
			"from": [21, 7.37868, 5.5],
			"to": [30, 8.62132, 6.25],
			"rotation": {"angle": 45, "axis": "x", "origin": [7, 8, 7]},
			"faces": {
				"north": {"uv": [6, 11, 10.5, 11.5], "texture": "#particle"},
				"east": {"uv": [10.5, 4, 11, 4.5], "texture": "#particle"},
				"south": {"uv": [4, 4, 8.5, 4.5], "texture": "#particle"},
				"west": {"uv": [0, 0, 0.5, 0.5], "texture": "#particle"},
				"up": {"uv": [5.5, 12.5, 1, 12], "texture": "#particle"},
				"down": {"uv": [5.5, 11, 1, 11.5], "texture": "#particle"}
			}
		},
		{
			"name": "octagon",
			"from": [21.001, 8.75, 6.37868],
			"to": [30.001, 9.5, 7.62132],
			"rotation": {"angle": 0, "axis": "y", "origin": [7, 8, 7]},
			"faces": {
				"north": {"uv": [1, 11, 5.5, 11.5], "texture": "#particle"},
				"east": {"uv": [11.5, 5, 12, 5.5], "texture": "#particle"},
				"south": {"uv": [4, 4, 8.5, 4.5], "texture": "#particle"},
				"west": {"uv": [0, 0, 0.5, 0.5], "texture": "#particle"},
				"up": {"uv": [5.5, 12.5, 1, 12], "texture": "#particle"},
				"down": {"uv": [5.5, 11, 1, 11.5], "texture": "#particle"}
			}
		},
		{
			"name": "octagon",
			"from": [21, 8.75, 6.37868],
			"to": [30, 9.5, 7.62132],
			"rotation": {"angle": 45, "axis": "x", "origin": [7, 8, 7]},
			"faces": {
				"north": {"uv": [1, 11, 5.5, 11.5], "texture": "#particle"},
				"east": {"uv": [9.5, 3, 10, 3.5], "texture": "#particle"},
				"south": {"uv": [4, 4, 8.5, 4.5], "texture": "#particle"},
				"west": {"uv": [0, 0, 0.5, 0.5], "texture": "#particle"},
				"up": {"uv": [5.5, 12.5, 1, 12], "texture": "#particle"},
				"down": {"uv": [5.5, 11, 1, 11.5], "texture": "#particle"}
			}
		},
		{
			"name": "octagon",
			"from": [8, 4.37868, 9.5],
			"to": [21, 5.62132, 10.25],
			"rotation": {"angle": 45, "axis": "x", "origin": [7, 5, 11]},
			"faces": {
				"north": {"uv": [0, 0, 6.5, 0.5], "texture": "#particle"},
				"east": {"uv": [0, 8, 0.5, 8.5], "texture": "#particle"},
				"south": {"uv": [0, 0.5, 6.5, 1], "texture": "#particle"},
				"west": {"uv": [0.5, 8, 1, 8.5], "texture": "#particle"},
				"up": {"uv": [6.5, 1.5, 0, 1], "texture": "#particle"},
				"down": {"uv": [6.5, 1.5, 0, 2], "texture": "#particle"}
			}
		},
		{
			"name": "octagon",
			"from": [8, 4.37868, 9.5],
			"to": [21, 5.62132, 10.25],
			"rotation": {"angle": 0, "axis": "y", "origin": [7, 5, 11]},
			"faces": {
				"north": {"uv": [6, 1, 12.5, 1.5], "texture": "#particle"},
				"east": {"uv": [0, 0, 0.5, 0.5], "texture": "#particle"},
				"south": {"uv": [0, 0, 6.5, 0.5], "texture": "#particle"},
				"west": {"uv": [0, 0, 0.5, 0.5], "texture": "#particle"},
				"up": {"uv": [6.5, 0.5, 0, 0], "texture": "#particle"},
				"down": {"uv": [6.5, 0, 0, 0.5], "texture": "#particle"}
			}
		},
		{
			"name": "octagon",
			"from": [8, 4.37868, 11.75],
			"to": [21, 5.62132, 12.5],
			"rotation": {"angle": 45, "axis": "x", "origin": [7, 5, 11]},
			"faces": {
				"north": {"uv": [0, 0, 6.5, 0.5], "texture": "#particle"},
				"east": {"uv": [0, 0, 0.5, 0.5], "texture": "#particle"},
				"south": {"uv": [4, 1, 10.5, 1.5], "texture": "#particle"},
				"west": {"uv": [0, 0, 0.5, 0.5], "texture": "#particle"},
				"up": {"uv": [6.5, 0.5, 0, 0], "texture": "#particle"},
				"down": {"uv": [6.5, 0, 0, 0.5], "texture": "#particle"}
			}
		},
		{
			"name": "octagon",
			"from": [8, 4.37868, 11.75],
			"to": [21, 5.62132, 12.5],
			"rotation": {"angle": 0, "axis": "y", "origin": [7, 5, 11]},
			"faces": {
				"north": {"uv": [0, 0, 6.5, 0.5], "texture": "#particle"},
				"east": {"uv": [0, 0, 0.5, 0.5], "texture": "#particle"},
				"south": {"uv": [3, 1, 9.5, 1.5], "texture": "#particle"},
				"west": {"uv": [0, 0, 0.5, 0.5], "texture": "#particle"},
				"up": {"uv": [6.5, 0.5, 0, 0], "texture": "#particle"},
				"down": {"uv": [6.5, 0, 0, 0.5], "texture": "#particle"}
			}
		},
		{
			"name": "octagon",
			"from": [8, 3.5, 10.37868],
			"to": [21, 4.25, 11.62132],
			"rotation": {"angle": 45, "axis": "x", "origin": [7, 5, 11]},
			"faces": {
				"north": {"uv": [0, 0, 6.5, 0.5], "texture": "#particle"},
				"east": {"uv": [0, 0, 0.5, 0.5], "texture": "#particle"},
				"south": {"uv": [0, 0, 6.5, 0.5], "texture": "#particle"},
				"west": {"uv": [0, 0, 0.5, 0.5], "texture": "#particle"},
				"up": {"uv": [6.5, 0.5, 0, 0], "texture": "#particle"},
				"down": {"uv": [6.5, 0, 0, 0.5], "texture": "#particle"}
			}
		},
		{
			"name": "octagon",
			"from": [8, 3.5, 10.37868],
			"to": [21, 4.25, 11.62132],
			"rotation": {"angle": 0, "axis": "y", "origin": [7, 5, 11]},
			"faces": {
				"north": {"uv": [0, 0, 6.5, 0.5], "texture": "#particle"},
				"east": {"uv": [0, 0, 0.5, 0.5], "texture": "#particle"},
				"south": {"uv": [0, 0, 6.5, 0.5], "texture": "#particle"},
				"west": {"uv": [0, 0, 0.5, 0.5], "texture": "#particle"},
				"up": {"uv": [6.5, 0.5, 0, 0], "texture": "#particle"},
				"down": {"uv": [12.5, 1, 6, 1.5], "texture": "#particle"}
			}
		},
		{
			"name": "octagon",
			"from": [8, 5.75, 10.37868],
			"to": [21, 6.5, 11.62132],
			"rotation": {"angle": 45, "axis": "x", "origin": [7, 5, 11]},
			"faces": {
				"north": {"uv": [0, 0, 6.5, 0.5], "texture": "#particle"},
				"east": {"uv": [0, 0, 0.5, 0.5], "texture": "#particle"},
				"south": {"uv": [0, 0, 6.5, 0.5], "texture": "#particle"},
				"west": {"uv": [0, 0, 0.5, 0.5], "texture": "#particle"},
				"up": {"uv": [11.5, 1.5, 5, 1], "texture": "#particle"},
				"down": {"uv": [6.5, 0, 0, 0.5], "texture": "#particle"}
			}
		},
		{
			"name": "octagon",
			"from": [8, 5.75, 10.37868],
			"to": [21, 6.5, 11.62132],
			"rotation": {"angle": 0, "axis": "y", "origin": [7, 5, 11]},
			"faces": {
				"north": {"uv": [0, 0, 6.5, 0.5], "texture": "#particle"},
				"east": {"uv": [0, 0, 0.5, 0.5], "texture": "#particle"},
				"south": {"uv": [0, 0, 6.5, 0.5], "texture": "#particle"},
				"west": {"uv": [0, 0, 0.5, 0.5], "texture": "#particle"},
				"up": {"uv": [6.5, 0.5, 0, 0], "texture": "#particle"},
				"down": {"uv": [6.5, 0, 0, 0.5], "texture": "#particle"}
			}
		},
		{
			"name": "octagon",
			"from": [21.001, 4.37868, 11.75],
			"to": [30.001, 5.62132, 12.5],
			"rotation": {"angle": 0, "axis": "y", "origin": [7, 5, 11]},
			"faces": {
				"north": {"uv": [1, 11, 5.5, 11.5], "texture": "#particle"},
				"east": {"uv": [6.5, 3, 7, 3.5], "texture": "#particle"},
				"south": {"uv": [4, 4, 8.5, 4.5], "texture": "#particle"},
				"west": {"uv": [0, 0, 0.5, 0.5], "texture": "#particle"},
				"up": {"uv": [5.5, 12.5, 1, 12], "texture": "#particle"},
				"down": {"uv": [5.5, 11, 1, 11.5], "texture": "#particle"}
			}
		},
		{
			"name": "octagon",
			"from": [21, 3.5, 10.37868],
			"to": [30, 4.25, 11.62132],
			"rotation": {"angle": 45, "axis": "x", "origin": [7, 5, 11]},
			"faces": {
				"north": {"uv": [1, 11, 5.5, 11.5], "texture": "#particle"},
				"east": {"uv": [8.5, 4, 9, 4.5], "texture": "#particle"},
				"south": {"uv": [4, 4, 8.5, 4.5], "texture": "#particle"},
				"west": {"uv": [0, 0, 0.5, 0.5], "texture": "#particle"},
				"up": {"uv": [5.5, 12.5, 1, 12], "texture": "#particle"},
				"down": {"uv": [5.5, 11, 1, 11.5], "texture": "#particle"}
			}
		},
		{
			"name": "octagon",
			"from": [21.001, 3.5, 10.37868],
			"to": [30.001, 4.25, 11.62132],
			"rotation": {"angle": 0, "axis": "y", "origin": [7, 5, 11]},
			"faces": {
				"north": {"uv": [1, 11, 5.5, 11.5], "texture": "#particle"},
				"east": {"uv": [14.5, 5, 15, 5.5], "texture": "#particle"},
				"south": {"uv": [4, 4, 8.5, 4.5], "texture": "#particle"},
				"west": {"uv": [0, 0, 0.5, 0.5], "texture": "#particle"},
				"up": {"uv": [5.5, 12.5, 1, 12], "texture": "#particle"},
				"down": {"uv": [5.5, 11, 1, 11.5], "texture": "#particle"}
			}
		},
		{
			"name": "octagon",
			"from": [21, 4.37868, 11.75],
			"to": [30, 5.62132, 12.5],
			"rotation": {"angle": 45, "axis": "x", "origin": [7, 5, 11]},
			"faces": {
				"north": {"uv": [1, 11, 5.5, 11.5], "texture": "#particle"},
				"east": {"uv": [12.5, 4, 13, 4.5], "texture": "#particle"},
				"south": {"uv": [4, 4, 8.5, 4.5], "texture": "#particle"},
				"west": {"uv": [0, 0, 0.5, 0.5], "texture": "#particle"},
				"up": {"uv": [5.5, 12.5, 1, 12], "texture": "#particle"},
				"down": {"uv": [5.5, 11, 1, 11.5], "texture": "#particle"}
			}
		},
		{
			"name": "octagon",
			"from": [21.001, 4.37868, 9.5],
			"to": [30.001, 5.62132, 10.25],
			"rotation": {"angle": 0, "axis": "y", "origin": [7, 5, 11]},
			"faces": {
				"north": {"uv": [1, 11, 5.5, 11.5], "texture": "#particle"},
				"east": {"uv": [12.5, 3, 13, 3.5], "texture": "#particle"},
				"south": {"uv": [4, 4, 8.5, 4.5], "texture": "#particle"},
				"west": {"uv": [0, 0, 0.5, 0.5], "texture": "#particle"},
				"up": {"uv": [5.5, 12.5, 1, 12], "texture": "#particle"},
				"down": {"uv": [5.5, 11, 1, 11.5], "texture": "#particle"}
			}
		},
		{
			"name": "octagon",
			"from": [21, 4.37868, 9.5],
			"to": [30, 5.62132, 10.25],
			"rotation": {"angle": 45, "axis": "x", "origin": [7, 5, 11]},
			"faces": {
				"north": {"uv": [1, 11, 5.5, 11.5], "texture": "#particle"},
				"east": {"uv": [8.5, 5, 9, 5.5], "texture": "#particle"},
				"south": {"uv": [4, 4, 8.5, 4.5], "texture": "#particle"},
				"west": {"uv": [0, 0, 0.5, 0.5], "texture": "#particle"},
				"up": {"uv": [5.5, 12.5, 1, 12], "texture": "#particle"},
				"down": {"uv": [5.5, 11, 1, 11.5], "texture": "#particle"}
			}
		},
		{
			"name": "octagon",
			"from": [21.001, 5.75, 10.37868],
			"to": [30.001, 6.5, 11.62132],
			"rotation": {"angle": 0, "axis": "y", "origin": [7, 5, 11]},
			"faces": {
				"north": {"uv": [1, 11, 5.5, 11.5], "texture": "#particle"},
				"east": {"uv": [9.5, 3, 10, 3.5], "texture": "#particle"},
				"south": {"uv": [4, 4, 8.5, 4.5], "texture": "#particle"},
				"west": {"uv": [0, 0, 0.5, 0.5], "texture": "#particle"},
				"up": {"uv": [5.5, 12.5, 1, 12], "texture": "#particle"},
				"down": {"uv": [5.5, 11, 1, 11.5], "texture": "#particle"}
			}
		},
		{
			"name": "octagon",
			"from": [21, 5.75, 10.37868],
			"to": [30, 6.5, 11.62132],
			"rotation": {"angle": 45, "axis": "x", "origin": [7, 5, 11]},
			"faces": {
				"north": {"uv": [1, 11, 5.5, 11.5], "texture": "#particle"},
				"east": {"uv": [10.5, 4, 11, 4.5], "texture": "#particle"},
				"south": {"uv": [4, 4, 8.5, 4.5], "texture": "#particle"},
				"west": {"uv": [0, 0, 0.5, 0.5], "texture": "#particle"},
				"up": {"uv": [5.5, 12.5, 1, 12], "texture": "#particle"},
				"down": {"uv": [5.5, 11, 1, 11.5], "texture": "#particle"}
			}
		},
		{
			"name": "octagon",
			"from": [8, 7.37868, 9.5],
			"to": [21, 8.62132, 10.25],
			"rotation": {"angle": 45, "axis": "x", "origin": [7, 8, 11]},
			"faces": {
				"north": {"uv": [0, 0, 6.5, 0.5], "texture": "#particle"},
				"east": {"uv": [0, 8, 0.5, 8.5], "texture": "#particle"},
				"south": {"uv": [6, 0.5, 12.5, 1], "texture": "#particle"},
				"west": {"uv": [0.5, 8, 1, 8.5], "texture": "#particle"},
				"up": {"uv": [6.5, 1.5, 0, 1], "texture": "#particle"},
				"down": {"uv": [6.5, 1.5, 0, 2], "texture": "#particle"}
			}
		},
		{
			"name": "octagon",
			"from": [8, 7.37868, 9.5],
			"to": [21, 8.62132, 10.25],
			"rotation": {"angle": 0, "axis": "y", "origin": [7, 8, 11]},
			"faces": {
				"north": {"uv": [0, 1, 6.5, 1.5], "texture": "#particle"},
				"east": {"uv": [0, 0, 0.5, 0.5], "texture": "#particle"},
				"south": {"uv": [0, 0, 6.5, 0.5], "texture": "#particle"},
				"west": {"uv": [0, 0, 0.5, 0.5], "texture": "#particle"},
				"up": {"uv": [6.5, 0.5, 0, 0], "texture": "#particle"},
				"down": {"uv": [6.5, 0, 0, 0.5], "texture": "#particle"}
			}
		},
		{
			"name": "octagon",
			"from": [8, 7.37868, 11.75],
			"to": [21, 8.62132, 12.5],
			"rotation": {"angle": 45, "axis": "x", "origin": [7, 8, 11]},
			"faces": {
				"north": {"uv": [0, 0, 6.5, 0.5], "texture": "#particle"},
				"east": {"uv": [0, 0, 0.5, 0.5], "texture": "#particle"},
				"south": {"uv": [2, 1, 8.5, 1.5], "texture": "#particle"},
				"west": {"uv": [0, 0, 0.5, 0.5], "texture": "#particle"},
				"up": {"uv": [6.5, 0.5, 0, 0], "texture": "#particle"},
				"down": {"uv": [6.5, 0, 0, 0.5], "texture": "#particle"}
			}
		},
		{
			"name": "octagon",
			"from": [8, 7.37868, 11.75],
			"to": [21, 8.62132, 12.5],
			"rotation": {"angle": 0, "axis": "y", "origin": [7, 8, 11]},
			"faces": {
				"north": {"uv": [0, 0, 6.5, 0.5], "texture": "#particle"},
				"east": {"uv": [0, 0, 0.5, 0.5], "texture": "#particle"},
				"south": {"uv": [6, 0, 12.5, 0.5], "texture": "#particle"},
				"west": {"uv": [0, 0, 0.5, 0.5], "texture": "#particle"},
				"up": {"uv": [6.5, 0.5, 0, 0], "texture": "#particle"},
				"down": {"uv": [6.5, 0, 0, 0.5], "texture": "#particle"}
			}
		},
		{
			"name": "octagon",
			"from": [8, 6.5, 10.37868],
			"to": [21, 7.25, 11.62132],
			"rotation": {"angle": 45, "axis": "x", "origin": [7, 8, 11]},
			"faces": {
				"north": {"uv": [0, 0, 6.5, 0.5], "texture": "#particle"},
				"east": {"uv": [0, 0, 0.5, 0.5], "texture": "#particle"},
				"south": {"uv": [0, 0, 6.5, 0.5], "texture": "#particle"},
				"west": {"uv": [0, 0, 0.5, 0.5], "texture": "#particle"},
				"up": {"uv": [6.5, 0.5, 0, 0], "texture": "#particle"},
				"down": {"uv": [6.5, 0, 0, 0.5], "texture": "#particle"}
			}
		},
		{
			"name": "octagon",
			"from": [8, 6.5, 10.37868],
			"to": [21, 7.25, 11.62132],
			"rotation": {"angle": 0, "axis": "y", "origin": [7, 8, 11]},
			"faces": {
				"north": {"uv": [0, 0, 6.5, 0.5], "texture": "#particle"},
				"east": {"uv": [0, 0, 0.5, 0.5], "texture": "#particle"},
				"south": {"uv": [0, 0, 6.5, 0.5], "texture": "#particle"},
				"west": {"uv": [0, 0, 0.5, 0.5], "texture": "#particle"},
				"up": {"uv": [6.5, 0.5, 0, 0], "texture": "#particle"},
				"down": {"uv": [6.5, 0, 0, 0.5], "texture": "#particle"}
			}
		},
		{
			"name": "octagon",
			"from": [8, 8.75, 10.37868],
			"to": [21, 9.5, 11.62132],
			"rotation": {"angle": 45, "axis": "x", "origin": [7, 8, 11]},
			"faces": {
				"north": {"uv": [0, 0, 6.5, 0.5], "texture": "#particle"},
				"east": {"uv": [0, 0, 0.5, 0.5], "texture": "#particle"},
				"south": {"uv": [0, 0, 6.5, 0.5], "texture": "#particle"},
				"west": {"uv": [0, 0, 0.5, 0.5], "texture": "#particle"},
				"up": {"uv": [6.5, 0.5, 0, 0], "texture": "#particle"},
				"down": {"uv": [6.5, 0, 0, 0.5], "texture": "#particle"}
			}
		},
		{
			"name": "octagon",
			"from": [8, 8.75, 10.37868],
			"to": [21, 9.5, 11.62132],
			"rotation": {"angle": 0, "axis": "y", "origin": [7, 8, 11]},
			"faces": {
				"north": {"uv": [0, 0, 6.5, 0.5], "texture": "#particle"},
				"east": {"uv": [0, 0, 0.5, 0.5], "texture": "#particle"},
				"south": {"uv": [0, 0, 6.5, 0.5], "texture": "#particle"},
				"west": {"uv": [0, 0, 0.5, 0.5], "texture": "#particle"},
				"up": {"uv": [6.5, 0.5, 0, 0], "texture": "#particle"},
				"down": {"uv": [6.5, 0, 0, 0.5], "texture": "#particle"}
			}
		},
		{
			"name": "octagon",
			"from": [21.001, 7.37868, 11.75],
			"to": [30.001, 8.62132, 12.5],
			"rotation": {"angle": 0, "axis": "y", "origin": [7, 8, 11]},
			"faces": {
				"north": {"uv": [1, 11, 5.5, 11.5], "texture": "#particle"},
				"east": {"uv": [13.5, 3, 14, 3.5], "texture": "#particle"},
				"south": {"uv": [4, 4, 8.5, 4.5], "texture": "#particle"},
				"west": {"uv": [0, 0, 0.5, 0.5], "texture": "#particle"},
				"up": {"uv": [5.5, 12.5, 1, 12], "texture": "#particle"},
				"down": {"uv": [5.5, 11, 1, 11.5], "texture": "#particle"}
			}
		},
		{
			"name": "octagon",
			"from": [21, 6.5, 10.37868],
			"to": [30, 7.25, 11.62132],
			"rotation": {"angle": 45, "axis": "x", "origin": [7, 8, 11]},
			"faces": {
				"north": {"uv": [1, 11, 5.5, 11.5], "texture": "#particle"},
				"east": {"uv": [6.5, 3, 7, 3.5], "texture": "#particle"},
				"south": {"uv": [4, 4, 8.5, 4.5], "texture": "#particle"},
				"west": {"uv": [0, 0, 0.5, 0.5], "texture": "#particle"},
				"up": {"uv": [5.5, 12.5, 1, 12], "texture": "#particle"},
				"down": {"uv": [5.5, 11, 1, 11.5], "texture": "#particle"}
			}
		},
		{
			"name": "octagon",
			"from": [21.001, 6.5, 10.37868],
			"to": [30.001, 7.25, 11.62132],
			"rotation": {"angle": 0, "axis": "y", "origin": [7, 8, 11]},
			"faces": {
				"north": {"uv": [1, 11, 5.5, 11.5], "texture": "#particle"},
				"east": {"uv": [12.5, 3, 13, 3.5], "texture": "#particle"},
				"south": {"uv": [4, 4, 8.5, 4.5], "texture": "#particle"},
				"west": {"uv": [0, 0, 0.5, 0.5], "texture": "#particle"},
				"up": {"uv": [5.5, 12.5, 1, 12], "texture": "#particle"},
				"down": {"uv": [5.5, 11, 1, 11.5], "texture": "#particle"}
			}
		},
		{
			"name": "octagon",
			"from": [21, 7.37868, 11.75],
			"to": [30, 8.62132, 12.5],
			"rotation": {"angle": 45, "axis": "x", "origin": [7, 8, 11]},
			"faces": {
				"north": {"uv": [1, 11, 5.5, 11.5], "texture": "#particle"},
				"east": {"uv": [15.5, 4, 16, 4.5], "texture": "#particle"},
				"south": {"uv": [4, 4, 8.5, 4.5], "texture": "#particle"},
				"west": {"uv": [0, 0, 0.5, 0.5], "texture": "#particle"},
				"up": {"uv": [5.5, 12.5, 1, 12], "texture": "#particle"},
				"down": {"uv": [5.5, 11, 1, 11.5], "texture": "#particle"}
			}
		},
		{
			"name": "octagon",
			"from": [21.001, 7.37868, 9.5],
			"to": [30.001, 8.62132, 10.25],
			"rotation": {"angle": 0, "axis": "y", "origin": [7, 8, 11]},
			"faces": {
				"north": {"uv": [1, 11, 5.5, 11.5], "texture": "#particle"},
				"east": {"uv": [9.5, 3, 10, 3.5], "texture": "#particle"},
				"south": {"uv": [4, 4, 8.5, 4.5], "texture": "#particle"},
				"west": {"uv": [0, 0, 0.5, 0.5], "texture": "#particle"},
				"up": {"uv": [5.5, 12.5, 1, 12], "texture": "#particle"},
				"down": {"uv": [5.5, 11, 1, 11.5], "texture": "#particle"}
			}
		},
		{
			"name": "octagon",
			"from": [21, 7.37868, 9.5],
			"to": [30, 8.62132, 10.25],
			"rotation": {"angle": 45, "axis": "x", "origin": [7, 8, 11]},
			"faces": {
				"north": {"uv": [1, 11, 5.5, 11.5], "texture": "#particle"},
				"east": {"uv": [6.5, 3, 7, 3.5], "texture": "#particle"},
				"south": {"uv": [4, 4, 8.5, 4.5], "texture": "#particle"},
				"west": {"uv": [0, 0, 0.5, 0.5], "texture": "#particle"},
				"up": {"uv": [5.5, 12.5, 1, 12], "texture": "#particle"},
				"down": {"uv": [5.5, 11, 1, 11.5], "texture": "#particle"}
			}
		},
		{
			"name": "octagon",
			"from": [21.001, 8.75, 10.37868],
			"to": [30.001, 9.5, 11.62132],
			"rotation": {"angle": 0, "axis": "y", "origin": [7, 8, 11]},
			"faces": {
				"north": {"uv": [1, 11, 5.5, 11.5], "texture": "#particle"},
				"east": {"uv": [11.5, 4, 12, 4.5], "texture": "#particle"},
				"south": {"uv": [4, 4, 8.5, 4.5], "texture": "#particle"},
				"west": {"uv": [0, 0, 0.5, 0.5], "texture": "#particle"},
				"up": {"uv": [5.5, 12.5, 1, 12], "texture": "#particle"},
				"down": {"uv": [5.5, 11, 1, 11.5], "texture": "#particle"}
			}
		},
		{
			"name": "octagon",
			"from": [21, 8.75, 10.37868],
			"to": [30, 9.5, 11.62132],
			"rotation": {"angle": 45, "axis": "x", "origin": [7, 8, 11]},
			"faces": {
				"north": {"uv": [1, 11, 5.5, 11.5], "texture": "#particle"},
				"east": {"uv": [8.5, 2, 9, 2.5], "texture": "#particle"},
				"south": {"uv": [4, 4, 8.5, 4.5], "texture": "#particle"},
				"west": {"uv": [0, 0, 0.5, 0.5], "texture": "#particle"},
				"up": {"uv": [5.5, 12.5, 1, 12], "texture": "#particle"},
				"down": {"uv": [5.5, 11, 1, 11.5], "texture": "#particle"}
			}
		},
		{
			"name": "octagon",
			"from": [16, 4.63604, 4.5],
			"to": [18, 8.36396, 13.5],
			"rotation": {"angle": 45, "axis": "x", "origin": [10, 6.5, 9]},
			"faces": {
				"north": {"uv": [6, 3, 7, 5], "texture": "#particle"},
				"east": {"uv": [7, 4, 11.5, 6], "texture": "#particle"},
				"south": {"uv": [2, 9.5, 3, 11.5], "texture": "#particle"},
				"west": {"uv": [8, 3, 12.5, 5], "texture": "#particle"},
				"up": {"uv": [1, 10.5, 0, 6], "texture": "#particle"},
				"down": {"uv": [1, 9, 0, 13.5], "texture": "#particle"}
			}
		},
		{
			"name": "octagon",
			"from": [16, 4.63604, 4.5],
			"to": [18, 8.36396, 13.5],
			"rotation": {"angle": 0, "axis": "y", "origin": [10, 6.5, 9]},
			"faces": {
				"north": {"uv": [1, 3, 2, 5], "texture": "#particle"},
				"east": {"uv": [8, 4, 12.5, 6], "texture": "#particle"},
				"south": {"uv": [1, 11.5, 2, 13.5], "texture": "#particle"},
				"west": {"uv": [9, 3, 13.5, 5], "texture": "#particle"},
				"up": {"uv": [1, 10.5, 0, 6], "texture": "#particle"},
				"down": {"uv": [1, 9, 0, 13.5], "texture": "#particle"}
			}
		},
		{
			"name": "octagon",
			"from": [16, 2, 7.13604],
			"to": [18, 11, 10.86396],
			"rotation": {"angle": 45, "axis": "x", "origin": [10, 6.5, 9]},
			"faces": {
				"north": {"uv": [1, 3, 2, 7.5], "texture": "#particle"},
				"east": {"uv": [0, 4, 2, 8.5], "texture": "#particle"},
				"south": {"uv": [0, 11.5, 1, 16], "texture": "#particle"},
				"west": {"uv": [0, 4, 2, 8.5], "texture": "#particle"},
				"up": {"uv": [3, 9, 2, 7], "texture": "#particle"},
				"down": {"uv": [1, 11, 0, 13], "texture": "#particle"}
			}
		},
		{
			"name": "octagon",
			"from": [15.99, 2, 7.13604],
			"to": [17.99, 11, 10.86396],
			"rotation": {"angle": 0, "axis": "y", "origin": [10, 6.5, 9]},
			"faces": {
				"north": {"uv": [1, 3, 2, 7.5], "texture": "#particle"},
				"east": {"uv": [0, 4, 2, 8.5], "texture": "#particle"},
				"south": {"uv": [0, 11.5, 1, 16], "texture": "#particle"},
				"west": {"uv": [0, 4, 2, 8.5], "texture": "#particle"},
				"up": {"uv": [1, 8, 0, 6], "texture": "#particle"},
				"down": {"uv": [2, 7, 1, 9], "texture": "#particle"}
			}
		},
		{
			"name": "octagon",
			"from": [6, 4.63604, 4.5],
			"to": [8, 8.36396, 13.5],
			"rotation": {"angle": 45, "axis": "x", "origin": [0, 6.5, 9]},
			"faces": {
				"north": {"uv": [15, 11.5, 16, 13.5], "texture": "#particle"},
				"east": {"uv": [11.5, 4, 16, 6], "texture": "#particle"},
				"south": {"uv": [1, 9, 2, 11], "texture": "#particle"},
				"west": {"uv": [8, 3, 12.5, 5], "texture": "#particle"},
				"up": {"uv": [1, 15.5, 0, 11], "texture": "#particle"},
				"down": {"uv": [14, 11, 13, 15.5], "texture": "#particle"}
			}
		},
		{
			"name": "octagon",
			"from": [6, 4.63604, 4.5],
			"to": [8, 8.36396, 13.5],
			"rotation": {"angle": 0, "axis": "y", "origin": [0, 6.5, 9]},
			"faces": {
				"north": {"uv": [15, 11.5, 16, 13.5], "texture": "#particle"},
				"east": {"uv": [7, 3, 11.5, 5], "texture": "#particle"},
				"south": {"uv": [1, 8, 2, 10], "texture": "#particle"},
				"west": {"uv": [11, 4, 15.5, 6], "texture": "#particle"},
				"up": {"uv": [1, 15.5, 0, 11], "texture": "#particle"},
				"down": {"uv": [14, 11, 13, 15.5], "texture": "#particle"}
			}
		},
		{
			"name": "octagon",
			"from": [6, 2, 7.13604],
			"to": [8, 11, 10.86396],
			"rotation": {"angle": 45, "axis": "x", "origin": [0, 6.5, 9]},
			"faces": {
				"north": {"uv": [15, 11.5, 16, 16], "texture": "#particle"},
				"east": {"uv": [0, 4, 2, 8.5], "texture": "#particle"},
				"south": {"uv": [1, 9, 2, 13.5], "texture": "#particle"},
				"west": {"uv": [0, 3, 2, 7.5], "texture": "#particle"},
				"up": {"uv": [2, 14, 1, 12], "texture": "#particle"},
				"down": {"uv": [14, 11, 13, 13], "texture": "#particle"}
			}
		},
		{
			"name": "octagon",
			"from": [5.99, 2, 7.13604],
			"to": [7.99, 11, 10.86396],
			"rotation": {"angle": 0, "axis": "y", "origin": [0, 6.5, 9]},
			"faces": {
				"north": {"uv": [15, 11.5, 16, 16], "texture": "#particle"},
				"east": {"uv": [0, 4, 2, 8.5], "texture": "#particle"},
				"south": {"uv": [1, 9, 2, 13.5], "texture": "#particle"},
				"west": {"uv": [0, 3, 2, 7.5], "texture": "#particle"},
				"up": {"uv": [1, 10, 0, 8], "texture": "#particle"},
				"down": {"uv": [14, 11, 13, 13], "texture": "#particle"}
			}
		},
		{
			"name": "octagon",
			"from": [23.99, 4.63604, 4.5],
			"to": [25.99, 8.36396, 13.5],
			"rotation": {"angle": 45, "axis": "x", "origin": [18, 6.5, 9]},
			"faces": {
				"north": {"uv": [1, 5, 2, 7], "texture": "#particle"},
				"east": {"uv": [7, 3, 11.5, 5], "texture": "#particle"},
				"south": {"uv": [0, 10, 1, 12], "texture": "#particle"},
				"west": {"uv": [9, 4, 13.5, 6], "texture": "#particle"},
				"up": {"uv": [1, 11.5, 0, 7], "texture": "#particle"},
				"down": {"uv": [2, 11.5, 1, 16], "texture": "#particle"}
			}
		},
		{
			"name": "octagon",
			"from": [23.98, 4.63604, 4.5],
			"to": [25.98, 8.36396, 13.5],
			"rotation": {"angle": 0, "axis": "y", "origin": [18, 6.5, 9]},
			"faces": {
				"north": {"uv": [2, 9, 3, 11], "texture": "#particle"},
				"east": {"uv": [8, 3, 12.5, 5], "texture": "#particle"},
				"south": {"uv": [2, 3, 3, 5], "texture": "#particle"},
				"west": {"uv": [7, 3, 11.5, 5], "texture": "#particle"},
				"up": {"uv": [1, 11.5, 0, 7], "texture": "#particle"},
				"down": {"uv": [2, 11.5, 1, 16], "texture": "#particle"}
			}
		},
		{
			"name": "octagon",
			"from": [24, 2, 7.13604],
			"to": [26, 11, 10.86396],
			"rotation": {"angle": 45, "axis": "x", "origin": [18, 6.5, 9]},
			"faces": {
				"north": {"uv": [2, 10, 3, 14.5], "texture": "#particle"},
				"east": {"uv": [0, 3, 2, 7.5], "texture": "#particle"},
				"south": {"uv": [0, 10, 1, 14.5], "texture": "#particle"},
				"west": {"uv": [0, 3, 2, 7.5], "texture": "#particle"},
				"up": {"uv": [1, 11, 0, 9], "texture": "#particle"},
				"down": {"uv": [2, 11.5, 1, 13.5], "texture": "#particle"}
			}
		},
		{
			"name": "octagon",
			"from": [23.98, 2, 7.13604],
			"to": [25.98, 11, 10.86396],
			"rotation": {"angle": 0, "axis": "y", "origin": [18, 6.5, 9]},
			"faces": {
				"north": {"uv": [2, 10, 3, 14.5], "texture": "#particle"},
				"east": {"uv": [0, 3, 2, 7.5], "texture": "#particle"},
				"south": {"uv": [0, 10, 1, 14.5], "texture": "#particle"},
				"west": {"uv": [0, 3, 2, 7.5], "texture": "#particle"},
				"up": {"uv": [2, 9, 1, 7], "texture": "#particle"},
				"down": {"uv": [2, 14, 1, 16], "texture": "#particle"}
			}
		},
		{
			"name": "octagon",
			"from": [25.99, 4.63604, 4.5],
			"to": [31.99, 8.36396, 5.5],
			"rotation": {"angle": 45, "axis": "x", "origin": [24, 6.5, 9]},
			"faces": {
				"north": {"uv": [0, 3, 3, 5], "texture": "#particle"},
				"east": {"uv": [14, 10, 14.5, 12], "texture": "#particle"},
				"south": {"uv": [10, 3, 13, 5], "texture": "#particle"},
				"west": {"uv": [14, 13, 14.5, 15], "texture": "#particle"},
				"up": {"uv": [10, 4.5, 7, 4], "texture": "#particle"},
				"down": {"uv": [3, 8, 0, 8.5], "texture": "#particle"}
			}
		},
		{
			"name": "octagon",
			"from": [26, 4.63604, 4.5],
			"to": [32, 8.36396, 5.5],
			"rotation": {"angle": 0, "axis": "x", "origin": [24, 6.5, 9]},
			"faces": {
				"north": {"uv": [0, 9, 3, 11], "texture": "#particle"},
				"east": {"uv": [14, 10, 14.5, 12], "texture": "#particle"},
				"south": {"uv": [10, 3, 13, 5], "texture": "#particle"},
				"west": {"uv": [14, 13, 14.5, 15], "texture": "#particle"},
				"up": {"uv": [10, 4.5, 7, 4], "texture": "#particle"},
				"down": {"uv": [3, 8, 0, 8.5], "texture": "#particle"}
			}
		},
		{
			"name": "octagon",
			"from": [25.99, 4.63604, 12.5],
			"to": [31.99, 8.36396, 13.5],
			"rotation": {"angle": 45, "axis": "x", "origin": [24, 6.5, 9]},
			"faces": {
				"north": {"uv": [0, 5, 3, 7], "texture": "#particle"},
				"east": {"uv": [14, 10, 14.5, 12], "texture": "#particle"},
				"south": {"uv": [10, 3, 13, 5], "texture": "#particle"},
				"west": {"uv": [14, 13, 14.5, 15], "texture": "#particle"},
				"up": {"uv": [10, 4.5, 7, 4], "texture": "#particle"},
				"down": {"uv": [3, 8, 0, 8.5], "texture": "#particle"}
			}
		},
		{
			"name": "octagon",
			"from": [26, 4.63604, 12.5],
			"to": [32, 8.36396, 13.5],
			"rotation": {"angle": 0, "axis": "x", "origin": [24, 6.5, 9]},
			"faces": {
				"north": {"uv": [0, 5, 3, 7], "texture": "#particle"},
				"east": {"uv": [14, 10, 14.5, 12], "texture": "#particle"},
				"south": {"uv": [12, 4, 15, 6], "texture": "#particle"},
				"west": {"uv": [14, 13, 14.5, 15], "texture": "#particle"},
				"up": {"uv": [10, 4.5, 7, 4], "texture": "#particle"},
				"down": {"uv": [3, 8, 0, 8.5], "texture": "#particle"}
			}
		},
		{
			"name": "octagon",
			"from": [25.99, 2, 7.13604],
			"to": [31.99, 3, 10.86396],
			"rotation": {"angle": 45, "axis": "x", "origin": [24, 6.5, 9]},
			"faces": {
				"north": {"uv": [0, 5, 3, 5.5], "texture": "#particle"},
				"east": {"uv": [14, 10, 16, 10.5], "texture": "#particle"},
				"south": {"uv": [10, 3, 13, 3.5], "texture": "#particle"},
				"west": {"uv": [14, 13, 16, 13.5], "texture": "#particle"},
				"up": {"uv": [10, 6, 7, 4], "texture": "#particle"},
				"down": {"uv": [3, 8, 0, 10], "texture": "#particle"}
			}
		},
		{
			"name": "octagon",
			"from": [26, 2, 7.13604],
			"to": [32, 3, 10.86396],
			"rotation": {"angle": 0, "axis": "x", "origin": [24, 6.5, 9]},
			"faces": {
				"north": {"uv": [0, 5, 3, 5.5], "texture": "#particle"},
				"east": {"uv": [14, 10, 16, 10.5], "texture": "#particle"},
				"south": {"uv": [10, 3, 13, 3.5], "texture": "#particle"},
				"west": {"uv": [14, 13, 16, 13.5], "texture": "#particle"},
				"up": {"uv": [10, 6, 7, 4], "texture": "#particle"},
				"down": {"uv": [3, 8, 0, 10], "texture": "#particle"}
			}
		},
		{
			"name": "octagon",
			"from": [25.99, 10, 7.13604],
			"to": [31.99, 11, 10.86396],
			"rotation": {"angle": 45, "axis": "x", "origin": [24, 6.5, 9]},
			"faces": {
				"north": {"uv": [0, 5, 3, 5.5], "texture": "#particle"},
				"east": {"uv": [14, 10, 16, 10.5], "texture": "#particle"},
				"south": {"uv": [10, 3, 13, 3.5], "texture": "#particle"},
				"west": {"uv": [14, 13, 16, 13.5], "texture": "#particle"},
				"up": {"uv": [14, 6, 11, 4], "texture": "#particle"},
				"down": {"uv": [3, 8, 0, 10], "texture": "#particle"}
			}
		},
		{
			"name": "octagon",
			"from": [26, 10, 7.13604],
			"to": [32, 11, 10.86396],
			"rotation": {"angle": 0, "axis": "x", "origin": [24, 6.5, 9]},
			"faces": {
				"north": {"uv": [0, 5, 3, 5.5], "texture": "#particle"},
				"east": {"uv": [14, 10, 16, 10.5], "texture": "#particle"},
				"south": {"uv": [10, 3, 13, 3.5], "texture": "#particle"},
				"west": {"uv": [14, 13, 16, 13.5], "texture": "#particle"},
				"up": {"uv": [10, 6, 7, 4], "texture": "#particle"},
				"down": {"uv": [3, 8, 0, 10], "texture": "#particle"}
			}
		},
		{
			"from": [28.25, 4, 6],
			"to": [28.25, 6, 8],
			"faces": {
				"north": {"uv": [0, 0, 0, 4], "texture": "#particle"},
				"east": {"uv": [14, 0, 16, 2], "texture": "#particle"},
				"south": {"uv": [0, 0, 0, 4], "texture": "#particle"},
				"west": {"uv": [14, 0, 16, 2], "texture": "#particle"},
				"up": {"uv": [0, 0, 0, 4], "texture": "#particle"},
				"down": {"uv": [0, 0, 0, 4], "texture": "#particle"}
			}
		},
		{
			"from": [28.25, 4, 10],
			"to": [28.25, 6, 12],
			"faces": {
				"north": {"uv": [0, 0, 0, 4], "texture": "#particle"},
				"east": {"uv": [14, 0, 16, 2], "texture": "#particle"},
				"south": {"uv": [0, 0, 0, 4], "texture": "#particle"},
				"west": {"uv": [14, 0, 16, 2], "texture": "#particle"},
				"up": {"uv": [0, 0, 0, 4], "texture": "#particle"},
				"down": {"uv": [0, 0, 0, 4], "texture": "#particle"}
			}
		},
		{
			"from": [28.25, 7, 6],
			"to": [28.25, 9, 8],
			"faces": {
				"north": {"uv": [0, 0, 0, 4], "texture": "#particle"},
				"east": {"uv": [14, 0, 16, 2], "texture": "#particle"},
				"south": {"uv": [0, 0, 0, 4], "texture": "#particle"},
				"west": {"uv": [14, 0, 16, 2], "texture": "#particle"},
				"up": {"uv": [0, 0, 0, 4], "texture": "#particle"},
				"down": {"uv": [0, 0, 0, 4], "texture": "#particle"}
			}
		},
		{
			"from": [28.25, 7, 10],
			"to": [28.25, 9, 12],
			"faces": {
				"north": {"uv": [0, 0, 0, 4], "texture": "#particle"},
				"east": {"uv": [14, 0, 16, 2], "texture": "#particle"},
				"south": {"uv": [0, 0, 0, 4], "texture": "#particle"},
				"west": {"uv": [14, 0, 16, 2], "texture": "#particle"},
				"up": {"uv": [0, 0, 0, 4], "texture": "#particle"},
				"down": {"uv": [0, 0, 0, 4], "texture": "#particle"}
			}
		}
	],
	"display": {
		"thirdperson_righthand": {
			"rotation": [67, 90, 0],
			"translation": [-0.5, 8, -5.5],
			"scale": [0.6, 0.6, 0.6]
		},
		"thirdperson_lefthand": {
			"rotation": [67, -90, 0],
			"translation": [-0.5, 8, -5.5],
			"scale": [0.6, 0.6, 0.6]
		},
		"firstperson_righthand": {
			"rotation": [0, 90, 0],
			"translation": [-9, -8, -11.5]
		},
		"firstperson_lefthand": {
			"rotation": [0, -90, 0],
			"translation": [-9, -8, -11.5]
		},
		"ground": {
			"rotation": [90, 0, 0],
			"translation": [0, -1.25, 0],
			"scale": [0.65, 0.65, 0.65]
		},
		"gui": {
			"rotation": [17, -110, 0],
			"translation": [1, 0.25, 0],
			"scale": [0.85, 0.85, 0.85]
		},
		"head": {
			"rotation": [0, 90, 0],
			"translation": [-1, 1.25, -9.75]
		},
		"fixed": {
			"translation": [0, 0, -2.5]
		}
	},
	"groups": [
		{
			"name": "back_handle",
			"origin": [-10, 2, 0],
			"color": 0,
			"children": [0, 1, 2, 3, 4]
		},
		{
			"name": "side_handle",
			"origin": [-6, 2, 15],
			"color": 0,
			"children": [5, 6, 7, 8]
		},
		{
			"name": "ammo_decal",
			"origin": [8, 8, 8],
			"color": 0,
			"children": [9, 10, 11, 12]
		},
		{
			"name": "base",
			"origin": [8, 8, 8],
			"color": 0,
			"children": [13, 14, 15, 16, 17, 18]
		},
		{
			"name": "barrel",
			"origin": [8, 8, 8],
			"color": 0,
			"children": [
				{
					"name": "stem",
					"origin": [8, 8, 8],
					"color": 0,
					"children": [
						{
							"name": "octagon",
							"origin": [8, 8, 8],
							"color": 0,
							"children": [19, 20, 21, 22, 23, 24, 25, 26]
						},
						{
							"name": "octagon",
							"origin": [7, 5, 7],
							"color": 0,
							"children": [27, 28, 29, 30, 31, 32, 33, 34]
						}
					]
				},
				{
					"name": "stem",
					"origin": [8, 8, 8],
					"color": 0,
					"children": [
						{
							"name": "octagon",
							"origin": [8, 8, 8],
							"color": 0,
							"children": [35, 36, 37, 38, 39, 40, 41, 42]
						},
						{
							"name": "octagon",
							"origin": [7, 5, 7],
							"color": 0,
							"children": [43, 44, 45, 46, 47, 48, 49, 50]
						}
					]
				},
				{
					"name": "stem",
					"origin": [8, 8, 8],
					"color": 0,
					"children": [
						{
							"name": "octagon",
							"origin": [8, 8, 8],
							"color": 0,
							"children": [51, 52, 53, 54, 55, 56, 57, 58]
						},
						{
							"name": "octagon",
							"origin": [7, 5, 7],
							"color": 0,
							"children": [59, 60, 61, 62, 63, 64, 65, 66]
						}
					]
				},
				{
					"name": "stem",
					"origin": [8, 8, 8],
					"color": 0,
					"children": [
						{
							"name": "octagon",
							"origin": [8, 8, 8],
							"color": 0,
							"children": [67, 68, 69, 70, 71, 72, 73, 74]
						},
						{
							"name": "octagon",
							"origin": [7, 5, 7],
							"color": 0,
							"children": [75, 76, 77, 78, 79, 80, 81, 82]
						}
					]
				}
			]
		},
		{
			"name": "barrel_tip_back",
			"origin": [8, 8, 8],
			"color": 0,
			"children": [83, 84, 85, 86]
		},
		{
			"name": "barrel_tip_back",
			"origin": [8, 8, 8],
			"color": 0,
			"children": [87, 88, 89, 90]
		},
		{
			"name": "barrel_tip_back",
			"origin": [8, 8, 8],
			"color": 0,
			"children": [91, 92, 93, 94]
		},
		{
			"name": "barrel_tip",
			"origin": [8, 8, 8],
			"color": 0,
			"children": [95, 96, 97, 98, 99, 100, 101, 102]
		},
		{
			"name": "dark",
			"origin": [0, 0, 0],
			"color": 0,
			"children": [103, 104, 105, 106]
		}
	]
}