{
	"format_version": "1.21.6",
	"credit": "Made with Blockbench",
	"textures": {
		"0": "chems_guns:item/gun_ammo/standard",
		"1": "chems_guns:item/gun_ammo/moonraker",
		"2": "chems_guns:item/gun_ammo/moonraker2",
		"particle": "chems_guns:item/gun_ammo/standard"
	},
	"elements": [
		{
			"name": "octagon",
			"from": [7.45, 9.55, 23.701],
			"to": [8.55, 10.85, 25.601],
			"rotation": {"angle": 0, "axis": "y", "origin": [8, 10.4, 24.701]},
			"faces": {
				"north": {"uv": [0, 0, 6, 6], "texture": "#2"},
				"east": {"uv": [0, 0, 12, 12], "texture": "#2"},
				"south": {"uv": [0, 11, 2, 13], "texture": "#2"},
				"west": {"uv": [0, 0, 12, 12], "texture": "#2"},
				"up": {"uv": [0, 10, 2, 12], "texture": "#2"},
				"down": {"uv": [0, 0, 6, 6], "texture": "#2"}
			}
		},
		{
			"name": "octagon",
			"from": [7.45, 9.55, 21.801],
			"to": [8.55, 10.85, 23.701],
			"rotation": {"angle": 0, "axis": "y", "origin": [8, 10.4, 22.801]},
			"faces": {
				"north": {"uv": [0, 0, 6, 6], "texture": "#2"},
				"east": {"uv": [0, 0, 12, 12], "texture": "#2"},
				"south": {"uv": [0, 0, 6, 6], "texture": "#2"},
				"west": {"uv": [0, 0, 12, 12], "texture": "#2"},
				"up": {"uv": [0, 10, 2, 12], "texture": "#2"},
				"down": {"uv": [0, 0, 6, 6], "texture": "#2"}
			}
		},
		{
			"name": "octagon",
			"from": [7.45, 9.55, 19.901],
			"to": [8.55, 10.85, 21.801],
			"rotation": {"angle": 0, "axis": "y", "origin": [8, 10.4, 20.901]},
			"faces": {
				"north": {"uv": [0, 0, 6, 6], "texture": "#2"},
				"east": {"uv": [0, 0, 12, 12], "texture": "#2"},
				"south": {"uv": [0, 0, 6, 6], "texture": "#2"},
				"west": {"uv": [0, 0, 12, 12], "texture": "#2"},
				"up": {"uv": [0, 10, 2, 12], "texture": "#2"},
				"down": {"uv": [0, 0, 6, 6], "texture": "#2"}
			}
		},
		{
			"name": "octagon",
			"from": [7.45, 9.55, 18.001],
			"to": [8.55, 10.85, 19.901],
			"rotation": {"angle": 0, "axis": "y", "origin": [8, 10.4, 19.001]},
			"faces": {
				"north": {"uv": [0, 0, 6, 6], "texture": "#2"},
				"east": {"uv": [0, 0, 12, 12], "texture": "#2"},
				"south": {"uv": [0, 0, 6, 6], "texture": "#2"},
				"west": {"uv": [0, 0, 12, 12], "texture": "#2"},
				"up": {"uv": [0, 10, 2, 12], "texture": "#2"},
				"down": {"uv": [0, 0, 6, 6], "texture": "#2"}
			}
		},
		{
			"name": "octagon",
			"from": [7.45, 9.55, 16.101],
			"to": [8.55, 10.85, 18.001],
			"rotation": {"angle": 0, "axis": "y", "origin": [8, 10.4, 17.101]},
			"faces": {
				"north": {"uv": [0, 0, 6, 6], "texture": "#2"},
				"east": {"uv": [0, 0, 12, 12], "texture": "#2"},
				"south": {"uv": [0, 0, 6, 6], "texture": "#2"},
				"west": {"uv": [0, 0, 12, 12], "texture": "#2"},
				"up": {"uv": [0, 10, 2, 12], "texture": "#2"},
				"down": {"uv": [0, 0, 6, 6], "texture": "#2"}
			}
		},
		{
			"name": "octagon",
			"from": [7.45, 9.55, 14.201],
			"to": [8.55, 10.85, 16.101],
			"rotation": {"angle": 0, "axis": "y", "origin": [8, 10.4, 15.201]},
			"faces": {
				"north": {"uv": [0, 0, 6, 6], "texture": "#2"},
				"east": {"uv": [0, 0, 12, 12], "texture": "#2"},
				"south": {"uv": [0, 0, 6, 6], "texture": "#2"},
				"west": {"uv": [0, 0, 12, 12], "texture": "#2"},
				"up": {"uv": [0, 10, 2, 12], "texture": "#2"},
				"down": {"uv": [0, 0, 6, 6], "texture": "#2"}
			}
		},
		{
			"name": "octagon",
			"from": [7.45, 9.55, 12.301],
			"to": [8.55, 10.85, 14.201],
			"rotation": {"angle": 0, "axis": "y", "origin": [8, 10.4, 13.301]},
			"faces": {
				"north": {"uv": [0, 0, 6, 6], "texture": "#2"},
				"east": {"uv": [0, 0, 12, 12], "texture": "#2"},
				"south": {"uv": [0, 0, 6, 6], "texture": "#2"},
				"west": {"uv": [0, 0, 12, 12], "texture": "#2"},
				"up": {"uv": [0, 10, 2, 12], "texture": "#2"},
				"down": {"uv": [0, 0, 6, 6], "texture": "#2"}
			}
		},
		{
			"name": "octagon",
			"from": [7.45, 9.55, 10.401],
			"to": [8.55, 10.85, 12.301],
			"rotation": {"angle": 0, "axis": "y", "origin": [8, 10.4, 11.401]},
			"faces": {
				"north": {"uv": [0, 11, 2, 13], "texture": "#2"},
				"east": {"uv": [0, 0, 12, 12], "texture": "#2"},
				"south": {"uv": [0, 0, 6, 6], "texture": "#2"},
				"west": {"uv": [0, 0, 12, 12], "texture": "#2"},
				"up": {"uv": [0, 10, 2, 12], "texture": "#2"},
				"down": {"uv": [0, 0, 6, 6], "texture": "#2"}
			}
		},
		{
			"name": "octagon",
			"from": [6.9, 10.74, 27.101],
			"to": [9.1, 11.65124, 27.601],
			"rotation": {"angle": 0, "axis": "y", "origin": [8, 11.19562, 27.201]},
			"faces": {
				"north": {"uv": [0, 0, 2, 1], "texture": "#0"},
				"east": {"uv": [2, 1, 3, 2], "texture": "#0"},
				"south": {"uv": [0, 5, 1, 6], "texture": "#0"},
				"west": {"uv": [7, 1, 8, 2], "texture": "#0"},
				"up": {"uv": [5, 0, 8, 2], "rotation": 90, "texture": "#0"},
				"down": {"uv": [0, 0, 3, 2], "rotation": 90, "texture": "#0"}
			}
		},
		{
			"name": "octagon",
			"from": [7.2, 10.34, 29.501],
			"to": [8.8, 12.05124, 29.501],
			"rotation": {"angle": 0, "axis": "y", "origin": [8, 11.19562, 29.101]},
			"faces": {
				"north": {"uv": [0, 0, 2, 1], "texture": "#0"},
				"east": {"uv": [2, 1, 3, 2], "texture": "#0"},
				"south": {"uv": [0, 0, 12, 12], "texture": "#2"},
				"west": {"uv": [7, 1, 8, 2], "texture": "#0"},
				"up": {"uv": [5, 0, 8, 2], "rotation": 90, "texture": "#0"},
				"down": {"uv": [0, 0, 3, 2], "rotation": 90, "texture": "#0"}
			}
		},
		{
			"name": "octagon",
			"from": [7.2, 10.34, 29.5],
			"to": [8.8, 12.05124, 29.5],
			"rotation": {"angle": 0, "axis": "y", "origin": [8, 11.19562, 29.101]},
			"faces": {
				"north": {"uv": [0, 0, 2, 1], "texture": "#0"},
				"east": {"uv": [2, 1, 3, 2], "texture": "#0"},
				"south": {"uv": [6, 15, 7, 16], "texture": "#2"},
				"west": {"uv": [7, 1, 8, 2], "texture": "#0"},
				"up": {"uv": [5, 0, 8, 2], "rotation": 90, "texture": "#0"},
				"down": {"uv": [0, 0, 3, 2], "rotation": 90, "texture": "#0"}
			}
		},
		{
			"name": "octagon",
			"from": [6.8, 10.7, 27.601],
			"to": [7.2, 11.69408, 29.601],
			"rotation": {"angle": 0, "axis": "y", "origin": [8, 11.19704, 28.601]},
			"faces": {
				"north": {"uv": [0, 0, 2, 1], "texture": "#0"},
				"east": {"uv": [0, 7, 1, 8], "texture": "#0"},
				"south": {"uv": [14, 15, 15, 16], "texture": "#2"},
				"west": {"uv": [14, 1, 15, 14], "texture": "#2"},
				"up": {"uv": [5, 0, 8, 2], "rotation": 90, "texture": "#0"},
				"down": {"uv": [0, 0, 3, 2], "rotation": 90, "texture": "#0"}
			}
		},
		{
			"name": "octagon",
			"from": [8.8, 10.7, 27.601],
			"to": [9.2, 11.69408, 29.601],
			"rotation": {"angle": 0, "axis": "z", "origin": [8, 11.19704, 28.601]},
			"faces": {
				"north": {"uv": [0, 0, 2, 1], "rotation": 180, "texture": "#0"},
				"east": {"uv": [14, 1, 15, 14], "rotation": 180, "texture": "#2"},
				"south": {"uv": [14, 15, 15, 16], "rotation": 180, "texture": "#2"},
				"west": {"uv": [0, 7, 1, 8], "rotation": 180, "texture": "#0"},
				"up": {"uv": [0, 0, 3, 2], "rotation": 270, "texture": "#0"},
				"down": {"uv": [5, 0, 8, 2], "rotation": 270, "texture": "#0"}
			}
		},
		{
			"name": "octagon",
			"from": [6.8, 10.7, 27.601],
			"to": [7.2, 11.69408, 29.601],
			"rotation": {"angle": -45, "axis": "z", "origin": [8, 11.19704, 28.601]},
			"faces": {
				"north": {"uv": [0, 0, 2, 1], "texture": "#0"},
				"east": {"uv": [0, 7, 1, 8], "texture": "#0"},
				"south": {"uv": [14, 15, 15, 16], "texture": "#2"},
				"west": {"uv": [14, 12, 15, 16], "texture": "#2"},
				"up": {"uv": [5, 0, 8, 2], "rotation": 90, "texture": "#0"},
				"down": {"uv": [0, 0, 3, 2], "rotation": 90, "texture": "#0"}
			}
		},
		{
			"name": "octagon",
			"from": [6.8, 10.7, 27.601],
			"to": [7.2, 11.69408, 29.601],
			"rotation": {"angle": 45, "axis": "z", "origin": [8, 11.19704, 28.601]},
			"faces": {
				"north": {"uv": [0, 0, 2, 1], "texture": "#0"},
				"east": {"uv": [0, 7, 1, 8], "texture": "#0"},
				"south": {"uv": [14, 15, 15, 16], "texture": "#2"},
				"west": {"uv": [14, 12, 15, 16], "texture": "#2"},
				"up": {"uv": [5, 0, 8, 2], "rotation": 90, "texture": "#0"},
				"down": {"uv": [0, 0, 3, 2], "rotation": 90, "texture": "#0"}
			}
		},
		{
			"name": "octagon",
			"from": [7.50296, 9.99704, 27.601],
			"to": [8.49704, 10.39704, 29.601],
			"rotation": {"angle": 0, "axis": "z", "origin": [8, 11.19704, 28.601]},
			"faces": {
				"north": {"uv": [0, 0, 2, 1], "rotation": 90, "texture": "#0"},
				"east": {"uv": [0, 0, 3, 2], "texture": "#0"},
				"south": {"uv": [14, 15, 15, 16], "rotation": 270, "texture": "#2"},
				"west": {"uv": [5, 0, 8, 2], "texture": "#0"},
				"up": {"uv": [0, 4, 1, 5], "rotation": 270, "texture": "#0"},
				"down": {"uv": [14, 12, 15, 16], "rotation": 270, "texture": "#2"}
			}
		},
		{
			"name": "octagon",
			"from": [7.50296, 9.99704, 27.601],
			"to": [8.49704, 10.39704, 29.601],
			"rotation": {"angle": 45, "axis": "z", "origin": [8, 11.19704, 28.601]},
			"faces": {
				"north": {"uv": [0, 0, 2, 1], "rotation": 90, "texture": "#0"},
				"east": {"uv": [0, 0, 3, 2], "texture": "#0"},
				"south": {"uv": [14, 15, 15, 16], "rotation": 270, "texture": "#2"},
				"west": {"uv": [5, 0, 8, 2], "texture": "#0"},
				"up": {"uv": [0, 5, 1, 6], "rotation": 270, "texture": "#0"},
				"down": {"uv": [14, 12, 15, 16], "rotation": 270, "texture": "#2"}
			}
		},
		{
			"name": "octagon",
			"from": [7.50296, 11.99704, 27.601],
			"to": [8.49704, 12.39704, 29.601],
			"rotation": {"angle": 0, "axis": "z", "origin": [8, 11.19704, 28.601]},
			"faces": {
				"north": {"uv": [0, 0, 2, 1], "rotation": 270, "texture": "#0"},
				"east": {"uv": [5, 0, 8, 2], "rotation": 180, "texture": "#0"},
				"south": {"uv": [14, 15, 15, 16], "rotation": 90, "texture": "#2"},
				"west": {"uv": [0, 0, 3, 2], "rotation": 180, "texture": "#0"},
				"up": {"uv": [14, 12, 15, 16], "rotation": 90, "texture": "#2"},
				"down": {"uv": [0, 7, 1, 8], "rotation": 90, "texture": "#0"}
			}
		},
		{
			"name": "octagon",
			"from": [7.50296, 11.99704, 27.601],
			"to": [8.49704, 12.39704, 29.601],
			"rotation": {"angle": -45, "axis": "z", "origin": [8, 11.19704, 28.601]},
			"faces": {
				"north": {"uv": [0, 0, 2, 1], "rotation": 270, "texture": "#0"},
				"east": {"uv": [5, 0, 8, 2], "rotation": 180, "texture": "#0"},
				"south": {"uv": [14, 15, 15, 16], "rotation": 90, "texture": "#2"},
				"west": {"uv": [0, 0, 3, 2], "rotation": 180, "texture": "#0"},
				"up": {"uv": [14, 12, 15, 16], "rotation": 90, "texture": "#2"},
				"down": {"uv": [0, 7, 1, 8], "rotation": 90, "texture": "#0"}
			}
		},
		{
			"name": "octagon",
			"from": [6.9, 10.74, 27.101],
			"to": [9.1, 11.65124, 27.601],
			"rotation": {"angle": -45, "axis": "z", "origin": [8, 11.19562, 27.201]},
			"faces": {
				"north": {"uv": [0, 0, 2, 1], "texture": "#0"},
				"east": {"uv": [2, 1, 3, 2], "texture": "#0"},
				"south": {"uv": [0, 5, 1, 6], "texture": "#0"},
				"west": {"uv": [7, 1, 8, 2], "texture": "#0"},
				"up": {"uv": [5, 0, 8, 2], "rotation": 90, "texture": "#0"},
				"down": {"uv": [0, 0, 3, 2], "rotation": 90, "texture": "#0"}
			}
		},
		{
			"name": "octagon",
			"from": [7.54438, 10.09562, 27.101],
			"to": [8.45562, 12.29562, 27.601],
			"rotation": {"angle": 0, "axis": "z", "origin": [8, 11.19562, 27.201]},
			"faces": {
				"north": {"uv": [0, 0, 2, 1], "rotation": 270, "texture": "#0"},
				"east": {"uv": [5, 0, 8, 2], "rotation": 180, "texture": "#0"},
				"south": {"uv": [0, 5, 1, 6], "rotation": 90, "texture": "#0"},
				"west": {"uv": [0, 0, 3, 2], "rotation": 180, "texture": "#0"},
				"up": {"uv": [7, 1, 8, 2], "rotation": 90, "texture": "#0"},
				"down": {"uv": [2, 1, 3, 2], "rotation": 90, "texture": "#0"}
			}
		},
		{
			"name": "octagon",
			"from": [7.54438, 10.09562, 27.101],
			"to": [8.45562, 12.29562, 27.601],
			"rotation": {"angle": -45, "axis": "z", "origin": [8, 11.19562, 27.201]},
			"faces": {
				"north": {"uv": [0, 0, 2, 1], "rotation": 270, "texture": "#0"},
				"east": {"uv": [5, 0, 8, 2], "rotation": 180, "texture": "#0"},
				"south": {"uv": [0, 5, 1, 6], "rotation": 90, "texture": "#0"},
				"west": {"uv": [0, 0, 3, 2], "rotation": 180, "texture": "#0"},
				"up": {"uv": [7, 1, 8, 2], "rotation": 90, "texture": "#0"},
				"down": {"uv": [2, 1, 3, 2], "rotation": 90, "texture": "#0"}
			}
		},
		{
			"name": "octagon",
			"from": [7, 10.78, 26.601],
			"to": [9, 11.6084, 27.101],
			"rotation": {"angle": 0, "axis": "y", "origin": [8, 11.1942, 26.701]},
			"faces": {
				"north": {"uv": [0, 0, 2, 1], "texture": "#0"},
				"east": {"uv": [2, 1, 3, 2], "texture": "#0"},
				"south": {"uv": [0, 0, 2, 1], "texture": "#0"},
				"west": {"uv": [7, 1, 8, 2], "texture": "#0"},
				"up": {"uv": [5, 0, 8, 2], "rotation": 90, "texture": "#0"},
				"down": {"uv": [0, 0, 3, 2], "rotation": 90, "texture": "#0"}
			}
		},
		{
			"name": "octagon",
			"from": [7, 10.78, 26.601],
			"to": [9, 11.6084, 27.101],
			"rotation": {"angle": -45, "axis": "z", "origin": [8, 11.1942, 26.701]},
			"faces": {
				"north": {"uv": [0, 0, 2, 1], "texture": "#0"},
				"east": {"uv": [2, 1, 3, 2], "texture": "#0"},
				"south": {"uv": [0, 0, 2, 1], "texture": "#0"},
				"west": {"uv": [7, 1, 8, 2], "texture": "#0"},
				"up": {"uv": [5, 0, 8, 2], "rotation": 90, "texture": "#0"},
				"down": {"uv": [0, 0, 3, 2], "rotation": 90, "texture": "#0"}
			}
		},
		{
			"name": "octagon",
			"from": [7.5858, 10.1942, 26.601],
			"to": [8.4142, 12.1942, 27.101],
			"rotation": {"angle": 0, "axis": "z", "origin": [8, 11.1942, 26.701]},
			"faces": {
				"north": {"uv": [0, 0, 2, 1], "rotation": 270, "texture": "#0"},
				"east": {"uv": [5, 0, 8, 2], "rotation": 180, "texture": "#0"},
				"south": {"uv": [0, 0, 2, 1], "rotation": 90, "texture": "#0"},
				"west": {"uv": [0, 0, 3, 2], "rotation": 180, "texture": "#0"},
				"up": {"uv": [7, 1, 8, 2], "rotation": 90, "texture": "#0"},
				"down": {"uv": [2, 1, 3, 2], "rotation": 90, "texture": "#0"}
			}
		},
		{
			"name": "octagon",
			"from": [7.5858, 10.1942, 26.601],
			"to": [8.4142, 12.1942, 27.101],
			"rotation": {"angle": -45, "axis": "z", "origin": [8, 11.1942, 26.701]},
			"faces": {
				"north": {"uv": [0, 0, 2, 1], "rotation": 270, "texture": "#0"},
				"east": {"uv": [5, 0, 8, 2], "rotation": 180, "texture": "#0"},
				"south": {"uv": [0, 0, 2, 1], "rotation": 90, "texture": "#0"},
				"west": {"uv": [0, 0, 3, 2], "rotation": 180, "texture": "#0"},
				"up": {"uv": [7, 1, 8, 2], "rotation": 90, "texture": "#0"},
				"down": {"uv": [2, 1, 3, 2], "rotation": 90, "texture": "#0"}
			}
		},
		{
			"name": "octagon",
			"from": [7.1, 10.82, 26.101],
			"to": [8.9, 11.56556, 26.601],
			"rotation": {"angle": 0, "axis": "y", "origin": [8, 11.19278, 26.201]},
			"faces": {
				"north": {"uv": [0, 0, 2, 1], "texture": "#0"},
				"east": {"uv": [2, 1, 3, 2], "texture": "#0"},
				"south": {"uv": [0, 0, 2, 1], "texture": "#0"},
				"west": {"uv": [7, 1, 8, 2], "texture": "#0"},
				"up": {"uv": [5, 0, 8, 2], "rotation": 90, "texture": "#0"},
				"down": {"uv": [0, 0, 3, 2], "rotation": 90, "texture": "#0"}
			}
		},
		{
			"name": "octagon",
			"from": [7.1, 10.82, 26.101],
			"to": [8.9, 11.56556, 26.601],
			"rotation": {"angle": -45, "axis": "z", "origin": [8, 11.19278, 26.201]},
			"faces": {
				"north": {"uv": [0, 0, 2, 1], "texture": "#0"},
				"east": {"uv": [2, 1, 3, 2], "texture": "#0"},
				"south": {"uv": [0, 0, 2, 1], "texture": "#0"},
				"west": {"uv": [7, 1, 8, 2], "texture": "#0"},
				"up": {"uv": [5, 0, 8, 2], "rotation": 90, "texture": "#0"},
				"down": {"uv": [0, 0, 3, 2], "rotation": 90, "texture": "#0"}
			}
		},
		{
			"name": "octagon",
			"from": [7.62722, 10.29278, 26.101],
			"to": [8.37278, 12.09278, 26.601],
			"rotation": {"angle": 0, "axis": "z", "origin": [8, 11.19278, 26.201]},
			"faces": {
				"north": {"uv": [0, 0, 2, 1], "rotation": 270, "texture": "#0"},
				"east": {"uv": [5, 0, 8, 2], "rotation": 180, "texture": "#0"},
				"south": {"uv": [0, 0, 2, 1], "rotation": 90, "texture": "#0"},
				"west": {"uv": [0, 0, 3, 2], "rotation": 180, "texture": "#0"},
				"up": {"uv": [7, 1, 8, 2], "rotation": 90, "texture": "#0"},
				"down": {"uv": [2, 1, 3, 2], "rotation": 90, "texture": "#0"}
			}
		},
		{
			"name": "octagon",
			"from": [7.62722, 10.29278, 26.101],
			"to": [8.37278, 12.09278, 26.601],
			"rotation": {"angle": -45, "axis": "z", "origin": [8, 11.19278, 26.201]},
			"faces": {
				"north": {"uv": [0, 0, 2, 1], "rotation": 270, "texture": "#0"},
				"east": {"uv": [5, 0, 8, 2], "rotation": 180, "texture": "#0"},
				"south": {"uv": [0, 0, 2, 1], "rotation": 90, "texture": "#0"},
				"west": {"uv": [0, 0, 3, 2], "rotation": 180, "texture": "#0"},
				"up": {"uv": [7, 1, 8, 2], "rotation": 90, "texture": "#0"},
				"down": {"uv": [2, 1, 3, 2], "rotation": 90, "texture": "#0"}
			}
		},
		{
			"name": "octagon",
			"from": [7.2, 10.86, 25.601],
			"to": [8.8, 11.52272, 26.101],
			"rotation": {"angle": 0, "axis": "z", "origin": [8, 11.19136, 25.901]},
			"faces": {
				"north": {"uv": [0, 0, 2, 1], "texture": "#0"},
				"east": {"uv": [2, 1, 3, 2], "texture": "#0"},
				"south": {"uv": [0, 0, 2, 1], "texture": "#0"},
				"west": {"uv": [7, 1, 8, 2], "texture": "#0"},
				"up": {"uv": [5, 0, 8, 2], "rotation": 90, "texture": "#0"},
				"down": {"uv": [0, 0, 3, 2], "rotation": 90, "texture": "#0"}
			}
		},
		{
			"name": "octagon",
			"from": [7.2, 10.86, 25.601],
			"to": [8.8, 11.52272, 26.101],
			"rotation": {"angle": -45, "axis": "z", "origin": [8, 11.19136, 25.901]},
			"faces": {
				"north": {"uv": [0, 0, 2, 1], "texture": "#0"},
				"east": {"uv": [2, 1, 3, 2], "texture": "#0"},
				"south": {"uv": [0, 0, 2, 1], "texture": "#0"},
				"west": {"uv": [7, 1, 8, 2], "texture": "#0"},
				"up": {"uv": [5, 0, 8, 2], "rotation": 90, "texture": "#0"},
				"down": {"uv": [0, 0, 3, 2], "rotation": 90, "texture": "#0"}
			}
		},
		{
			"name": "octagon",
			"from": [7.66864, 10.39136, 25.601],
			"to": [8.33136, 11.99136, 26.101],
			"rotation": {"angle": 0, "axis": "z", "origin": [8, 11.19136, 25.901]},
			"faces": {
				"north": {"uv": [0, 0, 2, 1], "rotation": 270, "texture": "#0"},
				"east": {"uv": [5, 0, 8, 2], "rotation": 180, "texture": "#0"},
				"south": {"uv": [0, 0, 2, 1], "rotation": 90, "texture": "#0"},
				"west": {"uv": [0, 0, 3, 2], "rotation": 180, "texture": "#0"},
				"up": {"uv": [7, 1, 8, 2], "rotation": 90, "texture": "#0"},
				"down": {"uv": [2, 1, 3, 2], "rotation": 90, "texture": "#0"}
			}
		},
		{
			"name": "octagon",
			"from": [7.2, 10.86, 25.601],
			"to": [8.8, 11.52272, 26.101],
			"rotation": {"angle": 45, "axis": "z", "origin": [8, 11.19136, 25.901]},
			"faces": {
				"north": {"uv": [0, 0, 2, 1], "rotation": 180, "texture": "#0"},
				"east": {"uv": [7, 1, 8, 2], "rotation": 180, "texture": "#0"},
				"south": {"uv": [0, 0, 2, 1], "rotation": 180, "texture": "#0"},
				"west": {"uv": [2, 1, 3, 2], "rotation": 180, "texture": "#0"},
				"up": {"uv": [0, 0, 3, 2], "rotation": 270, "texture": "#0"},
				"down": {"uv": [5, 0, 8, 2], "rotation": 270, "texture": "#0"}
			}
		},
		{
			"name": "octagon",
			"from": [7.3, 10.9, 10.401],
			"to": [8.7, 11.47988, 25.601],
			"rotation": {"angle": 0, "axis": "y", "origin": [8, 11.18994, 18.001]},
			"faces": {
				"north": {"uv": [0, 0, 2, 1], "texture": "#0"},
				"east": {"uv": [0, 1, 13, 2], "texture": "#0"},
				"south": {"uv": [0, 0, 2, 1], "texture": "#0"},
				"west": {"uv": [0, 0, 13, 1], "texture": "#0"},
				"up": {"uv": [0, 0, 13, 2], "rotation": 90, "texture": "#0"},
				"down": {"uv": [0, 0, 6, 6], "texture": "#2"}
			}
		},
		{
			"name": "octagon",
			"from": [7.3, 10.9, 10.4],
			"to": [8.7, 11.47988, 25.6],
			"rotation": {"angle": -45, "axis": "z", "origin": [8, 11.18994, 18.001]},
			"faces": {
				"north": {"uv": [0, 0, 2, 1], "texture": "#0"},
				"east": {"uv": [0, 1, 13, 2], "texture": "#0"},
				"south": {"uv": [0, 0, 2, 1], "texture": "#0"},
				"west": {"uv": [0, 0, 13, 1], "texture": "#0"},
				"up": {"uv": [0, 0, 13, 2], "rotation": 90, "texture": "#0"},
				"down": {"uv": [0, 0, 6, 6], "texture": "#2"}
			}
		},
		{
			"name": "octagon",
			"from": [7.71006, 10.48994, 10.399],
			"to": [8.28994, 11.88994, 25.599],
			"rotation": {"angle": 0, "axis": "z", "origin": [8, 11.18994, 18.001]},
			"faces": {
				"north": {"uv": [0, 0, 2, 1], "rotation": 270, "texture": "#0"},
				"east": {"uv": [0, 0, 13, 2], "rotation": 180, "texture": "#0"},
				"south": {"uv": [0, 0, 2, 1], "rotation": 90, "texture": "#0"},
				"west": {"uv": [0, 0, 6, 6], "rotation": 90, "texture": "#2"},
				"up": {"uv": [0, 0, 13, 1], "rotation": 90, "texture": "#0"},
				"down": {"uv": [0, 1, 13, 2], "rotation": 90, "texture": "#0"}
			}
		},
		{
			"name": "octagon",
			"from": [7.71006, 10.48994, 10.4],
			"to": [8.28994, 11.88994, 25.6],
			"rotation": {"angle": -45, "axis": "z", "origin": [8, 11.18994, 18.001]},
			"faces": {
				"north": {"uv": [0, 0, 2, 1], "rotation": 270, "texture": "#0"},
				"east": {"uv": [0, 0, 13, 2], "rotation": 180, "texture": "#0"},
				"south": {"uv": [0, 0, 2, 1], "rotation": 90, "texture": "#0"},
				"west": {"uv": [0, 0, 6, 6], "rotation": 90, "texture": "#2"},
				"up": {"uv": [0, 0, 13, 1], "rotation": 90, "texture": "#0"},
				"down": {"uv": [0, 1, 13, 2], "rotation": 90, "texture": "#0"}
			}
		},
		{
			"from": [7.5, 4.75, 19.5],
			"to": [8.5, 6.75, 21.5],
			"rotation": {"angle": 0, "axis": "y", "origin": [-0.5, 0.75, 11.5]},
			"faces": {
				"north": {"uv": [15, 0, 16, 2], "texture": "#0"},
				"east": {"uv": [14, 0, 16, 2], "texture": "#0"},
				"south": {"uv": [15, 0, 16, 2], "texture": "#0"},
				"west": {"uv": [14, 0, 16, 2], "texture": "#0"},
				"up": {"uv": [15, 0, 16, 2], "texture": "#0"},
				"down": {"uv": [15, 0, 16, 2], "texture": "#0"}
			}
		},
		{
			"from": [6.501, -0.7, 21.8],
			"to": [9.499, 6.3, 24.8],
			"rotation": {"angle": -22.5, "axis": "x", "origin": [8, 3.5, 22]},
			"faces": {
				"north": {"uv": [13.003, 9, 16, 16], "texture": "#0"},
				"east": {"uv": [13, 9, 16, 16], "texture": "#0"},
				"south": {"uv": [13.003, 9, 16, 16], "texture": "#0"},
				"west": {"uv": [13, 9, 16, 16], "texture": "#0"},
				"up": {"uv": [13.003, 10, 16, 13], "texture": "#0"},
				"down": {"uv": [13.003, 13, 16, 16], "texture": "#0"}
			}
		},
		{
			"from": [6.502, 4.75077, 25.16892],
			"to": [9.498, 6.85077, 27.46892],
			"rotation": {"angle": 45, "axis": "x", "origin": [7.9995, 8.35077, 25.96892]},
			"faces": {
				"north": {"uv": [0, 3, 3, 5], "texture": "#1"},
				"east": {"uv": [3, 0, 6, 2], "texture": "#1"},
				"south": {"uv": [3, 2, 6, 4], "texture": "#1"},
				"west": {"uv": [3, 0, 6, 2], "texture": "#1"},
				"up": {"uv": [3, 3, 0, 0], "texture": "#1"},
				"down": {"uv": [6, 2, 3, 4], "texture": "#1"}
			}
		},
		{
			"from": [7.5, 5.3, 17.05],
			"to": [8.5, 8.4, 17.55],
			"rotation": {"angle": -22.5, "axis": "x", "origin": [8, 5.5, 20.75]},
			"faces": {
				"north": {"uv": [15, 11, 16, 16], "texture": "#0"},
				"east": {"uv": [15, 11, 16, 16], "texture": "#0"},
				"south": {"uv": [15, 11, 16, 16], "texture": "#0"},
				"west": {"uv": [15, 11, 16, 16], "texture": "#0"},
				"up": {"uv": [15, 15, 16, 16], "texture": "#0"},
				"down": {"uv": [15, 15, 16, 16], "texture": "#0"}
			}
		},
		{
			"from": [7.5, 3.9, 17.41],
			"to": [8.5, 4.4, 22.41],
			"rotation": {"angle": 0, "axis": "x", "origin": [8, 5.5, 20.75]},
			"faces": {
				"north": {"uv": [15, 15, 16, 16], "rotation": 180, "texture": "#0"},
				"east": {"uv": [15, 11, 16, 16], "rotation": 90, "texture": "#0"},
				"south": {"uv": [15, 15, 16, 16], "texture": "#0"},
				"west": {"uv": [15, 11, 16, 16], "rotation": 270, "texture": "#0"},
				"up": {"uv": [15, 11, 16, 16], "texture": "#0"},
				"down": {"uv": [15, 11, 16, 16], "rotation": 180, "texture": "#0"}
			}
		},
		{
			"from": [6.501, 6.42, 15.06],
			"to": [9.499, 7.82, 16.46],
			"rotation": {"angle": -45, "axis": "x", "origin": [0, 7.92513, 16.27513]},
			"faces": {
				"north": {"uv": [0, 4, 2, 6], "texture": "#0"},
				"east": {"uv": [0, 3, 3, 0], "rotation": 90, "texture": "#0"},
				"south": {"uv": [6, 0, 9, 3], "texture": "#0"},
				"west": {"uv": [0, 0, 3, 3], "rotation": 90, "texture": "#0"},
				"up": {"uv": [0, 14, 2, 16], "texture": "#0"},
				"down": {"uv": [0, 3, 3, 16], "texture": "#0"}
			}
		},
		{
			"from": [6.5, 6, 16.5],
			"to": [9.5, 8, 26],
			"rotation": {"angle": 0, "axis": "y", "origin": [8, 7.5, 21.25]},
			"faces": {
				"north": {"uv": [10, 0, 13, 3], "texture": "#0"},
				"east": {"uv": [0, 0, 9, 3], "texture": "#0"},
				"south": {"uv": [6, 0, 9, 3], "texture": "#0"},
				"west": {"uv": [0, 0, 9, 3], "texture": "#0"},
				"up": {"uv": [0, 3, 3, 16], "texture": "#0"},
				"down": {"uv": [0, 3, 3, 16], "texture": "#0"}
			}
		},
		{
			"name": "octagon",
			"from": [7, 7.27868, 16.502],
			"to": [8, 9.02868, 25.999],
			"rotation": {"angle": -22.5, "axis": "z", "origin": [8.5, 8.9, 22]},
			"faces": {
				"north": {"uv": [4, 1, 5, 2], "rotation": 90, "texture": "#0"},
				"east": {"uv": [0, 0, 1, 1], "rotation": 270, "texture": "#0"},
				"south": {"uv": [7, 2, 8, 1], "rotation": 270, "texture": "#0"},
				"west": {"uv": [4, 3, 6, 16], "rotation": 270, "texture": "#0"},
				"up": {"uv": [0, 0, 1, 1], "rotation": 270, "texture": "#0"},
				"down": {"uv": [0, 0, 1, 1], "rotation": 270, "texture": "#0"}
			}
		},
		{
			"name": "octagon",
			"from": [7.135, 8, 16.501],
			"to": [8.875, 9.55, 26.001],
			"rotation": {"angle": 0, "axis": "z", "origin": [8, 8.4, 22]},
			"faces": {
				"north": {"uv": [1, 1, 3, 2], "texture": "#0"},
				"east": {"uv": [0, 0, 1, 1], "texture": "#0"},
				"south": {"uv": [4, 1, 6, 2], "texture": "#0"},
				"west": {"uv": [0, 0, 1, 1], "texture": "#0"},
				"up": {"uv": [3, 3, 5, 16], "texture": "#0"},
				"down": {"uv": [0, 0, 1, 1], "texture": "#0"}
			}
		},
		{
			"name": "octagon",
			"from": [8.2, 7.27868, 16.502],
			"to": [9.2, 9.02868, 25.999],
			"rotation": {"angle": 22.5, "axis": "z", "origin": [7.7, 8.4, 22]},
			"faces": {
				"north": {"uv": [0, 0, 1, 1], "texture": "#0"},
				"east": {"uv": [3, 3, 5, 16], "rotation": 90, "texture": "#0"},
				"south": {"uv": [1, 0, 2, 1], "texture": "#0"},
				"west": {"uv": [0, 0, 1, 1], "texture": "#0"},
				"up": {"uv": [0, 0, 1, 1], "texture": "#0"},
				"down": {"uv": [0, 0, 1, 1], "texture": "#0"}
			}
		},
		{
			"from": [6.51775, 9.5, 9.0537],
			"to": [9.41775, 9.6, 9.2963],
			"rotation": {"angle": 0, "axis": "z", "origin": [8.01775, 11, 9.175]},
			"faces": {
				"north": {"uv": [0, 12, 1, 13], "rotation": 270, "texture": "#1"},
				"east": {"uv": [0, 12, 1, 13], "rotation": 270, "texture": "#1"},
				"south": {"uv": [0, 8, 9, 9], "texture": "#1"},
				"west": {"uv": [0, 12, 1, 13], "rotation": 90, "texture": "#1"},
				"up": {"uv": [0, 12, 1, 13], "rotation": 90, "texture": "#1"},
				"down": {"uv": [0, 12, 1, 13], "rotation": 90, "texture": "#1"}
			}
		},
		{
			"from": [6.41775, 9.5, 9.0537],
			"to": [6.51775, 12.6, 9.2963],
			"rotation": {"angle": 0, "axis": "z", "origin": [6.46775, 11.15, 9.175]},
			"faces": {
				"north": {"uv": [0, 12, 1, 13], "texture": "#1"},
				"east": {"uv": [0, 12, 1, 13], "texture": "#1"},
				"south": {"uv": [0, 12, 1, 13], "rotation": 270, "texture": "#1"},
				"west": {"uv": [0, 12, 1, 13], "texture": "#1"},
				"up": {"uv": [0, 12, 1, 13], "rotation": 180, "texture": "#1"},
				"down": {"uv": [0, 12, 1, 13], "texture": "#1"}
			}
		},
		{
			"from": [9.41775, 9.5, 9.0537],
			"to": [9.51775, 12.6, 9.2963],
			"rotation": {"angle": 0, "axis": "y", "origin": [9.46775, 11.15, 9.175]},
			"faces": {
				"north": {"uv": [0, 12, 1, 13], "texture": "#1"},
				"east": {"uv": [0, 12, 1, 13], "texture": "#1"},
				"south": {"uv": [0, 12, 1, 13], "rotation": 270, "texture": "#1"},
				"west": {"uv": [0, 12, 1, 13], "texture": "#1"},
				"up": {"uv": [0, 12, 1, 13], "rotation": 180, "texture": "#1"},
				"down": {"uv": [0, 12, 1, 13], "texture": "#1"}
			}
		},
		{
			"from": [6.51775, 10, 9.0537],
			"to": [9.41775, 10.1, 9.2963],
			"rotation": {"angle": 0, "axis": "y", "origin": [8.01775, 11.5, 9.175]},
			"faces": {
				"north": {"uv": [0, 12, 1, 13], "rotation": 270, "texture": "#1"},
				"east": {"uv": [0, 12, 1, 13], "rotation": 270, "texture": "#1"},
				"south": {"uv": [6, 6, 15, 7], "texture": "#1"},
				"west": {"uv": [0, 12, 1, 13], "rotation": 90, "texture": "#1"},
				"up": {"uv": [0, 12, 1, 13], "rotation": 90, "texture": "#1"},
				"down": {"uv": [0, 12, 1, 13], "rotation": 90, "texture": "#1"}
			}
		},
		{
			"from": [6.51775, 10.5, 9.0537],
			"to": [9.41775, 10.6, 9.2963],
			"rotation": {"angle": 0, "axis": "y", "origin": [8.01775, 12, 9.175]},
			"faces": {
				"north": {"uv": [0, 12, 1, 13], "rotation": 270, "texture": "#1"},
				"east": {"uv": [0, 12, 1, 13], "rotation": 270, "texture": "#1"},
				"south": {"uv": [6, 9, 15, 10], "texture": "#1"},
				"west": {"uv": [0, 12, 1, 13], "rotation": 90, "texture": "#1"},
				"up": {"uv": [0, 12, 1, 13], "rotation": 90, "texture": "#1"},
				"down": {"uv": [0, 12, 1, 13], "rotation": 90, "texture": "#1"}
			}
		},
		{
			"from": [6.51775, 11, 9.0537],
			"to": [9.41775, 11.1, 9.2963],
			"rotation": {"angle": 0, "axis": "y", "origin": [8.01775, 12.5, 9.175]},
			"faces": {
				"north": {"uv": [0, 12, 1, 13], "rotation": 270, "texture": "#1"},
				"east": {"uv": [0, 12, 1, 13], "rotation": 270, "texture": "#1"},
				"south": {"uv": [0, 10, 9, 11], "texture": "#1"},
				"west": {"uv": [0, 12, 1, 13], "rotation": 90, "texture": "#1"},
				"up": {"uv": [0, 12, 1, 13], "rotation": 90, "texture": "#1"},
				"down": {"uv": [0, 12, 1, 13], "rotation": 90, "texture": "#1"}
			}
		},
		{
			"from": [6.51775, 11.5, 9.0537],
			"to": [9.41775, 11.6, 9.2963],
			"rotation": {"angle": 0, "axis": "y", "origin": [8.01775, 13, 9.175]},
			"faces": {
				"north": {"uv": [0, 12, 1, 13], "rotation": 270, "texture": "#1"},
				"east": {"uv": [0, 12, 1, 13], "rotation": 270, "texture": "#1"},
				"south": {"uv": [0, 8, 9, 9], "texture": "#1"},
				"west": {"uv": [0, 12, 1, 13], "rotation": 90, "texture": "#1"},
				"up": {"uv": [0, 12, 1, 13], "rotation": 90, "texture": "#1"},
				"down": {"uv": [0, 12, 1, 13], "rotation": 90, "texture": "#1"}
			}
		},
		{
			"from": [6.51775, 12, 9.0537],
			"to": [9.41775, 12.1, 9.2963],
			"rotation": {"angle": 0, "axis": "y", "origin": [8.01775, 13.5, 9.175]},
			"faces": {
				"north": {"uv": [0, 12, 1, 13], "rotation": 270, "texture": "#1"},
				"east": {"uv": [0, 12, 1, 13], "rotation": 270, "texture": "#1"},
				"south": {"uv": [0, 7, 9, 8], "texture": "#1"},
				"west": {"uv": [0, 12, 1, 13], "rotation": 90, "texture": "#1"},
				"up": {"uv": [0, 12, 1, 13], "rotation": 90, "texture": "#1"},
				"down": {"uv": [0, 12, 1, 13], "rotation": 90, "texture": "#1"}
			}
		},
		{
			"from": [6.51775, 12.5, 9.0537],
			"to": [9.41775, 12.6, 9.2963],
			"rotation": {"angle": 0, "axis": "y", "origin": [8.01775, 14, 9.175]},
			"faces": {
				"north": {"uv": [0, 12, 1, 13], "rotation": 270, "texture": "#1"},
				"east": {"uv": [0, 12, 1, 13], "rotation": 270, "texture": "#1"},
				"south": {"uv": [0, 12, 1, 13], "texture": "#1"},
				"west": {"uv": [0, 12, 1, 13], "rotation": 90, "texture": "#1"},
				"up": {"uv": [0, 8, 9, 9], "rotation": 90, "texture": "#1"},
				"down": {"uv": [0, 12, 1, 13], "rotation": 90, "texture": "#1"}
			}
		},
		{
			"from": [6.51775, 7.38225, 4.75],
			"to": [9.51775, 8.62485, 7],
			"rotation": {"angle": 0, "axis": "z", "origin": [8.01775, 8.00355, 6.125]},
			"faces": {
				"north": {"uv": [4, 8, 6, 12], "rotation": 90, "texture": "#0"},
				"east": {"uv": [3, 12, 7, 14], "texture": "#0"},
				"south": {"uv": [3, 8, 5, 12], "rotation": 270, "texture": "#0"},
				"west": {"uv": [5, 11, 9, 13], "texture": "#0"},
				"up": {"uv": [3, 10, 7, 14], "rotation": 270, "texture": "#0"},
				"down": {"uv": [7, 10, 11, 14], "rotation": 270, "texture": "#0"}
			}
		},
		{
			"from": [6.51775, 7.38225, 4.75],
			"to": [9.51775, 8.62485, 7],
			"rotation": {"angle": -45, "axis": "z", "origin": [8.01775, 8.00355, 6.125]},
			"faces": {
				"north": {"uv": [4, 8, 6, 12], "rotation": 90, "texture": "#0"},
				"east": {"uv": [3, 12, 7, 14], "texture": "#0"},
				"south": {"uv": [3, 8, 5, 12], "rotation": 270, "texture": "#0"},
				"west": {"uv": [5, 11, 9, 13], "texture": "#0"},
				"up": {"uv": [3, 10, 7, 14], "rotation": 270, "texture": "#0"},
				"down": {"uv": [7, 10, 11, 14], "rotation": 270, "texture": "#0"}
			}
		},
		{
			"from": [7.39645, 6.50355, 4.75],
			"to": [8.63905, 9.50355, 7],
			"rotation": {"angle": 0, "axis": "z", "origin": [8.01775, 8.00355, 5.125]},
			"faces": {
				"north": {"uv": [4, 8, 6, 12], "texture": "#0"},
				"east": {"uv": [3, 10, 7, 14], "texture": "#0"},
				"south": {"uv": [3, 8, 5, 12], "texture": "#0"},
				"west": {"uv": [7, 10, 11, 14], "texture": "#0"},
				"up": {"uv": [5, 11, 9, 13], "rotation": 90, "texture": "#0"},
				"down": {"uv": [3, 12, 7, 14], "rotation": 90, "texture": "#0"}
			}
		},
		{
			"from": [7.39645, 6.50355, 4.75],
			"to": [8.63905, 9.50355, 7],
			"rotation": {"angle": -45, "axis": "z", "origin": [8.01775, 8.00355, 5.125]},
			"faces": {
				"north": {"uv": [4, 8, 6, 12], "texture": "#0"},
				"east": {"uv": [3, 10, 7, 14], "texture": "#0"},
				"south": {"uv": [3, 8, 5, 12], "texture": "#0"},
				"west": {"uv": [7, 10, 11, 14], "texture": "#0"},
				"up": {"uv": [5, 11, 9, 13], "rotation": 90, "texture": "#0"},
				"down": {"uv": [3, 12, 7, 14], "rotation": 90, "texture": "#0"}
			}
		},
		{
			"from": [7.43787, 6.59988, 4.35],
			"to": [8.59763, 9.39988, 4.8],
			"rotation": {"angle": -45, "axis": "z", "origin": [8.01775, 7.99988, 4.575]},
			"faces": {
				"north": {"uv": [4, 8, 6, 12], "texture": "#0"},
				"east": {"uv": [3, 10, 7, 14], "texture": "#0"},
				"south": {"uv": [3, 8, 5, 12], "texture": "#0"},
				"west": {"uv": [7, 10, 11, 14], "texture": "#0"},
				"up": {"uv": [5, 11, 6, 13], "rotation": 90, "texture": "#0"},
				"down": {"uv": [3, 12, 4, 14], "rotation": 90, "texture": "#0"}
			}
		},
		{
			"from": [7.43787, 6.59988, 4.35],
			"to": [8.59763, 9.39988, 4.8],
			"rotation": {"angle": 0, "axis": "z", "origin": [8.01775, 7.99988, 4.575]},
			"faces": {
				"north": {"uv": [4, 8, 6, 12], "texture": "#0"},
				"east": {"uv": [3, 10, 7, 14], "texture": "#0"},
				"south": {"uv": [3, 8, 5, 12], "texture": "#0"},
				"west": {"uv": [7, 10, 11, 14], "texture": "#0"},
				"up": {"uv": [5, 11, 6, 13], "rotation": 90, "texture": "#0"},
				"down": {"uv": [3, 12, 4, 14], "rotation": 90, "texture": "#0"}
			}
		},
		{
			"from": [6.61775, 7.42, 4.35],
			"to": [9.41775, 8.57976, 4.8],
			"rotation": {"angle": -45, "axis": "z", "origin": [8.01775, 7.99988, 4.575]},
			"faces": {
				"north": {"uv": [4, 8, 6, 12], "rotation": 90, "texture": "#0"},
				"east": {"uv": [3, 12, 4, 14], "texture": "#0"},
				"south": {"uv": [3, 8, 5, 12], "rotation": 270, "texture": "#0"},
				"west": {"uv": [5, 11, 6, 13], "texture": "#0"},
				"up": {"uv": [3, 10, 7, 14], "rotation": 270, "texture": "#0"},
				"down": {"uv": [7, 10, 11, 14], "rotation": 270, "texture": "#0"}
			}
		},
		{
			"from": [6.61775, 7.42, 4.35],
			"to": [9.41775, 8.57976, 4.8],
			"rotation": {"angle": 0, "axis": "z", "origin": [8.01775, 7.99988, 4.575]},
			"faces": {
				"north": {"uv": [4, 8, 6, 12], "rotation": 90, "texture": "#0"},
				"east": {"uv": [3, 12, 4, 14], "texture": "#0"},
				"south": {"uv": [3, 8, 5, 12], "rotation": 270, "texture": "#0"},
				"west": {"uv": [5, 11, 6, 13], "texture": "#0"},
				"up": {"uv": [3, 10, 7, 14], "rotation": 270, "texture": "#0"},
				"down": {"uv": [7, 10, 11, 14], "rotation": 270, "texture": "#0"}
			}
		},
		{
			"from": [6.71775, 7.46, 3.95],
			"to": [9.31775, 8.53692, 4.4],
			"rotation": {"angle": 0, "axis": "y", "origin": [8.01775, 7.99846, 4.175]},
			"faces": {
				"north": {"uv": [4, 8, 6, 12], "rotation": 90, "texture": "#0"},
				"east": {"uv": [3, 12, 4, 14], "texture": "#0"},
				"south": {"uv": [3, 8, 5, 12], "rotation": 270, "texture": "#0"},
				"west": {"uv": [5, 11, 6, 13], "texture": "#0"},
				"up": {"uv": [3, 10, 7, 14], "rotation": 270, "texture": "#0"},
				"down": {"uv": [7, 10, 11, 14], "rotation": 270, "texture": "#0"}
			}
		},
		{
			"from": [6.81775, 7.5, 3.55],
			"to": [9.21775, 8.49408, 4],
			"rotation": {"angle": 0, "axis": "y", "origin": [8.01775, 7.99704, 3.775]},
			"faces": {
				"north": {"uv": [4, 8, 6, 12], "rotation": 90, "texture": "#0"},
				"east": {"uv": [3, 12, 4, 14], "texture": "#0"},
				"south": {"uv": [3, 8, 5, 12], "rotation": 270, "texture": "#0"},
				"west": {"uv": [5, 11, 6, 13], "texture": "#0"},
				"up": {"uv": [3, 10, 7, 14], "rotation": 270, "texture": "#0"},
				"down": {"uv": [7, 10, 11, 14], "rotation": 270, "texture": "#0"}
			}
		},
		{
			"from": [6.81775, 7.5, 3.55],
			"to": [9.21775, 8.49408, 4],
			"rotation": {"angle": -45, "axis": "z", "origin": [8.01775, 7.99704, 3.775]},
			"faces": {
				"north": {"uv": [4, 8, 6, 12], "rotation": 90, "texture": "#0"},
				"east": {"uv": [3, 12, 4, 14], "texture": "#0"},
				"south": {"uv": [3, 8, 5, 12], "rotation": 270, "texture": "#0"},
				"west": {"uv": [5, 11, 6, 13], "texture": "#0"},
				"up": {"uv": [3, 10, 7, 14], "rotation": 270, "texture": "#0"},
				"down": {"uv": [7, 10, 11, 14], "rotation": 270, "texture": "#0"}
			}
		},
		{
			"from": [7.52071, 6.79704, 3.55],
			"to": [8.51479, 9.19704, 4],
			"rotation": {"angle": 0, "axis": "z", "origin": [8.01775, 7.99704, 3.775]},
			"faces": {
				"north": {"uv": [4, 8, 6, 12], "texture": "#0"},
				"east": {"uv": [3, 10, 7, 14], "texture": "#0"},
				"south": {"uv": [3, 8, 5, 12], "texture": "#0"},
				"west": {"uv": [7, 10, 11, 14], "texture": "#0"},
				"up": {"uv": [5, 11, 6, 13], "rotation": 90, "texture": "#0"},
				"down": {"uv": [3, 12, 4, 14], "rotation": 90, "texture": "#0"}
			}
		},
		{
			"from": [6.81775, 7.5, 3.55],
			"to": [9.21775, 8.49408, 4],
			"rotation": {"angle": 45, "axis": "z", "origin": [8.01775, 7.99704, 3.775]},
			"faces": {
				"north": {"uv": [4, 8, 6, 12], "rotation": 270, "texture": "#0"},
				"east": {"uv": [5, 11, 6, 13], "rotation": 180, "texture": "#0"},
				"south": {"uv": [3, 8, 5, 12], "rotation": 90, "texture": "#0"},
				"west": {"uv": [3, 12, 4, 14], "rotation": 180, "texture": "#0"},
				"up": {"uv": [7, 10, 11, 14], "rotation": 90, "texture": "#0"},
				"down": {"uv": [3, 10, 7, 14], "rotation": 90, "texture": "#0"}
			}
		},
		{
			"from": [6.71775, 7.46, 3.95],
			"to": [9.31775, 8.53692, 4.4],
			"rotation": {"angle": -45, "axis": "z", "origin": [8.01775, 7.99846, 4.175]},
			"faces": {
				"north": {"uv": [4, 8, 6, 12], "rotation": 90, "texture": "#0"},
				"east": {"uv": [3, 12, 4, 14], "texture": "#0"},
				"south": {"uv": [3, 8, 5, 12], "rotation": 270, "texture": "#0"},
				"west": {"uv": [5, 11, 6, 13], "texture": "#0"},
				"up": {"uv": [3, 10, 7, 14], "rotation": 270, "texture": "#0"},
				"down": {"uv": [7, 10, 11, 14], "rotation": 270, "texture": "#0"}
			}
		},
		{
			"from": [7.47929, 6.69846, 3.95],
			"to": [8.55621, 9.29846, 4.4],
			"rotation": {"angle": 0, "axis": "z", "origin": [8.01775, 7.99846, 4.175]},
			"faces": {
				"north": {"uv": [4, 8, 6, 12], "texture": "#0"},
				"east": {"uv": [3, 10, 7, 14], "texture": "#0"},
				"south": {"uv": [3, 8, 5, 12], "texture": "#0"},
				"west": {"uv": [7, 10, 11, 14], "texture": "#0"},
				"up": {"uv": [5, 11, 6, 13], "rotation": 90, "texture": "#0"},
				"down": {"uv": [3, 12, 4, 14], "rotation": 90, "texture": "#0"}
			}
		},
		{
			"from": [7.47929, 6.69846, 3.95],
			"to": [8.55621, 9.29846, 4.4],
			"rotation": {"angle": -45, "axis": "z", "origin": [8.01775, 7.99846, 4.175]},
			"faces": {
				"north": {"uv": [4, 8, 6, 12], "texture": "#0"},
				"east": {"uv": [3, 10, 7, 14], "texture": "#0"},
				"south": {"uv": [3, 8, 5, 12], "texture": "#0"},
				"west": {"uv": [7, 10, 11, 14], "texture": "#0"},
				"up": {"uv": [5, 11, 6, 13], "rotation": 90, "texture": "#0"},
				"down": {"uv": [3, 12, 4, 14], "rotation": 90, "texture": "#0"}
			}
		},
		{
			"from": [7.43787, 6.59988, 6.95],
			"to": [8.59763, 9.39988, 7.4],
			"rotation": {"angle": -45, "axis": "z", "origin": [8.01775, 7.99988, 7.175]},
			"faces": {
				"north": {"uv": [4, 8, 6, 12], "texture": "#0"},
				"east": {"uv": [3, 10, 7, 14], "texture": "#0"},
				"south": {"uv": [3, 8, 5, 12], "texture": "#0"},
				"west": {"uv": [7, 10, 11, 14], "texture": "#0"},
				"up": {"uv": [5, 11, 6, 13], "rotation": 90, "texture": "#0"},
				"down": {"uv": [3, 12, 4, 14], "rotation": 90, "texture": "#0"}
			}
		},
		{
			"from": [7.43787, 6.59988, 6.95],
			"to": [8.59763, 9.39988, 7.4],
			"rotation": {"angle": 0, "axis": "y", "origin": [8.01775, 7.99988, 7.175]},
			"faces": {
				"north": {"uv": [4, 8, 6, 12], "texture": "#0"},
				"east": {"uv": [3, 10, 7, 14], "texture": "#0"},
				"south": {"uv": [3, 8, 5, 12], "texture": "#0"},
				"west": {"uv": [7, 10, 11, 14], "texture": "#0"},
				"up": {"uv": [5, 11, 6, 13], "rotation": 90, "texture": "#0"},
				"down": {"uv": [3, 12, 4, 14], "rotation": 90, "texture": "#0"}
			}
		},
		{
			"from": [6.61775, 7.42, 6.95],
			"to": [9.41775, 8.57976, 7.4],
			"rotation": {"angle": -45, "axis": "z", "origin": [8.01775, 7.99988, 7.175]},
			"faces": {
				"north": {"uv": [4, 8, 6, 12], "rotation": 90, "texture": "#0"},
				"east": {"uv": [3, 12, 4, 14], "texture": "#0"},
				"south": {"uv": [3, 8, 5, 12], "rotation": 270, "texture": "#0"},
				"west": {"uv": [5, 11, 6, 13], "texture": "#0"},
				"up": {"uv": [3, 10, 7, 14], "rotation": 270, "texture": "#0"},
				"down": {"uv": [7, 10, 11, 14], "rotation": 270, "texture": "#0"}
			}
		},
		{
			"from": [6.61775, 7.42, 6.95],
			"to": [9.41775, 8.57976, 7.4],
			"rotation": {"angle": 0, "axis": "y", "origin": [8.01775, 7.99988, 7.175]},
			"faces": {
				"north": {"uv": [4, 8, 6, 12], "rotation": 90, "texture": "#0"},
				"east": {"uv": [3, 12, 4, 14], "texture": "#0"},
				"south": {"uv": [3, 8, 5, 12], "rotation": 270, "texture": "#0"},
				"west": {"uv": [5, 11, 6, 13], "texture": "#0"},
				"up": {"uv": [3, 10, 7, 14], "rotation": 270, "texture": "#0"},
				"down": {"uv": [7, 10, 11, 14], "rotation": 270, "texture": "#0"}
			}
		},
		{
			"from": [7.39645, 6.50355, 9],
			"to": [8.63905, 9.50355, 13.75],
			"rotation": {"angle": -45, "axis": "z", "origin": [8.01775, 8.00355, 11.375]},
			"faces": {
				"north": {"uv": [0, 6, 16, 11], "rotation": 270, "texture": "#1"},
				"east": {"uv": [0, 12, 7, 16], "texture": "#1"},
				"south": {"uv": [0, 6, 16, 11], "rotation": 90, "texture": "#1"},
				"west": {"uv": [0, 12, 7, 16], "texture": "#1"},
				"up": {"uv": [0, 6, 16, 10], "rotation": 90, "texture": "#1"},
				"down": {"uv": [0, 9, 16, 13], "rotation": 90, "texture": "#1"}
			}
		},
		{
			"from": [6.51775, 7.38225, 9],
			"to": [9.51775, 8.62485, 13.75],
			"rotation": {"angle": -45, "axis": "z", "origin": [8.01775, 8.00355, 11.375]},
			"faces": {
				"north": {"uv": [16, 1, 0, 6], "texture": "#1"},
				"east": {"uv": [0, 7, 16, 11], "texture": "#1"},
				"south": {"uv": [0, 1, 16, 6], "texture": "#1"},
				"west": {"uv": [0, 11, 16, 16], "texture": "#1"},
				"up": {"uv": [0, 12, 7, 16], "rotation": 270, "texture": "#1"},
				"down": {"uv": [0, 12, 7, 16], "rotation": 270, "texture": "#1"}
			}
		},
		{
			"from": [6.51775, 7.38225, 9],
			"to": [9.51775, 8.62485, 13.75],
			"rotation": {"angle": 0, "axis": "y", "origin": [8.01775, 8.00355, 11.375]},
			"faces": {
				"north": {"uv": [16, 6, 0, 1], "texture": "#1"},
				"east": {"uv": [0, 6, 16, 10], "texture": "#1"},
				"south": {"uv": [0, 6, 16, 1], "texture": "#1"},
				"west": {"uv": [16, 16, 0, 11], "texture": "#1"},
				"up": {"uv": [0, 12, 7, 16], "rotation": 270, "texture": "#1"},
				"down": {"uv": [0, 12, 7, 16], "rotation": 270, "texture": "#1"}
			}
		},
		{
			"from": [7.39645, 6.50355, 9],
			"to": [8.63905, 9.50355, 13.75],
			"rotation": {"angle": 0, "axis": "z", "origin": [8.01775, 8.00355, 11.375]},
			"faces": {
				"north": {"uv": [0, 6, 16, 11], "rotation": 270, "texture": "#1"},
				"east": {"uv": [0, 12, 7, 16], "texture": "#1"},
				"south": {"uv": [0, 6, 16, 11], "rotation": 90, "texture": "#1"},
				"west": {"uv": [0, 12, 7, 16], "texture": "#1"},
				"up": {"uv": [0, 7, 16, 11], "rotation": 90, "texture": "#1"},
				"down": {"uv": [0, 6, 16, 10], "rotation": 90, "texture": "#1"}
			}
		},
		{
			"from": [7.60355, 6.99645, 0.498],
			"to": [8.43195, 8.99645, 3.998],
			"rotation": {"angle": 45, "axis": "z", "origin": [8.01775, 7.99645, 2.5]},
			"faces": {
				"north": {"uv": [10, 6, 0, 0], "texture": "#1"},
				"east": {"uv": [2, 14, 4, 16], "texture": "#1"},
				"south": {"uv": [6, 0, 9, 3], "texture": "#0"},
				"west": {"uv": [2, 14, 4, 16], "texture": "#1"},
				"up": {"uv": [0, 0, 16, 6], "rotation": 90, "texture": "#1"},
				"down": {"uv": [5, 9, 0, 11], "rotation": 90, "texture": "#1"}
			}
		},
		{
			"from": [7.01775, 7.58225, 0.499],
			"to": [9.01775, 8.41065, 3.999],
			"rotation": {"angle": 0, "axis": "z", "origin": [8.01775, 7.99645, 2.5]},
			"faces": {
				"north": {"uv": [0, 6, 10, 0], "rotation": 90, "texture": "#1"},
				"east": {"uv": [5, 9, 0, 11], "texture": "#1"},
				"south": {"uv": [6, 0, 9, 3], "rotation": 270, "texture": "#0"},
				"west": {"uv": [0, 6, 16, 0], "texture": "#1"},
				"up": {"uv": [2, 14, 4, 16], "rotation": 270, "texture": "#1"},
				"down": {"uv": [2, 14, 4, 16], "rotation": 270, "texture": "#1"}
			}
		},
		{
			"from": [7.60355, 6.99645, 0.5],
			"to": [8.43195, 8.99645, 4],
			"rotation": {"angle": -45, "axis": "z", "origin": [8.01775, 7.99645, 2.5]},
			"faces": {
				"north": {"uv": [6, 8, 8, 10], "texture": "#1"},
				"east": {"uv": [2, 14, 4, 16], "texture": "#1"},
				"south": {"uv": [6, 0, 9, 3], "texture": "#0"},
				"west": {"uv": [2, 14, 4, 16], "texture": "#1"},
				"up": {"uv": [2, 6, 0, 11], "rotation": 180, "texture": "#1"},
				"down": {"uv": [6, 9, 0, 11], "rotation": 90, "texture": "#1"}
			}
		},
		{
			"from": [7.60355, 6.99645, 0.501],
			"to": [8.43195, 8.99645, 4.001],
			"rotation": {"angle": 0, "axis": "z", "origin": [8.01775, 7.99645, 2.5]},
			"faces": {
				"north": {"uv": [16, 6, 12, 0], "texture": "#1"},
				"east": {"uv": [2, 14, 4, 16], "texture": "#1"},
				"south": {"uv": [6, 0, 9, 3], "texture": "#0"},
				"west": {"uv": [2, 14, 4, 16], "texture": "#1"},
				"up": {"uv": [0, 8, 6, 6], "rotation": 90, "texture": "#1"},
				"down": {"uv": [5, 9, 0, 11], "rotation": 90, "texture": "#1"}
			}
		},
		{
			"from": [6.76775, 7.48225, 7.4],
			"to": [9.26775, 8.51775, 17],
			"rotation": {"angle": 0, "axis": "z", "origin": [8.01775, 8, 12.25]},
			"faces": {
				"north": {"uv": [0, 8, 2, 12], "rotation": 90, "texture": "#1"},
				"east": {"uv": [0, 6, 16, 10], "texture": "#1"},
				"south": {"uv": [6, 0, 9, 3], "rotation": 270, "texture": "#0"},
				"west": {"uv": [16, 16, 0, 12], "texture": "#1"},
				"up": {"uv": [0, 12, 16, 16], "rotation": 270, "texture": "#1"},
				"down": {"uv": [0, 12, 16, 16], "rotation": 270, "texture": "#1"}
			}
		},
		{
			"from": [6.76775, 7.48225, 7.4],
			"to": [9.26775, 8.51775, 17],
			"rotation": {"angle": -45, "axis": "z", "origin": [8.01775, 8, 12.25]},
			"faces": {
				"north": {"uv": [0, 8, 2, 12], "rotation": 90, "texture": "#1"},
				"east": {"uv": [0, 6, 16, 10], "texture": "#1"},
				"south": {"uv": [6, 0, 9, 3], "rotation": 270, "texture": "#0"},
				"west": {"uv": [0, 12, 16, 16], "texture": "#1"},
				"up": {"uv": [0, 12, 16, 16], "rotation": 270, "texture": "#1"},
				"down": {"uv": [0, 12, 16, 16], "rotation": 270, "texture": "#1"}
			}
		},
		{
			"from": [7.5, 6.75, 7.4],
			"to": [8.5355, 9.25, 17],
			"rotation": {"angle": -45, "axis": "z", "origin": [8.01775, 8, 12.25]},
			"faces": {
				"north": {"uv": [0, 8, 2, 12], "texture": "#1"},
				"east": {"uv": [0, 12, 16, 16], "texture": "#1"},
				"south": {"uv": [6, 0, 9, 3], "texture": "#0"},
				"west": {"uv": [0, 12, 16, 16], "texture": "#1"},
				"up": {"uv": [16, 11, 0, 7], "rotation": 90, "texture": "#1"},
				"down": {"uv": [0, 8, 16, 12], "rotation": 90, "texture": "#1"}
			}
		},
		{
			"from": [7.5, 6.75, 7.4],
			"to": [8.5355, 9.25, 17],
			"rotation": {"angle": 0, "axis": "z", "origin": [8.01775, 8, 12.25]},
			"faces": {
				"north": {"uv": [0, 8, 2, 12], "texture": "#1"},
				"east": {"uv": [0, 12, 16, 16], "texture": "#1"},
				"south": {"uv": [6, 0, 9, 3], "texture": "#0"},
				"west": {"uv": [0, 12, 16, 16], "texture": "#1"},
				"up": {"uv": [16, 12, 0, 8], "rotation": 90, "texture": "#1"},
				"down": {"uv": [0, 6, 16, 10], "rotation": 90, "texture": "#1"}
			}
		}
	],
	"display": {
		"thirdperson_righthand": {
			"translation": [0, 1, -5.5],
			"scale": [0.5, 0.5, 0.5]
		},
		"thirdperson_lefthand": {
			"translation": [-12.25, 1, 0.5],
			"scale": [0.5, 0.5, 0.5]
		},
		"firstperson_righthand": {
			"translation": [25.75, -21.5, -80],
			"scale": [3.51, 3.51, 2.7]
		},
		"firstperson_lefthand": {
			"translation": [0, -80, 0]
		},
		"ground": {
			"rotation": [0, 0, 90],
			"translation": [0.25, -1.25, -3.75],
			"scale": [0.5, 0.5, 0.5]
		},
		"gui": {
			"rotation": [26, 128, 0],
			"translation": [-4.25, -1.5, 0],
			"scale": [0.77, 0.77, 0.77]
		},
		"head": {
			"translation": [0, 4.5, -3.5]
		},
		"fixed": {
			"rotation": [0, -90, 0],
			"translation": [5, 0.5, -1.25],
			"scale": [0.75, 0.75, 0.75]
		}
	},
	"groups": [
		{
			"name": "moonraker",
			"origin": [8.01775, 8.00355, 11.375],
			"color": 0,
			"children": [
				{
					"name": "rails",
					"origin": [8, 9.1, 22],
					"color": 0,
					"children": [
						0,
						1,
						2,
						3,
						4,
						5,
						6,
						7,
						{
							"name": "scopeSlope",
							"origin": [8, 11.19136, 25.701],
							"color": 0,
							"children": [8, 9, 10, 11, 12, 13, 14, 15, 16, 17, 18, 19, 20, 21]
						},
						{
							"name": "scopeSlope",
							"origin": [8, 11.19136, 25.701],
							"color": 0,
							"children": [22, 23, 24, 25]
						},
						{
							"name": "scopeSlope",
							"origin": [8, 11.19136, 25.701],
							"color": 0,
							"children": [26, 27, 28, 29]
						},
						{
							"name": "scopeSlope",
							"origin": [8, 11.19136, 25.701],
							"color": 0,
							"children": [30, 31, 32, 33]
						},
						{
							"name": "scope",
							"origin": [8, 11.43136, 18.001],
							"color": 0,
							"children": [34, 35, 36, 37]
						}
					]
				},
				{
					"name": "grip",
					"origin": [7.7, 8.4, 22],
					"color": 0,
					"children": [38, 39, 40, 41, 42, 43, 44, 45, 46, 47]
				},
				{
					"name": "sights",
					"origin": [8.01775, 14, 9.175],
					"color": 0,
					"children": [48, 49, 50, 51, 52, 53, 54, 55, 56]
				},
				{
					"name": "plasticBarrel",
					"origin": [8.01775, 8.00355, 5.125],
					"color": 0,
					"children": [57, 58, 59, 60]
				},
				{
					"name": "plasticBarrel",
					"origin": [8.01775, 7.99988, 4.575],
					"color": 0,
					"children": [61, 62, 63, 64, 65, 66, 67, 68, 69, 70, 71, 72]
				},
				{
					"name": "plasticBarrel",
					"origin": [8.01775, 7.99988, 4.575],
					"color": 0,
					"children": [73, 74, 75, 76]
				},
				{
					"name": "barrel",
					"origin": [8.01775, 8.00355, 11.375],
					"color": 0,
					"children": [77, 78, 79, 80]
				},
				{
					"name": "barrel",
					"origin": [8.01775, 7.99645, 3.5],
					"color": 0,
					"children": [81, 82, 83, 84]
				},
				{
					"name": "barrel",
					"origin": [8.01775, 8, 12.25],
					"color": 0,
					"children": [85, 86, 87, 88]
				}
			]
		}
	]
}