{
	"format_version": "1.21.6",
	"credit": "Made with Blockbench",
	"textures": {
		"1": "chems_guns:item/gun_ammo/mp5"
	},
	"elements": [
		{
			"name": "octagon",
			"from": [7.33579, 5.4, 16.48],
			"to": [8.66421, 7.05, 17.23],
			"rotation": {"angle": 0, "axis": "y", "origin": [8, 6.4, 27.5]},
			"faces": {
				"north": {"uv": [3, 0, 4, 1], "texture": "#1"},
				"east": {"uv": [8, 0, 12, 2], "rotation": 90, "texture": "#1"},
				"south": {"uv": [9, 0, 13, 3], "rotation": 90, "texture": "#1"},
				"west": {"uv": [0, 0, 2, 4], "texture": "#1"},
				"up": {"uv": [0, 0, 4, 2], "texture": "#1"},
				"down": {"uv": [0, 12, 1, 0], "texture": "#1"}
			}
		},
		{
			"from": [7.5, -1.3, 1.95],
			"to": [8.5, 5.7, 3.45],
			"rotation": {"angle": 22.5, "axis": "x", "origin": [8, -0.40194, 3.83516]},
			"faces": {
				"north": {"uv": [15.75, 0, 14.25, 8], "texture": "#1"},
				"east": {"uv": [14.25, 8, 15.75, 0], "texture": "#1"},
				"south": {"uv": [15.75, 0, 14.25, 8], "texture": "#1"},
				"west": {"uv": [14.25, 8, 15.75, 0], "texture": "#1"},
				"up": {"uv": [14.25, 6, 15.75, 7.5], "texture": "#1"},
				"down": {"uv": [14.25, 0, 15.75, 1.5], "texture": "#1"}
			}
		},
		{
			"from": [7.35, 3.9, 5.41],
			"to": [8.65, 6, 9.46],
			"rotation": {"angle": 0, "axis": "y", "origin": [0, -0.6, 0]},
			"faces": {
				"north": {"uv": [5, 11, 7, 12], "texture": "#1"},
				"east": {"uv": [11, 3, 14, 10], "rotation": 90, "texture": "#1"},
				"south": {"uv": [11, 7, 13, 10], "texture": "#1"},
				"west": {"uv": [11, 3, 14, 10], "rotation": 90, "texture": "#1"},
				"up": {"uv": [7, 3, 9, 10], "texture": "#1"},
				"down": {"uv": [7, 3, 9, 10], "texture": "#1"}
			}
		},
		{
			"from": [7.75, 2.7, 6.36],
			"to": [8.25, 2.9, 8.31],
			"rotation": {"angle": 0, "axis": "y", "origin": [8, 2.8, 7.435]},
			"faces": {
				"north": {"uv": [15.5, 9, 16, 10.5], "texture": "#1"},
				"east": {"uv": [14, 10, 15, 11], "texture": "#1"},
				"south": {"uv": [15.5, 9, 16, 10.5], "texture": "#1"},
				"west": {"uv": [14, 10, 15, 11], "texture": "#1"},
				"up": {"uv": [15.5, 9, 16, 10.75], "texture": "#1"},
				"down": {"uv": [15.5, 9, 16, 10.75], "texture": "#1"}
			}
		},
		{
			"from": [7.56, 1.35, 8.3],
			"to": [8.46, 5.15, 9.7],
			"rotation": {"angle": -22.5, "axis": "x", "origin": [8, 2.9, 9.3]},
			"faces": {
				"north": {"uv": [4, 3, 6, 8], "texture": "#1"},
				"east": {"uv": [4, 3, 6, 8], "texture": "#1"},
				"south": {"uv": [4, 3, 6, 8], "texture": "#1"},
				"west": {"uv": [4, 3, 6, 8], "texture": "#1"},
				"up": {"uv": [4, 6, 6, 8], "texture": "#1"},
				"down": {"uv": [4, 3, 6, 5], "texture": "#1"}
			}
		},
		{
			"name": "octagon",
			"from": [7.58579, 5.4, -1.001],
			"to": [8.41421, 7.4, 5.099],
			"rotation": {"angle": 45, "axis": "z", "origin": [8, 6.4, 10]},
			"faces": {
				"north": {"uv": [10, 0, 11, 1], "texture": "#1"},
				"east": {"uv": [0, 0, 1, 1], "texture": "#1"},
				"south": {"uv": [0, 0, 1, 1], "texture": "#1"},
				"west": {"uv": [0, 0, 1, 1], "texture": "#1"},
				"up": {"uv": [0, 0, 2, 16], "texture": "#1"},
				"down": {"uv": [8.1, 2, 2, 3], "rotation": 90, "texture": "#1"}
			}
		},
		{
			"name": "octagon",
			"from": [7.58579, 5.4, -1.002],
			"to": [8.41421, 7.4, 10.998],
			"rotation": {"angle": 0, "axis": "y", "origin": [8, 6.4, 10]},
			"faces": {
				"north": {"uv": [3, 0, 4, 1], "texture": "#1"},
				"east": {"uv": [0, 0, 1, 1], "texture": "#1"},
				"south": {"uv": [5, 0, 6, 1], "texture": "#1"},
				"west": {"uv": [0, 0, 1, 1], "texture": "#1"},
				"up": {"uv": [0, 0, 1, 12], "texture": "#1"},
				"down": {"uv": [14, 2, 2, 3], "rotation": 90, "texture": "#1"}
			}
		},
		{
			"name": "octagon",
			"from": [7.58579, 5.65, 9.98],
			"to": [8.41421, 6.55, 16.48],
			"rotation": {"angle": 0, "axis": "y", "origin": [8, 6.1, 13.23]},
			"faces": {
				"north": {"uv": [3, 0, 4, 1], "texture": "#1"},
				"east": {"uv": [10, 0, 13, 3], "texture": "#1"},
				"south": {"uv": [5, 0, 6, 1], "texture": "#1"},
				"west": {"uv": [11, 0, 14, 3], "texture": "#1"},
				"up": {"uv": [0, 0, 2, 3], "texture": "#1"},
				"down": {"uv": [0, 3, 2, 0], "texture": "#1"}
			}
		},
		{
			"name": "octagon",
			"from": [7.33579, 4, 16.78],
			"to": [8.66421, 5.65, 17.53],
			"rotation": {"angle": -22.5, "axis": "x", "origin": [8, 4.825, 17.155]},
			"faces": {
				"north": {"uv": [8, 0, 11, 3], "texture": "#1"},
				"east": {"uv": [8, 0, 11, 2], "rotation": 90, "texture": "#1"},
				"south": {"uv": [9, 0, 13, 3], "rotation": 90, "texture": "#1"},
				"west": {"uv": [0, 0, 2, 4], "texture": "#1"},
				"up": {"uv": [0, 0, 1, 12], "texture": "#1"},
				"down": {"uv": [10, 0, 8, 3], "rotation": 90, "texture": "#1"}
			}
		},
		{
			"name": "octagon",
			"from": [7, 5.98579, -1.002],
			"to": [9, 6.81421, 5.098],
			"rotation": {"angle": 45, "axis": "z", "origin": [8, 6.4, 10]},
			"faces": {
				"north": {"uv": [0, 0, 1, 1], "texture": "#1"},
				"east": {"uv": [0, 16, 2, 0], "rotation": 90, "texture": "#1"},
				"south": {"uv": [11, 0, 12, 1], "texture": "#1"},
				"west": {"uv": [2, 2, 8.1, 3], "texture": "#1"},
				"up": {"uv": [0, 0, 1, 1], "texture": "#1"},
				"down": {"uv": [0, 0, 1, 1], "texture": "#1"}
			}
		},
		{
			"name": "octagon",
			"from": [7, 5.98579, -1],
			"to": [9, 6.81421, 11],
			"rotation": {"angle": 0, "axis": "y", "origin": [8, 6.4, 10]},
			"faces": {
				"north": {"uv": [2, 0, 3, 1], "texture": "#1"},
				"east": {"uv": [14, 2, 2, 3], "texture": "#1"},
				"south": {"uv": [4, 0, 6, 1], "texture": "#1"},
				"west": {"uv": [2, 2, 14, 3], "texture": "#1"},
				"up": {"uv": [0, 0, 1, 1], "texture": "#1"},
				"down": {"uv": [0, 0, 1, 1], "texture": "#1"}
			}
		},
		{
			"name": "octagon",
			"from": [7.79289, 6.85, -1.7],
			"to": [8.20711, 7.85, 4.5],
			"rotation": {"angle": 45, "axis": "z", "origin": [8, 7.35, 4.4001]},
			"faces": {
				"north": {"uv": [0, 0, 1, 1], "texture": "#1"},
				"east": {"uv": [0, 0, 0, 1], "texture": "#1"},
				"south": {"uv": [0, 0, 1, 1], "texture": "#1"},
				"west": {"uv": [0, 0, 0, 1], "texture": "#1"},
				"up": {"uv": [2, 16, 0, 0], "texture": "#1"},
				"down": {"uv": [0, 0, 1, 10], "texture": "#1"}
			}
		},
		{
			"name": "octagon",
			"from": [7.79289, 6.85, -1.6998],
			"to": [8.20711, 7.85, 4.5002],
			"rotation": {"angle": 0, "axis": "y", "origin": [8, 7.35, 4.4001]},
			"faces": {
				"north": {"uv": [0, 0, 1, 1], "texture": "#1"},
				"east": {"uv": [0, 0, 0, 1], "texture": "#1"},
				"south": {"uv": [0, 11, 1, 12], "texture": "#1"},
				"west": {"uv": [0, 0, 0, 1], "texture": "#1"},
				"up": {"uv": [0, 0, 2, 16], "texture": "#1"},
				"down": {"uv": [0, 0, 1, 10], "texture": "#1"}
			}
		},
		{
			"name": "octagon",
			"from": [7.5, 7.14289, -1.7],
			"to": [8.5, 7.55711, 4.5],
			"rotation": {"angle": 45, "axis": "z", "origin": [8, 7.35, 4.4001]},
			"faces": {
				"north": {"uv": [0, 0, 1, 1], "texture": "#1"},
				"east": {"uv": [0, 16, 2, 0], "rotation": 90, "texture": "#1"},
				"south": {"uv": [0, 8, 1, 9], "texture": "#1"},
				"west": {"uv": [0, 0, 10, 1], "texture": "#1"},
				"up": {"uv": [0, 0, 1, 0], "texture": "#1"},
				"down": {"uv": [0, 0, 1, 0], "texture": "#1"}
			}
		},
		{
			"name": "octagon",
			"from": [7.5, 7.14289, -1.6999],
			"to": [8.5, 7.55711, 4.5001],
			"rotation": {"angle": 0, "axis": "y", "origin": [8, 7.35, 4.4001]},
			"faces": {
				"north": {"uv": [0, 0, 1, 1], "texture": "#1"},
				"east": {"uv": [0, 16, 2, 0], "rotation": 90, "texture": "#1"},
				"south": {"uv": [0, 6, 1, 7], "texture": "#1"},
				"west": {"uv": [0, 0, 2, 16], "rotation": 90, "texture": "#1"},
				"up": {"uv": [0, 0, 1, 1], "texture": "#1"},
				"down": {"uv": [0, 0, 1, 0], "texture": "#1"}
			}
		},
		{
			"name": "octagon",
			"from": [8.2, 6.04289, -3.001],
			"to": [8.4, 6.37422, -1.001],
			"rotation": {"angle": 0, "axis": "y", "origin": [8, 6.20856, -2.001]},
			"faces": {
				"north": {"uv": [0, 11, 1, 12], "texture": "#1"},
				"east": {"uv": [0, 0, 1, 1], "texture": "#1"},
				"south": {"uv": [0, 0, 1, 1], "texture": "#1"},
				"west": {"uv": [0, 0, 2, 1], "texture": "#1"},
				"up": {"uv": [0, 0, 1, 1], "texture": "#1"},
				"down": {"uv": [0, 0, 1, 1], "texture": "#1"}
			}
		},
		{
			"name": "octagon",
			"from": [7.79289, 7.75, -1.5001],
			"to": [8.20711, 8.05, -1.1001],
			"rotation": {"angle": 0, "axis": "y", "origin": [8, 7.9, -1.2501]},
			"faces": {
				"north": {"uv": [0, 4, 1, 5], "texture": "#1"},
				"east": {"uv": [0, 0, 1, 1], "texture": "#1"},
				"south": {"uv": [0, 0, 1, 1], "texture": "#1"},
				"west": {"uv": [0, 0, 1, 1], "texture": "#1"},
				"up": {"uv": [0, 0, 1, 1], "texture": "#1"},
				"down": {"uv": [0, 0, 1, 2], "texture": "#1"}
			}
		},
		{
			"name": "octagon",
			"from": [7.84467, 5.8125, -2.9075],
			"to": [8.15533, 6.5625, -2.9075],
			"rotation": {"angle": 0, "axis": "y", "origin": [8, 6.1875, -2.15]},
			"faces": {
				"north": {"uv": [15, 8, 16, 9], "texture": "#1"},
				"east": {"uv": [0, 15, 1, 16], "texture": "#1"},
				"south": {"uv": [0, 15, 1, 16], "texture": "#1"},
				"west": {"uv": [0, 15, 1, 16], "texture": "#1"},
				"up": {"uv": [0, 15, 1, 16], "texture": "#1"},
				"down": {"uv": [0, 15, 1, 16], "texture": "#1"}
			}
		},
		{
			"name": "octagon",
			"from": [7.84467, 5.8125, -2.9],
			"to": [8.15533, 6.5625, -2.9],
			"rotation": {"angle": 45, "axis": "z", "origin": [8, 6.1875, -2.15]},
			"faces": {
				"north": {"uv": [15, 8, 16, 9], "texture": "#1"},
				"east": {"uv": [0, 15, 1, 16], "texture": "#1"},
				"south": {"uv": [0, 15, 1, 16], "texture": "#1"},
				"west": {"uv": [0, 15, 1, 16], "texture": "#1"},
				"up": {"uv": [0, 15, 1, 16], "texture": "#1"},
				"down": {"uv": [0, 15, 1, 16], "texture": "#1"}
			}
		},
		{
			"name": "octagon",
			"from": [7.84467, 6.3375, -2.9075],
			"to": [8.15533, 6.5625, -2.9075],
			"rotation": {"angle": 0, "axis": "y", "origin": [8, 6.1875, -2.15]},
			"faces": {
				"north": {"uv": [15, 8, 16, 9], "texture": "#1"},
				"east": {"uv": [0, 15, 1, 16], "texture": "#1"},
				"south": {"uv": [0, 15, 1, 16], "texture": "#1"},
				"west": {"uv": [0, 15, 1, 16], "texture": "#1"},
				"up": {"uv": [0, 15, 1, 16], "texture": "#1"},
				"down": {"uv": [0, 15, 1, 16], "texture": "#1"}
			}
		},
		{
			"name": "octagon",
			"from": [7.625, 6.03217, -2.9],
			"to": [8.375, 6.34283, -2.9],
			"rotation": {"angle": 45, "axis": "z", "origin": [8, 6.1875, -2.15]},
			"faces": {
				"north": {"uv": [15, 8, 16, 9], "texture": "#1"},
				"east": {"uv": [0, 15, 1, 16], "texture": "#1"},
				"south": {"uv": [0, 15, 1, 16], "texture": "#1"},
				"west": {"uv": [0, 15, 1, 16], "texture": "#1"},
				"up": {"uv": [0, 15, 1, 16], "texture": "#1"},
				"down": {"uv": [0, 15, 1, 16], "texture": "#1"}
			}
		},
		{
			"name": "octagon",
			"from": [7.625, 6.03217, -2.9075],
			"to": [8.375, 6.34283, -2.9075],
			"rotation": {"angle": 0, "axis": "y", "origin": [8, 6.1875, -2.15]},
			"faces": {
				"north": {"uv": [15, 8, 16, 9], "texture": "#1"},
				"east": {"uv": [0, 15, 1, 16], "texture": "#1"},
				"south": {"uv": [0, 15, 1, 16], "texture": "#1"},
				"west": {"uv": [0, 15, 1, 16], "texture": "#1"},
				"up": {"uv": [0, 15, 1, 16], "texture": "#1"},
				"down": {"uv": [0, 15, 1, 16], "texture": "#1"}
			}
		},
		{
			"name": "iron_sight",
			"from": [7.75, 6.95, -1.5],
			"to": [8.25, 7.95, -1.1],
			"rotation": {"angle": 0, "axis": "y", "origin": [0, 0, -0.5]},
			"faces": {
				"north": {"uv": [0, 6, 0.5, 7], "texture": "#1"},
				"east": {"uv": [0, 6, 1, 7], "texture": "#1"},
				"south": {"uv": [0, 6, 0.5, 7], "texture": "#1"},
				"west": {"uv": [0, 6, 1, 7], "texture": "#1"},
				"up": {"uv": [0, 6, 0.5, 7], "texture": "#1"},
				"down": {"uv": [0, 6, 0.5, 7], "texture": "#1"}
			}
		},
		{
			"name": "iron_sight",
			"from": [8.1, 7.65, 8.99],
			"to": [8.25, 8.35, 9.99],
			"rotation": {"angle": 0, "axis": "y", "origin": [0, 0.4, 10.5]},
			"faces": {
				"north": {"uv": [0, 6, 0.5, 7], "texture": "#1"},
				"east": {"uv": [11, 0, 14, 3], "texture": "#1"},
				"south": {"uv": [10, 0, 11, 3], "texture": "#1"},
				"west": {"uv": [0, 6, 1, 7], "texture": "#1"},
				"up": {"uv": [5, 5, 6, 8], "texture": "#1"},
				"down": {"uv": [0, 6, 0.5, 7], "texture": "#1"}
			}
		},
		{
			"name": "iron_sight",
			"from": [7.65, 7.45, 8.99],
			"to": [7.8, 8.15, 9.99],
			"rotation": {"angle": 0, "axis": "y", "origin": [-0.1, 0.2, 10.5]},
			"faces": {
				"north": {"uv": [0, 6, 0.5, 7], "texture": "#1"},
				"east": {"uv": [0, 6, 1, 7], "texture": "#1"},
				"south": {"uv": [13, 0, 14, 3], "texture": "#1"},
				"west": {"uv": [11, 3, 14, 0], "rotation": 90, "texture": "#1"},
				"up": {"uv": [1, 8, 2, 11], "texture": "#1"},
				"down": {"uv": [0, 6, 0.5, 7], "texture": "#1"}
			}
		},
		{
			"name": "iron_sight",
			"from": [8.2, 7.45, 8.99],
			"to": [8.35, 8.15, 9.99],
			"rotation": {"angle": 0, "axis": "y", "origin": [0.1, 0.2, 10.5]},
			"faces": {
				"north": {"uv": [0, 6, 0.5, 7], "texture": "#1"},
				"east": {"uv": [11, 0, 14, 3], "texture": "#1"},
				"south": {"uv": [10, 0, 11, 3], "texture": "#1"},
				"west": {"uv": [0, 6, 1, 7], "texture": "#1"},
				"up": {"uv": [5, 5, 6, 8], "texture": "#1"},
				"down": {"uv": [0, 6, 0.5, 7], "texture": "#1"}
			}
		},
		{
			"name": "iron_sight",
			"from": [7.95, 8.05, -1.41],
			"to": [8.05, 8.25, -1.21],
			"rotation": {"angle": 0, "axis": "y", "origin": [0, 0.4, -0.5]},
			"faces": {
				"north": {"uv": [0, 6, 0.5, 7], "texture": "#1"},
				"east": {"uv": [0, 6, 1, 7], "texture": "#1"},
				"south": {"uv": [0, 6, 0.5, 7], "texture": "#1"},
				"west": {"uv": [0, 6, 1, 7], "texture": "#1"},
				"up": {"uv": [0, 6, 0.5, 7], "texture": "#1"},
				"down": {"uv": [0, 6, 0.5, 7], "texture": "#1"}
			}
		},
		{
			"from": [7.3, 3.9, 1.75],
			"to": [8.7, 6.2, 3.65],
			"rotation": {"angle": 22.5, "axis": "x", "origin": [8, -0.40194, 3.83516]},
			"faces": {
				"north": {"uv": [0, 9, 2, 12], "texture": "#1"},
				"east": {"uv": [0, 12, 2, 9], "texture": "#1"},
				"south": {"uv": [0, 9, 2, 12], "texture": "#1"},
				"west": {"uv": [0, 12, 2, 9], "texture": "#1"},
				"up": {"uv": [0.25, 10, 1.75, 11.5], "texture": "#1"},
				"down": {"uv": [0.25, 4, 1.75, 5.5], "texture": "#1"}
			}
		},
		{
			"name": "octagon",
			"from": [7.6, 6.04289, -3.001],
			"to": [7.8, 6.37422, -1.001],
			"rotation": {"angle": -45, "axis": "z", "origin": [8, 6.20856, -2.001]},
			"faces": {
				"north": {"uv": [0, 11, 1, 12], "texture": "#1"},
				"east": {"uv": [0, 0, 1, 1], "texture": "#1"},
				"south": {"uv": [0, 0, 1, 1], "texture": "#1"},
				"west": {"uv": [0, 0, 2, 1], "texture": "#1"},
				"up": {"uv": [0, 0, 1, 1], "texture": "#1"},
				"down": {"uv": [0, 0, 1, 1], "texture": "#1"}
			}
		},
		{
			"name": "octagon",
			"from": [7.83433, 6.40856, -3.001],
			"to": [8.16567, 6.60856, -1.001],
			"rotation": {"angle": 0, "axis": "y", "origin": [8, 6.20856, -2.001]},
			"faces": {
				"north": {"uv": [0, 11, 1, 12], "rotation": 270, "texture": "#1"},
				"east": {"uv": [0, 0, 1, 1], "rotation": 90, "texture": "#1"},
				"south": {"uv": [0, 0, 1, 1], "rotation": 90, "texture": "#1"},
				"west": {"uv": [0, 0, 1, 1], "rotation": 90, "texture": "#1"},
				"up": {"uv": [0, 0, 2, 1], "rotation": 90, "texture": "#1"},
				"down": {"uv": [0, 0, 1, 1], "rotation": 90, "texture": "#1"}
			}
		},
		{
			"name": "octagon",
			"from": [7.83433, 6.40856, -3.001],
			"to": [8.16567, 6.60856, -1.001],
			"rotation": {"angle": -45, "axis": "z", "origin": [8, 6.20856, -2.001]},
			"faces": {
				"north": {"uv": [0, 11, 1, 12], "rotation": 270, "texture": "#1"},
				"east": {"uv": [0, 0, 1, 1], "rotation": 90, "texture": "#1"},
				"south": {"uv": [0, 0, 1, 1], "rotation": 90, "texture": "#1"},
				"west": {"uv": [0, 0, 1, 1], "rotation": 90, "texture": "#1"},
				"up": {"uv": [0, 0, 2, 1], "rotation": 90, "texture": "#1"},
				"down": {"uv": [0, 0, 1, 1], "rotation": 90, "texture": "#1"}
			}
		},
		{
			"name": "octagon",
			"from": [8.2, 6.04289, -3.001],
			"to": [8.4, 6.37422, -1.001],
			"rotation": {"angle": -45, "axis": "z", "origin": [8, 6.20856, -2.001]},
			"faces": {
				"north": {"uv": [0, 11, 1, 12], "texture": "#1"},
				"east": {"uv": [0, 0, 1, 1], "texture": "#1"},
				"south": {"uv": [0, 0, 1, 1], "texture": "#1"},
				"west": {"uv": [0, 0, 2, 1], "texture": "#1"},
				"up": {"uv": [0, 0, 1, 1], "texture": "#1"},
				"down": {"uv": [0, 0, 1, 1], "texture": "#1"}
			}
		},
		{
			"name": "octagon",
			"from": [7.83433, 5.80856, -3.001],
			"to": [8.16567, 6.00856, -1.001],
			"rotation": {"angle": 0, "axis": "y", "origin": [8, 6.20856, -2.001]},
			"faces": {
				"north": {"uv": [0, 11, 1, 12], "rotation": 270, "texture": "#1"},
				"east": {"uv": [0, 0, 1, 1], "rotation": 90, "texture": "#1"},
				"south": {"uv": [0, 0, 1, 1], "rotation": 90, "texture": "#1"},
				"west": {"uv": [0, 0, 1, 1], "rotation": 90, "texture": "#1"},
				"up": {"uv": [0, 0, 2, 1], "rotation": 90, "texture": "#1"},
				"down": {"uv": [0, 0, 1, 1], "rotation": 90, "texture": "#1"}
			}
		},
		{
			"name": "octagon",
			"from": [7.83433, 5.80856, -3.001],
			"to": [8.16567, 6.00856, -1.001],
			"rotation": {"angle": -45, "axis": "z", "origin": [8, 6.20856, -2.001]},
			"faces": {
				"north": {"uv": [0, 11, 1, 12], "rotation": 270, "texture": "#1"},
				"east": {"uv": [0, 0, 1, 1], "rotation": 90, "texture": "#1"},
				"south": {"uv": [0, 0, 1, 1], "rotation": 90, "texture": "#1"},
				"west": {"uv": [0, 0, 1, 1], "rotation": 90, "texture": "#1"},
				"up": {"uv": [0, 0, 2, 1], "rotation": 90, "texture": "#1"},
				"down": {"uv": [0, 0, 1, 1], "rotation": 90, "texture": "#1"}
			}
		},
		{
			"name": "octagon",
			"from": [7.6, 6.04289, -3.001],
			"to": [7.8, 6.37422, -1.001],
			"rotation": {"angle": 0, "axis": "y", "origin": [8, 6.20856, -2.001]},
			"faces": {
				"north": {"uv": [0, 11, 1, 12], "rotation": 180, "texture": "#1"},
				"east": {"uv": [0, 0, 2, 1], "rotation": 180, "texture": "#1"},
				"south": {"uv": [0, 0, 1, 1], "rotation": 180, "texture": "#1"},
				"west": {"uv": [0, 0, 1, 1], "rotation": 180, "texture": "#1"},
				"up": {"uv": [0, 0, 1, 1], "rotation": 180, "texture": "#1"},
				"down": {"uv": [0, 0, 1, 1], "rotation": 180, "texture": "#1"}
			}
		},
		{
			"name": "octagon",
			"from": [7.6, 7.14289, -1.801],
			"to": [8.4, 7.47422, -1.101],
			"rotation": {"angle": -45, "axis": "z", "origin": [8, 7.30856, -2.101]},
			"faces": {
				"north": {"uv": [0, 11, 1, 12], "texture": "#1"},
				"east": {"uv": [0, 0, 1, 1], "texture": "#1"},
				"south": {"uv": [0, 0, 1, 1], "texture": "#1"},
				"west": {"uv": [0, 0, 2, 1], "texture": "#1"},
				"up": {"uv": [0, 0, 1, 1], "texture": "#1"},
				"down": {"uv": [0, 0, 1, 1], "texture": "#1"}
			}
		},
		{
			"name": "octagon",
			"from": [7.83433, 6.90856, -1.801],
			"to": [8.16567, 7.70856, -1.101],
			"rotation": {"angle": 0, "axis": "y", "origin": [8, 7.30856, -2.101]},
			"faces": {
				"north": {"uv": [0, 11, 1, 12], "rotation": 270, "texture": "#1"},
				"east": {"uv": [0, 0, 1, 1], "rotation": 90, "texture": "#1"},
				"south": {"uv": [0, 0, 1, 1], "rotation": 90, "texture": "#1"},
				"west": {"uv": [0, 0, 1, 1], "rotation": 90, "texture": "#1"},
				"up": {"uv": [0, 0, 2, 1], "rotation": 90, "texture": "#1"},
				"down": {"uv": [0, 0, 1, 1], "rotation": 90, "texture": "#1"}
			}
		},
		{
			"name": "octagon",
			"from": [7.83433, 6.90856, -1.801],
			"to": [8.16567, 7.70856, -1.101],
			"rotation": {"angle": -45, "axis": "z", "origin": [8, 7.30856, -2.101]},
			"faces": {
				"north": {"uv": [0, 11, 1, 12], "rotation": 270, "texture": "#1"},
				"east": {"uv": [0, 0, 1, 1], "rotation": 90, "texture": "#1"},
				"south": {"uv": [0, 0, 1, 1], "rotation": 90, "texture": "#1"},
				"west": {"uv": [0, 0, 1, 1], "rotation": 90, "texture": "#1"},
				"up": {"uv": [0, 0, 2, 1], "rotation": 90, "texture": "#1"},
				"down": {"uv": [0, 0, 1, 1], "rotation": 90, "texture": "#1"}
			}
		},
		{
			"name": "octagon",
			"from": [7.6, 7.14289, -1.801],
			"to": [8.4, 7.47422, -1.101],
			"rotation": {"angle": 0, "axis": "y", "origin": [8, 7.30856, -2.101]},
			"faces": {
				"north": {"uv": [0, 11, 1, 12], "texture": "#1"},
				"east": {"uv": [0, 0, 1, 1], "texture": "#1"},
				"south": {"uv": [0, 0, 1, 1], "texture": "#1"},
				"west": {"uv": [0, 0, 2, 1], "texture": "#1"},
				"up": {"uv": [0, 0, 1, 1], "texture": "#1"},
				"down": {"uv": [0, 0, 1, 1], "texture": "#1"}
			}
		},
		{
			"name": "octagon",
			"from": [7.79289, 6.25, -1.5001],
			"to": [8.20711, 6.85, -1.1001],
			"rotation": {"angle": 0, "axis": "y", "origin": [8, 6.95, -2]},
			"faces": {
				"north": {"uv": [0, 4, 1, 5], "texture": "#1"},
				"east": {"uv": [0, 0, 1, 1], "texture": "#1"},
				"south": {"uv": [0, 0, 1, 1], "texture": "#1"},
				"west": {"uv": [0, 0, 1, 1], "texture": "#1"},
				"up": {"uv": [0, 0, 1, 1], "texture": "#1"},
				"down": {"uv": [0, 0, 1, 2], "texture": "#1"}
			}
		},
		{
			"from": [7.75, 2.66079, 6.02371],
			"to": [8.25, 4.41079, 6.22371],
			"rotation": {"angle": -22.5, "axis": "x", "origin": [8, 3.53579, 6.12371]},
			"faces": {
				"north": {"uv": [15.5, 9, 16, 10.75], "rotation": 180, "texture": "#1"},
				"east": {"uv": [14, 10, 15, 11], "rotation": 270, "texture": "#1"},
				"south": {"uv": [15.5, 9, 16, 10.75], "texture": "#1"},
				"west": {"uv": [14, 10, 15, 11], "rotation": 90, "texture": "#1"},
				"up": {"uv": [15.5, 9, 16, 10.5], "rotation": 180, "texture": "#1"},
				"down": {"uv": [15.5, 9, 16, 10.5], "texture": "#1"}
			}
		},
		{
			"from": [7.3501, 4.18, 8.83],
			"to": [8.6481, 5.48, 10.13],
			"rotation": {"angle": 45, "axis": "x", "origin": [8, 4.85, 9.46]},
			"faces": {
				"north": {"uv": [5, 11, 7, 12], "texture": "#1"},
				"east": {"uv": [12, 8, 14, 10], "rotation": 90, "texture": "#1"},
				"south": {"uv": [11, 7, 13, 10], "texture": "#1"},
				"west": {"uv": [12, 8, 14, 10], "rotation": 90, "texture": "#1"},
				"up": {"uv": [7, 3, 9, 10], "texture": "#1"},
				"down": {"uv": [7, 3, 9, 10], "texture": "#1"}
			}
		},
		{
			"from": [7.3502, 4.82, 9.08],
			"to": [8.6462, 6.12, 10.38],
			"rotation": {"angle": 0, "axis": "y", "origin": [8, 5.45, 9.76]},
			"faces": {
				"north": {"uv": [5, 11, 7, 12], "texture": "#1"},
				"east": {"uv": [12, 8, 14, 10], "rotation": 90, "texture": "#1"},
				"south": {"uv": [11, 7, 13, 10], "texture": "#1"},
				"west": {"uv": [12, 8, 14, 10], "rotation": 90, "texture": "#1"},
				"up": {"uv": [7, 3, 9, 10], "texture": "#1"},
				"down": {"uv": [7, 3, 9, 10], "texture": "#1"}
			}
		},
		{
			"name": "octagon",
			"from": [7.6, 5.24289, 9.899],
			"to": [8.4, 5.57422, 10.999],
			"rotation": {"angle": -45, "axis": "z", "origin": [8, 5.40856, 9.599]},
			"faces": {
				"north": {"uv": [0, 11, 1, 12], "texture": "#1"},
				"east": {"uv": [0, 0, 1, 1], "texture": "#1"},
				"south": {"uv": [0, 0, 1, 1], "texture": "#1"},
				"west": {"uv": [0, 0, 2, 1], "texture": "#1"},
				"up": {"uv": [0, 0, 1, 1], "texture": "#1"},
				"down": {"uv": [0, 0, 1, 1], "texture": "#1"}
			}
		},
		{
			"name": "octagon",
			"from": [7.83433, 5.00856, 9.899],
			"to": [8.16567, 5.80856, 10.999],
			"rotation": {"angle": 0, "axis": "y", "origin": [8, 5.40856, 9.599]},
			"faces": {
				"north": {"uv": [0, 11, 1, 12], "rotation": 270, "texture": "#1"},
				"east": {"uv": [0, 0, 1, 1], "rotation": 90, "texture": "#1"},
				"south": {"uv": [0, 0, 1, 1], "rotation": 90, "texture": "#1"},
				"west": {"uv": [0, 0, 1, 1], "rotation": 90, "texture": "#1"},
				"up": {"uv": [0, 0, 2, 1], "rotation": 90, "texture": "#1"},
				"down": {"uv": [0, 0, 1, 1], "rotation": 90, "texture": "#1"}
			}
		},
		{
			"name": "octagon",
			"from": [7.83433, 5.00856, 9.899],
			"to": [8.16567, 5.80856, 10.999],
			"rotation": {"angle": -45, "axis": "z", "origin": [8, 5.40856, 9.599]},
			"faces": {
				"north": {"uv": [0, 11, 1, 12], "rotation": 270, "texture": "#1"},
				"east": {"uv": [0, 0, 1, 1], "rotation": 90, "texture": "#1"},
				"south": {"uv": [0, 0, 1, 1], "rotation": 90, "texture": "#1"},
				"west": {"uv": [0, 0, 1, 1], "rotation": 90, "texture": "#1"},
				"up": {"uv": [0, 0, 2, 1], "rotation": 90, "texture": "#1"},
				"down": {"uv": [0, 0, 1, 1], "rotation": 90, "texture": "#1"}
			}
		},
		{
			"name": "octagon",
			"from": [7.6, 5.24289, 9.899],
			"to": [8.4, 5.57422, 10.999],
			"rotation": {"angle": 0, "axis": "y", "origin": [8, 5.40856, 9.599]},
			"faces": {
				"north": {"uv": [0, 11, 1, 12], "texture": "#1"},
				"east": {"uv": [0, 0, 1, 1], "texture": "#1"},
				"south": {"uv": [0, 0, 1, 1], "texture": "#1"},
				"west": {"uv": [0, 0, 2, 1], "texture": "#1"},
				"up": {"uv": [0, 0, 1, 1], "texture": "#1"},
				"down": {"uv": [0, 0, 1, 1], "texture": "#1"}
			}
		},
		{
			"name": "octagon",
			"from": [7.38579, 5.3, -0.002],
			"to": [8.61421, 5.4, 3.998],
			"rotation": {"angle": 0, "axis": "y", "origin": [8, 5.4, 10]},
			"faces": {
				"north": {"uv": [3, 0, 4, 1], "texture": "#1"},
				"east": {"uv": [7, 2, 3, 3], "texture": "#1"},
				"south": {"uv": [5, 0, 6, 1], "texture": "#1"},
				"west": {"uv": [3, 2, 7, 3], "texture": "#1"},
				"up": {"uv": [0, 0, 1, 12], "texture": "#1"},
				"down": {"uv": [7, 2, 3, 3], "rotation": 90, "texture": "#1"}
			}
		},
		{
			"name": "octagon",
			"from": [7.38579, 5.1, 1.998],
			"to": [8.61421, 5.4, 3.998],
			"rotation": {"angle": 0, "axis": "y", "origin": [8, 5.2, 10]},
			"faces": {
				"north": {"uv": [3, 0, 4, 1], "texture": "#1"},
				"east": {"uv": [7, 2, 5, 3], "texture": "#1"},
				"south": {"uv": [5, 0, 6, 1], "texture": "#1"},
				"west": {"uv": [5, 2, 7, 3], "texture": "#1"},
				"up": {"uv": [0, 0, 1, 12], "texture": "#1"},
				"down": {"uv": [7, 2, 5, 3], "rotation": 90, "texture": "#1"}
			}
		},
		{
			"name": "octagon",
			"from": [7.38579, 5.2, 0.998],
			"to": [8.61421, 5.4, 3.998],
			"rotation": {"angle": 0, "axis": "y", "origin": [8, 5.3, 2.498]},
			"faces": {
				"north": {"uv": [3, 0, 4, 1], "texture": "#1"},
				"east": {"uv": [7, 2, 4, 3], "texture": "#1"},
				"south": {"uv": [5, 0, 6, 1], "texture": "#1"},
				"west": {"uv": [4, 2, 7, 3], "texture": "#1"},
				"up": {"uv": [0, 0, 1, 12], "texture": "#1"},
				"down": {"uv": [7, 2, 4, 3], "rotation": 90, "texture": "#1"}
			}
		},
		{
			"name": "octagon",
			"from": [7.38579, 5, 2.998],
			"to": [8.61421, 5.4, 3.998],
			"rotation": {"angle": 0, "axis": "y", "origin": [8, 5.2, 10]},
			"faces": {
				"north": {"uv": [3, 0, 4, 1], "texture": "#1"},
				"east": {"uv": [7, 2, 6, 3], "texture": "#1"},
				"south": {"uv": [5, 0, 6, 1], "texture": "#1"},
				"west": {"uv": [6, 2, 7, 3], "texture": "#1"},
				"up": {"uv": [0, 0, 1, 12], "texture": "#1"},
				"down": {"uv": [7, 2, 6, 3], "rotation": 90, "texture": "#1"}
			}
		},
		{
			"name": "octagon",
			"from": [7.225, 5.3, -0.002],
			"to": [7.425, 6.12842, 3.998],
			"rotation": {"angle": 22.5, "axis": "z", "origin": [7.3, 5.7, 1.998]},
			"faces": {
				"north": {"uv": [3, 0, 4, 1], "rotation": 270, "texture": "#1"},
				"east": {"uv": [0, 0, 1, 12], "rotation": 90, "texture": "#1"},
				"south": {"uv": [5, 0, 6, 1], "rotation": 90, "texture": "#1"},
				"west": {"uv": [7, 2, 3, 3], "rotation": 180, "texture": "#1"},
				"up": {"uv": [3, 2, 7, 3], "rotation": 90, "texture": "#1"},
				"down": {"uv": [7, 2, 3, 3], "rotation": 90, "texture": "#1"}
			}
		},
		{
			"name": "octagon",
			"from": [7.225, 5.2, 0.998],
			"to": [7.425, 6.12842, 3.998],
			"rotation": {"angle": 22.5, "axis": "z", "origin": [7.3, 5.6, 1.998]},
			"faces": {
				"north": {"uv": [3, 0, 4, 1], "rotation": 270, "texture": "#1"},
				"east": {"uv": [0, 0, 1, 12], "rotation": 90, "texture": "#1"},
				"south": {"uv": [5, 0, 6, 1], "rotation": 90, "texture": "#1"},
				"west": {"uv": [7, 2, 4, 3], "rotation": 180, "texture": "#1"},
				"up": {"uv": [3, 2, 7, 3], "rotation": 90, "texture": "#1"},
				"down": {"uv": [7, 2, 3, 3], "rotation": 90, "texture": "#1"}
			}
		},
		{
			"name": "octagon",
			"from": [7.225, 5.1, 1.998],
			"to": [7.425, 6.02842, 3.998],
			"rotation": {"angle": 22.5, "axis": "z", "origin": [7.3, 5.5, 1.998]},
			"faces": {
				"north": {"uv": [3, 0, 4, 1], "rotation": 270, "texture": "#1"},
				"east": {"uv": [0, 0, 1, 12], "rotation": 90, "texture": "#1"},
				"south": {"uv": [5, 0, 6, 1], "rotation": 90, "texture": "#1"},
				"west": {"uv": [7, 2, 5, 3], "rotation": 180, "texture": "#1"},
				"up": {"uv": [3, 2, 7, 3], "rotation": 90, "texture": "#1"},
				"down": {"uv": [7, 2, 3, 3], "rotation": 90, "texture": "#1"}
			}
		},
		{
			"name": "octagon",
			"from": [7.24, 5, 2.998],
			"to": [7.44, 6.02842, 3.998],
			"rotation": {"angle": 22.5, "axis": "z", "origin": [7.3, 5.4, 1.998]},
			"faces": {
				"north": {"uv": [3, 0, 4, 1], "rotation": 270, "texture": "#1"},
				"east": {"uv": [0, 0, 1, 12], "rotation": 90, "texture": "#1"},
				"south": {"uv": [5, 0, 6, 1], "rotation": 90, "texture": "#1"},
				"west": {"uv": [7, 2, 6, 3], "rotation": 180, "texture": "#1"},
				"up": {"uv": [3, 2, 7, 3], "rotation": 90, "texture": "#1"},
				"down": {"uv": [7, 2, 3, 3], "rotation": 90, "texture": "#1"}
			}
		},
		{
			"name": "octagon",
			"from": [8.56, 5, 2.998],
			"to": [8.76, 6.02842, 3.998],
			"rotation": {"angle": -22.5, "axis": "z", "origin": [8.7, 5.4, 1.998]},
			"faces": {
				"north": {"uv": [3, 1, 4, 0], "rotation": 270, "texture": "#1"},
				"east": {"uv": [6, 2, 7, 3], "rotation": 180, "texture": "#1"},
				"south": {"uv": [5, 1, 6, 0], "rotation": 90, "texture": "#1"},
				"west": {"uv": [0, 12, 1, 0], "rotation": 90, "texture": "#1"},
				"up": {"uv": [3, 3, 7, 2], "rotation": 90, "texture": "#1"},
				"down": {"uv": [7, 3, 3, 2], "rotation": 90, "texture": "#1"}
			}
		},
		{
			"name": "octagon",
			"from": [8.575, 5.1, 1.998],
			"to": [8.775, 6.02842, 3.998],
			"rotation": {"angle": -22.5, "axis": "z", "origin": [8.7, 5.5, 1.998]},
			"faces": {
				"north": {"uv": [3, 1, 4, 0], "rotation": 270, "texture": "#1"},
				"east": {"uv": [5, 2, 7, 3], "rotation": 180, "texture": "#1"},
				"south": {"uv": [5, 1, 6, 0], "rotation": 90, "texture": "#1"},
				"west": {"uv": [0, 12, 1, 0], "rotation": 90, "texture": "#1"},
				"up": {"uv": [3, 3, 7, 2], "rotation": 90, "texture": "#1"},
				"down": {"uv": [7, 3, 3, 2], "rotation": 90, "texture": "#1"}
			}
		},
		{
			"name": "octagon",
			"from": [8.575, 5.2, 0.998],
			"to": [8.775, 6.12842, 3.998],
			"rotation": {"angle": -22.5, "axis": "z", "origin": [8.7, 5.6, 1.998]},
			"faces": {
				"north": {"uv": [3, 1, 4, 0], "rotation": 270, "texture": "#1"},
				"east": {"uv": [4, 2, 7, 3], "rotation": 180, "texture": "#1"},
				"south": {"uv": [5, 1, 6, 0], "rotation": 90, "texture": "#1"},
				"west": {"uv": [0, 12, 1, 0], "rotation": 90, "texture": "#1"},
				"up": {"uv": [3, 3, 7, 2], "rotation": 90, "texture": "#1"},
				"down": {"uv": [7, 3, 3, 2], "rotation": 90, "texture": "#1"}
			}
		},
		{
			"name": "octagon",
			"from": [8.575, 5.3, -0.002],
			"to": [8.775, 6.12842, 3.998],
			"rotation": {"angle": -22.5, "axis": "z", "origin": [8.7, 5.7, 1.998]},
			"faces": {
				"north": {"uv": [3, 1, 4, 0], "rotation": 270, "texture": "#1"},
				"east": {"uv": [3, 2, 7, 3], "rotation": 180, "texture": "#1"},
				"south": {"uv": [5, 1, 6, 0], "rotation": 90, "texture": "#1"},
				"west": {"uv": [0, 12, 1, 0], "rotation": 90, "texture": "#1"},
				"up": {"uv": [3, 3, 7, 2], "rotation": 90, "texture": "#1"},
				"down": {"uv": [7, 3, 3, 2], "rotation": 90, "texture": "#1"}
			}
		},
		{
			"name": "octagon",
			"from": [7.5, 7.14289, 4.5001],
			"to": [8.5, 7.55711, 10.7001],
			"rotation": {"angle": 0, "axis": "y", "origin": [8, 7.35, 10.6001]},
			"faces": {
				"north": {"uv": [0, 0, 1, 1], "texture": "#1"},
				"east": {"uv": [0, 16, 2, 0], "rotation": 90, "texture": "#1"},
				"south": {"uv": [0, 6, 1, 7], "texture": "#1"},
				"west": {"uv": [0, 0, 2, 16], "rotation": 90, "texture": "#1"},
				"up": {"uv": [0, 0, 1, 1], "texture": "#1"},
				"down": {"uv": [0, 0, 1, 0], "texture": "#1"}
			}
		},
		{
			"name": "octagon",
			"from": [7.79289, 6.85, 4.5],
			"to": [8.20711, 7.85, 10.7],
			"rotation": {"angle": 45, "axis": "z", "origin": [8, 7.35, 10.6001]},
			"faces": {
				"north": {"uv": [0, 0, 1, 1], "texture": "#1"},
				"east": {"uv": [0, 0, 0, 1], "texture": "#1"},
				"south": {"uv": [0, 0, 1, 1], "texture": "#1"},
				"west": {"uv": [0, 0, 0, 1], "texture": "#1"},
				"up": {"uv": [2, 16, 0, 0], "texture": "#1"},
				"down": {"uv": [0, 0, 1, 10], "texture": "#1"}
			}
		},
		{
			"name": "octagon",
			"from": [7.79289, 6.85, 4.5002],
			"to": [8.20711, 7.85, 10.7002],
			"rotation": {"angle": 0, "axis": "y", "origin": [8, 7.35, 10.6001]},
			"faces": {
				"north": {"uv": [0, 0, 1, 1], "texture": "#1"},
				"east": {"uv": [0, 0, 0, 1], "texture": "#1"},
				"south": {"uv": [0, 11, 1, 12], "texture": "#1"},
				"west": {"uv": [0, 0, 0, 1], "texture": "#1"},
				"up": {"uv": [0, 0, 2, 16], "texture": "#1"},
				"down": {"uv": [0, 0, 1, 10], "texture": "#1"}
			}
		},
		{
			"name": "octagon",
			"from": [7.5, 7.14289, 4.5],
			"to": [8.5, 7.55711, 10.7],
			"rotation": {"angle": 45, "axis": "z", "origin": [8, 7.35, 10.6001]},
			"faces": {
				"north": {"uv": [0, 0, 1, 1], "texture": "#1"},
				"east": {"uv": [0, 16, 2, 0], "rotation": 90, "texture": "#1"},
				"south": {"uv": [0, 8, 1, 9], "texture": "#1"},
				"west": {"uv": [0, 0, 10, 1], "texture": "#1"},
				"up": {"uv": [0, 0, 1, 0], "texture": "#1"},
				"down": {"uv": [0, 0, 1, 0], "texture": "#1"}
			}
		},
		{
			"name": "octagon",
			"from": [7.58579, 5.4, 5.099],
			"to": [8.41421, 7.4, 10.999],
			"rotation": {"angle": 45, "axis": "z", "origin": [8, 6.4, 16.5]},
			"faces": {
				"north": {"uv": [10, 0, 11, 1], "texture": "#1"},
				"east": {"uv": [0, 0, 1, 1], "texture": "#1"},
				"south": {"uv": [0, 0, 1, 1], "texture": "#1"},
				"west": {"uv": [0, 0, 1, 1], "texture": "#1"},
				"up": {"uv": [0, 0, 2, 16], "texture": "#1"},
				"down": {"uv": [14, 2, 7, 3], "rotation": 90, "texture": "#1"}
			}
		},
		{
			"name": "octagon",
			"from": [7, 5.98579, 5.098],
			"to": [9, 6.81421, 10.998],
			"rotation": {"angle": 45, "axis": "z", "origin": [8, 6.4, 16.5]},
			"faces": {
				"north": {"uv": [0, 0, 1, 1], "texture": "#1"},
				"east": {"uv": [0, 16, 2, 0], "rotation": 90, "texture": "#1"},
				"south": {"uv": [11, 0, 12, 1], "texture": "#1"},
				"west": {"uv": [7, 2, 14, 3], "texture": "#1"},
				"up": {"uv": [0, 0, 1, 1], "texture": "#1"},
				"down": {"uv": [0, 0, 1, 1], "texture": "#1"}
			}
		},
		{
			"from": [7.75, 3.16079, 7.52371],
			"to": [8.25, 4.01079, 7.72371],
			"rotation": {"angle": 22.5, "axis": "x", "origin": [8, 4.03579, 7.62371]},
			"faces": {
				"north": {"uv": [15.5, 9, 16, 10.75], "rotation": 180, "texture": "#1"},
				"east": {"uv": [14, 10, 15, 11], "rotation": 270, "texture": "#1"},
				"south": {"uv": [15.5, 9, 16, 10.75], "texture": "#1"},
				"west": {"uv": [14, 10, 15, 11], "rotation": 90, "texture": "#1"},
				"up": {"uv": [15.5, 9, 16, 10.5], "rotation": 180, "texture": "#1"},
				"down": {"uv": [15.5, 9, 16, 10.5], "texture": "#1"}
			}
		},
		{
			"name": "octagon",
			"from": [8.3, 8.14289, -1.5001],
			"to": [8.4, 8.47422, -1.1001],
			"rotation": {"angle": 0, "axis": "y", "origin": [8, 8.30856, -1.3001]},
			"faces": {
				"north": {"uv": [0, 11, 1, 12], "rotation": 180, "texture": "#1"},
				"east": {"uv": [0, 0, 2, 1], "rotation": 180, "texture": "#1"},
				"south": {"uv": [0, 0, 1, 1], "rotation": 180, "texture": "#1"},
				"west": {"uv": [0, 0, 1, 1], "rotation": 180, "texture": "#1"},
				"up": {"uv": [0, 0, 1, 1], "rotation": 180, "texture": "#1"},
				"down": {"uv": [0, 0, 1, 1], "rotation": 180, "texture": "#1"}
			}
		},
		{
			"name": "octagon",
			"from": [8.3, 8.14289, -1.5001],
			"to": [8.4, 8.47422, -1.1001],
			"rotation": {"angle": 45, "axis": "z", "origin": [8, 8.30856, -1.3001]},
			"faces": {
				"north": {"uv": [0, 11, 1, 12], "rotation": 180, "texture": "#1"},
				"east": {"uv": [0, 0, 2, 1], "rotation": 180, "texture": "#1"},
				"south": {"uv": [0, 0, 1, 1], "rotation": 180, "texture": "#1"},
				"west": {"uv": [0, 0, 1, 1], "rotation": 180, "texture": "#1"},
				"up": {"uv": [0, 0, 1, 1], "rotation": 180, "texture": "#1"},
				"down": {"uv": [0, 0, 1, 1], "rotation": 180, "texture": "#1"}
			}
		},
		{
			"name": "octagon",
			"from": [7.83433, 8.60856, -1.5001],
			"to": [8.16567, 8.70856, -1.1001],
			"rotation": {"angle": 0, "axis": "y", "origin": [8, 8.30856, -1.3001]},
			"faces": {
				"north": {"uv": [0, 11, 1, 12], "rotation": 270, "texture": "#1"},
				"east": {"uv": [0, 0, 1, 1], "rotation": 90, "texture": "#1"},
				"south": {"uv": [0, 0, 1, 1], "rotation": 90, "texture": "#1"},
				"west": {"uv": [0, 0, 1, 1], "rotation": 90, "texture": "#1"},
				"up": {"uv": [0, 0, 2, 1], "rotation": 90, "texture": "#1"},
				"down": {"uv": [0, 0, 1, 1], "rotation": 90, "texture": "#1"}
			}
		},
		{
			"name": "octagon",
			"from": [7.6, 8.14289, -1.5001],
			"to": [7.7, 8.47422, -1.1001],
			"rotation": {"angle": -45, "axis": "z", "origin": [8, 8.30856, -1.3001]},
			"faces": {
				"north": {"uv": [0, 11, 1, 12], "texture": "#1"},
				"east": {"uv": [0, 0, 1, 1], "texture": "#1"},
				"south": {"uv": [0, 0, 1, 1], "texture": "#1"},
				"west": {"uv": [0, 0, 2, 1], "texture": "#1"},
				"up": {"uv": [0, 0, 1, 1], "texture": "#1"},
				"down": {"uv": [0, 0, 1, 1], "texture": "#1"}
			}
		},
		{
			"name": "octagon",
			"from": [7.6, 8.14289, -1.5001],
			"to": [7.7, 8.47422, -1.1001],
			"rotation": {"angle": 0, "axis": "y", "origin": [8, 8.30856, -1.3001]},
			"faces": {
				"north": {"uv": [0, 11, 1, 12], "texture": "#1"},
				"east": {"uv": [0, 0, 1, 1], "texture": "#1"},
				"south": {"uv": [0, 0, 1, 1], "texture": "#1"},
				"west": {"uv": [0, 0, 2, 1], "texture": "#1"},
				"up": {"uv": [0, 0, 1, 1], "texture": "#1"},
				"down": {"uv": [0, 0, 1, 1], "texture": "#1"}
			}
		},
		{
			"name": "octagon",
			"from": [7.2, 4.54289, 7.6999],
			"to": [7.5, 4.94289, 8.0999],
			"rotation": {"angle": 0, "axis": "y", "origin": [7.6, 4.70856, 7.8999]},
			"faces": {
				"north": {"uv": [0, 11, 1, 12], "texture": "#1"},
				"east": {"uv": [0, 0, 1, 1], "texture": "#1"},
				"south": {"uv": [0, 0, 1, 1], "texture": "#1"},
				"west": {"uv": [0, 0, 2, 1], "texture": "#1"},
				"up": {"uv": [0, 0, 1, 1], "texture": "#1"},
				"down": {"uv": [0, 0, 1, 1], "texture": "#1"}
			}
		},
		{
			"name": "octagon",
			"from": [7.2, 4.74289, 8.0999],
			"to": [7.5, 4.94289, 8.6999],
			"rotation": {"angle": 0, "axis": "y", "origin": [7.6, 4.70856, 8.2999]},
			"faces": {
				"north": {"uv": [0, 11, 1, 12], "texture": "#1"},
				"east": {"uv": [0, 0, 1, 1], "texture": "#1"},
				"south": {"uv": [0, 0, 1, 1], "texture": "#1"},
				"west": {"uv": [0, 0, 2, 1], "texture": "#1"},
				"up": {"uv": [0, 0, 1, 1], "texture": "#1"},
				"down": {"uv": [0, 0, 1, 1], "texture": "#1"}
			}
		},
		{
			"name": "octagon",
			"from": [7.6, 8.14289, -1.5001],
			"to": [7.7, 8.47422, -1.1001],
			"rotation": {"angle": 45, "axis": "z", "origin": [8, 8.30856, -1.3001]},
			"faces": {
				"north": {"uv": [0, 11, 1, 12], "texture": "#1"},
				"east": {"uv": [0, 0, 1, 1], "texture": "#1"},
				"south": {"uv": [0, 0, 1, 1], "texture": "#1"},
				"west": {"uv": [0, 0, 2, 1], "texture": "#1"},
				"up": {"uv": [0, 0, 1, 1], "texture": "#1"},
				"down": {"uv": [0, 0, 1, 1], "texture": "#1"}
			}
		},
		{
			"name": "octagon",
			"from": [7.83433, 7.90856, -1.5001],
			"to": [8.16567, 8.00856, -1.1001],
			"rotation": {"angle": 45, "axis": "z", "origin": [8, 8.30856, -1.3001]},
			"faces": {
				"north": {"uv": [0, 11, 1, 12], "rotation": 90, "texture": "#1"},
				"east": {"uv": [0, 0, 1, 1], "rotation": 270, "texture": "#1"},
				"south": {"uv": [0, 0, 1, 1], "rotation": 270, "texture": "#1"},
				"west": {"uv": [0, 0, 1, 1], "rotation": 270, "texture": "#1"},
				"up": {"uv": [0, 0, 1, 1], "rotation": 270, "texture": "#1"},
				"down": {"uv": [0, 0, 2, 1], "rotation": 270, "texture": "#1"}
			}
		},
		{
			"name": "iron_sight",
			"from": [7.9875, 8.25, -1.41],
			"to": [8.0125, 8.35, -1.21],
			"rotation": {"angle": 0, "axis": "y", "origin": [0, 0.6, -0.5]},
			"faces": {
				"north": {"uv": [0, 6, 0.5, 7], "texture": "#1"},
				"east": {"uv": [0, 6, 1, 7], "texture": "#1"},
				"south": {"uv": [0, 6, 0.5, 7], "texture": "#1"},
				"west": {"uv": [0, 6, 1, 7], "texture": "#1"},
				"up": {"uv": [0, 6, 0.5, 7], "texture": "#1"},
				"down": {"uv": [0, 6, 0.5, 7], "texture": "#1"}
			}
		},
		{
			"name": "iron_sight",
			"from": [7.75, 7.65, 8.99],
			"to": [7.9, 8.35, 9.99],
			"rotation": {"angle": 0, "axis": "y", "origin": [0, 0.4, 10.5]},
			"faces": {
				"north": {"uv": [0, 6, 0.5, 7], "texture": "#1"},
				"east": {"uv": [0, 6, 1, 7], "texture": "#1"},
				"south": {"uv": [13, 0, 14, 3], "texture": "#1"},
				"west": {"uv": [11, 3, 14, 0], "rotation": 90, "texture": "#1"},
				"up": {"uv": [1, 8, 2, 11], "texture": "#1"},
				"down": {"uv": [0, 6, 0.5, 7], "texture": "#1"}
			}
		},
		{
			"name": "iron_sight",
			"from": [7.9, 7.65, 8.99],
			"to": [8.1, 8.15, 9.99],
			"rotation": {"angle": 0, "axis": "y", "origin": [0, 0.4, 10.5]},
			"faces": {
				"north": {"uv": [0, 6, 0.5, 7], "texture": "#1"},
				"east": {"uv": [0, 6, 1, 7], "texture": "#1"},
				"south": {"uv": [12, 1, 13, 3], "texture": "#1"},
				"west": {"uv": [0, 6, 1, 7], "texture": "#1"},
				"up": {"uv": [7, 0, 8, 3], "texture": "#1"},
				"down": {"uv": [0, 6, 0.5, 7], "texture": "#1"}
			}
		}
	],
	"display": {
		"thirdperson_righthand": {
			"translation": [0, 2, 1],
			"scale": [0.8, 0.8, 0.8]
		},
		"thirdperson_lefthand": {
			"translation": [-12, 3, 1]
		},
		"firstperson_righthand": {
			"translation": [-8.97, 16.5, 1],
			"scale": [4, 4, 2.01]
		},
		"firstperson_lefthand": {
			"translation": [-18, 4.5, 4]
		},
		"ground": {
			"rotation": [0, 0, -90],
			"translation": [3.25, -2.75, 2.5]
		},
		"gui": {
			"rotation": [17, 127, -21],
			"translation": [2.5, 4.75, 0],
			"scale": [1.1, 1.1, 1.1]
		},
		"head": {
			"translation": [0, 2.25, -8.75]
		},
		"fixed": {
			"rotation": [0, -90, 0],
			"translation": [-3, 4, 0.5]
		}
	},
	"groups": [
		{
			"name": "base",
			"origin": [8, 3.5, 10],
			"color": 0,
			"children": []
		},
		{
			"name": "octagon",
			"origin": [8, 8, 8],
			"color": 0,
			"children": []
		},
		{
			"name": "octagon",
			"origin": [8, 8, 8],
			"color": 0,
			"children": []
		},
		{
			"name": "octagon",
			"origin": [8, 8, 8],
			"color": 0,
			"children": []
		},
		{
			"name": "octagon",
			"origin": [8, 8, 8],
			"color": 0,
			"children": []
		},
		0,
		1,
		2,
		3,
		4,
		5,
		6,
		7,
		8,
		9,
		10,
		11,
		12,
		13,
		14,
		15,
		16,
		17,
		18,
		19,
		20,
		21,
		22,
		23,
		24,
		25,
		26,
		27,
		28,
		29,
		30,
		31,
		32,
		33,
		34,
		35,
		36,
		37,
		38,
		39,
		40,
		41,
		42,
		43,
		44,
		45,
		46,
		47,
		48,
		49,
		50,
		51,
		52,
		53,
		54,
		55,
		56,
		57,
		58,
		59,
		60,
		61,
		62,
		63,
		64,
		65,
		66,
		67,
		68,
		69,
		70,
		71,
		72,
		73,
		74,
		75,
		76,
		77
	]
}