{
	"format_version": "1.21.6",
	"credit": "Made with Blockbench",
	"textures": {
		"0": "chems_guns:item/gun_ammo/p90",
		"1": "chems_guns:item/gun_ammo/mp5",
		"particle": "chems_guns:item/gun_ammo/p90"
	},
	"elements": [
		{
			"from": [7.5, 4.2, 6.4],
			"to": [8.5, 5, 12.75],
			"rotation": {"angle": 0, "axis": "y", "origin": [8, 4.5, 9.15]},
			"faces": {
				"north": {"uv": [0, 0, 1, 1], "texture": "#0"},
				"east": {"uv": [0, 0, 6, 1], "texture": "#0"},
				"south": {"uv": [0, 0, 1, 1], "texture": "#0"},
				"west": {"uv": [4.5, 3, 11.5, 4], "texture": "#0"},
				"up": {"uv": [0, 0, 7, 1], "rotation": 90, "texture": "#0"},
				"down": {"uv": [0, 0, 7, 1], "rotation": 90, "texture": "#0"}
			}
		},
		{
			"from": [7.5, 4.2, 5.55],
			"to": [8.5, 4.8, 6.4],
			"rotation": {"angle": 0, "axis": "y", "origin": [8, 4.5, 8.25]},
			"faces": {
				"north": {"uv": [0, 0, 1, 1], "texture": "#0"},
				"east": {"uv": [0, 0, 1, 1], "texture": "#0"},
				"south": {"uv": [0, 0, 1, 1], "texture": "#0"},
				"west": {"uv": [4.5, 3, 5.5, 4], "texture": "#0"},
				"up": {"uv": [0, 0, 7, 1], "rotation": 90, "texture": "#0"},
				"down": {"uv": [0, 0, 7, 1], "rotation": 90, "texture": "#0"}
			}
		},
		{
			"from": [7.6, 4.8, 5.55],
			"to": [8.4, 5, 6.4],
			"rotation": {"angle": 0, "axis": "y", "origin": [8, 5.1, 8.25]},
			"faces": {
				"north": {"uv": [0, 0, 1, 1], "texture": "#0"},
				"east": {"uv": [0, 0, 1, 1], "texture": "#0"},
				"south": {"uv": [0, 0, 1, 1], "texture": "#0"},
				"west": {"uv": [4.5, 3, 5.5, 3.5], "texture": "#0"},
				"up": {"uv": [0, 0, 7, 1], "rotation": 90, "texture": "#0"},
				"down": {"uv": [0, 0, 7, 1], "rotation": 90, "texture": "#0"}
			}
		},
		{
			"from": [7.4, 4.8, 8.35],
			"to": [8.6, 5, 8.847],
			"rotation": {"angle": 0, "axis": "y", "origin": [8, 4.9, 8.5985]},
			"faces": {
				"north": {"uv": [0, 0, 1, 0.5], "texture": "#0"},
				"east": {"uv": [0, 0, 1, 0.5], "texture": "#0"},
				"south": {"uv": [0, 0, 1, 0.5], "texture": "#0"},
				"west": {"uv": [4.5, 3, 5.5, 3.5], "texture": "#0"},
				"up": {"uv": [0, 3, 1, 5.5], "rotation": 90, "texture": "#0"},
				"down": {"uv": [0, 0, 7, 1], "rotation": 90, "texture": "#0"}
			}
		},
		{
			"from": [7.4, 4.8, 8.35],
			"to": [8.6, 5, 8.847],
			"rotation": {"angle": -45, "axis": "y", "origin": [8, 4.9, 8.5985]},
			"faces": {
				"north": {"uv": [0, 0, 1, 0.5], "texture": "#0"},
				"east": {"uv": [0, 0, 1, 0.5], "texture": "#0"},
				"south": {"uv": [0, 0, 1, 0.5], "texture": "#0"},
				"west": {"uv": [4.5, 3, 5.5, 3.5], "texture": "#0"},
				"up": {"uv": [0, 3, 1, 5.5], "rotation": 90, "texture": "#0"},
				"down": {"uv": [0, 0, 7, 1], "rotation": 90, "texture": "#0"}
			}
		},
		{
			"from": [7.4, 4.8, 8.35],
			"to": [8.6, 5, 8.847],
			"rotation": {"angle": 45, "axis": "y", "origin": [8, 4.9, 8.5985]},
			"faces": {
				"north": {"uv": [0, 0, 1, 0.5], "texture": "#0"},
				"east": {"uv": [0, 0, 1, 0.5], "texture": "#0"},
				"south": {"uv": [0, 0, 1, 0.5], "texture": "#0"},
				"west": {"uv": [4.5, 3, 5.5, 3.5], "texture": "#0"},
				"up": {"uv": [0, 3, 1, 5.5], "rotation": 90, "texture": "#0"},
				"down": {"uv": [0, 0, 7, 1], "rotation": 90, "texture": "#0"}
			}
		},
		{
			"from": [7.7, 4, 5.55],
			"to": [8.3, 4.25, 12.75],
			"rotation": {"angle": 0, "axis": "y", "origin": [8, 4.5, 9.15]},
			"faces": {
				"north": {"uv": [0, 0, 1, 1], "texture": "#0"},
				"east": {"uv": [0, 0, 7, 0.5], "texture": "#0"},
				"south": {"uv": [0, 0, 1, 1], "texture": "#0"},
				"west": {"uv": [4.5, 3, 13.5, 3.5], "texture": "#0"},
				"up": {"uv": [0, 0, 7, 1], "rotation": 90, "texture": "#0"},
				"down": {"uv": [0, 0, 7, 1], "rotation": 90, "texture": "#0"}
			}
		},
		{
			"from": [7.56505, 4.04773, 5.55],
			"to": [7.81505, 4.32873, 12.75],
			"rotation": {"angle": 45, "axis": "z", "origin": [7.69005, 4.18823, 9.15]},
			"faces": {
				"north": {"uv": [0, 0, 0.5, 0.5], "texture": "#0"},
				"east": {"uv": [0, 0, 7, 0.5], "texture": "#0"},
				"south": {"uv": [0, 0, 0.5, 0.5], "texture": "#0"},
				"west": {"uv": [4.5, 3, 13.5, 3.5], "texture": "#0"},
				"up": {"uv": [0, 0, 7, 1], "rotation": 90, "texture": "#0"},
				"down": {"uv": [0, 0, 7, 0.5], "rotation": 90, "texture": "#0"}
			}
		},
		{
			"from": [8.18495, 4.04773, 5.55],
			"to": [8.43495, 4.32873, 12.75],
			"rotation": {"angle": -45, "axis": "z", "origin": [8.30995, 4.18823, 9.15]},
			"faces": {
				"north": {"uv": [0.5, 0, 0, 0.5], "texture": "#0"},
				"east": {"uv": [13.5, 3, 4.5, 3.5], "texture": "#0"},
				"south": {"uv": [0.5, 0, 0, 0.5], "texture": "#0"},
				"west": {"uv": [7, 0, 0, 0.5], "texture": "#0"},
				"up": {"uv": [0, 1, 7, 0], "rotation": 90, "texture": "#0"},
				"down": {"uv": [0, 0.5, 7, 0], "rotation": 90, "texture": "#0"}
			}
		},
		{
			"from": [7.501, 5.2, 5.5],
			"to": [7.599, 6.5, 6.34],
			"rotation": {"angle": -22.5, "axis": "x", "origin": [8, 5.45, 5.875]},
			"faces": {
				"north": {"uv": [2, 5, 3, 6.5], "texture": "#0"},
				"east": {"uv": [2, 5, 3, 6.5], "texture": "#0"},
				"south": {"uv": [2, 5, 3, 6.5], "texture": "#0"},
				"west": {"uv": [2, 5, 3, 6.5], "texture": "#0"},
				"up": {"uv": [1, 5, 2, 6], "rotation": 90, "texture": "#0"},
				"down": {"uv": [1, 5, 2, 6], "rotation": 90, "texture": "#0"}
			}
		},
		{
			"from": [7.5, 5, 5.55],
			"to": [7.6, 5.4, 6.4],
			"rotation": {"angle": 0, "axis": "y", "origin": [8, 5.15, 5.975]},
			"faces": {
				"north": {"uv": [2, 5, 3, 5.5], "texture": "#0"},
				"east": {"uv": [2, 5, 3, 5.5], "texture": "#0"},
				"south": {"uv": [2, 5, 3, 5.5], "texture": "#0"},
				"west": {"uv": [2, 5, 3, 5.5], "texture": "#0"},
				"up": {"uv": [1, 5, 2, 6], "rotation": 90, "texture": "#0"},
				"down": {"uv": [1, 5, 2, 6], "rotation": 90, "texture": "#0"}
			}
		},
		{
			"from": [7.5, 5.6, 2.25],
			"to": [8.5, 6, 3.1],
			"rotation": {"angle": 0, "axis": "y", "origin": [0, -0.1, -3.25]},
			"faces": {
				"north": {"uv": [6, 3.5, 8, 5], "texture": "#0"},
				"east": {"uv": [15, 4.5, 16, 6], "texture": "#0"},
				"south": {"uv": [15, 4.5, 16, 6], "texture": "#0"},
				"west": {"uv": [12, 4.5, 13.5, 5.5], "texture": "#0"},
				"up": {"uv": [14, 4.5, 15, 5.5], "rotation": 90, "texture": "#0"},
				"down": {"uv": [4, 5, 5, 6], "rotation": 90, "texture": "#0"}
			}
		},
		{
			"from": [7.5, 5.9, 2.5],
			"to": [8.5, 6, 3.6],
			"rotation": {"angle": 0, "axis": "y", "origin": [8, 6.35, 2.675]},
			"faces": {
				"north": {"uv": [5, 5, 6, 6], "texture": "#0"},
				"east": {"uv": [1.5, 5, 6, 6], "texture": "#0"},
				"south": {"uv": [5, 5, 6, 6.5], "texture": "#0"},
				"west": {"uv": [2, 6, 0, 6.5], "texture": "#0"},
				"up": {"uv": [0.5, 5, 5, 6], "rotation": 90, "texture": "#0"},
				"down": {"uv": [4, 5, 5, 6], "rotation": 90, "texture": "#0"}
			}
		},
		{
			"from": [7.7, 6, 2.36],
			"to": [8.3, 6.25, 3.76],
			"rotation": {"angle": 0, "axis": "y", "origin": [8, 6.05, 3.05]},
			"faces": {
				"north": {"uv": [5, 5, 6, 6], "texture": "#0"},
				"east": {"uv": [1.5, 5, 6, 6], "texture": "#0"},
				"south": {"uv": [5, 5, 6, 6.5], "texture": "#0"},
				"west": {"uv": [2.5, 5.5, 0, 6], "texture": "#0"},
				"up": {"uv": [0.5, 5, 3, 6], "rotation": 90, "texture": "#0"},
				"down": {"uv": [4, 5, 5, 6], "rotation": 90, "texture": "#0"}
			}
		},
		{
			"from": [7.7, 6.25, 2.46],
			"to": [8.3, 6.5, 4.36],
			"rotation": {"angle": 0, "axis": "y", "origin": [8, 6.25, 3.15]},
			"faces": {
				"north": {"uv": [5, 5, 6, 6], "texture": "#0"},
				"east": {"uv": [1.5, 5, 6, 6], "texture": "#0"},
				"south": {"uv": [5, 5, 6, 6.5], "texture": "#0"},
				"west": {"uv": [2.5, 6, 0, 6.5], "texture": "#0"},
				"up": {"uv": [0.5, 5, 3, 6], "rotation": 90, "texture": "#0"},
				"down": {"uv": [4, 5, 5, 6], "rotation": 90, "texture": "#0"}
			}
		},
		{
			"from": [7.5, 5.925, 3.43],
			"to": [8.5, 6.025, 4.33],
			"rotation": {"angle": -22.5, "axis": "x", "origin": [8, 6.35, 3.575]},
			"faces": {
				"north": {"uv": [5, 5, 6, 6], "texture": "#0"},
				"east": {"uv": [1.5, 5, 6, 6], "texture": "#0"},
				"south": {"uv": [5, 5, 6, 6.5], "texture": "#0"},
				"west": {"uv": [2.5, 6, 0, 6.5], "texture": "#0"},
				"up": {"uv": [0.5, 5, 5, 6], "rotation": 90, "texture": "#0"},
				"down": {"uv": [4, 5, 5, 6], "rotation": 90, "texture": "#0"}
			}
		},
		{
			"from": [7.701, 6.025, 3.43],
			"to": [8.299, 6.225, 4.13],
			"rotation": {"angle": -22.5, "axis": "x", "origin": [8, 6.45, 3.575]},
			"faces": {
				"north": {"uv": [5, 5, 6, 6], "texture": "#0"},
				"east": {"uv": [1.5, 5, 6, 6], "texture": "#0"},
				"south": {"uv": [5, 5, 6, 6.5], "texture": "#0"},
				"west": {"uv": [1.5, 6, 0, 6.5], "texture": "#0"},
				"up": {"uv": [0.5, 5, 5, 6], "rotation": 90, "texture": "#0"},
				"down": {"uv": [4, 5, 5, 6], "rotation": 90, "texture": "#0"}
			}
		},
		{
			"from": [7.5, 6.25, 4.4],
			"to": [8.5, 6.35, 5.9],
			"rotation": {"angle": 0, "axis": "y", "origin": [8, 6.55, 2.675]},
			"faces": {
				"north": {"uv": [5, 5, 6, 6], "texture": "#0"},
				"east": {"uv": [1.5, 5, 6, 6], "texture": "#0"},
				"south": {"uv": [5, 6, 7.5, 6.5], "texture": "#0"},
				"west": {"uv": [4, 6, 0, 6.5], "texture": "#0"},
				"up": {"uv": [0.5, 5, 5, 6], "rotation": 90, "texture": "#0"},
				"down": {"uv": [4, 5, 5, 6], "rotation": 90, "texture": "#0"}
			}
		},
		{
			"from": [7.7, 6.3, 4.36],
			"to": [8.3, 6.5, 5.76],
			"rotation": {"angle": 0, "axis": "y", "origin": [8, 6.25, 5.05]},
			"faces": {
				"north": {"uv": [5, 5, 6, 6], "texture": "#0"},
				"east": {"uv": [1.5, 5, 6, 6], "texture": "#0"},
				"south": {"uv": [5, 5.5, 7.5, 6.5], "texture": "#0"},
				"west": {"uv": [2, 6, 0, 6.5], "texture": "#0"},
				"up": {"uv": [0.5, 5, 3, 6], "rotation": 90, "texture": "#0"},
				"down": {"uv": [4, 5, 5, 6], "rotation": 90, "texture": "#0"}
			}
		},
		{
			"from": [7.5, 6.5, 2.5],
			"to": [8.5, 6.6, 5.9],
			"rotation": {"angle": 0, "axis": "y", "origin": [8, 6.55, 2.675]},
			"faces": {
				"north": {"uv": [5, 5, 6, 6], "texture": "#0"},
				"east": {"uv": [1.5, 5, 6, 6], "texture": "#0"},
				"south": {"uv": [5, 6, 6, 6.5], "texture": "#0"},
				"west": {"uv": [8.5, 5.5, 0, 6.5], "texture": "#0"},
				"up": {"uv": [0.5, 5, 5, 6], "rotation": 90, "texture": "#0"},
				"down": {"uv": [4, 5, 5, 6], "rotation": 90, "texture": "#0"}
			}
		},
		{
			"from": [7.5, 5.93, 2.345],
			"to": [8.5, 6.58, 2.445],
			"rotation": {"angle": 22.5, "axis": "x", "origin": [8, 6.2, 2.475]},
			"faces": {
				"north": {"uv": [11, 4.5, 13, 6], "texture": "#0"},
				"east": {"uv": [12, 4.5, 13, 6], "texture": "#0"},
				"south": {"uv": [15, 4.5, 16, 6], "texture": "#0"},
				"west": {"uv": [13.5, 4.5, 14, 6], "texture": "#0"},
				"up": {"uv": [14, 4.5, 15, 5.5], "rotation": 90, "texture": "#0"},
				"down": {"uv": [4, 5, 5, 6], "rotation": 90, "texture": "#0"}
			}
		},
		{
			"name": "octagon",
			"from": [7.6, 6.48579, 2.61],
			"to": [8.4, 6.66079, 2.71],
			"rotation": {"angle": 0, "axis": "y", "origin": [8, 6.55, 2.71]},
			"faces": {
				"north": {"uv": [2, 0, 3, 1], "texture": "#1"},
				"east": {"uv": [2, 16, 3, 14], "texture": "#1"},
				"south": {"uv": [4, 0, 6, 1], "texture": "#1"},
				"west": {"uv": [3, 16, 2, 14], "texture": "#1"},
				"up": {"uv": [0, 0, 1, 1], "texture": "#1"},
				"down": {"uv": [2, 14, 3, 16], "rotation": 90, "texture": "#1"}
			}
		},
		{
			"name": "octagon",
			"from": [7.6, 6.48579, 2.81],
			"to": [8.4, 6.66079, 2.91],
			"rotation": {"angle": 0, "axis": "y", "origin": [8, 6.55, 2.91]},
			"faces": {
				"north": {"uv": [2, 0, 3, 1], "texture": "#1"},
				"east": {"uv": [2, 16, 3, 14], "texture": "#1"},
				"south": {"uv": [4, 0, 6, 1], "texture": "#1"},
				"west": {"uv": [3, 16, 2, 14], "texture": "#1"},
				"up": {"uv": [0, 0, 1, 1], "texture": "#1"},
				"down": {"uv": [2, 14, 3, 16], "rotation": 90, "texture": "#1"}
			}
		},
		{
			"name": "octagon",
			"from": [7.6, 6.48579, 3.01],
			"to": [8.4, 6.66079, 3.11],
			"rotation": {"angle": 0, "axis": "y", "origin": [8, 6.55, 3.11]},
			"faces": {
				"north": {"uv": [2, 0, 3, 1], "texture": "#1"},
				"east": {"uv": [2, 16, 3, 14], "texture": "#1"},
				"south": {"uv": [4, 0, 6, 1], "texture": "#1"},
				"west": {"uv": [3, 16, 2, 14], "texture": "#1"},
				"up": {"uv": [0, 0, 1, 1], "texture": "#1"},
				"down": {"uv": [2, 14, 3, 16], "rotation": 90, "texture": "#1"}
			}
		},
		{
			"name": "octagon",
			"from": [7.6, 6.48579, 3.21],
			"to": [8.4, 6.66079, 3.31],
			"rotation": {"angle": 0, "axis": "y", "origin": [8, 6.55, 3.31]},
			"faces": {
				"north": {"uv": [2, 0, 3, 1], "texture": "#1"},
				"east": {"uv": [2, 16, 3, 14], "texture": "#1"},
				"south": {"uv": [4, 0, 6, 1], "texture": "#1"},
				"west": {"uv": [3, 16, 2, 14], "texture": "#1"},
				"up": {"uv": [0, 0, 1, 1], "texture": "#1"},
				"down": {"uv": [2, 14, 3, 16], "rotation": 90, "texture": "#1"}
			}
		},
		{
			"name": "octagon",
			"from": [7.6, 6.48579, 3.41],
			"to": [8.4, 6.66079, 3.51],
			"rotation": {"angle": 0, "axis": "y", "origin": [8, 6.55, 3.51]},
			"faces": {
				"north": {"uv": [2, 0, 3, 1], "texture": "#1"},
				"east": {"uv": [2, 16, 3, 14], "texture": "#1"},
				"south": {"uv": [4, 0, 6, 1], "texture": "#1"},
				"west": {"uv": [3, 16, 2, 14], "texture": "#1"},
				"up": {"uv": [0, 0, 1, 1], "texture": "#1"},
				"down": {"uv": [2, 14, 3, 16], "rotation": 90, "texture": "#1"}
			}
		},
		{
			"name": "octagon",
			"from": [7.6, 6.48579, 3.61],
			"to": [8.4, 6.66079, 3.71],
			"rotation": {"angle": 0, "axis": "y", "origin": [8, 6.55, 3.71]},
			"faces": {
				"north": {"uv": [2, 0, 3, 1], "texture": "#1"},
				"east": {"uv": [2, 16, 3, 14], "texture": "#1"},
				"south": {"uv": [4, 0, 6, 1], "texture": "#1"},
				"west": {"uv": [3, 16, 2, 14], "texture": "#1"},
				"up": {"uv": [0, 0, 1, 1], "texture": "#1"},
				"down": {"uv": [2, 14, 3, 16], "rotation": 90, "texture": "#1"}
			}
		},
		{
			"name": "octagon",
			"from": [7.6, 6.48579, 3.81],
			"to": [8.4, 6.66079, 3.91],
			"rotation": {"angle": 0, "axis": "y", "origin": [8, 6.55, 3.91]},
			"faces": {
				"north": {"uv": [2, 0, 3, 1], "texture": "#1"},
				"east": {"uv": [2, 16, 3, 14], "texture": "#1"},
				"south": {"uv": [4, 0, 6, 1], "texture": "#1"},
				"west": {"uv": [3, 16, 2, 14], "texture": "#1"},
				"up": {"uv": [0, 0, 1, 1], "texture": "#1"},
				"down": {"uv": [2, 14, 3, 16], "rotation": 90, "texture": "#1"}
			}
		},
		{
			"name": "octagon",
			"from": [7.6, 6.48579, 4.01],
			"to": [8.4, 6.66079, 4.11],
			"rotation": {"angle": 0, "axis": "y", "origin": [8, 6.55, 4.11]},
			"faces": {
				"north": {"uv": [2, 0, 3, 1], "texture": "#1"},
				"east": {"uv": [2, 16, 3, 14], "texture": "#1"},
				"south": {"uv": [4, 0, 6, 1], "texture": "#1"},
				"west": {"uv": [3, 16, 2, 14], "texture": "#1"},
				"up": {"uv": [0, 0, 1, 1], "texture": "#1"},
				"down": {"uv": [2, 14, 3, 16], "rotation": 90, "texture": "#1"}
			}
		},
		{
			"name": "octagon",
			"from": [7.6, 6.48579, 4.21],
			"to": [8.4, 6.66079, 4.31],
			"rotation": {"angle": 0, "axis": "y", "origin": [8, 6.55, 4.31]},
			"faces": {
				"north": {"uv": [2, 0, 3, 1], "texture": "#1"},
				"east": {"uv": [2, 16, 3, 14], "texture": "#1"},
				"south": {"uv": [4, 0, 6, 1], "texture": "#1"},
				"west": {"uv": [3, 16, 2, 14], "texture": "#1"},
				"up": {"uv": [0, 0, 1, 1], "texture": "#1"},
				"down": {"uv": [2, 14, 3, 16], "rotation": 90, "texture": "#1"}
			}
		},
		{
			"name": "octagon",
			"from": [7.6, 6.48579, 4.41],
			"to": [8.4, 6.66079, 4.51],
			"rotation": {"angle": 0, "axis": "y", "origin": [8, 6.55, 4.51]},
			"faces": {
				"north": {"uv": [2, 0, 3, 1], "texture": "#1"},
				"east": {"uv": [2, 16, 3, 14], "texture": "#1"},
				"south": {"uv": [4, 0, 6, 1], "texture": "#1"},
				"west": {"uv": [3, 16, 2, 14], "texture": "#1"},
				"up": {"uv": [0, 0, 1, 1], "texture": "#1"},
				"down": {"uv": [2, 14, 3, 16], "rotation": 90, "texture": "#1"}
			}
		},
		{
			"name": "octagon",
			"from": [7.6, 6.48579, 4.61],
			"to": [8.4, 6.66079, 4.71],
			"rotation": {"angle": 0, "axis": "y", "origin": [8, 6.55, 4.71]},
			"faces": {
				"north": {"uv": [2, 0, 3, 1], "texture": "#1"},
				"east": {"uv": [2, 16, 3, 14], "texture": "#1"},
				"south": {"uv": [4, 0, 6, 1], "texture": "#1"},
				"west": {"uv": [3, 16, 2, 14], "texture": "#1"},
				"up": {"uv": [0, 0, 1, 1], "texture": "#1"},
				"down": {"uv": [2, 14, 3, 16], "rotation": 90, "texture": "#1"}
			}
		},
		{
			"name": "octagon",
			"from": [7.6, 6.48579, 4.81],
			"to": [8.4, 6.66079, 4.91],
			"rotation": {"angle": 0, "axis": "y", "origin": [8, 6.55, 4.91]},
			"faces": {
				"north": {"uv": [2, 0, 3, 1], "texture": "#1"},
				"east": {"uv": [2, 16, 3, 14], "texture": "#1"},
				"south": {"uv": [4, 0, 6, 1], "texture": "#1"},
				"west": {"uv": [3, 16, 2, 14], "texture": "#1"},
				"up": {"uv": [0, 0, 1, 1], "texture": "#1"},
				"down": {"uv": [2, 14, 3, 16], "rotation": 90, "texture": "#1"}
			}
		},
		{
			"name": "octagon",
			"from": [7.6, 6.48579, 5.01],
			"to": [8.4, 6.66079, 5.11],
			"rotation": {"angle": 0, "axis": "y", "origin": [8, 6.55, 5.11]},
			"faces": {
				"north": {"uv": [2, 0, 3, 1], "texture": "#1"},
				"east": {"uv": [2, 16, 3, 14], "texture": "#1"},
				"south": {"uv": [4, 0, 6, 1], "texture": "#1"},
				"west": {"uv": [3, 16, 2, 14], "texture": "#1"},
				"up": {"uv": [0, 0, 1, 1], "texture": "#1"},
				"down": {"uv": [2, 14, 3, 16], "rotation": 90, "texture": "#1"}
			}
		},
		{
			"name": "octagon",
			"from": [7.6, 6.48579, 5.21],
			"to": [8.4, 6.66079, 5.31],
			"rotation": {"angle": 0, "axis": "y", "origin": [8, 6.55, 5.31]},
			"faces": {
				"north": {"uv": [2, 0, 3, 1], "texture": "#1"},
				"east": {"uv": [2, 16, 3, 14], "texture": "#1"},
				"south": {"uv": [4, 0, 6, 1], "texture": "#1"},
				"west": {"uv": [3, 16, 2, 14], "texture": "#1"},
				"up": {"uv": [0, 0, 1, 1], "texture": "#1"},
				"down": {"uv": [2, 14, 3, 16], "rotation": 90, "texture": "#1"}
			}
		},
		{
			"name": "octagon",
			"from": [7.6, 6.48579, 5.41],
			"to": [8.4, 6.66079, 5.51],
			"rotation": {"angle": 0, "axis": "y", "origin": [8, 6.55, 5.51]},
			"faces": {
				"north": {"uv": [2, 0, 3, 1], "texture": "#1"},
				"east": {"uv": [2, 16, 3, 14], "texture": "#1"},
				"south": {"uv": [4, 0, 6, 1], "texture": "#1"},
				"west": {"uv": [3, 16, 2, 14], "texture": "#1"},
				"up": {"uv": [0, 0, 1, 1], "texture": "#1"},
				"down": {"uv": [2, 14, 3, 16], "rotation": 90, "texture": "#1"}
			}
		},
		{
			"name": "octagon",
			"from": [7.6, 6.48579, 5.61],
			"to": [8.4, 6.66079, 5.71],
			"rotation": {"angle": 0, "axis": "y", "origin": [8, 6.55, 5.71]},
			"faces": {
				"north": {"uv": [2, 0, 3, 1], "texture": "#1"},
				"east": {"uv": [2, 16, 3, 14], "texture": "#1"},
				"south": {"uv": [4, 0, 6, 1], "texture": "#1"},
				"west": {"uv": [3, 16, 2, 14], "texture": "#1"},
				"up": {"uv": [0, 0, 1, 1], "texture": "#1"},
				"down": {"uv": [2, 14, 3, 16], "rotation": 90, "texture": "#1"}
			}
		},
		{
			"from": [7.601, 6.2, 6.2],
			"to": [8.399, 6.5, 6.34],
			"rotation": {"angle": -22.5, "axis": "x", "origin": [8.1, 5.45, 5.875]},
			"faces": {
				"north": {"uv": [2, 5, 3, 6.5], "texture": "#0"},
				"east": {"uv": [2, 5, 3, 6.5], "texture": "#0"},
				"south": {"uv": [11.5, 4.5, 13.5, 5.5], "texture": "#0"},
				"west": {"uv": [2, 5, 3, 6.5], "texture": "#0"},
				"up": {"uv": [1, 5, 2, 6], "rotation": 90, "texture": "#0"},
				"down": {"uv": [1, 5, 2, 6], "rotation": 90, "texture": "#0"}
			}
		},
		{
			"from": [8.401, 5.2, 5.5],
			"to": [8.499, 6.5, 6.34],
			"rotation": {"angle": -22.5, "axis": "x", "origin": [8.9, 5.45, 5.875]},
			"faces": {
				"north": {"uv": [2, 5, 3, 6.5], "texture": "#0"},
				"east": {"uv": [2, 5, 3, 6.5], "texture": "#0"},
				"south": {"uv": [2, 5, 3, 6.5], "texture": "#0"},
				"west": {"uv": [2, 5, 3, 6.5], "texture": "#0"},
				"up": {"uv": [1, 5, 2, 6], "rotation": 90, "texture": "#0"},
				"down": {"uv": [1, 5, 2, 6], "rotation": 90, "texture": "#0"}
			}
		},
		{
			"from": [8.4, 4.9, 5.55],
			"to": [8.5, 5.4, 6.4],
			"rotation": {"angle": 0, "axis": "y", "origin": [8.9, 5.15, 5.975]},
			"faces": {
				"north": {"uv": [2, 5, 3, 5.5], "texture": "#0"},
				"east": {"uv": [2, 5, 3, 5.5], "texture": "#0"},
				"south": {"uv": [2, 5, 3, 5.5], "texture": "#0"},
				"west": {"uv": [2, 5, 3, 5.5], "texture": "#0"},
				"up": {"uv": [1, 5, 2, 6], "rotation": 90, "texture": "#0"},
				"down": {"uv": [1, 5, 2, 6], "rotation": 90, "texture": "#0"}
			}
		},
		{
			"name": "octagon",
			"from": [7.59289, 6.65, 2.7999],
			"to": [8.40711, 6.75, 3.2999],
			"rotation": {"angle": 0, "axis": "y", "origin": [8, 6.5, 2.8499]},
			"faces": {
				"north": {"uv": [0, 4, 1, 5], "texture": "#1"},
				"east": {"uv": [0, 0, 1, 1], "texture": "#1"},
				"south": {"uv": [0, 0, 1, 1], "texture": "#1"},
				"west": {"uv": [3, 1, 5, 2], "texture": "#1"},
				"up": {"uv": [0, 0, 1, 1], "texture": "#1"},
				"down": {"uv": [0, 0, 1, 2], "texture": "#1"}
			}
		},
		{
			"name": "octagon",
			"from": [7.79289, 6.55, 2.8999],
			"to": [8.20711, 6.65, 3.2999],
			"rotation": {"angle": 0, "axis": "y", "origin": [8.2, 6.4, 3.2499]},
			"faces": {
				"north": {"uv": [0, 4, 1, 5], "texture": "#1"},
				"east": {"uv": [0, 0, 1, 1], "texture": "#1"},
				"south": {"uv": [0, 0, 1, 1], "texture": "#1"},
				"west": {"uv": [0, 0, 1, 1], "texture": "#1"},
				"up": {"uv": [0, 0, 1, 1], "texture": "#1"},
				"down": {"uv": [0, 0, 1, 2], "texture": "#1"}
			}
		},
		{
			"name": "octagon",
			"from": [7.79289, 6.55, 5.2999],
			"to": [8.20711, 6.65, 5.6999],
			"rotation": {"angle": 0, "axis": "y", "origin": [8.2, 6.4, 5.6499]},
			"faces": {
				"north": {"uv": [0, 4, 1, 5], "texture": "#1"},
				"east": {"uv": [0, 0, 1, 1], "texture": "#1"},
				"south": {"uv": [0, 0, 1, 1], "texture": "#1"},
				"west": {"uv": [0, 0, 1, 1], "texture": "#1"},
				"up": {"uv": [0, 0, 1, 1], "texture": "#1"},
				"down": {"uv": [0, 0, 1, 2], "texture": "#1"}
			}
		},
		{
			"name": "octagon",
			"from": [7.59289, 6.75, 2.7999],
			"to": [7.70711, 6.85, 3.2999],
			"rotation": {"angle": 0, "axis": "y", "origin": [8, 6.7, 2.8499]},
			"faces": {
				"north": {"uv": [0, 4, 1, 5], "texture": "#1"},
				"east": {"uv": [0, 0, 1, 1], "texture": "#1"},
				"south": {"uv": [0, 0, 1, 1], "texture": "#1"},
				"west": {"uv": [0, 0, 2, 1], "texture": "#1"},
				"up": {"uv": [0, 0, 1, 1], "texture": "#1"},
				"down": {"uv": [0, 0, 1, 2], "texture": "#1"}
			}
		},
		{
			"name": "octagon",
			"from": [7.59289, 6.85, 2.915],
			"to": [7.70711, 7.1275, 3.185],
			"rotation": {"angle": 0, "axis": "y", "origin": [8, 6.8, 2.8499]},
			"faces": {
				"north": {"uv": [0, 4, 1, 5], "texture": "#1"},
				"east": {"uv": [0, 0, 1, 1], "texture": "#1"},
				"south": {"uv": [0, 0, 1, 1], "texture": "#1"},
				"west": {"uv": [0, 0, 2, 2], "texture": "#1"},
				"up": {"uv": [0, 0, 1, 1], "texture": "#1"},
				"down": {"uv": [0, 0, 1, 2], "texture": "#1"}
			}
		},
		{
			"name": "octagon",
			"from": [7.593, 6.7775, 3.065],
			"to": [7.70722, 7.0775, 3.265],
			"rotation": {"angle": -22.5, "axis": "x", "origin": [7.65, 6.9, 3.0999]},
			"faces": {
				"north": {"uv": [0, 4, 1, 5], "texture": "#1"},
				"east": {"uv": [0, 0, 1, 1], "texture": "#1"},
				"south": {"uv": [0, 0, 1, 1], "texture": "#1"},
				"west": {"uv": [8, 0, 9, 2], "texture": "#1"},
				"up": {"uv": [0, 0, 1, 1], "texture": "#1"},
				"down": {"uv": [0, 0, 1, 2], "texture": "#1"}
			}
		},
		{
			"name": "octagon",
			"from": [8.293, 6.7775, 5.365],
			"to": [8.40722, 7.0775, 5.565],
			"rotation": {"angle": -22.5, "axis": "x", "origin": [8.35, 6.9, 5.3999]},
			"faces": {
				"north": {"uv": [0, 4, 1, 5], "texture": "#1"},
				"east": {"uv": [0, 0, 1, 1], "texture": "#1"},
				"south": {"uv": [0, 0, 1, 1], "texture": "#1"},
				"west": {"uv": [8, 0, 9, 2], "texture": "#1"},
				"up": {"uv": [0, 0, 1, 1], "texture": "#1"},
				"down": {"uv": [0, 0, 1, 2], "texture": "#1"}
			}
		},
		{
			"name": "octagon",
			"from": [8.29289, 6.85, 5.315],
			"to": [8.40711, 7.1275, 5.485],
			"rotation": {"angle": 0, "axis": "y", "origin": [8.7, 6.8, 5.2499]},
			"faces": {
				"north": {"uv": [0, 4, 1, 5], "texture": "#1"},
				"east": {"uv": [0, 0, 1, 1], "texture": "#1"},
				"south": {"uv": [0, 0, 1, 1], "texture": "#1"},
				"west": {"uv": [0, 0, 2, 2], "texture": "#1"},
				"up": {"uv": [0, 0, 1, 1], "texture": "#1"},
				"down": {"uv": [0, 0, 1, 2], "texture": "#1"}
			}
		},
		{
			"name": "octagon",
			"from": [8.293, 6.7775, 5.235],
			"to": [8.40722, 7.0775, 5.435],
			"rotation": {"angle": 22.5, "axis": "x", "origin": [8.35, 6.9, 5.4001]},
			"faces": {
				"north": {"uv": [1, 0, 0, 1], "texture": "#1"},
				"east": {"uv": [1, 0, 0, 1], "texture": "#1"},
				"south": {"uv": [1, 4, 0, 5], "texture": "#1"},
				"west": {"uv": [6, 0, 5, 2], "texture": "#1"},
				"up": {"uv": [0, 1, 1, 0], "texture": "#1"},
				"down": {"uv": [0, 2, 1, 0], "texture": "#1"}
			}
		},
		{
			"name": "octagon",
			"from": [8.29289, 6.75, 5.1999],
			"to": [8.40711, 6.85, 5.5999],
			"rotation": {"angle": 0, "axis": "y", "origin": [8.7, 6.7, 5.2499]},
			"faces": {
				"north": {"uv": [0, 4, 1, 5], "texture": "#1"},
				"east": {"uv": [0, 0, 1, 1], "texture": "#1"},
				"south": {"uv": [0, 0, 1, 1], "texture": "#1"},
				"west": {"uv": [0, 0, 2, 1], "texture": "#1"},
				"up": {"uv": [0, 0, 1, 1], "texture": "#1"},
				"down": {"uv": [0, 0, 1, 2], "texture": "#1"}
			}
		},
		{
			"name": "octagon",
			"from": [7.59289, 6.65, 5.1999],
			"to": [8.40711, 6.75, 5.5999],
			"rotation": {"angle": 0, "axis": "y", "origin": [8, 6.5, 5.2499]},
			"faces": {
				"north": {"uv": [0, 4, 1, 5], "texture": "#1"},
				"east": {"uv": [0, 0, 1, 1], "texture": "#1"},
				"south": {"uv": [0, 0, 1, 1], "texture": "#1"},
				"west": {"uv": [3, 1, 5, 2], "texture": "#1"},
				"up": {"uv": [0, 0, 1, 1], "texture": "#1"},
				"down": {"uv": [0, 0, 1, 2], "texture": "#1"}
			}
		},
		{
			"name": "octagon",
			"from": [7.59289, 6.75, 5.1999],
			"to": [7.70711, 6.85, 5.5999],
			"rotation": {"angle": 0, "axis": "y", "origin": [8, 6.7, 5.2499]},
			"faces": {
				"north": {"uv": [0, 4, 1, 5], "texture": "#1"},
				"east": {"uv": [0, 0, 1, 1], "texture": "#1"},
				"south": {"uv": [0, 0, 1, 1], "texture": "#1"},
				"west": {"uv": [0, 0, 2, 1], "texture": "#1"},
				"up": {"uv": [0, 0, 1, 1], "texture": "#1"},
				"down": {"uv": [0, 0, 1, 2], "texture": "#1"}
			}
		},
		{
			"name": "octagon",
			"from": [7.59289, 6.85, 5.315],
			"to": [7.70711, 7.1275, 5.485],
			"rotation": {"angle": 0, "axis": "y", "origin": [8, 6.8, 5.2499]},
			"faces": {
				"north": {"uv": [0, 4, 1, 5], "texture": "#1"},
				"east": {"uv": [0, 0, 1, 1], "texture": "#1"},
				"south": {"uv": [0, 0, 1, 1], "texture": "#1"},
				"west": {"uv": [0, 0, 2, 2], "texture": "#1"},
				"up": {"uv": [0, 0, 1, 1], "texture": "#1"},
				"down": {"uv": [0, 0, 1, 2], "texture": "#1"}
			}
		},
		{
			"name": "octagon",
			"from": [7.593, 6.7775, 5.235],
			"to": [7.70722, 7.0775, 5.435],
			"rotation": {"angle": 22.5, "axis": "x", "origin": [7.65, 6.9, 5.4001]},
			"faces": {
				"north": {"uv": [1, 0, 0, 1], "texture": "#1"},
				"east": {"uv": [1, 0, 0, 1], "texture": "#1"},
				"south": {"uv": [1, 4, 0, 5], "texture": "#1"},
				"west": {"uv": [6, 0, 5, 2], "texture": "#1"},
				"up": {"uv": [0, 1, 1, 0], "texture": "#1"},
				"down": {"uv": [0, 2, 1, 0], "texture": "#1"}
			}
		},
		{
			"name": "octagon",
			"from": [7.593, 6.7775, 5.365],
			"to": [7.70722, 7.0775, 5.565],
			"rotation": {"angle": -22.5, "axis": "x", "origin": [7.65, 6.9, 5.3999]},
			"faces": {
				"north": {"uv": [0, 4, 1, 5], "texture": "#1"},
				"east": {"uv": [0, 0, 1, 1], "texture": "#1"},
				"south": {"uv": [0, 0, 1, 1], "texture": "#1"},
				"west": {"uv": [8, 0, 9, 2], "texture": "#1"},
				"up": {"uv": [0, 0, 1, 1], "texture": "#1"},
				"down": {"uv": [0, 0, 1, 2], "texture": "#1"}
			}
		},
		{
			"name": "octagon",
			"from": [8.293, 6.7775, 2.835],
			"to": [8.40722, 7.0775, 3.035],
			"rotation": {"angle": 22.5, "axis": "x", "origin": [8.35, 6.9, 3.0001]},
			"faces": {
				"north": {"uv": [1, 0, 0, 1], "texture": "#1"},
				"east": {"uv": [1, 0, 0, 1], "texture": "#1"},
				"south": {"uv": [1, 4, 0, 5], "texture": "#1"},
				"west": {"uv": [6, 0, 5, 2], "texture": "#1"},
				"up": {"uv": [0, 1, 1, 0], "texture": "#1"},
				"down": {"uv": [0, 2, 1, 0], "texture": "#1"}
			}
		},
		{
			"name": "octagon",
			"from": [8.29289, 6.85, 2.915],
			"to": [8.40711, 7.1275, 3.185],
			"rotation": {"angle": 0, "axis": "y", "origin": [8.7, 6.8, 2.8499]},
			"faces": {
				"north": {"uv": [0, 4, 1, 5], "texture": "#1"},
				"east": {"uv": [0, 0, 1, 1], "texture": "#1"},
				"south": {"uv": [0, 0, 1, 1], "texture": "#1"},
				"west": {"uv": [0, 0, 2, 2], "texture": "#1"},
				"up": {"uv": [0, 0, 1, 1], "texture": "#1"},
				"down": {"uv": [0, 0, 1, 2], "texture": "#1"}
			}
		},
		{
			"name": "octagon",
			"from": [8.29289, 6.75, 2.7999],
			"to": [8.40711, 6.85, 3.2999],
			"rotation": {"angle": 0, "axis": "y", "origin": [8.7, 6.7, 2.8499]},
			"faces": {
				"north": {"uv": [0, 4, 1, 5], "texture": "#1"},
				"east": {"uv": [0, 0, 1, 1], "texture": "#1"},
				"south": {"uv": [0, 0, 1, 1], "texture": "#1"},
				"west": {"uv": [0, 0, 2, 1], "texture": "#1"},
				"up": {"uv": [0, 0, 1, 1], "texture": "#1"},
				"down": {"uv": [0, 0, 1, 2], "texture": "#1"}
			}
		},
		{
			"name": "octagon",
			"from": [8.293, 6.7775, 3.065],
			"to": [8.40722, 7.0775, 3.265],
			"rotation": {"angle": -22.5, "axis": "x", "origin": [8.35, 6.9, 3.0999]},
			"faces": {
				"north": {"uv": [0, 4, 1, 5], "texture": "#1"},
				"east": {"uv": [0, 0, 1, 1], "texture": "#1"},
				"south": {"uv": [0, 0, 1, 1], "texture": "#1"},
				"west": {"uv": [8, 0, 9, 2], "texture": "#1"},
				"up": {"uv": [0, 0, 1, 1], "texture": "#1"},
				"down": {"uv": [0, 0, 1, 2], "texture": "#1"}
			}
		},
		{
			"name": "octagon",
			"from": [7.593, 6.7775, 2.835],
			"to": [7.70722, 7.0775, 3.035],
			"rotation": {"angle": 22.5, "axis": "x", "origin": [7.65, 6.9, 3.0001]},
			"faces": {
				"north": {"uv": [1, 0, 0, 1], "texture": "#1"},
				"east": {"uv": [1, 0, 0, 1], "texture": "#1"},
				"south": {"uv": [1, 4, 0, 5], "texture": "#1"},
				"west": {"uv": [6, 0, 5, 2], "texture": "#1"},
				"up": {"uv": [0, 1, 1, 0], "texture": "#1"},
				"down": {"uv": [0, 2, 1, 0], "texture": "#1"}
			}
		},
		{
			"name": "iron_sight",
			"from": [7.95, 6.65, 2.89],
			"to": [8.05, 6.8, 3.09],
			"rotation": {"angle": 0, "axis": "y", "origin": [0, -1, 3.8]},
			"faces": {
				"north": {"uv": [0, 6, 0.5, 7], "texture": "#1"},
				"east": {"uv": [0, 6, 1, 7], "texture": "#1"},
				"south": {"uv": [0, 6, 0.5, 7], "texture": "#1"},
				"west": {"uv": [0, 6, 1, 7], "texture": "#1"},
				"up": {"uv": [0, 6, 0.5, 7], "texture": "#1"},
				"down": {"uv": [0, 6, 0.5, 7], "texture": "#1"}
			}
		},
		{
			"name": "iron_sight",
			"from": [7.9625, 6.8, 2.89],
			"to": [8.0375, 6.85, 3.09],
			"rotation": {"angle": 0, "axis": "y", "origin": [0, -0.8, 3.8]},
			"faces": {
				"north": {"uv": [0, 6, 0.5, 7], "texture": "#1"},
				"east": {"uv": [0, 6, 1, 7], "texture": "#1"},
				"south": {"uv": [0, 6, 0.5, 7], "texture": "#1"},
				"west": {"uv": [0, 6, 1, 7], "texture": "#1"},
				"up": {"uv": [0, 6, 0.5, 7], "texture": "#1"},
				"down": {"uv": [0, 6, 0.5, 7], "texture": "#1"}
			}
		},
		{
			"name": "iron_sight",
			"from": [7.975, 6.85, 2.89],
			"to": [8.025, 6.9, 3.09],
			"rotation": {"angle": 0, "axis": "y", "origin": [0, -0.8, 3.8]},
			"faces": {
				"north": {"uv": [0, 6, 0.5, 7], "texture": "#1"},
				"east": {"uv": [0, 6, 1, 7], "texture": "#1"},
				"south": {"uv": [0, 6, 0.5, 7], "texture": "#1"},
				"west": {"uv": [0, 6, 1, 7], "texture": "#1"},
				"up": {"uv": [0, 6, 0.5, 7], "texture": "#1"},
				"down": {"uv": [0, 6, 0.5, 7], "texture": "#1"}
			}
		},
		{
			"name": "iron_sight",
			"from": [7.9875, 6.85, 2.89],
			"to": [8.0125, 6.95, 3.09],
			"rotation": {"angle": 0, "axis": "y", "origin": [0, -0.8, 3.8]},
			"faces": {
				"north": {"uv": [0, 6, 0.5, 7], "texture": "#1"},
				"east": {"uv": [0, 6, 1, 7], "texture": "#1"},
				"south": {"uv": [0, 6, 0.5, 7], "texture": "#1"},
				"west": {"uv": [0, 6, 1, 7], "texture": "#1"},
				"up": {"uv": [0, 6, 0.5, 7], "texture": "#1"},
				"down": {"uv": [0, 6, 0.5, 7], "texture": "#1"}
			}
		},
		{
			"name": "octagon",
			"from": [7.8, 6.87, 2.8999],
			"to": [7.85, 7.03567, 3.0999],
			"rotation": {"angle": 0, "axis": "z", "origin": [8, 6.95283, 2.9999]},
			"faces": {
				"north": {"uv": [0, 11, 1, 12], "texture": "#1"},
				"east": {"uv": [0, 0, 1, 1], "texture": "#1"},
				"south": {"uv": [0, 0, 1, 1], "texture": "#1"},
				"west": {"uv": [0, 0, 2, 1], "texture": "#1"},
				"up": {"uv": [0, 0, 1, 1], "texture": "#1"},
				"down": {"uv": [0, 0, 1, 1], "texture": "#1"}
			}
		},
		{
			"name": "octagon",
			"from": [7.8, 6.87, 2.8999],
			"to": [7.85, 7.03567, 3.0999],
			"rotation": {"angle": -45, "axis": "z", "origin": [8, 6.95283, 2.9999]},
			"faces": {
				"north": {"uv": [0, 11, 1, 12], "texture": "#1"},
				"east": {"uv": [0, 0, 1, 1], "texture": "#1"},
				"south": {"uv": [0, 0, 1, 1], "texture": "#1"},
				"west": {"uv": [0, 0, 2, 1], "texture": "#1"},
				"up": {"uv": [0, 0, 1, 1], "texture": "#1"},
				"down": {"uv": [0, 0, 1, 1], "texture": "#1"}
			}
		},
		{
			"name": "octagon",
			"from": [7.91717, 7.10283, 2.8999],
			"to": [8.08283, 7.15283, 3.0999],
			"rotation": {"angle": 0, "axis": "y", "origin": [8, 6.95283, 2.9999]},
			"faces": {
				"north": {"uv": [0, 11, 1, 12], "rotation": 270, "texture": "#1"},
				"east": {"uv": [0, 0, 1, 1], "rotation": 90, "texture": "#1"},
				"south": {"uv": [0, 0, 1, 1], "rotation": 90, "texture": "#1"},
				"west": {"uv": [0, 0, 1, 1], "rotation": 90, "texture": "#1"},
				"up": {"uv": [0, 0, 2, 1], "rotation": 90, "texture": "#1"},
				"down": {"uv": [0, 0, 1, 1], "rotation": 90, "texture": "#1"}
			}
		},
		{
			"name": "octagon",
			"from": [7.91717, 7.10283, 2.8999],
			"to": [8.08283, 7.15283, 3.0999],
			"rotation": {"angle": -45, "axis": "z", "origin": [8, 6.95283, 2.9999]},
			"faces": {
				"north": {"uv": [0, 11, 1, 12], "rotation": 270, "texture": "#1"},
				"east": {"uv": [0, 0, 1, 1], "rotation": 90, "texture": "#1"},
				"south": {"uv": [0, 0, 1, 1], "rotation": 90, "texture": "#1"},
				"west": {"uv": [0, 0, 1, 1], "rotation": 90, "texture": "#1"},
				"up": {"uv": [0, 0, 2, 1], "rotation": 90, "texture": "#1"},
				"down": {"uv": [0, 0, 1, 1], "rotation": 90, "texture": "#1"}
			}
		},
		{
			"name": "octagon",
			"from": [8.15, 6.87, 2.8999],
			"to": [8.2, 7.03567, 3.0999],
			"rotation": {"angle": -45, "axis": "z", "origin": [8, 6.95283, 2.9999]},
			"faces": {
				"north": {"uv": [0, 11, 1, 12], "rotation": 180, "texture": "#1"},
				"east": {"uv": [0, 0, 2, 1], "rotation": 180, "texture": "#1"},
				"south": {"uv": [0, 0, 1, 1], "rotation": 180, "texture": "#1"},
				"west": {"uv": [0, 0, 1, 1], "rotation": 180, "texture": "#1"},
				"up": {"uv": [0, 0, 1, 1], "rotation": 180, "texture": "#1"},
				"down": {"uv": [0, 0, 1, 1], "rotation": 180, "texture": "#1"}
			}
		},
		{
			"name": "octagon",
			"from": [7.91717, 6.75283, 2.8999],
			"to": [8.08283, 6.80283, 3.0999],
			"rotation": {"angle": 0, "axis": "z", "origin": [8, 6.95283, 2.9999]},
			"faces": {
				"north": {"uv": [0, 11, 1, 12], "rotation": 90, "texture": "#1"},
				"east": {"uv": [0, 0, 1, 1], "rotation": 270, "texture": "#1"},
				"south": {"uv": [0, 0, 1, 1], "rotation": 270, "texture": "#1"},
				"west": {"uv": [0, 0, 1, 1], "rotation": 270, "texture": "#1"},
				"up": {"uv": [0, 0, 1, 1], "rotation": 270, "texture": "#1"},
				"down": {"uv": [0, 0, 2, 1], "rotation": 270, "texture": "#1"}
			}
		},
		{
			"name": "octagon",
			"from": [7.91717, 6.75283, 2.8999],
			"to": [8.08283, 6.80283, 3.0999],
			"rotation": {"angle": -45, "axis": "z", "origin": [8, 6.95283, 2.9999]},
			"faces": {
				"north": {"uv": [0, 11, 1, 12], "rotation": 90, "texture": "#1"},
				"east": {"uv": [0, 0, 1, 1], "rotation": 270, "texture": "#1"},
				"south": {"uv": [0, 0, 1, 1], "rotation": 270, "texture": "#1"},
				"west": {"uv": [0, 0, 1, 1], "rotation": 270, "texture": "#1"},
				"up": {"uv": [0, 0, 1, 1], "rotation": 270, "texture": "#1"},
				"down": {"uv": [0, 0, 2, 1], "rotation": 270, "texture": "#1"}
			}
		},
		{
			"name": "octagon",
			"from": [7.8, 6.87, 5.2999],
			"to": [7.85, 7.03567, 5.4999],
			"rotation": {"angle": 0, "axis": "y", "origin": [8, 6.95283, 5.3999]},
			"faces": {
				"north": {"uv": [0, 11, 1, 12], "texture": "#1"},
				"east": {"uv": [0, 0, 1, 1], "texture": "#1"},
				"south": {"uv": [0, 0, 1, 1], "texture": "#1"},
				"west": {"uv": [0, 0, 2, 1], "texture": "#1"},
				"up": {"uv": [0, 0, 1, 1], "texture": "#1"},
				"down": {"uv": [0, 0, 1, 1], "texture": "#1"}
			}
		},
		{
			"name": "octagon",
			"from": [7.65, 6.7, 5.2999],
			"to": [7.85, 6.86567, 5.4999],
			"rotation": {"angle": 0, "axis": "y", "origin": [8, 6.75283, 5.3999]},
			"faces": {
				"north": {"uv": [0, 11, 1, 12], "texture": "#1"},
				"east": {"uv": [0, 0, 1, 1], "texture": "#1"},
				"south": {"uv": [0, 0, 1, 1], "texture": "#1"},
				"west": {"uv": [0, 0, 2, 1], "texture": "#1"},
				"up": {"uv": [0, 0, 1, 1], "texture": "#1"},
				"down": {"uv": [0, 0, 1, 1], "texture": "#1"}
			}
		},
		{
			"name": "octagon",
			"from": [7.77678, 6.70962, 5.2999],
			"to": [7.92678, 6.80962, 5.4999],
			"rotation": {"angle": -45, "axis": "z", "origin": [7.85178, 6.75962, 5.3999]},
			"faces": {
				"north": {"uv": [0, 11, 1, 12], "texture": "#1"},
				"east": {"uv": [0, 0, 1, 1], "texture": "#1"},
				"south": {"uv": [0, 0, 1, 1], "texture": "#1"},
				"west": {"uv": [0, 0, 2, 1], "texture": "#1"},
				"up": {"uv": [0, 0, 1, 1], "texture": "#1"},
				"down": {"uv": [0, 0, 1, 1], "texture": "#1"}
			}
		},
		{
			"name": "octagon",
			"from": [8.07322, 6.70962, 5.2999],
			"to": [8.22322, 6.80962, 5.4999],
			"rotation": {"angle": 45, "axis": "z", "origin": [8.14822, 6.75962, 5.3999]},
			"faces": {
				"north": {"uv": [1, 11, 0, 12], "texture": "#1"},
				"east": {"uv": [2, 0, 0, 1], "texture": "#1"},
				"south": {"uv": [1, 0, 0, 1], "texture": "#1"},
				"west": {"uv": [1, 0, 0, 1], "texture": "#1"},
				"up": {"uv": [1, 0, 0, 1], "texture": "#1"},
				"down": {"uv": [1, 0, 0, 1], "texture": "#1"}
			}
		},
		{
			"name": "octagon",
			"from": [8.15, 6.7, 5.2999],
			"to": [8.35, 6.86567, 5.4999],
			"rotation": {"angle": 0, "axis": "y", "origin": [8.5, 6.75283, 5.3999]},
			"faces": {
				"north": {"uv": [0, 11, 1, 12], "texture": "#1"},
				"east": {"uv": [0, 0, 1, 1], "texture": "#1"},
				"south": {"uv": [0, 0, 1, 1], "texture": "#1"},
				"west": {"uv": [0, 0, 2, 1], "texture": "#1"},
				"up": {"uv": [0, 0, 1, 1], "texture": "#1"},
				"down": {"uv": [0, 0, 1, 1], "texture": "#1"}
			}
		},
		{
			"name": "octagon",
			"from": [7.85, 6.7, 5.2999],
			"to": [8.15, 6.76567, 5.4999],
			"rotation": {"angle": 0, "axis": "y", "origin": [8.4, 6.75283, 5.3999]},
			"faces": {
				"north": {"uv": [0, 11, 1, 12], "texture": "#1"},
				"east": {"uv": [0, 0, 1, 1], "texture": "#1"},
				"south": {"uv": [0, 0, 1, 1], "texture": "#1"},
				"west": {"uv": [0, 0, 2, 1], "texture": "#1"},
				"up": {"uv": [0, 0, 1, 1], "texture": "#1"},
				"down": {"uv": [0, 0, 1, 1], "texture": "#1"}
			}
		},
		{
			"name": "octagon",
			"from": [7.8, 6.87, 5.2999],
			"to": [7.85, 7.03567, 5.4999],
			"rotation": {"angle": -45, "axis": "z", "origin": [8, 6.95283, 5.3999]},
			"faces": {
				"north": {"uv": [0, 11, 1, 12], "texture": "#1"},
				"east": {"uv": [0, 0, 1, 1], "texture": "#1"},
				"south": {"uv": [0, 0, 1, 1], "texture": "#1"},
				"west": {"uv": [0, 0, 2, 1], "texture": "#1"},
				"up": {"uv": [0, 0, 1, 1], "texture": "#1"},
				"down": {"uv": [0, 0, 1, 1], "texture": "#1"}
			}
		},
		{
			"name": "octagon",
			"from": [7.91717, 7.10283, 5.2999],
			"to": [8.08283, 7.15283, 5.4999],
			"rotation": {"angle": 0, "axis": "y", "origin": [8, 6.95283, 5.3999]},
			"faces": {
				"north": {"uv": [0, 11, 1, 12], "rotation": 270, "texture": "#1"},
				"east": {"uv": [0, 0, 1, 1], "rotation": 90, "texture": "#1"},
				"south": {"uv": [0, 0, 1, 1], "rotation": 90, "texture": "#1"},
				"west": {"uv": [0, 0, 1, 1], "rotation": 90, "texture": "#1"},
				"up": {"uv": [0, 0, 2, 1], "rotation": 90, "texture": "#1"},
				"down": {"uv": [0, 0, 1, 1], "rotation": 90, "texture": "#1"}
			}
		},
		{
			"name": "octagon",
			"from": [7.91717, 7.10283, 5.2999],
			"to": [8.08283, 7.15283, 5.4999],
			"rotation": {"angle": -45, "axis": "z", "origin": [8, 6.95283, 5.3999]},
			"faces": {
				"north": {"uv": [0, 11, 1, 12], "rotation": 270, "texture": "#1"},
				"east": {"uv": [0, 0, 1, 1], "rotation": 90, "texture": "#1"},
				"south": {"uv": [0, 0, 1, 1], "rotation": 90, "texture": "#1"},
				"west": {"uv": [0, 0, 1, 1], "rotation": 90, "texture": "#1"},
				"up": {"uv": [0, 0, 2, 1], "rotation": 90, "texture": "#1"},
				"down": {"uv": [0, 0, 1, 1], "rotation": 90, "texture": "#1"}
			}
		},
		{
			"name": "octagon",
			"from": [8.15, 6.87, 5.2999],
			"to": [8.2, 7.03567, 5.4999],
			"rotation": {"angle": -45, "axis": "z", "origin": [8, 6.95283, 5.3999]},
			"faces": {
				"north": {"uv": [0, 11, 1, 12], "rotation": 180, "texture": "#1"},
				"east": {"uv": [0, 0, 2, 1], "rotation": 180, "texture": "#1"},
				"south": {"uv": [0, 0, 1, 1], "rotation": 180, "texture": "#1"},
				"west": {"uv": [0, 0, 1, 1], "rotation": 180, "texture": "#1"},
				"up": {"uv": [0, 0, 1, 1], "rotation": 180, "texture": "#1"},
				"down": {"uv": [0, 0, 1, 1], "rotation": 180, "texture": "#1"}
			}
		},
		{
			"name": "octagon",
			"from": [8.15, 6.87, 5.2999],
			"to": [8.2, 7.03567, 5.4999],
			"rotation": {"angle": 0, "axis": "y", "origin": [8, 6.95283, 5.3999]},
			"faces": {
				"north": {"uv": [0, 11, 1, 12], "rotation": 180, "texture": "#1"},
				"east": {"uv": [0, 0, 2, 1], "rotation": 180, "texture": "#1"},
				"south": {"uv": [0, 0, 1, 1], "rotation": 180, "texture": "#1"},
				"west": {"uv": [0, 0, 1, 1], "rotation": 180, "texture": "#1"},
				"up": {"uv": [0, 0, 1, 1], "rotation": 180, "texture": "#1"},
				"down": {"uv": [0, 0, 1, 1], "rotation": 180, "texture": "#1"}
			}
		},
		{
			"name": "octagon",
			"from": [7.91717, 6.75283, 5.2999],
			"to": [8.08283, 6.80283, 5.4999],
			"rotation": {"angle": 0, "axis": "y", "origin": [8, 6.95283, 5.3999]},
			"faces": {
				"north": {"uv": [0, 11, 1, 12], "rotation": 90, "texture": "#1"},
				"east": {"uv": [0, 0, 1, 1], "rotation": 270, "texture": "#1"},
				"south": {"uv": [0, 0, 1, 1], "rotation": 270, "texture": "#1"},
				"west": {"uv": [0, 0, 1, 1], "rotation": 270, "texture": "#1"},
				"up": {"uv": [0, 0, 1, 1], "rotation": 270, "texture": "#1"},
				"down": {"uv": [0, 0, 2, 1], "rotation": 270, "texture": "#1"}
			}
		},
		{
			"name": "octagon",
			"from": [7.91717, 6.75283, 5.2999],
			"to": [8.08283, 6.80283, 5.4999],
			"rotation": {"angle": -45, "axis": "z", "origin": [8, 6.95283, 5.3999]},
			"faces": {
				"north": {"uv": [0, 11, 1, 12], "rotation": 90, "texture": "#1"},
				"east": {"uv": [0, 0, 1, 1], "rotation": 270, "texture": "#1"},
				"south": {"uv": [0, 0, 1, 1], "rotation": 270, "texture": "#1"},
				"west": {"uv": [0, 0, 1, 1], "rotation": 270, "texture": "#1"},
				"up": {"uv": [0, 0, 1, 1], "rotation": 270, "texture": "#1"},
				"down": {"uv": [0, 0, 2, 1], "rotation": 270, "texture": "#1"}
			}
		},
		{
			"name": "octagon",
			"from": [8.15, 6.87, 2.8999],
			"to": [8.2, 7.03567, 3.0999],
			"rotation": {"angle": 0, "axis": "z", "origin": [8, 6.95283, 2.9999]},
			"faces": {
				"north": {"uv": [0, 11, 1, 12], "rotation": 180, "texture": "#1"},
				"east": {"uv": [0, 0, 2, 1], "rotation": 180, "texture": "#1"},
				"south": {"uv": [0, 0, 1, 1], "rotation": 180, "texture": "#1"},
				"west": {"uv": [0, 0, 1, 1], "rotation": 180, "texture": "#1"},
				"up": {"uv": [0, 0, 1, 1], "rotation": 180, "texture": "#1"},
				"down": {"uv": [0, 0, 1, 1], "rotation": 180, "texture": "#1"}
			}
		},
		{
			"from": [7.6, 4.15, 2.25],
			"to": [8.4, 4.45, 5.55],
			"rotation": {"angle": 0, "axis": "y", "origin": [8, 4.5, 1.95]},
			"faces": {
				"north": {"uv": [0, 0, 1, 1], "texture": "#0"},
				"east": {"uv": [7, 5.5, 11.5, 6], "texture": "#0"},
				"south": {"uv": [0, 0, 1, 1], "texture": "#0"},
				"west": {"uv": [11.5, 5.5, 7, 6], "texture": "#0"},
				"up": {"uv": [7, 4.5, 11.5, 6], "rotation": 90, "texture": "#0"},
				"down": {"uv": [7, 4.5, 11.5, 6], "rotation": 90, "texture": "#0"}
			}
		},
		{
			"from": [7.5, 4.45, 2.65],
			"to": [8.5, 4.75, 5.55],
			"rotation": {"angle": 0, "axis": "y", "origin": [8, 4.8, 1.95]},
			"faces": {
				"north": {"uv": [0, 0, 1, 1], "texture": "#0"},
				"east": {"uv": [11.5, 1, 16, 1.5], "texture": "#0"},
				"south": {"uv": [0, 0, 1, 1], "texture": "#0"},
				"west": {"uv": [16, 2, 11.5, 2.5], "texture": "#0"},
				"up": {"uv": [11.5, 2, 16, 3], "rotation": 90, "texture": "#0"},
				"down": {"uv": [11.5, 2, 16, 3], "rotation": 90, "texture": "#0"}
			}
		},
		{
			"from": [7.4, 4.47, 2.675],
			"to": [8.6, 4.73, 2.935],
			"rotation": {"angle": 0, "axis": "y", "origin": [8, 4.8, 1.95]},
			"faces": {
				"north": {"uv": [10.5, 5, 11, 5.5], "texture": "#0"},
				"east": {"uv": [10.5, 5, 11, 5.5], "texture": "#0"},
				"south": {"uv": [10.5, 5, 11, 5.5], "texture": "#0"},
				"west": {"uv": [11, 5, 10.5, 5.5], "texture": "#0"},
				"up": {"uv": [10.5, 5, 11, 5.5], "rotation": 90, "texture": "#0"},
				"down": {"uv": [10.5, 5, 11, 5.5], "rotation": 90, "texture": "#0"}
			}
		},
		{
			"from": [7.6, 4.45, 2.25],
			"to": [8.4, 4.75, 2.65],
			"rotation": {"angle": 0, "axis": "y", "origin": [8, 4.8, 1.95]},
			"faces": {
				"north": {"uv": [0, 0, 1, 1], "texture": "#0"},
				"east": {"uv": [11, 5, 11.5, 5.5], "texture": "#0"},
				"south": {"uv": [0, 0, 0.5, 0.5], "texture": "#0"},
				"west": {"uv": [7.5, 5, 7, 5.5], "texture": "#0"},
				"up": {"uv": [7, 4.5, 11.5, 6], "rotation": 90, "texture": "#0"},
				"down": {"uv": [7, 4.5, 11.5, 6], "rotation": 90, "texture": "#0"}
			}
		},
		{
			"from": [7.6, 4.75, 2.25],
			"to": [8.4, 5.05, 5.55],
			"rotation": {"angle": 0, "axis": "y", "origin": [8, 5.1, 1.95]},
			"faces": {
				"north": {"uv": [0, 0, 1, 1], "texture": "#0"},
				"east": {"uv": [7, 4.5, 11.5, 5], "texture": "#0"},
				"south": {"uv": [0, 0, 1, 1], "texture": "#0"},
				"west": {"uv": [11.5, 4.5, 7, 5], "texture": "#0"},
				"up": {"uv": [7, 4.5, 11.5, 6], "rotation": 90, "texture": "#0"},
				"down": {"uv": [7, 4.5, 11.5, 6], "rotation": 90, "texture": "#0"}
			}
		},
		{
			"from": [7.75, 4, 2.25],
			"to": [8.25, 4.2, 5.55],
			"rotation": {"angle": 0, "axis": "y", "origin": [8, 4.5, 1.95]},
			"faces": {
				"north": {"uv": [0, 0, 1, 1], "texture": "#0"},
				"east": {"uv": [7, 4.5, 11.5, 6], "texture": "#0"},
				"south": {"uv": [0, 0, 1, 1], "texture": "#0"},
				"west": {"uv": [11.5, 4.5, 7, 5], "texture": "#0"},
				"up": {"uv": [7, 4.5, 11.5, 6], "rotation": 90, "texture": "#0"},
				"down": {"uv": [7, 4.5, 11.5, 6], "rotation": 90, "texture": "#0"}
			}
		},
		{
			"from": [7.66, 4.08, 2.25],
			"to": [7.86, 4.29, 5.55],
			"rotation": {"angle": 45, "axis": "z", "origin": [7.8, 4.15, 3.9]},
			"faces": {
				"north": {"uv": [0, 0, 1, 1], "texture": "#0"},
				"east": {"uv": [7, 4.5, 11.5, 6], "texture": "#0"},
				"south": {"uv": [0, 0, 1, 1], "texture": "#0"},
				"west": {"uv": [11.5, 6, 7, 6.5], "texture": "#0"},
				"up": {"uv": [7, 4.5, 11.5, 6], "rotation": 90, "texture": "#0"},
				"down": {"uv": [7, 4.5, 11.5, 6], "rotation": 90, "texture": "#0"}
			}
		},
		{
			"from": [8.14, 4.08, 2.25],
			"to": [8.34, 4.29, 5.55],
			"rotation": {"angle": -45, "axis": "z", "origin": [8.2, 4.15, 3.9]},
			"faces": {
				"north": {"uv": [1, 0, 0, 1], "texture": "#0"},
				"east": {"uv": [7, 4.5, 11.5, 5], "texture": "#0"},
				"south": {"uv": [1, 0, 0, 1], "texture": "#0"},
				"west": {"uv": [11.5, 4.5, 7, 6], "texture": "#0"},
				"up": {"uv": [7, 6, 11.5, 4.5], "rotation": 90, "texture": "#0"},
				"down": {"uv": [7, 6, 11.5, 4.5], "rotation": 90, "texture": "#0"}
			}
		},
		{
			"from": [7.8, 3.6, 3.25],
			"to": [8.2, 4.1, 4],
			"rotation": {"angle": -45, "axis": "x", "origin": [8, 4.35, 3.975]},
			"faces": {
				"north": {"uv": [2, 5, 3, 5.5], "texture": "#0"},
				"east": {"uv": [2, 5, 2.5, 5.5], "texture": "#0"},
				"south": {"uv": [2, 5, 3, 5.5], "texture": "#0"},
				"west": {"uv": [2.5, 5, 3, 5.5], "texture": "#0"},
				"up": {"uv": [1, 5, 2, 6], "rotation": 90, "texture": "#0"},
				"down": {"uv": [1, 5, 2, 6], "rotation": 90, "texture": "#0"}
			}
		},
		{
			"from": [7.8, 2.75, 2.2],
			"to": [8.2, 3.25, 2.65],
			"rotation": {"angle": 0, "axis": "y", "origin": [8, 2.75, 2.675]},
			"faces": {
				"north": {"uv": [2, 5, 3, 5.5], "texture": "#0"},
				"east": {"uv": [2.5, 5, 3, 5.5], "texture": "#0"},
				"south": {"uv": [2, 5, 3, 5.5], "texture": "#0"},
				"west": {"uv": [2, 5, 2.5, 5.5], "texture": "#0"},
				"up": {"uv": [1, 5, 2, 6], "rotation": 90, "texture": "#0"},
				"down": {"uv": [1.5, 5, 2, 6], "rotation": 90, "texture": "#0"}
			}
		},
		{
			"from": [7.8, 3.25, 2.2],
			"to": [8.2, 4, 3.2],
			"rotation": {"angle": 0, "axis": "y", "origin": [8, 3.5, 2.675]},
			"faces": {
				"north": {"uv": [2, 5, 3, 6], "texture": "#0"},
				"east": {"uv": [2, 5, 3, 6], "texture": "#0"},
				"south": {"uv": [2, 5, 3, 5.5], "texture": "#0"},
				"west": {"uv": [1.5, 5, 3, 6], "texture": "#0"},
				"up": {"uv": [1, 5, 2, 6], "rotation": 90, "texture": "#0"},
				"down": {"uv": [1, 5, 2, 6], "rotation": 90, "texture": "#0"}
			}
		},
		{
			"from": [7.801, 3.25, 3.2],
			"to": [8.199, 4, 3.95],
			"rotation": {"angle": 0, "axis": "y", "origin": [8, 3.5, 3.675]},
			"faces": {
				"north": {"uv": [2, 5, 3, 5.5], "texture": "#0"},
				"east": {"uv": [2, 5, 3, 6], "texture": "#0"},
				"south": {"uv": [2, 5, 3, 5.5], "texture": "#0"},
				"west": {"uv": [2, 5, 3.5, 6], "texture": "#0"},
				"up": {"uv": [1, 5, 2, 6], "rotation": 90, "texture": "#0"},
				"down": {"uv": [1, 5, 2, 6], "rotation": 90, "texture": "#0"}
			}
		},
		{
			"from": [7.8, 2.85, 3.35],
			"to": [8.2, 3.5, 4.1],
			"rotation": {"angle": -22.5, "axis": "x", "origin": [8, 3, 3.875]},
			"faces": {
				"north": {"uv": [2, 5, 3, 5.5], "texture": "#0"},
				"east": {"uv": [2, 5, 3, 5.5], "texture": "#0"},
				"south": {"uv": [2, 5, 3, 5.5], "texture": "#0"},
				"west": {"uv": [2, 5, 3.5, 6], "texture": "#0"},
				"up": {"uv": [1, 5, 2, 6], "rotation": 90, "texture": "#0"},
				"down": {"uv": [1, 5, 2, 6], "rotation": 90, "texture": "#0"}
			}
		},
		{
			"from": [7.802, 3.8, 3.65],
			"to": [8.198, 4.3, 4.8],
			"rotation": {"angle": -22.5, "axis": "x", "origin": [8, 4.55, 4.375]},
			"faces": {
				"north": {"uv": [2, 5, 3, 5.5], "texture": "#0"},
				"east": {"uv": [2, 5, 3, 5.5], "texture": "#0"},
				"south": {"uv": [2, 5, 3, 5.5], "texture": "#0"},
				"west": {"uv": [2, 5, 3, 5.5], "texture": "#0"},
				"up": {"uv": [1, 5, 2, 6], "rotation": 90, "texture": "#0"},
				"down": {"uv": [1, 5, 2, 6], "rotation": 90, "texture": "#0"}
			}
		},
		{
			"from": [7.8, 1.975, 4.075],
			"to": [8.2, 2.825, 4.725],
			"rotation": {"angle": 22.5, "axis": "x", "origin": [8, 2.5, 4.575]},
			"faces": {
				"north": {"uv": [1, 5, 2, 6], "rotation": 270, "texture": "#0"},
				"east": {"uv": [2, 5, 3, 5.5], "rotation": 90, "texture": "#0"},
				"south": {"uv": [1, 5, 2, 6], "rotation": 90, "texture": "#0"},
				"west": {"uv": [2, 5, 3.5, 6], "rotation": 270, "texture": "#0"},
				"up": {"uv": [2, 5, 3, 5.5], "texture": "#0"},
				"down": {"uv": [2, 5, 3, 5.5], "rotation": 180, "texture": "#0"}
			}
		},
		{
			"from": [7.801, 2.53, 3.64],
			"to": [8.199, 3.18, 4.44],
			"rotation": {"angle": -45, "axis": "x", "origin": [8, 2.7, 4.175]},
			"faces": {
				"north": {"uv": [2, 5, 3, 5.5], "texture": "#0"},
				"east": {"uv": [2, 5, 3, 5.5], "texture": "#0"},
				"south": {"uv": [2, 5, 3, 5.5], "texture": "#0"},
				"west": {"uv": [2, 5, 3, 5.5], "texture": "#0"},
				"up": {"uv": [1, 5, 2, 6], "rotation": 90, "texture": "#0"},
				"down": {"uv": [1, 5, 2, 6], "rotation": 90, "texture": "#0"}
			}
		},
		{
			"from": [7.801, 1.964, 4.515],
			"to": [8.199, 2.914, 5.265],
			"rotation": {"angle": 0, "axis": "x", "origin": [8, 2.5, 5.075]},
			"faces": {
				"north": {"uv": [1, 5, 2, 6], "rotation": 270, "texture": "#0"},
				"east": {"uv": [2, 5, 3, 5.5], "rotation": 90, "texture": "#0"},
				"south": {"uv": [1, 5, 2, 6], "rotation": 90, "texture": "#0"},
				"west": {"uv": [1, 4.5, 2, 5.5], "rotation": 270, "texture": "#0"},
				"up": {"uv": [2, 5, 3, 5.5], "texture": "#0"},
				"down": {"uv": [2, 5, 3, 5.5], "rotation": 180, "texture": "#0"}
			}
		},
		{
			"from": [7.8, 2.7, 4.75],
			"to": [8.2, 3.1, 5.6],
			"rotation": {"angle": -22.5, "axis": "x", "origin": [8, 3.35, 5.575]},
			"faces": {
				"north": {"uv": [2, 5, 3, 5.5], "texture": "#0"},
				"east": {"uv": [2, 5, 3, 5.5], "texture": "#0"},
				"south": {"uv": [2, 5, 3, 5.5], "texture": "#0"},
				"west": {"uv": [0.5, 5, 1.5, 5.5], "texture": "#0"},
				"up": {"uv": [1, 5, 2, 6], "rotation": 90, "texture": "#0"},
				"down": {"uv": [1, 5, 2, 6], "rotation": 90, "texture": "#0"}
			}
		},
		{
			"from": [7.8, 3, 5.55],
			"to": [8.2, 4, 6.4],
			"rotation": {"angle": 0, "axis": "y", "origin": [8, 3.75, 5.975]},
			"faces": {
				"north": {"uv": [2, 5, 3, 5.5], "texture": "#0"},
				"east": {"uv": [2, 5, 3, 6], "texture": "#0"},
				"south": {"uv": [2, 5, 3, 5.5], "texture": "#0"},
				"west": {"uv": [2, 5, 3.5, 6.5], "texture": "#0"},
				"up": {"uv": [1, 5, 2, 6], "rotation": 90, "texture": "#0"},
				"down": {"uv": [1, 5, 2, 6], "rotation": 90, "texture": "#0"}
			}
		},
		{
			"from": [7.801, 3.95, 5.65],
			"to": [8.199, 4.95, 6.55],
			"rotation": {"angle": 45, "axis": "x", "origin": [8, 4.7, 5.6]},
			"faces": {
				"north": {"uv": [0, 0, 1, 1], "texture": "#0"},
				"east": {"uv": [0, 5, 1, 6], "texture": "#0"},
				"south": {"uv": [0, 0, 1, 1], "texture": "#0"},
				"west": {"uv": [1, 5, 2, 6], "texture": "#0"},
				"up": {"uv": [0, 5, 2, 6], "rotation": 90, "texture": "#0"},
				"down": {"uv": [0, 5, 2, 6], "rotation": 90, "texture": "#0"}
			}
		},
		{
			"from": [7.801, 2.65, 5.8],
			"to": [8.199, 3.35, 7.35],
			"rotation": {"angle": 22.5, "axis": "x", "origin": [8, 3.4, 5.7]},
			"faces": {
				"north": {"uv": [0, 0, 1, 1], "texture": "#0"},
				"east": {"uv": [0, 5, 2, 6], "texture": "#0"},
				"south": {"uv": [0, 0, 1, 1], "texture": "#0"},
				"west": {"uv": [0, 5, 2, 6], "texture": "#0"},
				"up": {"uv": [0, 5, 2, 6], "rotation": 90, "texture": "#0"},
				"down": {"uv": [0, 5, 2, 6], "rotation": 90, "texture": "#0"}
			}
		},
		{
			"from": [7.8, 2.05, 6.95],
			"to": [8.2, 2.75, 7.85],
			"rotation": {"angle": 0, "axis": "x", "origin": [8, 2.8, 6.2]},
			"faces": {
				"north": {"uv": [0, 0, 1, 1], "texture": "#0"},
				"east": {"uv": [0, 5, 2, 6], "texture": "#0"},
				"south": {"uv": [0, 0, 1, 1], "texture": "#0"},
				"west": {"uv": [0, 5, 1.5, 6], "texture": "#0"},
				"up": {"uv": [1, 5, 2, 6], "rotation": 90, "texture": "#0"},
				"down": {"uv": [0, 5, 2, 6], "rotation": 90, "texture": "#0"}
			}
		},
		{
			"from": [7.801, 2.05, 7.55],
			"to": [8.199, 2.75, 9.35],
			"rotation": {"angle": -22.5, "axis": "x", "origin": [8, 2.8, 7.7]},
			"faces": {
				"north": {"uv": [0, 0, 1, 1], "texture": "#0"},
				"east": {"uv": [0, 5, 2, 6], "texture": "#0"},
				"south": {"uv": [0, 0, 1, 1], "texture": "#0"},
				"west": {"uv": [0, 5, 2, 6], "texture": "#0"},
				"up": {"uv": [0, 5, 2, 6], "rotation": 90, "texture": "#0"},
				"down": {"uv": [0, 5, 2, 6], "rotation": 90, "texture": "#0"}
			}
		},
		{
			"from": [7.8, 2.75, 8],
			"to": [8.2, 4, 9.55],
			"rotation": {"angle": 0, "axis": "y", "origin": [8, 3.5, 7.9]},
			"faces": {
				"north": {"uv": [0, 0, 1, 1], "texture": "#0"},
				"east": {"uv": [0, 5, 1.5, 6.5], "texture": "#0"},
				"south": {"uv": [0, 0, 1, 1], "texture": "#0"},
				"west": {"uv": [0, 4.5, 2.5, 6.5], "texture": "#0"},
				"up": {"uv": [0, 5, 1.5, 6.5], "rotation": 90, "texture": "#0"},
				"down": {"uv": [0, 5, 1.5, 6.5], "rotation": 90, "texture": "#0"}
			}
		},
		{
			"from": [7.801, 3.95, 8.05],
			"to": [8.199, 4.95, 8.95],
			"rotation": {"angle": 45, "axis": "x", "origin": [8, 4.7, 8]},
			"faces": {
				"north": {"uv": [0, 0, 1, 1], "texture": "#0"},
				"east": {"uv": [0, 5, 1, 6], "texture": "#0"},
				"south": {"uv": [0, 0, 1, 1], "texture": "#0"},
				"west": {"uv": [1, 5, 2, 6], "texture": "#0"},
				"up": {"uv": [0, 5, 2, 6], "rotation": 90, "texture": "#0"},
				"down": {"uv": [1, 5, 2, 6], "rotation": 90, "texture": "#0"}
			}
		},
		{
			"from": [8.2, 4.375, 1.25],
			"to": [8.3, 4.62352, 2.25],
			"rotation": {"angle": 0, "axis": "y", "origin": [8, 4.49926, 1.75]},
			"faces": {
				"north": {"uv": [1, 3, 2, 3.5], "texture": "#0"},
				"east": {"uv": [0, 3, 1.5, 3.5], "texture": "#0"},
				"south": {"uv": [0, 0, 1, 1], "texture": "#0"},
				"west": {"uv": [0, 3, 1.5, 3.5], "texture": "#0"},
				"up": {"uv": [0, 3, 1.5, 4], "rotation": 90, "texture": "#0"},
				"down": {"uv": [0, 3, 1.5, 4], "rotation": 90, "texture": "#0"}
			}
		},
		{
			"from": [8.2, 4.375, 1.25],
			"to": [8.3, 4.62352, 2.25],
			"rotation": {"angle": 45, "axis": "z", "origin": [8, 4.49926, 1.75]},
			"faces": {
				"north": {"uv": [1, 3, 2, 3.5], "texture": "#0"},
				"east": {"uv": [0, 3, 1.5, 3.5], "texture": "#0"},
				"south": {"uv": [0, 0, 1, 1], "texture": "#0"},
				"west": {"uv": [0, 3, 1.5, 3.5], "texture": "#0"},
				"up": {"uv": [0, 3, 1.5, 4], "rotation": 90, "texture": "#0"},
				"down": {"uv": [0, 3, 1.5, 4], "rotation": 90, "texture": "#0"}
			}
		},
		{
			"from": [7.87574, 4.69926, 1.25],
			"to": [8.12426, 4.79926, 2.25],
			"rotation": {"angle": 0, "axis": "z", "origin": [8, 4.49926, 1.75]},
			"faces": {
				"north": {"uv": [1, 3, 2, 3.5], "rotation": 90, "texture": "#0"},
				"east": {"uv": [0, 3, 1.5, 4], "texture": "#0"},
				"south": {"uv": [0, 0, 1, 1], "rotation": 270, "texture": "#0"},
				"west": {"uv": [0, 3, 1.5, 4], "texture": "#0"},
				"up": {"uv": [0, 3, 1.5, 3.5], "rotation": 270, "texture": "#0"},
				"down": {"uv": [0, 3, 1.5, 3.5], "rotation": 270, "texture": "#0"}
			}
		},
		{
			"from": [7.87574, 4.69926, 1.25],
			"to": [8.12426, 4.79926, 2.25],
			"rotation": {"angle": 45, "axis": "z", "origin": [8, 4.49926, 1.75]},
			"faces": {
				"north": {"uv": [1, 3, 2, 3.5], "rotation": 90, "texture": "#0"},
				"east": {"uv": [0, 3, 1.5, 4], "texture": "#0"},
				"south": {"uv": [0, 0, 1, 1], "rotation": 270, "texture": "#0"},
				"west": {"uv": [0, 3, 1.5, 4], "texture": "#0"},
				"up": {"uv": [0, 3, 1.5, 3.5], "rotation": 270, "texture": "#0"},
				"down": {"uv": [0, 3, 1.5, 3.5], "rotation": 270, "texture": "#0"}
			}
		},
		{
			"from": [7.7, 4.375, 1.25],
			"to": [7.8, 4.62352, 2.25],
			"rotation": {"angle": 0, "axis": "z", "origin": [8, 4.49926, 1.75]},
			"faces": {
				"north": {"uv": [1, 3, 2, 3.5], "rotation": 180, "texture": "#0"},
				"east": {"uv": [0, 3, 1.5, 3.5], "rotation": 180, "texture": "#0"},
				"south": {"uv": [0, 0, 1, 1], "rotation": 180, "texture": "#0"},
				"west": {"uv": [0, 3, 1.5, 3.5], "rotation": 180, "texture": "#0"},
				"up": {"uv": [0, 3, 1.5, 4], "rotation": 270, "texture": "#0"},
				"down": {"uv": [0, 3, 1.5, 4], "rotation": 270, "texture": "#0"}
			}
		},
		{
			"from": [7.7, 4.375, 1.25],
			"to": [7.8, 4.62352, 2.25],
			"rotation": {"angle": 45, "axis": "z", "origin": [8, 4.49926, 1.75]},
			"faces": {
				"north": {"uv": [1, 3, 2, 3.5], "rotation": 180, "texture": "#0"},
				"east": {"uv": [0, 3, 1.5, 3.5], "rotation": 180, "texture": "#0"},
				"south": {"uv": [0, 0, 1, 1], "rotation": 180, "texture": "#0"},
				"west": {"uv": [0, 3, 1.5, 3.5], "rotation": 180, "texture": "#0"},
				"up": {"uv": [0, 3, 1.5, 4], "rotation": 270, "texture": "#0"},
				"down": {"uv": [0, 3, 1.5, 4], "rotation": 270, "texture": "#0"}
			}
		},
		{
			"from": [7.87574, 4.19926, 1.25],
			"to": [8.12426, 4.29926, 2.25],
			"rotation": {"angle": 0, "axis": "z", "origin": [8, 4.49926, 1.75]},
			"faces": {
				"north": {"uv": [1, 3, 2, 3.5], "rotation": 270, "texture": "#0"},
				"east": {"uv": [0, 3, 1.5, 4], "rotation": 180, "texture": "#0"},
				"south": {"uv": [0, 0, 1, 1], "rotation": 90, "texture": "#0"},
				"west": {"uv": [0, 3, 1.5, 4], "rotation": 180, "texture": "#0"},
				"up": {"uv": [0, 3, 1.5, 3.5], "rotation": 90, "texture": "#0"},
				"down": {"uv": [0, 3, 1.5, 3.5], "rotation": 90, "texture": "#0"}
			}
		},
		{
			"from": [7.87574, 4.19926, 1.25],
			"to": [8.12426, 4.29926, 2.25],
			"rotation": {"angle": 45, "axis": "z", "origin": [8, 4.49926, 1.75]},
			"faces": {
				"north": {"uv": [1, 3, 2, 3.5], "rotation": 90, "texture": "#0"},
				"east": {"uv": [0, 3, 1.5, 4], "texture": "#0"},
				"south": {"uv": [0, 0, 1, 1], "rotation": 270, "texture": "#0"},
				"west": {"uv": [0, 3, 1.5, 4], "texture": "#0"},
				"up": {"uv": [0, 3, 1.5, 3.5], "rotation": 270, "texture": "#0"},
				"down": {"uv": [0, 3, 1.5, 3.5], "rotation": 270, "texture": "#0"}
			}
		},
		{
			"from": [7.5, 5, 2.25],
			"to": [8.5, 5.1, 3.1],
			"rotation": {"angle": 0, "axis": "y", "origin": [0, 0, -3.25]},
			"faces": {
				"north": {"uv": [6, 3.5, 8, 5], "texture": "#0"},
				"east": {"uv": [15, 4.5, 16, 6], "texture": "#0"},
				"south": {"uv": [15, 4.5, 16, 6], "texture": "#0"},
				"west": {"uv": [12, 4.5, 14, 5], "texture": "#0"},
				"up": {"uv": [13, 4, 15, 5.5], "rotation": 90, "texture": "#0"},
				"down": {"uv": [4, 5, 5, 6], "rotation": 90, "texture": "#0"}
			}
		},
		{
			"from": [7.5, 5.1, 2.25],
			"to": [8.5, 5.6, 2.35],
			"rotation": {"angle": 0, "axis": "y", "origin": [0, 0.1, -3.25]},
			"faces": {
				"north": {"uv": [6, 3.5, 8, 5], "texture": "#0"},
				"east": {"uv": [15, 4.5, 16, 6], "texture": "#0"},
				"south": {"uv": [14.5, 5, 16, 6], "rotation": 90, "texture": "#0"},
				"west": {"uv": [12, 4.5, 12.5, 6], "texture": "#0"},
				"up": {"uv": [14, 4.5, 15, 5.5], "rotation": 90, "texture": "#0"},
				"down": {"uv": [4, 5, 5, 6], "rotation": 90, "texture": "#0"}
			}
		},
		{
			"from": [7.7, 5.1, 2.35],
			"to": [8.3, 5.6, 3.05],
			"rotation": {"angle": 0, "axis": "y", "origin": [0, 0.1, -3.15]},
			"faces": {
				"north": {"uv": [6, 3.5, 8, 5], "texture": "#0"},
				"east": {"uv": [15, 4.5, 16, 6], "texture": "#0"},
				"south": {"uv": [15, 4.5, 16, 6], "texture": "#0"},
				"west": {"uv": [14.5, 4, 16, 5.5], "texture": "#0"},
				"up": {"uv": [14, 4.5, 15, 5.5], "rotation": 90, "texture": "#0"},
				"down": {"uv": [4, 5, 5, 6], "rotation": 90, "texture": "#0"}
			}
		},
		{
			"from": [7.5, 5.1, 3],
			"to": [8.5, 5.6, 3.1],
			"rotation": {"angle": 0, "axis": "y", "origin": [0, 0.1, -2.45]},
			"faces": {
				"north": {"uv": [6, 3.5, 8, 5], "texture": "#0"},
				"east": {"uv": [15, 4.5, 16, 6], "texture": "#0"},
				"south": {"uv": [15, 4.5, 16, 6], "texture": "#0"},
				"west": {"uv": [12, 4.5, 12.5, 6], "texture": "#0"},
				"up": {"uv": [14, 4.5, 15, 5.5], "rotation": 90, "texture": "#0"},
				"down": {"uv": [4, 5, 5, 6], "rotation": 90, "texture": "#0"}
			}
		},
		{
			"from": [7.9, 2.9, 5.15],
			"to": [8.1, 4, 5.7],
			"rotation": {"angle": 0, "axis": "y", "origin": [8, 3.75, 5.575]},
			"faces": {
				"north": {"uv": [14.5, 6.5, 15, 8], "texture": "#0"},
				"east": {"uv": [15, 6.5, 16, 8], "texture": "#0"},
				"south": {"uv": [2, 5, 3, 5.5], "texture": "#0"},
				"west": {"uv": [15, 6.5, 16, 8], "texture": "#0"},
				"up": {"uv": [1, 5, 2, 6], "rotation": 90, "texture": "#0"},
				"down": {"uv": [1, 5, 2, 6], "rotation": 90, "texture": "#0"}
			}
		},
		{
			"from": [7.7, 5.65, 9.05],
			"to": [8.3, 5.85, 12.75],
			"rotation": {"angle": 0, "axis": "y", "origin": [8, 5.7, 10.9]},
			"faces": {
				"north": {"uv": [0, 0, 1, 1], "texture": "#0"},
				"east": {"uv": [0, 0, 4.5, 0.5], "texture": "#0"},
				"south": {"uv": [0, 0, 1, 0.5], "texture": "#0"},
				"west": {"uv": [5, 3, 11.5, 3.5], "texture": "#0"},
				"up": {"uv": [5.5, 3, 12, 4.5], "rotation": 90, "texture": "#0"},
				"down": {"uv": [0, 0, 3.5, 1], "rotation": 90, "texture": "#0"}
			}
		},
		{
			"from": [7.57071, 5.53628, 9.05],
			"to": [7.77071, 5.82028, 12.75],
			"rotation": {"angle": -45, "axis": "z", "origin": [7.67071, 5.67828, 10.9]},
			"faces": {
				"north": {"uv": [0, 0, 1, 1], "texture": "#0"},
				"east": {"uv": [0, 0, 4.5, 0.5], "texture": "#0"},
				"south": {"uv": [0, 0, 0.5, 0.5], "texture": "#0"},
				"west": {"uv": [5, 3, 11.5, 3.5], "texture": "#0"},
				"up": {"uv": [5.5, 3, 12, 3.5], "rotation": 90, "texture": "#0"},
				"down": {"uv": [0, 0, 3.5, 1], "rotation": 90, "texture": "#0"}
			}
		},
		{
			"from": [8.22929, 5.53628, 9.05],
			"to": [8.42929, 5.82028, 12.75],
			"rotation": {"angle": 45, "axis": "z", "origin": [8.32929, 5.67828, 10.9]},
			"faces": {
				"north": {"uv": [1, 0, 0, 1], "texture": "#0"},
				"east": {"uv": [11.5, 3, 5, 3.5], "texture": "#0"},
				"south": {"uv": [0.5, 0, 0, 0.5], "texture": "#0"},
				"west": {"uv": [4.5, 0, 0, 0.5], "texture": "#0"},
				"up": {"uv": [5.5, 3.5, 12, 3], "rotation": 90, "texture": "#0"},
				"down": {"uv": [0, 1, 3.5, 0], "rotation": 90, "texture": "#0"}
			}
		},
		{
			"from": [7.5, 5, 9.05],
			"to": [8.5, 5.65, 12.75],
			"rotation": {"angle": 0, "axis": "y", "origin": [0, 0, -3.25]},
			"faces": {
				"north": {"uv": [0, 0, 1, 1], "texture": "#0"},
				"east": {"uv": [0, 0, 4.5, 1], "texture": "#0"},
				"south": {"uv": [0, 0, 1, 1], "texture": "#0"},
				"west": {"uv": [5, 3.5, 11.5, 4.5], "texture": "#0"},
				"up": {"uv": [0, 0, 3.5, 1], "rotation": 90, "texture": "#0"},
				"down": {"uv": [0, 0, 3.5, 1], "rotation": 90, "texture": "#0"}
			}
		},
		{
			"from": [7.6, 2.75, 9.55],
			"to": [8.4, 4.1, 12.75],
			"rotation": {"angle": 0, "axis": "y", "origin": [0, -1.8, -3.25]},
			"faces": {
				"north": {"uv": [3.5, 4, 4.5, 5.5], "texture": "#0"},
				"east": {"uv": [0, 4, 3.5, 5.5], "texture": "#0"},
				"south": {"uv": [3.5, 4, 4.5, 5.5], "texture": "#0"},
				"west": {"uv": [0, 4, 4.5, 6], "texture": "#0"},
				"up": {"uv": [0, 0, 3.5, 1], "rotation": 90, "texture": "#0"},
				"down": {"uv": [0, 0, 3.5, 1], "rotation": 90, "texture": "#0"}
			}
		},
		{
			"from": [7.7, 5.1, 3.1],
			"to": [8.3, 5.65, 9.05],
			"rotation": {"angle": 0, "axis": "y", "origin": [0, -0.1, -6.95]},
			"faces": {
				"north": {"uv": [0, 1, 1, 2], "texture": "#0"},
				"east": {"uv": [1, 1, 9, 2], "texture": "#0"},
				"south": {"uv": [0, 1, 1, 2], "texture": "#0"},
				"west": {"uv": [1, 1, 9, 2], "texture": "#0"},
				"up": {"uv": [1, 2, 9, 3], "rotation": 90, "texture": "#0"},
				"down": {"uv": [1, 1, 9, 2], "rotation": 90, "texture": "#0"}
			}
		},
		{
			"from": [7.6, 5.175, 3.1],
			"to": [7.65, 5.725, 9.05],
			"rotation": {"angle": 0, "axis": "y", "origin": [8, 5.325, 6.075]},
			"faces": {
				"north": {"uv": [0, 6.5, 5, 8], "rotation": 90, "texture": "#0"},
				"east": {"uv": [1, 6.5, 13, 8], "texture": "#0"},
				"south": {"uv": [0, 6.5, 5, 8], "rotation": 270, "texture": "#0"},
				"west": {"uv": [1, 6.5, 13, 8], "texture": "#0"},
				"up": {"uv": [2.5, 7.5, 5, 8], "rotation": 270, "texture": "#0"},
				"down": {"uv": [2.5, 7.5, 5, 8], "rotation": 270, "texture": "#0"}
			}
		},
		{
			"from": [7.65, 5.675, 3.1],
			"to": [8.35, 5.725, 9.05],
			"rotation": {"angle": 0, "axis": "y", "origin": [8, 5.325, 6.075]},
			"faces": {
				"north": {"uv": [0, 6.5, 5, 8], "texture": "#0"},
				"east": {"uv": [2.5, 7.5, 5, 8], "texture": "#0"},
				"south": {"uv": [0, 6.5, 5, 8], "texture": "#0"},
				"west": {"uv": [2.5, 7.5, 5, 8], "texture": "#0"},
				"up": {"uv": [1, 6.5, 13, 8], "rotation": 90, "texture": "#0"},
				"down": {"uv": [1, 6.5, 13, 8], "rotation": 90, "texture": "#0"}
			}
		},
		{
			"from": [8.35, 5.075, 3.1],
			"to": [8.4, 5.725, 9.05],
			"rotation": {"angle": 0, "axis": "y", "origin": [8.7, 5.325, 6.075]},
			"faces": {
				"north": {"uv": [0, 6.5, 5, 8], "rotation": 90, "texture": "#0"},
				"east": {"uv": [1, 6.5, 13, 8], "texture": "#0"},
				"south": {"uv": [0, 6.5, 5, 8], "rotation": 270, "texture": "#0"},
				"west": {"uv": [1, 6.5, 13, 8], "texture": "#0"},
				"up": {"uv": [2.5, 7.5, 5, 8], "rotation": 270, "texture": "#0"},
				"down": {"uv": [2.5, 7.5, 5, 8], "rotation": 270, "texture": "#0"}
			}
		}
	],
	"display": {
		"thirdperson_righthand": {
			"translation": [0, 5.5, 5.25],
			"scale": [1.36, 1.36, 1.36]
		},
		"thirdperson_lefthand": {
			"translation": [-12, 3, 0]
		},
		"firstperson_righthand": {
			"translation": [5.75, 11.75, -8],
			"scale": [4, 4, 4]
		},
		"firstperson_lefthand": {
			"translation": [0, -80, 0]
		},
		"ground": {
			"rotation": [0, 0, -90],
			"translation": [3.25, -3.25, 0]
		},
		"gui": {
			"rotation": [20, 128, 0],
			"translation": [1, 6.25, 0],
			"scale": [1.83, 1.83, 1.83]
		},
		"fixed": {
			"rotation": [0, -90, 0],
			"translation": [-1.75, 8.25, -0.75],
			"scale": [2.21, 2.21, 2.21]
		}
	},
	"groups": [
		0,
		1,
		2,
		3,
		4,
		5,
		6,
		7,
		8,
		{
			"name": "group",
			"origin": [8, 6.65, 2.91],
			"color": 0,
			"children": [
				{
					"name": "rails",
					"origin": [8, 6.65, 5.71],
					"color": 0,
					"children": [9, 10, 11, 12, 13, 14, 15, 16, 17, 18, 19, 20, 21, 22, 23, 24, 25, 26, 27, 28, 29, 30, 31, 32, 33, 34, 35, 36, 37, 38, 39]
				}
			]
		},
		{
			"name": "group",
			"origin": [8, 8.30856, -1.1001],
			"color": 0,
			"children": [40, 41, 42, 43, 44, 45, 46, 47, 48, 49, 50, 51, 52, 53, 54, 55, 56, 57, 58, 59, 60, 61, 62, 63, 64, 65, 66, 67, 68, 69, 70, 71, 72, 73, 74, 75, 76, 77, 78, 79, 80, 81, 82, 83, 84]
		},
		85,
		86,
		87,
		88,
		89,
		90,
		91,
		92,
		{
			"name": "group",
			"origin": [8, 4.7, 8],
			"color": 0,
			"children": [93, 94, 95, 96, 97, 98, 99, 100, 101, 102, 103, 104, 105, 106, 107, 108, 109]
		},
		110,
		111,
		112,
		113,
		114,
		115,
		116,
		117,
		118,
		119,
		120,
		121,
		122,
		123,
		124,
		125,
		126,
		127,
		128,
		129,
		130,
		131
	]
}