{
	"format_version": "1.21.6",
	"credit": "Made with Blockbench",
	"textures": {
		"1": "chems_guns:item/gun_ammo/thompson_machine_gun"
	},
	"elements": [
		{
			"name": "octagon",
			"from": [1.62, 10.785, -6.05],
			"to": [1.77, 11.33407, -5.85],
			"rotation": {"angle": 22.5, "axis": "z", "origin": [2.005, 11.14953, -5.9]},
			"faces": {
				"north": {"uv": [8, 0, 9, 1], "rotation": 180, "texture": "#1"},
				"east": {"uv": [1, 1, 2, 2], "rotation": 180, "texture": "#1"},
				"south": {"uv": [0, 0, 1, 1], "rotation": 180, "texture": "#1"},
				"west": {"uv": [0, 0, 1, 1], "rotation": 180, "texture": "#1"},
				"up": {"uv": [0, 0, 1, 1], "rotation": 180, "texture": "#1"},
				"down": {"uv": [0, 0, 1, 1], "rotation": 180, "texture": "#1"}
			}
		},
		{
			"name": "octagon",
			"from": [1.58, 11.175, -6.05],
			"to": [1.73, 11.52407, -5.85],
			"rotation": {"angle": 0, "axis": "y", "origin": [2.005, 11.34953, -5.9]},
			"faces": {
				"north": {"uv": [8, 0, 9, 1], "rotation": 180, "texture": "#1"},
				"east": {"uv": [1, 1, 2, 2], "rotation": 180, "texture": "#1"},
				"south": {"uv": [0, 0, 1, 1], "rotation": 180, "texture": "#1"},
				"west": {"uv": [0, 0, 1, 1], "rotation": 180, "texture": "#1"},
				"up": {"uv": [0, 0, 1, 1], "rotation": 180, "texture": "#1"},
				"down": {"uv": [0, 0, 1, 1], "rotation": 180, "texture": "#1"}
			}
		},
		{
			"name": "octagon",
			"from": [1.58, 11.175, -6.05],
			"to": [1.73, 11.52407, -5.85],
			"rotation": {"angle": -45, "axis": "z", "origin": [2.005, 11.34953, -5.9]},
			"faces": {
				"north": {"uv": [8, 0, 9, 1], "texture": "#1"},
				"east": {"uv": [0, 0, 1, 1], "texture": "#1"},
				"south": {"uv": [0, 0, 1, 1], "texture": "#1"},
				"west": {"uv": [1, 1, 2, 2], "texture": "#1"},
				"up": {"uv": [0, 0, 1, 1], "texture": "#1"},
				"down": {"uv": [0, 0, 1, 1], "texture": "#1"}
			}
		},
		{
			"name": "octagon",
			"from": [1.83047, 11.62453, -6.55],
			"to": [2.17953, 11.77453, -5.85],
			"rotation": {"angle": 0, "axis": "z", "origin": [2.005, 11.34953, -6.4]},
			"faces": {
				"north": {"uv": [8, 0, 9, 1], "rotation": 270, "texture": "#1"},
				"east": {"uv": [0, 0, 1, 1], "rotation": 90, "texture": "#1"},
				"south": {"uv": [0, 0, 1, 1], "rotation": 90, "texture": "#1"},
				"west": {"uv": [0, 0, 1, 1], "rotation": 90, "texture": "#1"},
				"up": {"uv": [1, 1, 2, 2], "rotation": 90, "texture": "#1"},
				"down": {"uv": [0, 0, 1, 1], "rotation": 90, "texture": "#1"}
			}
		},
		{
			"name": "octagon",
			"from": [1.83047, 11.62453, -6.05],
			"to": [2.17953, 11.77453, -5.85],
			"rotation": {"angle": -45, "axis": "z", "origin": [2.005, 11.34953, -5.9]},
			"faces": {
				"north": {"uv": [8, 0, 9, 1], "rotation": 270, "texture": "#1"},
				"east": {"uv": [0, 0, 1, 1], "rotation": 90, "texture": "#1"},
				"south": {"uv": [0, 0, 1, 1], "rotation": 90, "texture": "#1"},
				"west": {"uv": [0, 0, 1, 1], "rotation": 90, "texture": "#1"},
				"up": {"uv": [1, 1, 2, 2], "rotation": 90, "texture": "#1"},
				"down": {"uv": [0, 0, 1, 1], "rotation": 90, "texture": "#1"}
			}
		},
		{
			"name": "octagon",
			"from": [2.28, 11.175, -6.05],
			"to": [2.43, 11.52407, -5.85],
			"rotation": {"angle": 0, "axis": "y", "origin": [2.005, 11.34953, -5.9]},
			"faces": {
				"north": {"uv": [8, 0, 9, 1], "texture": "#1"},
				"east": {"uv": [0, 0, 1, 1], "texture": "#1"},
				"south": {"uv": [0, 0, 1, 1], "texture": "#1"},
				"west": {"uv": [1, 1, 2, 2], "texture": "#1"},
				"up": {"uv": [0, 0, 1, 1], "texture": "#1"},
				"down": {"uv": [0, 0, 1, 1], "texture": "#1"}
			}
		},
		{
			"name": "octagon",
			"from": [2.23, 10.785, -6.05],
			"to": [2.38, 11.33407, -5.85],
			"rotation": {"angle": -22.5, "axis": "z", "origin": [1.995, 11.14953, -5.9]},
			"faces": {
				"north": {"uv": [9, 0, 8, 1], "rotation": 180, "texture": "#1"},
				"east": {"uv": [1, 0, 0, 1], "rotation": 180, "texture": "#1"},
				"south": {"uv": [1, 0, 0, 1], "rotation": 180, "texture": "#1"},
				"west": {"uv": [2, 1, 1, 2], "rotation": 180, "texture": "#1"},
				"up": {"uv": [1, 0, 0, 1], "rotation": 180, "texture": "#1"},
				"down": {"uv": [1, 0, 0, 1], "rotation": 180, "texture": "#1"}
			}
		},
		{
			"name": "octagon",
			"from": [1.98, 10.975, -6.35],
			"to": [2.03, 11.175, -6.05],
			"rotation": {"angle": 0, "axis": "y", "origin": [2.1, 10.1, 1.2]},
			"faces": {
				"north": {"uv": [8, 0, 9, 1], "texture": "#1"},
				"east": {"uv": [0, 0, 1, 1], "texture": "#1"},
				"south": {"uv": [0, 0, 1, 1], "texture": "#1"},
				"west": {"uv": [1, 1, 2, 2], "texture": "#1"},
				"up": {"uv": [0, 0, 1, 1], "texture": "#1"},
				"down": {"uv": [0, 0, 1, 1], "texture": "#1"}
			}
		},
		{
			"name": "octagon",
			"from": [1.78, 10.675, -6.55],
			"to": [2.23, 10.975, -5.85],
			"rotation": {"angle": 0, "axis": "y", "origin": [2.1, 9.9, 1.2]},
			"faces": {
				"north": {"uv": [8, 0, 9, 1], "texture": "#1"},
				"east": {"uv": [0, 0, 1, 1], "texture": "#1"},
				"south": {"uv": [0, 0, 1, 1], "texture": "#1"},
				"west": {"uv": [1, 1, 2, 2], "texture": "#1"},
				"up": {"uv": [0, 0, 1, 1], "texture": "#1"},
				"down": {"uv": [0, 0, 1, 1], "texture": "#1"}
			}
		},
		{
			"name": "octagon",
			"from": [2.23, 10.685, -6.55],
			"to": [2.38, 11.33407, -6.35],
			"rotation": {"angle": -22.5, "axis": "z", "origin": [1.995, 11.14953, -6.4]},
			"faces": {
				"north": {"uv": [9, 0, 8, 1], "rotation": 180, "texture": "#1"},
				"east": {"uv": [1, 0, 0, 1], "rotation": 180, "texture": "#1"},
				"south": {"uv": [1, 0, 0, 1], "rotation": 180, "texture": "#1"},
				"west": {"uv": [2, 1, 1, 2], "rotation": 180, "texture": "#1"},
				"up": {"uv": [1, 0, 0, 1], "rotation": 180, "texture": "#1"},
				"down": {"uv": [1, 0, 0, 1], "rotation": 180, "texture": "#1"}
			}
		},
		{
			"name": "octagon",
			"from": [2.28, 11.175, -6.55],
			"to": [2.43, 11.52407, -6.35],
			"rotation": {"angle": 0, "axis": "y", "origin": [2.005, 11.34953, -6.4]},
			"faces": {
				"north": {"uv": [8, 0, 9, 1], "texture": "#1"},
				"east": {"uv": [0, 0, 1, 1], "texture": "#1"},
				"south": {"uv": [0, 0, 1, 1], "texture": "#1"},
				"west": {"uv": [1, 1, 2, 2], "texture": "#1"},
				"up": {"uv": [0, 0, 1, 1], "texture": "#1"},
				"down": {"uv": [0, 0, 1, 1], "texture": "#1"}
			}
		},
		{
			"name": "octagon",
			"from": [1.83047, 11.62453, -6.55],
			"to": [2.17953, 11.77453, -6.35],
			"rotation": {"angle": -45, "axis": "z", "origin": [2.005, 11.34953, -6.4]},
			"faces": {
				"north": {"uv": [8, 0, 9, 1], "rotation": 270, "texture": "#1"},
				"east": {"uv": [0, 0, 1, 1], "rotation": 90, "texture": "#1"},
				"south": {"uv": [0, 0, 1, 1], "rotation": 90, "texture": "#1"},
				"west": {"uv": [0, 0, 1, 1], "rotation": 90, "texture": "#1"},
				"up": {"uv": [1, 1, 2, 2], "rotation": 90, "texture": "#1"},
				"down": {"uv": [0, 0, 1, 1], "rotation": 90, "texture": "#1"}
			}
		},
		{
			"name": "octagon",
			"from": [1.58, 11.175, -6.55],
			"to": [1.73, 11.52407, -6.35],
			"rotation": {"angle": -45, "axis": "z", "origin": [2.005, 11.34953, -6.4]},
			"faces": {
				"north": {"uv": [8, 0, 9, 1], "texture": "#1"},
				"east": {"uv": [0, 0, 1, 1], "texture": "#1"},
				"south": {"uv": [0, 0, 1, 1], "texture": "#1"},
				"west": {"uv": [1, 1, 2, 2], "texture": "#1"},
				"up": {"uv": [0, 0, 1, 1], "texture": "#1"},
				"down": {"uv": [0, 0, 1, 1], "texture": "#1"}
			}
		},
		{
			"name": "octagon",
			"from": [1.58, 11.175, -6.55],
			"to": [1.73, 11.52407, -6.35],
			"rotation": {"angle": 0, "axis": "z", "origin": [2.005, 11.34953, -6.4]},
			"faces": {
				"north": {"uv": [8, 0, 9, 1], "rotation": 180, "texture": "#1"},
				"east": {"uv": [1, 1, 2, 2], "rotation": 180, "texture": "#1"},
				"south": {"uv": [0, 0, 1, 1], "rotation": 180, "texture": "#1"},
				"west": {"uv": [0, 0, 1, 1], "rotation": 180, "texture": "#1"},
				"up": {"uv": [0, 0, 1, 1], "rotation": 180, "texture": "#1"},
				"down": {"uv": [0, 0, 1, 1], "rotation": 180, "texture": "#1"}
			}
		},
		{
			"name": "octagon",
			"from": [1.62, 10.685, -6.55],
			"to": [1.77, 11.33407, -6.35],
			"rotation": {"angle": 22.5, "axis": "z", "origin": [2.005, 11.14953, -6.4]},
			"faces": {
				"north": {"uv": [8, 0, 9, 1], "rotation": 180, "texture": "#1"},
				"east": {"uv": [1, 1, 2, 2], "rotation": 180, "texture": "#1"},
				"south": {"uv": [0, 0, 1, 1], "rotation": 180, "texture": "#1"},
				"west": {"uv": [0, 0, 1, 1], "rotation": 180, "texture": "#1"},
				"up": {"uv": [0, 0, 1, 1], "rotation": 180, "texture": "#1"},
				"down": {"uv": [0, 0, 1, 1], "rotation": 180, "texture": "#1"}
			}
		},
		{
			"name": "octagon",
			"from": [0.75736, 3.5, 4.5],
			"to": [3.24264, 9.5, 6.5],
			"rotation": {"angle": 45, "axis": "z", "origin": [2, 6.5, 4.5]},
			"faces": {
				"north": {"uv": [14, 9, 16, 14], "texture": "#1"},
				"east": {"uv": [0, 0, 1, 1], "texture": "#1"},
				"south": {"uv": [14, 6, 16, 11], "texture": "#1"},
				"west": {"uv": [0, 0, 1, 1], "texture": "#1"},
				"up": {"uv": [14, 5, 16, 7], "texture": "#1"},
				"down": {"uv": [3, 0, 5, 2], "texture": "#1"}
			}
		},
		{
			"name": "octagon",
			"from": [0.75736, 3.5, 4.501],
			"to": [3.24264, 9.5, 6.501],
			"rotation": {"angle": 0, "axis": "z", "origin": [2, 6.5, 4.5]},
			"faces": {
				"north": {"uv": [14, 9, 16, 14], "texture": "#1"},
				"east": {"uv": [0, 0, 1, 1], "texture": "#1"},
				"south": {"uv": [14, 9, 16, 14], "texture": "#1"},
				"west": {"uv": [0, 0, 1, 1], "texture": "#1"},
				"up": {"uv": [0, 0, 1, 1], "texture": "#1"},
				"down": {"uv": [5, 0, 7, 2], "texture": "#1"}
			}
		},
		{
			"name": "octagon",
			"from": [-1, 5.25736, 4.511],
			"to": [5, 7.74264, 6.511],
			"rotation": {"angle": 45, "axis": "z", "origin": [2, 6.5, 4.5]},
			"faces": {
				"north": {"uv": [0, 0, 5, 2], "texture": "#1"},
				"east": {"uv": [5, 0, 7, 2], "texture": "#1"},
				"south": {"uv": [0, 0, 5, 2], "texture": "#1"},
				"west": {"uv": [11, 0, 13, 2], "texture": "#1"},
				"up": {"uv": [0, 0, 1, 1], "texture": "#1"},
				"down": {"uv": [0, 0, 1, 1], "texture": "#1"}
			}
		},
		{
			"name": "octagon",
			"from": [-1, 5.25736, 4.499],
			"to": [5, 7.74264, 6.499],
			"rotation": {"angle": 0, "axis": "z", "origin": [2, 6.5, 4.5]},
			"faces": {
				"north": {"uv": [5, 0, 10, 2], "texture": "#1"},
				"east": {"uv": [0, 0, 2, 2], "texture": "#1"},
				"south": {"uv": [5, 0, 10, 2], "texture": "#1"},
				"west": {"uv": [14, 0, 16, 2], "texture": "#1"},
				"up": {"uv": [0, 0, 1, 1], "texture": "#1"},
				"down": {"uv": [0, 0, 1, 1], "texture": "#1"}
			}
		},
		{
			"name": "octagon",
			"from": [1.53756, 10.425, -7],
			"to": [2.46244, 10.675, 4],
			"rotation": {"angle": 0, "axis": "y", "origin": [2, 9.8, 1]},
			"faces": {
				"north": {"uv": [0, 0, 1, 1], "texture": "#1"},
				"east": {"uv": [0, 0, 1, 1], "texture": "#1"},
				"south": {"uv": [0, 0, 1, 1], "texture": "#1"},
				"west": {"uv": [0, 0, 1, 1], "texture": "#1"},
				"up": {"uv": [14, 2, 15, 14], "texture": "#1"},
				"down": {"uv": [15, 2, 16, 13], "texture": "#1"}
			}
		},
		{
			"name": "octagon",
			"from": [2.33756, 10.3, 4],
			"to": [2.76244, 10.55, 12.5],
			"rotation": {"angle": -45, "axis": "z", "origin": [2.55, 10.45, 9.5]},
			"faces": {
				"north": {"uv": [0, 0, 1, 1], "texture": "#1"},
				"east": {"uv": [0, 0, 1, 1], "texture": "#1"},
				"south": {"uv": [0, 0, 1, 1], "texture": "#1"},
				"west": {"uv": [0, 0, 1, 1], "texture": "#1"},
				"up": {"uv": [14, 2, 15, 14], "texture": "#1"},
				"down": {"uv": [15, 2, 16, 13], "texture": "#1"}
			}
		},
		{
			"name": "octagon",
			"from": [1.23756, 10.3, 4],
			"to": [1.66244, 10.55, 12.5],
			"rotation": {"angle": 45, "axis": "z", "origin": [1.45, 10.45, 9.5]},
			"faces": {
				"north": {"uv": [0, 0, 1, 1], "texture": "#1"},
				"east": {"uv": [0, 0, 1, 1], "texture": "#1"},
				"south": {"uv": [0, 0, 1, 1], "texture": "#1"},
				"west": {"uv": [0, 0, 1, 1], "texture": "#1"},
				"up": {"uv": [14, 2, 15, 14], "texture": "#1"},
				"down": {"uv": [15, 2, 16, 13], "texture": "#1"}
			}
		},
		{
			"name": "octagon",
			"from": [1.53756, 10.175, 4],
			"to": [2.46244, 10.675, 12.5],
			"rotation": {"angle": 0, "axis": "y", "origin": [2, 9.8, 12]},
			"faces": {
				"north": {"uv": [0, 0, 1, 1], "texture": "#1"},
				"east": {"uv": [0, 0, 1, 1], "texture": "#1"},
				"south": {"uv": [0, 0, 1, 1], "texture": "#1"},
				"west": {"uv": [0, 0, 1, 1], "texture": "#1"},
				"up": {"uv": [14, 2, 15, 14], "texture": "#1"},
				"down": {"uv": [15, 2, 16, 13], "texture": "#1"}
			}
		},
		{
			"name": "octagon",
			"from": [1.23756, 10.3, -7],
			"to": [1.66244, 10.55, 4],
			"rotation": {"angle": 45, "axis": "z", "origin": [1.45, 10.45, -1.5]},
			"faces": {
				"north": {"uv": [0, 0, 1, 1], "texture": "#1"},
				"east": {"uv": [0, 0, 1, 1], "texture": "#1"},
				"south": {"uv": [0, 0, 1, 1], "texture": "#1"},
				"west": {"uv": [0, 0, 1, 1], "texture": "#1"},
				"up": {"uv": [14, 2, 15, 14], "texture": "#1"},
				"down": {"uv": [15, 2, 16, 13], "texture": "#1"}
			}
		},
		{
			"name": "octagon",
			"from": [1.35, 9.23756, -7],
			"to": [1.6, 9.66244, 4],
			"rotation": {"angle": 45, "axis": "z", "origin": [1.45, 9.45, -1.5]},
			"faces": {
				"north": {"uv": [0, 0, 1, 1], "rotation": 90, "texture": "#1"},
				"east": {"uv": [15, 2, 16, 13], "rotation": 270, "texture": "#1"},
				"south": {"uv": [0, 0, 1, 1], "rotation": 270, "texture": "#1"},
				"west": {"uv": [14, 2, 15, 14], "rotation": 270, "texture": "#1"},
				"up": {"uv": [0, 0, 1, 1], "rotation": 270, "texture": "#1"},
				"down": {"uv": [0, 0, 1, 1], "rotation": 270, "texture": "#1"}
			}
		},
		{
			"name": "octagon",
			"from": [2.33756, 9.35, -7],
			"to": [2.76244, 9.6, 4],
			"rotation": {"angle": 45, "axis": "z", "origin": [2.55, 9.45, -1.5]},
			"faces": {
				"north": {"uv": [0, 0, 1, 1], "rotation": 180, "texture": "#1"},
				"east": {"uv": [0, 0, 1, 1], "rotation": 180, "texture": "#1"},
				"south": {"uv": [0, 0, 1, 1], "rotation": 180, "texture": "#1"},
				"west": {"uv": [0, 0, 1, 1], "rotation": 180, "texture": "#1"},
				"up": {"uv": [15, 2, 16, 13], "rotation": 180, "texture": "#1"},
				"down": {"uv": [14, 2, 15, 14], "rotation": 180, "texture": "#1"}
			}
		},
		{
			"name": "octagon",
			"from": [2.33756, 10.3, -7],
			"to": [2.76244, 10.55, 4],
			"rotation": {"angle": -45, "axis": "z", "origin": [2.55, 10.45, -1.5]},
			"faces": {
				"north": {"uv": [0, 0, 1, 1], "texture": "#1"},
				"east": {"uv": [0, 0, 1, 1], "texture": "#1"},
				"south": {"uv": [0, 0, 1, 1], "texture": "#1"},
				"west": {"uv": [0, 0, 1, 1], "texture": "#1"},
				"up": {"uv": [14, 2, 15, 14], "texture": "#1"},
				"down": {"uv": [15, 2, 16, 13], "texture": "#1"}
			}
		},
		{
			"name": "octagon",
			"from": [1.53756, 9.225, -7],
			"to": [2.46244, 9.475, 4],
			"rotation": {"angle": 0, "axis": "z", "origin": [2, 10.1, -0.5]},
			"faces": {
				"north": {"uv": [0, 0, 1, 1], "rotation": 270, "texture": "#1"},
				"east": {"uv": [0, 0, 1, 1], "rotation": 90, "texture": "#1"},
				"south": {"uv": [0, 0, 1, 1], "rotation": 90, "texture": "#1"},
				"west": {"uv": [0, 0, 1, 1], "rotation": 90, "texture": "#1"},
				"up": {"uv": [5, 0, 16, 1], "rotation": 90, "texture": "#1"},
				"down": {"uv": [0, 1, 16, 2], "rotation": 90, "texture": "#1"}
			}
		},
		{
			"name": "octagon",
			"from": [2.525, 9.53756, -5],
			"to": [2.775, 10.36244, 4],
			"rotation": {"angle": 0, "axis": "y", "origin": [1.9, 9.9, -0.5]},
			"faces": {
				"north": {"uv": [0, 0, 1, 1], "texture": "#1"},
				"east": {"uv": [15, 5.5, 1, 8.5], "texture": "#1"},
				"south": {"uv": [0, 0, 1, 1], "texture": "#1"},
				"west": {"uv": [14, 7, 0, 8], "texture": "#1"},
				"up": {"uv": [0, 0, 1, 1], "texture": "#1"},
				"down": {"uv": [0, 0, 1, 1], "texture": "#1"}
			}
		},
		{
			"name": "octagon",
			"from": [1.225, 9.53756, -5],
			"to": [1.475, 10.36244, 4],
			"rotation": {"angle": 0, "axis": "z", "origin": [2.1, 9.9, -0.5]},
			"faces": {
				"north": {"uv": [0, 0, 1, 1], "rotation": 180, "texture": "#1"},
				"east": {"uv": [14, 7, 0, 8], "rotation": 180, "texture": "#1"},
				"south": {"uv": [0, 0, 1, 1], "rotation": 180, "texture": "#1"},
				"west": {"uv": [15, 5.5, 1, 8.5], "rotation": 180, "texture": "#1"},
				"up": {"uv": [0, 0, 1, 1], "rotation": 180, "texture": "#1"},
				"down": {"uv": [0, 0, 1, 1], "rotation": 180, "texture": "#1"}
			}
		},
		{
			"name": "octagon",
			"from": [1.63756, 10.675, 10],
			"to": [1.91244, 11.225, 10.25],
			"rotation": {"angle": 0, "axis": "y", "origin": [1.9, 10.925, 10.5]},
			"faces": {
				"north": {"uv": [8, 0, 9, 1], "texture": "#1"},
				"east": {"uv": [0, 0, 1, 1], "texture": "#1"},
				"south": {"uv": [0, 0, 1, 1], "texture": "#1"},
				"west": {"uv": [1, 1, 2, 2], "texture": "#1"},
				"up": {"uv": [0, 0, 1, 1], "texture": "#1"},
				"down": {"uv": [0, 0, 1, 1], "texture": "#1"}
			}
		},
		{
			"name": "octagon",
			"from": [1.509, 10.575, 8.5],
			"to": [2.4901, 10.825, 11.75],
			"rotation": {"angle": 0, "axis": "y", "origin": [2.1, 10.925, 9]},
			"faces": {
				"north": {"uv": [8, 0, 9, 1], "texture": "#1"},
				"east": {"uv": [0, 0, 11, 1], "texture": "#1"},
				"south": {"uv": [0, 0, 2, 1], "texture": "#1"},
				"west": {"uv": [0, 1, 11, 2], "texture": "#1"},
				"up": {"uv": [0, 0, 11, 2], "rotation": 90, "texture": "#1"},
				"down": {"uv": [0, 0, 1, 1], "texture": "#1"}
			}
		},
		{
			"name": "octagon",
			"from": [1.509, 10.825, 9.75],
			"to": [1.6892, 11.575, 10.55],
			"rotation": {"angle": 0, "axis": "y", "origin": [1.55, 11.15, 10.125]},
			"faces": {
				"north": {"uv": [8, 0, 9, 1], "texture": "#1"},
				"east": {"uv": [0, 0, 3, 3], "texture": "#1"},
				"south": {"uv": [0, 0, 1, 1], "texture": "#1"},
				"west": {"uv": [1, 0, 4, 3], "texture": "#1"},
				"up": {"uv": [0, 0, 1, 3], "texture": "#1"},
				"down": {"uv": [0, 0, 1, 1], "texture": "#1"}
			}
		},
		{
			"name": "octagon",
			"from": [1.51, 10.84, 10.15],
			"to": [1.69, 11.39, 11.3],
			"rotation": {"angle": 45, "axis": "x", "origin": [1.55, 11, 10.575]},
			"faces": {
				"north": {"uv": [8, 0, 9, 1], "texture": "#1"},
				"east": {"uv": [1, 0, 5, 2], "texture": "#1"},
				"south": {"uv": [0, 0, 1, 1], "texture": "#1"},
				"west": {"uv": [1, 0, 5, 2], "texture": "#1"},
				"up": {"uv": [0, 0, 1, 4], "texture": "#1"},
				"down": {"uv": [0, 0, 1, 1], "texture": "#1"}
			}
		},
		{
			"name": "octagon",
			"from": [2.31, 10.84, 9],
			"to": [2.49, 11.39, 10.15],
			"rotation": {"angle": -45, "axis": "x", "origin": [2.35, 11, 9.725]},
			"faces": {
				"north": {"uv": [1, 0, 0, 1], "texture": "#1"},
				"east": {"uv": [5, 0, 1, 2], "texture": "#1"},
				"south": {"uv": [9, 0, 8, 1], "texture": "#1"},
				"west": {"uv": [5, 0, 1, 2], "texture": "#1"},
				"up": {"uv": [0, 4, 1, 0], "texture": "#1"},
				"down": {"uv": [0, 1, 1, 0], "texture": "#1"}
			}
		},
		{
			"name": "octagon",
			"from": [2.309, 10.825, 9.75],
			"to": [2.4892, 11.575, 10.55],
			"rotation": {"angle": 0, "axis": "y", "origin": [2.35, 11.15, 10.125]},
			"faces": {
				"north": {"uv": [8, 0, 9, 1], "texture": "#1"},
				"east": {"uv": [0, 0, 3, 3], "texture": "#1"},
				"south": {"uv": [0, 0, 1, 1], "texture": "#1"},
				"west": {"uv": [1, 0, 4, 3], "texture": "#1"},
				"up": {"uv": [0, 0, 1, 3], "texture": "#1"},
				"down": {"uv": [0, 0, 1, 1], "texture": "#1"}
			}
		},
		{
			"name": "octagon",
			"from": [2.31, 10.84, 10.15],
			"to": [2.49, 11.39, 11.3],
			"rotation": {"angle": 45, "axis": "x", "origin": [2.35, 11, 10.575]},
			"faces": {
				"north": {"uv": [8, 0, 9, 1], "texture": "#1"},
				"east": {"uv": [1, 0, 5, 2], "texture": "#1"},
				"south": {"uv": [0, 0, 1, 1], "texture": "#1"},
				"west": {"uv": [1, 0, 5, 2], "texture": "#1"},
				"up": {"uv": [0, 0, 1, 4], "texture": "#1"},
				"down": {"uv": [0, 0, 1, 1], "texture": "#1"}
			}
		},
		{
			"name": "octagon",
			"from": [1.51, 10.84, 9],
			"to": [1.69, 11.39, 10.15],
			"rotation": {"angle": -45, "axis": "x", "origin": [1.55, 11, 9.725]},
			"faces": {
				"north": {"uv": [1, 0, 0, 1], "texture": "#1"},
				"east": {"uv": [5, 0, 1, 2], "texture": "#1"},
				"south": {"uv": [9, 0, 8, 1], "texture": "#1"},
				"west": {"uv": [5, 0, 1, 2], "texture": "#1"},
				"up": {"uv": [0, 4, 1, 0], "texture": "#1"},
				"down": {"uv": [0, 1, 1, 0], "texture": "#1"}
			}
		},
		{
			"name": "octagon",
			"from": [2.09, 10.675, 10],
			"to": [2.36488, 11.225, 10.25],
			"rotation": {"angle": 0, "axis": "y", "origin": [2.4, 10.925, 10.5]},
			"faces": {
				"north": {"uv": [8, 0, 9, 1], "texture": "#1"},
				"east": {"uv": [0, 0, 1, 1], "texture": "#1"},
				"south": {"uv": [0, 0, 1, 1], "texture": "#1"},
				"west": {"uv": [1, 1, 2, 2], "texture": "#1"},
				"up": {"uv": [0, 0, 1, 1], "texture": "#1"},
				"down": {"uv": [0, 0, 1, 1], "texture": "#1"}
			}
		},
		{
			"name": "octagon",
			"from": [1.89, 10.675, 10],
			"to": [2.16488, 11.025, 10.25],
			"rotation": {"angle": 0, "axis": "y", "origin": [2.2, 10.925, 10.5]},
			"faces": {
				"north": {"uv": [8, 0, 9, 1], "texture": "#1"},
				"east": {"uv": [0, 0, 1, 1], "texture": "#1"},
				"south": {"uv": [0, 0, 1, 1], "texture": "#1"},
				"west": {"uv": [1, 1, 2, 2], "texture": "#1"},
				"up": {"uv": [0, 0, 1, 1], "texture": "#1"},
				"down": {"uv": [0, 0, 1, 1], "texture": "#1"}
			}
		},
		{
			"name": "octagon",
			"from": [1.68756, 9.625, -5.75],
			"to": [2.31244, 10.275, 6.25],
			"rotation": {"angle": 0, "axis": "y", "origin": [2, 9.95, 0.25]},
			"faces": {
				"north": {"uv": [3, 10, 7, 14], "texture": "#1"},
				"east": {"uv": [0, 9, 8, 10], "texture": "#1"},
				"south": {"uv": [0, 9, 8, 10], "texture": "#1"},
				"west": {"uv": [0, 9, 8, 10], "texture": "#1"},
				"up": {"uv": [0, 9, 8, 10], "rotation": 90, "texture": "#1"},
				"down": {"uv": [0, 9, 8, 10], "rotation": 90, "texture": "#1"}
			}
		},
		{
			"name": "octagon",
			"from": [1.225, 9.53756, -7.001],
			"to": [1.475, 10.36244, -5.001],
			"rotation": {"angle": 0, "axis": "z", "origin": [2.1, 9.9, 1]},
			"faces": {
				"north": {"uv": [1, 0, 2, 1], "texture": "#1"},
				"east": {"uv": [0, 7, 4, 8], "texture": "#1"},
				"south": {"uv": [0, 0, 1, 1], "texture": "#1"},
				"west": {"uv": [9, 5.5, 14, 8.5], "texture": "#1"},
				"up": {"uv": [0, 0, 1, 1], "texture": "#1"},
				"down": {"uv": [0, 0, 1, 1], "texture": "#1"}
			}
		},
		{
			"name": "octagon",
			"from": [2.525, 9.53756, -7.001],
			"to": [2.775, 10.36244, -5.001],
			"rotation": {"angle": 0, "axis": "y", "origin": [1.9, 9.9, 1]},
			"faces": {
				"north": {"uv": [0, 0, 1, 1], "texture": "#1"},
				"east": {"uv": [14, 5.5, 9, 8.5], "texture": "#1"},
				"south": {"uv": [0, 0, 1, 1], "texture": "#1"},
				"west": {"uv": [4, 7, 0, 8], "texture": "#1"},
				"up": {"uv": [0, 0, 1, 1], "texture": "#1"},
				"down": {"uv": [0, 0, 1, 1], "texture": "#1"}
			}
		},
		{
			"from": [1.75, 6.9, 9],
			"to": [2.25, 8.9, 11.4],
			"rotation": {"angle": 0, "axis": "y", "origin": [2, 7.9, 10.7]},
			"faces": {
				"north": {"uv": [14, 6, 15, 10], "texture": "#1"},
				"east": {"uv": [3, 10, 7, 14], "texture": "#1"},
				"south": {"uv": [15, 9, 16, 13], "texture": "#1"},
				"west": {"uv": [3, 10, 7, 14], "texture": "#1"},
				"up": {"uv": [8, 8, 10, 16], "texture": "#1"},
				"down": {"uv": [15, 10, 16, 14], "texture": "#1"}
			}
		},
		{
			"name": "base",
			"from": [1.2, 8.4, 4],
			"to": [2.8, 10.4, 12.9],
			"rotation": {"angle": 0, "axis": "y", "origin": [2, 6.5, 11]},
			"faces": {
				"north": {"uv": [0, 0, 2, 2], "texture": "#1"},
				"east": {"uv": [14, 2, 4, 5], "texture": "#1"},
				"south": {"uv": [9, 2, 11, 4], "texture": "#1"},
				"west": {"uv": [4, 2, 14, 5], "texture": "#1"},
				"up": {"uv": [4, 2, 14, 5], "rotation": 90, "texture": "#1"},
				"down": {"uv": [14, 2, 4, 5], "rotation": 90, "texture": "#1"}
			}
		},
		{
			"name": "handle",
			"from": [1.201, 7, 12.75],
			"to": [2.801, 9, 16.25],
			"rotation": {"angle": 45, "axis": "x", "origin": [2, 9.5, 14.5]},
			"faces": {
				"north": {"uv": [0, 14, 2, 16], "rotation": 180, "texture": "#1"},
				"east": {"uv": [0, 11, 2, 16], "rotation": 90, "texture": "#1"},
				"south": {"uv": [0, 11, 2, 13], "texture": "#1"},
				"west": {"uv": [0, 11, 2, 16], "rotation": 270, "texture": "#1"},
				"up": {"uv": [0, 11, 2, 16], "texture": "#1"},
				"down": {"uv": [0, 11, 2, 16], "rotation": 180, "texture": "#1"}
			}
		},
		{
			"from": [1.2, 6.4, 14],
			"to": [2.8, 8.4, 21.4],
			"rotation": {"angle": 0, "axis": "y", "origin": [2, 6.5, 11]},
			"faces": {
				"north": {"uv": [12, 14, 14, 16], "texture": "#1"},
				"east": {"uv": [8, 14, 16, 16], "texture": "#1"},
				"south": {"uv": [10, 14, 12, 16], "texture": "#1"},
				"west": {"uv": [8, 14, 16, 16], "texture": "#1"},
				"up": {"uv": [8, 14, 16, 16], "rotation": 90, "texture": "#1"},
				"down": {"uv": [8, 8, 10, 16], "texture": "#1"}
			}
		},
		{
			"from": [1.201, 4.95, 14.75],
			"to": [2.801, 6.95, 22.75],
			"rotation": {"angle": 22.5, "axis": "x", "origin": [2, 7.4, 18]},
			"faces": {
				"north": {"uv": [10, 14, 12, 16], "texture": "#1"},
				"east": {"uv": [8, 14, 16, 16], "texture": "#1"},
				"south": {"uv": [8, 12, 10, 14], "texture": "#1"},
				"west": {"uv": [8, 14, 16, 16], "texture": "#1"},
				"up": {"uv": [8, 8, 10, 16], "texture": "#1"},
				"down": {"uv": [8, 14, 16, 16], "rotation": 90, "texture": "#1"}
			}
		},
		{
			"from": [1.2, 5.4, 19],
			"to": [2.8, 6.4, 22],
			"rotation": {"angle": 0, "axis": "y", "origin": [2, 6.5, 11]},
			"faces": {
				"north": {"uv": [0, 0, 2, 1], "texture": "#1"},
				"east": {"uv": [4, 15, 7, 16], "texture": "#1"},
				"south": {"uv": [0, 0, 2, 1], "texture": "#1"},
				"west": {"uv": [0, 15, 3, 16], "texture": "#1"},
				"up": {"uv": [0, 13, 2, 16], "texture": "#1"},
				"down": {"uv": [0, 13, 2, 16], "texture": "#1"}
			}
		},
		{
			"from": [1.199, 3.3, 21.4],
			"to": [2.799, 8.4, 23.4],
			"rotation": {"angle": 0, "axis": "y", "origin": [2, 6.5, 11]},
			"faces": {
				"north": {"uv": [0, 10.9, 2, 16], "texture": "#1"},
				"east": {"uv": [0, 11, 2, 16], "texture": "#1"},
				"south": {"uv": [0, 11, 2, 16], "texture": "#1"},
				"west": {"uv": [0, 11, 2, 16], "texture": "#1"},
				"up": {"uv": [0, 14, 2, 16], "texture": "#1"},
				"down": {"uv": [0, 13, 2, 15], "texture": "#1"}
			}
		}
	],
	"display": {
		"thirdperson_righthand": {
			"translation": [4, 0, -0.5],
			"scale": [0.75, 0.75, 0.75]
		},
		"thirdperson_lefthand": {
			"translation": [-18, 0.25, 0.5]
		},
		"firstperson_righthand": {
			"translation": [15, 5.1, 4.5],
			"scale": [4, 4, 0.82]
		},
		"firstperson_lefthand": {
			"translation": [-24, 3.25, 2.75]
		},
		"ground": {
			"rotation": [0, 0, 90],
			"translation": [0, 2.75, 0],
			"scale": [0.75, 0.75, 0.75]
		},
		"gui": {
			"rotation": [14, 144, 0],
			"translation": [-5, 1.25, 0],
			"scale": [0.95, 0.95, 0.95]
		},
		"head": {
			"translation": [6.25, 0, 0]
		},
		"fixed": {
			"rotation": [0, -90, 0],
			"translation": [-1, 0, 5]
		}
	},
	"groups": [
		{
			"name": "group",
			"origin": [2.005, 10.84953, -6.4],
			"color": 0,
			"children": [0, 1, 2, 3, 4, 5, 6, 7, 8, 9, 10, 11, 12, 13, 14]
		},
		{
			"name": "drum",
			"origin": [8, 8, 8],
			"color": 0,
			"children": [15, 16, 17, 18]
		},
		{
			"name": "barrel",
			"origin": [8, 8, 8],
			"color": 0,
			"children": [19, 20, 21, 22, 23, 24, 25, 26, 27, 28, 29]
		},
		{
			"name": "barrel_tip",
			"origin": [8, 8, 8],
			"color": 0,
			"children": [30, 31, 32, 33, 34, 35, 36, 37, 38, 39, 40, 41, 42]
		},
		{
			"name": "grip",
			"origin": [2, 6.61888, 9.32717],
			"color": 0,
			"children": []
		},
		{
			"name": "stock",
			"origin": [2, 6.5, 10],
			"color": 0,
			"children": [43]
		},
		44,
		45,
		46,
		47,
		48,
		49
	]
}