{
	"format_version": "1.21.6",
	"credit": "Made with Blockbench",
	"textures": {
		"0": "chems_guns:item/gun_ammo/barrett_m82",
		"1": "chems_guns:item/gun_ammo/sniper_scope",
		"particle": "chems_guns:item/gun_ammo/barrett_m82"
	},
	"elements": [
		{
			"from": [7.75, 3, 6],
			"to": [8.25, 4.1, 12],
			"rotation": {"angle": 0, "axis": "y", "origin": [8.94702, 3.69935, 3.5]},
			"faces": {
				"north": {"uv": [0, 0, 3, 4], "texture": "#0"},
				"east": {"uv": [0, 0, 12, 4], "texture": "#0"},
				"south": {"uv": [0, 0, 3, 4], "texture": "#0"},
				"west": {"uv": [0, 0, 12, 4], "texture": "#0"},
				"up": {"uv": [0, 0, 3, 12], "texture": "#0"},
				"down": {"uv": [0, 0, 3, 12], "texture": "#0"}
			}
		},
		{
			"from": [7.6499, 3, 11.5],
			"to": [8.3499, 4, 12.9],
			"rotation": {"angle": 45, "axis": "x", "origin": [8, 3.55, 11.8]},
			"faces": {
				"north": {"uv": [0, 0, 1, 2], "texture": "#0"},
				"east": {"uv": [0, 0, 3, 2], "texture": "#0"},
				"south": {"uv": [0, 0, 0, 2], "texture": "#0"},
				"west": {"uv": [0, 0, 3, 2], "texture": "#0"},
				"up": {"uv": [0, 0, 1, 3], "texture": "#0"},
				"down": {"uv": [0, 0, 1, 3], "texture": "#0"}
			}
		},
		{
			"from": [7.6502, 1.45, 11.85],
			"to": [8.3502, 2.95, 12.95],
			"rotation": {"angle": -22.5, "axis": "x", "origin": [8, 2.95, 12.4]},
			"faces": {
				"north": {"uv": [0, 0, 1, 3], "rotation": 180, "texture": "#0"},
				"east": {"uv": [0, 0, 3, 2], "rotation": 270, "texture": "#0"},
				"south": {"uv": [0, 0, 1, 3], "texture": "#0"},
				"west": {"uv": [0, 0, 3, 2], "rotation": 90, "texture": "#0"},
				"up": {"uv": [0, 0, 1, 2], "rotation": 180, "texture": "#0"},
				"down": {"uv": [0, 0, 2, 3], "texture": "#0"}
			}
		},
		{
			"from": [7.6501, 1.85, 12.15],
			"to": [8.3501, 3.35, 13.25],
			"rotation": {"angle": -45, "axis": "x", "origin": [8, 3.35, 12.7]},
			"faces": {
				"north": {"uv": [0, 0, 1, 3], "rotation": 180, "texture": "#0"},
				"east": {"uv": [0, 0, 3, 2], "rotation": 270, "texture": "#0"},
				"south": {"uv": [0, 0, 1, 3], "texture": "#0"},
				"west": {"uv": [0, 0, 3, 2], "rotation": 90, "texture": "#0"},
				"up": {"uv": [0, 0, 1, 2], "rotation": 180, "texture": "#0"},
				"down": {"uv": [0, 0, 2, 2], "texture": "#0"}
			}
		},
		{
			"from": [7.65, 2.25, 13.1],
			"to": [8.35, 3.75, 17.2],
			"rotation": {"angle": 0, "axis": "x", "origin": [8, 3.75, 13.6]},
			"faces": {
				"north": {"uv": [0, 0, 1, 3], "rotation": 180, "texture": "#0"},
				"east": {"uv": [0, 0, 3, 6], "rotation": 270, "texture": "#0"},
				"south": {"uv": [1, 0, 2, 3], "texture": "#0"},
				"west": {"uv": [0, 0, 3, 6], "rotation": 90, "texture": "#0"},
				"up": {"uv": [0, 0, 2, 6], "rotation": 180, "texture": "#0"},
				"down": {"uv": [0, 0, 2, 5], "texture": "#0"}
			}
		},
		{
			"from": [7.6501, 2.35, 14.3],
			"to": [8.3501, 3.25, 17.4],
			"rotation": {"angle": 22.5, "axis": "x", "origin": [8, 3.25, 14.8]},
			"faces": {
				"north": {"uv": [0, 0, 1, 3], "rotation": 180, "texture": "#0"},
				"east": {"uv": [0, 0, 2, 6], "rotation": 270, "texture": "#0"},
				"south": {"uv": [1, 0, 2, 2], "texture": "#0"},
				"west": {"uv": [0, 0, 2, 6], "rotation": 90, "texture": "#0"},
				"up": {"uv": [0, 0, 2, 5], "rotation": 180, "texture": "#0"},
				"down": {"uv": [0, 0, 2, 5], "texture": "#0"}
			}
		},
		{
			"from": [7.93368, 2.97941, 6],
			"to": [8.53368, 3.97941, 12],
			"rotation": {"angle": -22.5, "axis": "z", "origin": [8.44702, 3.69935, 3.5]},
			"faces": {
				"north": {"uv": [0, 0, 2, 2], "texture": "#0"},
				"east": {"uv": [1, 0, 13, 2], "texture": "#0"},
				"south": {"uv": [0, 0, 2, 2], "texture": "#0"},
				"west": {"uv": [0, 0, 12, 2], "texture": "#0"},
				"up": {"uv": [0, 0, 2, 12], "texture": "#0"},
				"down": {"uv": [0, 0, 2, 12], "texture": "#0"}
			}
		},
		{
			"from": [7.6105, 3.70422, 6],
			"to": [8.0105, 4.70422, 12],
			"rotation": {"angle": 22.5, "axis": "z", "origin": [9.44702, 3.69935, 3.5]},
			"faces": {
				"north": {"uv": [0, 0, 2, 2], "texture": "#0"},
				"east": {"uv": [0, 0, 12, 2], "texture": "#0"},
				"south": {"uv": [0, 0, 2, 2], "texture": "#0"},
				"west": {"uv": [3, 0, 15, 2], "texture": "#0"},
				"up": {"uv": [0, 0, 2, 12], "texture": "#0"},
				"down": {"uv": [0, 0, 2, 12], "texture": "#0"}
			}
		},
		{
			"from": [7.35, 3.925, 6],
			"to": [8.65, 4.075, 12],
			"rotation": {"angle": 0, "axis": "y", "origin": [8.94702, 3.69935, 3.5]},
			"faces": {
				"north": {"uv": [0, 0, 4.6, 0.3], "texture": "#0"},
				"east": {"uv": [0, 0, 12, 0.3], "texture": "#0"},
				"south": {"uv": [0, 0, 4.6, 0.3], "texture": "#0"},
				"west": {"uv": [0, 0, 12, 0.3], "texture": "#0"},
				"up": {"uv": [0, 0, 3, 12], "texture": "#0"},
				"down": {"uv": [0, 0, 4.6, 12], "texture": "#0"}
			}
		},
		{
			"from": [7.75, 3, 2.5],
			"to": [8.25, 4.1, 6],
			"rotation": {"angle": 0, "axis": "y", "origin": [8.94702, 3.69935, 3.5]},
			"faces": {
				"north": {"uv": [0, 0, 3, 4], "texture": "#0"},
				"east": {"uv": [0, 0, 7, 4], "texture": "#0"},
				"south": {"uv": [0, 0, 3, 4], "texture": "#0"},
				"west": {"uv": [0, 0, 7, 4], "texture": "#0"},
				"up": {"uv": [0, 0, 3, 7], "texture": "#0"},
				"down": {"uv": [0, 0, 3, 7], "texture": "#0"}
			}
		},
		{
			"from": [7.93368, 2.97941, 2.5],
			"to": [8.53368, 3.97941, 6],
			"rotation": {"angle": -22.5, "axis": "z", "origin": [8.44702, 3.69935, 3.5]},
			"faces": {
				"north": {"uv": [0, 0, 2, 2], "texture": "#0"},
				"east": {"uv": [7, 0, 14, 2], "texture": "#0"},
				"south": {"uv": [0, 0, 2, 2], "texture": "#0"},
				"west": {"uv": [0, 0, 7, 2], "texture": "#0"},
				"up": {"uv": [0, 0, 2, 7], "texture": "#0"},
				"down": {"uv": [0, 0, 2, 7], "texture": "#0"}
			}
		},
		{
			"from": [7.6105, 3.70422, 2.5],
			"to": [8.0105, 4.70422, 6],
			"rotation": {"angle": 22.5, "axis": "z", "origin": [9.44702, 3.69935, 3.5]},
			"faces": {
				"north": {"uv": [0, 0, 2, 2], "texture": "#0"},
				"east": {"uv": [0, 0, 7, 2], "texture": "#0"},
				"south": {"uv": [0, 0, 2, 2], "texture": "#0"},
				"west": {"uv": [1, 0, 8, 2], "texture": "#0"},
				"up": {"uv": [0, 0, 2, 7], "texture": "#0"},
				"down": {"uv": [0, 0, 2, 7], "texture": "#0"}
			}
		},
		{
			"from": [7.35, 3.925, 2.5],
			"to": [8.65, 4.075, 6],
			"rotation": {"angle": 0, "axis": "y", "origin": [8.94702, 3.69935, 3.5]},
			"faces": {
				"north": {"uv": [0, 0, 4.6, 0.3], "texture": "#0"},
				"east": {"uv": [0, 0, 7, 0.3], "texture": "#0"},
				"south": {"uv": [0, 0, 4.6, 0.3], "texture": "#0"},
				"west": {"uv": [0, 0, 7, 0.3], "texture": "#0"},
				"up": {"uv": [0, 0, 3, 12], "texture": "#0"},
				"down": {"uv": [0, 0, 4.6, 7], "texture": "#0"}
			}
		},
		{
			"from": [7.85, 2.425, 10.25],
			"to": [8.15, 3.125, 11.25],
			"rotation": {"angle": 0, "axis": "y", "origin": [8.94702, 3.99935, 3.5]},
			"faces": {
				"north": {"uv": [4, 9, 5, 11], "texture": "#0"},
				"east": {"uv": [4, 9, 6, 11], "texture": "#0"},
				"south": {"uv": [4, 9, 5, 11], "texture": "#0"},
				"west": {"uv": [4, 9, 6, 11], "texture": "#0"},
				"up": {"uv": [4, 9, 5, 11], "texture": "#0"},
				"down": {"uv": [4, 9, 5, 11], "texture": "#0"}
			}
		},
		{
			"name": "octagon",
			"from": [8.2, 3.89289, -6],
			"to": [8.3, 4.14141, 0],
			"rotation": {"angle": 0, "axis": "y", "origin": [8, 4.01715, -3]},
			"faces": {
				"north": {"uv": [15, 15, 16, 16], "texture": "#0"},
				"east": {"uv": [0, 16, 16, 15], "texture": "#0"},
				"south": {"uv": [15, 15, 16, 16], "texture": "#0"},
				"west": {"uv": [2, 15, 14, 16], "texture": "#0"},
				"up": {"uv": [15, 4, 16, 5], "texture": "#0"},
				"down": {"uv": [15, 4, 16, 5], "texture": "#0"}
			}
		},
		{
			"name": "octagon",
			"from": [8.2, 3.89289, -6],
			"to": [8.3, 4.14141, 0],
			"rotation": {"angle": 45, "axis": "z", "origin": [8, 4.01715, -3]},
			"faces": {
				"north": {"uv": [15, 15, 16, 16], "texture": "#0"},
				"east": {"uv": [0, 15, 16, 16], "texture": "#0"},
				"south": {"uv": [15, 15, 16, 16], "texture": "#0"},
				"west": {"uv": [2, 15, 14, 16], "texture": "#0"},
				"up": {"uv": [15, 4, 16, 5], "texture": "#0"},
				"down": {"uv": [15, 4, 16, 5], "texture": "#0"}
			}
		},
		{
			"name": "octagon",
			"from": [7.87574, 4.21715, -6],
			"to": [8.12426, 4.31715, 0],
			"rotation": {"angle": 0, "axis": "y", "origin": [8, 4.01715, -3]},
			"faces": {
				"north": {"uv": [15, 15, 16, 16], "rotation": 90, "texture": "#0"},
				"east": {"uv": [15, 4, 16, 5], "rotation": 270, "texture": "#0"},
				"south": {"uv": [15, 15, 16, 16], "rotation": 270, "texture": "#0"},
				"west": {"uv": [15, 4, 16, 5], "rotation": 270, "texture": "#0"},
				"up": {"uv": [0, 15, 16, 16], "rotation": 270, "texture": "#0"},
				"down": {"uv": [2, 15, 14, 16], "rotation": 270, "texture": "#0"}
			}
		},
		{
			"name": "octagon",
			"from": [7.87574, 4.21715, -6],
			"to": [8.12426, 4.31715, 0],
			"rotation": {"angle": 45, "axis": "z", "origin": [8, 4.01715, -3]},
			"faces": {
				"north": {"uv": [15, 15, 16, 16], "rotation": 90, "texture": "#0"},
				"east": {"uv": [15, 4, 16, 5], "rotation": 270, "texture": "#0"},
				"south": {"uv": [15, 15, 16, 16], "rotation": 270, "texture": "#0"},
				"west": {"uv": [15, 4, 16, 5], "rotation": 270, "texture": "#0"},
				"up": {"uv": [0, 15, 16, 16], "rotation": 270, "texture": "#0"},
				"down": {"uv": [2, 15, 14, 16], "rotation": 270, "texture": "#0"}
			}
		},
		{
			"name": "octagon",
			"from": [7.7, 3.89289, -6],
			"to": [7.8, 4.14141, 0],
			"rotation": {"angle": 0, "axis": "y", "origin": [8, 4.01715, -3]},
			"faces": {
				"north": {"uv": [15, 15, 16, 16], "rotation": 180, "texture": "#0"},
				"east": {"uv": [2, 15, 14, 16], "rotation": 180, "texture": "#0"},
				"south": {"uv": [15, 15, 16, 16], "rotation": 180, "texture": "#0"},
				"west": {"uv": [0, 15, 16, 16], "texture": "#0"},
				"up": {"uv": [15, 4, 16, 5], "rotation": 180, "texture": "#0"},
				"down": {"uv": [15, 4, 16, 5], "rotation": 180, "texture": "#0"}
			}
		},
		{
			"name": "octagon",
			"from": [7.7, 3.89289, -6],
			"to": [7.8, 4.14141, 0],
			"rotation": {"angle": 45, "axis": "z", "origin": [8, 4.01715, -3]},
			"faces": {
				"north": {"uv": [15, 15, 16, 16], "rotation": 180, "texture": "#0"},
				"east": {"uv": [2, 15, 14, 16], "rotation": 180, "texture": "#0"},
				"south": {"uv": [15, 15, 16, 16], "rotation": 180, "texture": "#0"},
				"west": {"uv": [4, 15, 5, 16], "rotation": 180, "texture": "#0"},
				"up": {"uv": [15, 4, 16, 5], "rotation": 180, "texture": "#0"},
				"down": {"uv": [15, 4, 16, 5], "rotation": 180, "texture": "#0"}
			}
		},
		{
			"name": "octagon",
			"from": [7.87574, 3.71715, -6],
			"to": [8.12426, 3.81715, 0],
			"rotation": {"angle": 0, "axis": "y", "origin": [8, 4.01715, -3]},
			"faces": {
				"north": {"uv": [15, 15, 16, 16], "rotation": 270, "texture": "#0"},
				"east": {"uv": [15, 4, 16, 5], "rotation": 90, "texture": "#0"},
				"south": {"uv": [15, 15, 16, 16], "rotation": 90, "texture": "#0"},
				"west": {"uv": [15, 4, 16, 5], "rotation": 90, "texture": "#0"},
				"up": {"uv": [2, 15, 14, 16], "rotation": 90, "texture": "#0"},
				"down": {"uv": [0, 15, 16, 16], "rotation": 90, "texture": "#0"}
			}
		},
		{
			"name": "octagon",
			"from": [7.87574, 3.71715, -6],
			"to": [8.12426, 3.81715, 0],
			"rotation": {"angle": 45, "axis": "z", "origin": [8, 4.01715, -3]},
			"faces": {
				"north": {"uv": [15, 15, 16, 16], "rotation": 270, "texture": "#0"},
				"east": {"uv": [15, 4, 16, 5], "rotation": 90, "texture": "#0"},
				"south": {"uv": [15, 15, 16, 16], "rotation": 90, "texture": "#0"},
				"west": {"uv": [15, 4, 16, 5], "rotation": 90, "texture": "#0"},
				"up": {"uv": [2, 15, 14, 16], "rotation": 90, "texture": "#0"},
				"down": {"uv": [0, 15, 16, 16], "rotation": 90, "texture": "#0"}
			}
		},
		{
			"name": "octagon",
			"from": [7.7, 3.89289, 6],
			"to": [8.3, 4.14141, 12.025],
			"rotation": {"angle": 45, "axis": "z", "origin": [8, 4.01715, 9]},
			"faces": {
				"north": {"uv": [15, 15, 16, 16], "texture": "#0"},
				"east": {"uv": [0, 15, 16, 16], "texture": "#0"},
				"south": {"uv": [15, 15, 16, 16], "texture": "#0"},
				"west": {"uv": [2, 15, 14, 16], "texture": "#0"},
				"up": {"uv": [15, 4, 16, 5], "texture": "#0"},
				"down": {"uv": [15, 4, 16, 5], "texture": "#0"}
			}
		},
		{
			"name": "octagon",
			"from": [7.87574, 3.71715, 6],
			"to": [8.12426, 4.31715, 12.025],
			"rotation": {"angle": 0, "axis": "y", "origin": [8, 4.01715, 9]},
			"faces": {
				"north": {"uv": [15, 15, 16, 16], "rotation": 90, "texture": "#0"},
				"east": {"uv": [15, 4, 16, 5], "rotation": 270, "texture": "#0"},
				"south": {"uv": [15, 15, 16, 16], "rotation": 270, "texture": "#0"},
				"west": {"uv": [15, 4, 16, 5], "rotation": 270, "texture": "#0"},
				"up": {"uv": [0, 15, 16, 16], "rotation": 270, "texture": "#0"},
				"down": {"uv": [2, 15, 14, 16], "rotation": 270, "texture": "#0"}
			}
		},
		{
			"name": "octagon",
			"from": [7.87574, 3.71715, 6],
			"to": [8.12426, 4.31715, 12.025],
			"rotation": {"angle": 45, "axis": "z", "origin": [8, 4.01715, 9]},
			"faces": {
				"north": {"uv": [15, 15, 16, 16], "rotation": 90, "texture": "#0"},
				"east": {"uv": [15, 4, 16, 5], "rotation": 270, "texture": "#0"},
				"south": {"uv": [15, 15, 16, 16], "rotation": 270, "texture": "#0"},
				"west": {"uv": [15, 4, 16, 5], "rotation": 270, "texture": "#0"},
				"up": {"uv": [0, 15, 16, 16], "rotation": 270, "texture": "#0"},
				"down": {"uv": [2, 15, 14, 16], "rotation": 270, "texture": "#0"}
			}
		},
		{
			"name": "octagon",
			"from": [7.7, 3.89289, 6],
			"to": [8.3, 4.14141, 12.025],
			"rotation": {"angle": 0, "axis": "y", "origin": [8, 4.01715, 9]},
			"faces": {
				"north": {"uv": [15, 15, 16, 16], "rotation": 180, "texture": "#0"},
				"east": {"uv": [2, 15, 14, 16], "rotation": 180, "texture": "#0"},
				"south": {"uv": [15, 15, 16, 16], "rotation": 180, "texture": "#0"},
				"west": {"uv": [0, 15, 16, 16], "texture": "#0"},
				"up": {"uv": [15, 4, 16, 5], "rotation": 180, "texture": "#0"},
				"down": {"uv": [15, 4, 16, 5], "rotation": 180, "texture": "#0"}
			}
		},
		{
			"name": "octagon",
			"from": [8.2, 3.89289, 0],
			"to": [8.3, 4.14141, 6],
			"rotation": {"angle": 0, "axis": "z", "origin": [8, 4.01715, 3]},
			"faces": {
				"north": {"uv": [15, 15, 16, 16], "texture": "#0"},
				"east": {"uv": [0, 16, 16, 15], "texture": "#0"},
				"south": {"uv": [15, 15, 16, 16], "texture": "#0"},
				"west": {"uv": [2, 15, 14, 16], "texture": "#0"},
				"up": {"uv": [15, 4, 16, 5], "texture": "#0"},
				"down": {"uv": [15, 4, 16, 5], "texture": "#0"}
			}
		},
		{
			"name": "octagon",
			"from": [8.2, 3.89289, 0],
			"to": [8.3, 4.14141, 6],
			"rotation": {"angle": 45, "axis": "z", "origin": [8, 4.01715, 3]},
			"faces": {
				"north": {"uv": [15, 15, 16, 16], "texture": "#0"},
				"east": {"uv": [0, 15, 16, 16], "texture": "#0"},
				"south": {"uv": [15, 15, 16, 16], "texture": "#0"},
				"west": {"uv": [2, 15, 14, 16], "texture": "#0"},
				"up": {"uv": [15, 4, 16, 5], "texture": "#0"},
				"down": {"uv": [15, 4, 16, 5], "texture": "#0"}
			}
		},
		{
			"name": "octagon",
			"from": [7.87574, 4.21715, 0],
			"to": [8.12426, 4.31715, 6],
			"rotation": {"angle": 0, "axis": "z", "origin": [8, 4.01715, 3]},
			"faces": {
				"north": {"uv": [15, 15, 16, 16], "rotation": 90, "texture": "#0"},
				"east": {"uv": [15, 4, 16, 5], "rotation": 270, "texture": "#0"},
				"south": {"uv": [15, 15, 16, 16], "rotation": 270, "texture": "#0"},
				"west": {"uv": [15, 4, 16, 5], "rotation": 270, "texture": "#0"},
				"up": {"uv": [0, 15, 16, 16], "rotation": 270, "texture": "#0"},
				"down": {"uv": [2, 15, 14, 16], "rotation": 270, "texture": "#0"}
			}
		},
		{
			"name": "octagon",
			"from": [7.87574, 4.21715, 0],
			"to": [8.12426, 4.31715, 6],
			"rotation": {"angle": 45, "axis": "z", "origin": [8, 4.01715, 3]},
			"faces": {
				"north": {"uv": [15, 15, 16, 16], "rotation": 90, "texture": "#0"},
				"east": {"uv": [15, 4, 16, 5], "rotation": 270, "texture": "#0"},
				"south": {"uv": [15, 15, 16, 16], "rotation": 270, "texture": "#0"},
				"west": {"uv": [15, 4, 16, 5], "rotation": 270, "texture": "#0"},
				"up": {"uv": [0, 15, 16, 16], "rotation": 270, "texture": "#0"},
				"down": {"uv": [2, 15, 14, 16], "rotation": 270, "texture": "#0"}
			}
		},
		{
			"name": "octagon",
			"from": [7.7, 3.89289, 0],
			"to": [7.8, 4.14141, 6],
			"rotation": {"angle": 0, "axis": "z", "origin": [8, 4.01715, 3]},
			"faces": {
				"north": {"uv": [15, 15, 16, 16], "rotation": 180, "texture": "#0"},
				"east": {"uv": [2, 15, 14, 16], "rotation": 180, "texture": "#0"},
				"south": {"uv": [15, 15, 16, 16], "rotation": 180, "texture": "#0"},
				"west": {"uv": [0, 15, 16, 16], "texture": "#0"},
				"up": {"uv": [15, 4, 16, 5], "rotation": 180, "texture": "#0"},
				"down": {"uv": [15, 4, 16, 5], "rotation": 180, "texture": "#0"}
			}
		},
		{
			"name": "octagon",
			"from": [7.7, 3.89289, 0],
			"to": [7.8, 4.14141, 6],
			"rotation": {"angle": 45, "axis": "z", "origin": [8, 4.01715, 3]},
			"faces": {
				"north": {"uv": [15, 15, 16, 16], "rotation": 180, "texture": "#0"},
				"east": {"uv": [2, 15, 14, 16], "rotation": 180, "texture": "#0"},
				"south": {"uv": [15, 15, 16, 16], "rotation": 180, "texture": "#0"},
				"west": {"uv": [4, 15, 5, 16], "rotation": 180, "texture": "#0"},
				"up": {"uv": [15, 4, 16, 5], "rotation": 180, "texture": "#0"},
				"down": {"uv": [15, 4, 16, 5], "rotation": 180, "texture": "#0"}
			}
		},
		{
			"name": "octagon",
			"from": [7.87574, 3.71715, 0],
			"to": [8.12426, 3.81715, 6],
			"rotation": {"angle": 0, "axis": "z", "origin": [8, 4.01715, 3]},
			"faces": {
				"north": {"uv": [15, 15, 16, 16], "rotation": 270, "texture": "#0"},
				"east": {"uv": [15, 4, 16, 5], "rotation": 90, "texture": "#0"},
				"south": {"uv": [15, 15, 16, 16], "rotation": 90, "texture": "#0"},
				"west": {"uv": [15, 4, 16, 5], "rotation": 90, "texture": "#0"},
				"up": {"uv": [2, 15, 14, 16], "rotation": 90, "texture": "#0"},
				"down": {"uv": [0, 15, 16, 16], "rotation": 90, "texture": "#0"}
			}
		},
		{
			"name": "octagon",
			"from": [7.87574, 3.71715, 0],
			"to": [8.12426, 3.81715, 6],
			"rotation": {"angle": 45, "axis": "z", "origin": [8, 4.01715, 3]},
			"faces": {
				"north": {"uv": [15, 15, 16, 16], "rotation": 270, "texture": "#0"},
				"east": {"uv": [15, 4, 16, 5], "rotation": 90, "texture": "#0"},
				"south": {"uv": [15, 15, 16, 16], "rotation": 90, "texture": "#0"},
				"west": {"uv": [15, 4, 16, 5], "rotation": 90, "texture": "#0"},
				"up": {"uv": [2, 15, 14, 16], "rotation": 90, "texture": "#0"},
				"down": {"uv": [0, 15, 16, 16], "rotation": 90, "texture": "#0"}
			}
		},
		{
			"from": [9.5, 3, -10.5],
			"to": [10.5, 4, -10.5],
			"rotation": {"angle": 0, "axis": "y", "origin": [8.94702, 3.69935, 3.5]},
			"faces": {
				"east": {"uv": [0, 0, 0, 1], "texture": "#missing"},
				"south": {"uv": [0, 0, 16, 16], "texture": "#1"},
				"west": {"uv": [0, 0, 0, 1], "texture": "#missing"},
				"up": {"uv": [0, 0, 1, 0], "texture": "#missing"},
				"down": {"uv": [0, 0, 1, 0], "texture": "#missing"}
			}
		},
		{
			"from": [10.5, 3, -10.5],
			"to": [12.25, 4, -10.5],
			"rotation": {"angle": 0, "axis": "y", "origin": [8.94702, 3.69935, 3.5]},
			"faces": {
				"east": {"uv": [0, 0, 0, 1], "texture": "#missing"},
				"south": {"uv": [0, 0, 3, 2], "texture": "#1"},
				"west": {"uv": [0, 0, 0, 1], "texture": "#missing"},
				"up": {"uv": [0, 0, 1, 0], "texture": "#missing"},
				"down": {"uv": [0, 0, 1, 0], "texture": "#missing"}
			}
		},
		{
			"from": [7.75, 4, -10.5],
			"to": [12.25, 5.35, -10.5],
			"rotation": {"angle": 0, "axis": "y", "origin": [8.94702, 3.69935, 3.5]},
			"faces": {
				"east": {"uv": [0, 0, 0, 1], "texture": "#missing"},
				"south": {"uv": [0, 0, 3, 2], "texture": "#1"},
				"west": {"uv": [0, 0, 0, 1], "texture": "#missing"},
				"up": {"uv": [0, 0, 1, 0], "texture": "#missing"},
				"down": {"uv": [0, 0, 1, 0], "texture": "#missing"}
			}
		},
		{
			"from": [7.75, 1.65, -10.5],
			"to": [12.25, 3, -10.5],
			"rotation": {"angle": 0, "axis": "y", "origin": [8.94702, 3.69935, 3.5]},
			"faces": {
				"east": {"uv": [0, 0, 0, 1], "texture": "#missing"},
				"south": {"uv": [0, 0, 3, 2], "texture": "#1"},
				"west": {"uv": [0, 0, 0, 1], "texture": "#missing"},
				"up": {"uv": [0, 0, 1, 0], "texture": "#missing"},
				"down": {"uv": [0, 0, 1, 0], "texture": "#missing"}
			}
		},
		{
			"from": [7.75, 3, -10.5],
			"to": [9.5, 4, -10.5],
			"rotation": {"angle": 0, "axis": "y", "origin": [8.94702, 3.69935, 3.5]},
			"faces": {
				"east": {"uv": [0, 0, 0, 1], "texture": "#missing"},
				"south": {"uv": [0, 0, 3, 2], "texture": "#1"},
				"west": {"uv": [0, 0, 0, 1], "texture": "#missing"},
				"up": {"uv": [0, 0, 1, 0], "texture": "#missing"},
				"down": {"uv": [0, 0, 1, 0], "texture": "#missing"}
			}
		},
		{
			"from": [7.75, 1.925, 8.45],
			"to": [8.25, 3.025, 9.95],
			"rotation": {"angle": 0, "axis": "y", "origin": [8, 2.475, 9.55]},
			"faces": {
				"north": {"uv": [7, 4, 8, 7], "texture": "#0"},
				"east": {"uv": [7, 4, 13, 8], "texture": "#0"},
				"south": {"uv": [11, 4, 12, 7], "texture": "#0"},
				"west": {"uv": [7, 4, 13, 8], "texture": "#0"},
				"up": {"uv": [4, 9, 5, 11], "texture": "#0"},
				"down": {"uv": [7, 4, 13, 5], "rotation": 90, "texture": "#0"}
			}
		},
		{
			"name": "octagon",
			"from": [7.7752, 4.4125, 6.3],
			"to": [8.22047, 5.4875, 7.3],
			"rotation": {"angle": 0, "axis": "y", "origin": [7.99783, 4.95, 6.3]},
			"faces": {
				"north": {"uv": [15, 15, 16, 16], "texture": "#0"},
				"east": {"uv": [12, 15, 13, 16], "texture": "#0"},
				"south": {"uv": [15, 15, 16, 16], "texture": "#0"},
				"west": {"uv": [12, 15, 13, 16], "texture": "#0"},
				"up": {"uv": [14, 12, 15, 16], "texture": "#0"},
				"down": {"uv": [15, 12, 16, 16], "texture": "#0"}
			}
		},
		{
			"name": "octagon",
			"from": [7.7752, 4.4125, 6.3],
			"to": [8.22047, 5.4875, 7.3],
			"rotation": {"angle": 45, "axis": "z", "origin": [7.99783, 4.95, 6.3]},
			"faces": {
				"north": {"uv": [15, 15, 16, 16], "texture": "#0"},
				"east": {"uv": [12, 15, 13, 16], "texture": "#0"},
				"south": {"uv": [15, 15, 16, 16], "texture": "#0"},
				"west": {"uv": [12, 15, 13, 16], "texture": "#0"},
				"up": {"uv": [14, 12, 15, 16], "texture": "#0"},
				"down": {"uv": [15, 12, 16, 16], "texture": "#0"}
			}
		},
		{
			"name": "octagon",
			"from": [7.46033, 4.72737, 6.3],
			"to": [8.53533, 5.17263, 7.3],
			"rotation": {"angle": 0, "axis": "y", "origin": [7.99783, 4.95, 6.3]},
			"faces": {
				"north": {"uv": [15, 15, 16, 16], "rotation": 90, "texture": "#0"},
				"east": {"uv": [15, 12, 16, 16], "rotation": 270, "texture": "#0"},
				"south": {"uv": [15, 15, 16, 16], "rotation": 270, "texture": "#0"},
				"west": {"uv": [14, 12, 15, 16], "rotation": 270, "texture": "#0"},
				"up": {"uv": [12, 15, 13, 16], "rotation": 270, "texture": "#0"},
				"down": {"uv": [12, 15, 13, 16], "rotation": 270, "texture": "#0"}
			}
		},
		{
			"name": "octagon",
			"from": [7.46033, 4.72737, 6.3],
			"to": [8.53533, 5.17263, 7.3],
			"rotation": {"angle": 45, "axis": "z", "origin": [7.99783, 4.95, 6.3]},
			"faces": {
				"north": {"uv": [15, 15, 16, 16], "rotation": 90, "texture": "#0"},
				"east": {"uv": [15, 12, 16, 16], "rotation": 270, "texture": "#0"},
				"south": {"uv": [15, 15, 16, 16], "rotation": 270, "texture": "#0"},
				"west": {"uv": [14, 12, 15, 16], "rotation": 270, "texture": "#0"},
				"up": {"uv": [12, 15, 13, 16], "rotation": 270, "texture": "#0"},
				"down": {"uv": [12, 15, 13, 16], "rotation": 270, "texture": "#0"}
			}
		},
		{
			"name": "octagon",
			"from": [7.8011, 4.475, 7.3],
			"to": [8.19459, 5.425, 8.3],
			"rotation": {"angle": 0, "axis": "y", "origin": [7.99785, 4.95, 7.8]},
			"faces": {
				"north": {"uv": [15, 15, 16, 16], "texture": "#0"},
				"east": {"uv": [14, 15, 15, 16], "texture": "#0"},
				"south": {"uv": [15, 15, 16, 16], "texture": "#0"},
				"west": {"uv": [14, 15, 15, 16], "texture": "#0"},
				"up": {"uv": [11, 14, 12, 16], "texture": "#0"},
				"down": {"uv": [15, 14, 16, 16], "texture": "#0"}
			}
		},
		{
			"name": "octagon",
			"from": [7.8011, 4.475, 7.3],
			"to": [8.19459, 5.425, 8.3],
			"rotation": {"angle": 45, "axis": "z", "origin": [7.99785, 4.95, 7.8]},
			"faces": {
				"north": {"uv": [15, 15, 16, 16], "texture": "#0"},
				"east": {"uv": [14, 15, 15, 16], "texture": "#0"},
				"south": {"uv": [15, 15, 16, 16], "texture": "#0"},
				"west": {"uv": [14, 15, 15, 16], "texture": "#0"},
				"up": {"uv": [11, 14, 12, 16], "texture": "#0"},
				"down": {"uv": [15, 14, 16, 16], "texture": "#0"}
			}
		},
		{
			"name": "octagon",
			"from": [7.52285, 4.75325, 7.3],
			"to": [8.47285, 5.14675, 8.3],
			"rotation": {"angle": 0, "axis": "y", "origin": [7.99785, 4.95, 7.8]},
			"faces": {
				"north": {"uv": [15, 15, 16, 16], "rotation": 90, "texture": "#0"},
				"east": {"uv": [15, 14, 16, 16], "rotation": 270, "texture": "#0"},
				"south": {"uv": [15, 15, 16, 16], "rotation": 270, "texture": "#0"},
				"west": {"uv": [11, 14, 12, 16], "rotation": 270, "texture": "#0"},
				"up": {"uv": [14, 15, 15, 16], "rotation": 270, "texture": "#0"},
				"down": {"uv": [14, 15, 15, 16], "rotation": 270, "texture": "#0"}
			}
		},
		{
			"name": "octagon",
			"from": [7.52285, 4.75325, 7.3],
			"to": [8.47285, 5.14675, 8.3],
			"rotation": {"angle": 45, "axis": "z", "origin": [7.99785, 4.95, 7.8]},
			"faces": {
				"north": {"uv": [15, 15, 16, 16], "rotation": 90, "texture": "#0"},
				"east": {"uv": [15, 14, 16, 16], "rotation": 270, "texture": "#0"},
				"south": {"uv": [15, 15, 16, 16], "rotation": 270, "texture": "#0"},
				"west": {"uv": [11, 14, 12, 16], "rotation": 270, "texture": "#0"},
				"up": {"uv": [14, 15, 15, 16], "rotation": 270, "texture": "#0"},
				"down": {"uv": [14, 15, 15, 16], "rotation": 270, "texture": "#0"}
			}
		},
		{
			"name": "octagon",
			"from": [7.827, 4.5375, 8.3],
			"to": [8.16871, 5.3625, 9.3],
			"rotation": {"angle": 0, "axis": "y", "origin": [7.99786, 4.95, 8.8]},
			"faces": {
				"north": {"uv": [15, 15, 16, 16], "texture": "#0"},
				"east": {"uv": [14, 15, 15, 16], "texture": "#0"},
				"south": {"uv": [15, 15, 16, 16], "texture": "#0"},
				"west": {"uv": [14, 15, 15, 16], "texture": "#0"},
				"up": {"uv": [13, 11, 14, 13], "texture": "#0"},
				"down": {"uv": [15, 14, 16, 16], "texture": "#0"}
			}
		},
		{
			"name": "octagon",
			"from": [7.827, 4.5375, 8.3],
			"to": [8.16871, 5.3625, 9.3],
			"rotation": {"angle": 45, "axis": "z", "origin": [7.99786, 4.95, 8.8]},
			"faces": {
				"north": {"uv": [15, 15, 16, 16], "texture": "#0"},
				"east": {"uv": [14, 15, 15, 16], "texture": "#0"},
				"south": {"uv": [15, 15, 16, 16], "texture": "#0"},
				"west": {"uv": [14, 15, 15, 16], "texture": "#0"},
				"up": {"uv": [13, 11, 14, 13], "texture": "#0"},
				"down": {"uv": [15, 14, 16, 16], "texture": "#0"}
			}
		},
		{
			"name": "octagon",
			"from": [7.58536, 4.77914, 8.3],
			"to": [8.41036, 5.12086, 9.3],
			"rotation": {"angle": 0, "axis": "y", "origin": [7.99786, 4.95, 8.8]},
			"faces": {
				"north": {"uv": [15, 15, 16, 16], "rotation": 90, "texture": "#0"},
				"east": {"uv": [15, 14, 16, 16], "rotation": 270, "texture": "#0"},
				"south": {"uv": [15, 15, 16, 16], "rotation": 270, "texture": "#0"},
				"west": {"uv": [13, 11, 14, 13], "rotation": 270, "texture": "#0"},
				"up": {"uv": [14, 15, 15, 16], "rotation": 270, "texture": "#0"},
				"down": {"uv": [14, 15, 15, 16], "rotation": 270, "texture": "#0"}
			}
		},
		{
			"name": "octagon",
			"from": [7.58536, 4.77914, 8.3],
			"to": [8.41036, 5.12086, 9.3],
			"rotation": {"angle": 45, "axis": "z", "origin": [7.99786, 4.95, 8.8]},
			"faces": {
				"north": {"uv": [15, 15, 16, 16], "rotation": 90, "texture": "#0"},
				"east": {"uv": [15, 14, 16, 16], "rotation": 270, "texture": "#0"},
				"south": {"uv": [15, 15, 16, 16], "rotation": 270, "texture": "#0"},
				"west": {"uv": [13, 11, 14, 13], "rotation": 270, "texture": "#0"},
				"up": {"uv": [14, 15, 15, 16], "rotation": 270, "texture": "#0"},
				"down": {"uv": [14, 15, 15, 16], "rotation": 270, "texture": "#0"}
			}
		},
		{
			"name": "octagon",
			"from": [7.8011, 4.475, 11.3],
			"to": [8.1946, 5.425, 12.3],
			"rotation": {"angle": 0, "axis": "y", "origin": [7.99785, 4.95, 11.8]},
			"faces": {
				"north": {"uv": [15, 15, 16, 16], "texture": "#0"},
				"east": {"uv": [14, 15, 15, 16], "texture": "#0"},
				"south": {"uv": [15, 15, 16, 16], "texture": "#0"},
				"west": {"uv": [14, 15, 15, 16], "texture": "#0"},
				"up": {"uv": [15, 14, 16, 16], "texture": "#0"},
				"down": {"uv": [15, 14, 16, 16], "texture": "#0"}
			}
		},
		{
			"name": "octagon",
			"from": [7.8011, 4.475, 11.3],
			"to": [8.1946, 5.425, 12.3],
			"rotation": {"angle": 45, "axis": "z", "origin": [7.99785, 4.95, 11.8]},
			"faces": {
				"north": {"uv": [15, 15, 16, 16], "texture": "#0"},
				"east": {"uv": [14, 15, 15, 16], "texture": "#0"},
				"south": {"uv": [15, 15, 16, 16], "texture": "#0"},
				"west": {"uv": [14, 15, 15, 16], "texture": "#0"},
				"up": {"uv": [15, 14, 16, 16], "texture": "#0"},
				"down": {"uv": [15, 14, 16, 16], "texture": "#0"}
			}
		},
		{
			"name": "octagon",
			"from": [7.52285, 4.75325, 11.3],
			"to": [8.47285, 5.14675, 12.3],
			"rotation": {"angle": 0, "axis": "y", "origin": [7.99785, 4.95, 11.8]},
			"faces": {
				"north": {"uv": [15, 15, 16, 16], "rotation": 90, "texture": "#0"},
				"east": {"uv": [15, 14, 16, 16], "rotation": 270, "texture": "#0"},
				"south": {"uv": [15, 15, 16, 16], "rotation": 270, "texture": "#0"},
				"west": {"uv": [15, 14, 16, 16], "rotation": 270, "texture": "#0"},
				"up": {"uv": [14, 15, 15, 16], "rotation": 270, "texture": "#0"},
				"down": {"uv": [14, 15, 15, 16], "rotation": 270, "texture": "#0"}
			}
		},
		{
			"name": "octagon",
			"from": [7.52285, 4.75325, 11.3],
			"to": [8.47285, 5.14675, 12.3],
			"rotation": {"angle": 45, "axis": "z", "origin": [7.99785, 4.95, 11.8]},
			"faces": {
				"north": {"uv": [15, 15, 16, 16], "rotation": 90, "texture": "#0"},
				"east": {"uv": [15, 14, 16, 16], "rotation": 270, "texture": "#0"},
				"south": {"uv": [15, 15, 16, 16], "rotation": 270, "texture": "#0"},
				"west": {"uv": [15, 14, 16, 16], "rotation": 270, "texture": "#0"},
				"up": {"uv": [14, 15, 15, 16], "rotation": 270, "texture": "#0"},
				"down": {"uv": [14, 15, 15, 16], "rotation": 270, "texture": "#0"}
			}
		},
		{
			"name": "octagon",
			"from": [7.8658, 4.63125, 12.31],
			"to": [8.12985, 5.26875, 12.31],
			"rotation": {"angle": 0, "axis": "y", "origin": [7.99783, 4.95, 12.31]},
			"faces": {
				"north": {"uv": [4, 13, 5, 14], "texture": "#0"},
				"east": {"uv": [4, 13, 5, 14], "texture": "#0"},
				"south": {"uv": [5, 13, 6, 14], "texture": "#0"},
				"west": {"uv": [4, 13, 5, 14], "texture": "#0"},
				"up": {"uv": [5, 12, 6, 14], "texture": "#0"},
				"down": {"uv": [4, 12, 5, 14], "texture": "#0"}
			}
		},
		{
			"name": "octagon",
			"from": [7.8658, 4.63125, 12.31],
			"to": [8.12985, 5.26875, 12.31],
			"rotation": {"angle": 45, "axis": "z", "origin": [7.99783, 4.95, 12.31]},
			"faces": {
				"north": {"uv": [4, 13, 5, 14], "texture": "#0"},
				"east": {"uv": [4, 13, 5, 14], "texture": "#0"},
				"south": {"uv": [5, 13, 6, 14], "texture": "#0"},
				"west": {"uv": [4, 13, 5, 14], "texture": "#0"},
				"up": {"uv": [5, 12, 6, 14], "texture": "#0"},
				"down": {"uv": [4, 12, 5, 14], "texture": "#0"}
			}
		},
		{
			"name": "octagon",
			"from": [7.67908, 4.81797, 12.31],
			"to": [8.31658, 5.08203, 12.31],
			"rotation": {"angle": 0, "axis": "y", "origin": [7.99783, 4.95, 12.31]},
			"faces": {
				"north": {"uv": [4, 13, 5, 14], "rotation": 90, "texture": "#0"},
				"east": {"uv": [4, 12, 5, 14], "rotation": 270, "texture": "#0"},
				"south": {"uv": [5, 13, 6, 14], "rotation": 270, "texture": "#0"},
				"west": {"uv": [5, 12, 6, 14], "rotation": 270, "texture": "#0"},
				"up": {"uv": [4, 13, 5, 14], "rotation": 270, "texture": "#0"},
				"down": {"uv": [4, 13, 5, 14], "rotation": 270, "texture": "#0"}
			}
		},
		{
			"name": "octagon",
			"from": [7.67908, 4.81797, 12.31],
			"to": [8.31658, 5.08203, 12.31],
			"rotation": {"angle": 45, "axis": "z", "origin": [7.99783, 4.95, 12.31]},
			"faces": {
				"north": {"uv": [4, 13, 5, 14], "rotation": 90, "texture": "#0"},
				"east": {"uv": [4, 12, 5, 14], "rotation": 270, "texture": "#0"},
				"south": {"uv": [5, 13, 6, 14], "rotation": 270, "texture": "#0"},
				"west": {"uv": [5, 12, 6, 14], "rotation": 270, "texture": "#0"},
				"up": {"uv": [4, 13, 5, 14], "rotation": 270, "texture": "#0"},
				"down": {"uv": [4, 13, 5, 14], "rotation": 270, "texture": "#0"}
			}
		},
		{
			"name": "octagon",
			"from": [7.8658, 4.63125, 6.29],
			"to": [8.12985, 5.26875, 6.29],
			"rotation": {"angle": 0, "axis": "y", "origin": [7.99783, 4.95, 6.29]},
			"faces": {
				"north": {"uv": [4, 13, 5, 14], "texture": "#0"},
				"east": {"uv": [4, 13, 5, 14], "texture": "#0"},
				"south": {"uv": [5, 13, 6, 14], "texture": "#0"},
				"west": {"uv": [4, 13, 5, 14], "texture": "#0"},
				"up": {"uv": [5, 12, 6, 14], "texture": "#0"},
				"down": {"uv": [4, 12, 5, 14], "texture": "#0"}
			}
		},
		{
			"name": "octagon",
			"from": [7.8658, 4.63125, 6.29],
			"to": [8.12985, 5.26875, 6.29],
			"rotation": {"angle": 45, "axis": "z", "origin": [7.99783, 4.95, 6.29]},
			"faces": {
				"north": {"uv": [4, 13, 5, 14], "texture": "#0"},
				"east": {"uv": [4, 13, 5, 14], "texture": "#0"},
				"south": {"uv": [5, 13, 6, 14], "texture": "#0"},
				"west": {"uv": [4, 13, 5, 14], "texture": "#0"},
				"up": {"uv": [5, 12, 6, 14], "texture": "#0"},
				"down": {"uv": [4, 12, 5, 14], "texture": "#0"}
			}
		},
		{
			"name": "octagon",
			"from": [7.67908, 4.81797, 6.29],
			"to": [8.31658, 5.08203, 6.29],
			"rotation": {"angle": 0, "axis": "y", "origin": [7.99783, 4.95, 6.29]},
			"faces": {
				"north": {"uv": [4, 13, 5, 14], "rotation": 90, "texture": "#0"},
				"east": {"uv": [4, 12, 5, 14], "rotation": 270, "texture": "#0"},
				"south": {"uv": [5, 13, 6, 14], "rotation": 270, "texture": "#0"},
				"west": {"uv": [5, 12, 6, 14], "rotation": 270, "texture": "#0"},
				"up": {"uv": [4, 13, 5, 14], "rotation": 270, "texture": "#0"},
				"down": {"uv": [4, 13, 5, 14], "rotation": 270, "texture": "#0"}
			}
		},
		{
			"name": "octagon",
			"from": [7.67908, 4.81797, 6.29],
			"to": [8.31658, 5.08203, 6.29],
			"rotation": {"angle": 45, "axis": "z", "origin": [7.99783, 4.95, 6.29]},
			"faces": {
				"north": {"uv": [4, 13, 5, 14], "rotation": 90, "texture": "#0"},
				"east": {"uv": [4, 12, 5, 14], "rotation": 270, "texture": "#0"},
				"south": {"uv": [5, 13, 6, 14], "rotation": 270, "texture": "#0"},
				"west": {"uv": [5, 12, 6, 14], "rotation": 270, "texture": "#0"},
				"up": {"uv": [4, 13, 5, 14], "rotation": 270, "texture": "#0"},
				"down": {"uv": [4, 13, 5, 14], "rotation": 270, "texture": "#0"}
			}
		},
		{
			"name": "octagon",
			"from": [7.8529, 4.6, 9.3],
			"to": [8.14284, 5.3, 11.3],
			"rotation": {"angle": 0, "axis": "y", "origin": [7.99787, 4.95, 10.8]},
			"faces": {
				"north": {"uv": [15, 15, 16, 16], "texture": "#0"},
				"east": {"uv": [10, 15, 11, 16], "texture": "#0"},
				"south": {"uv": [15, 15, 16, 16], "texture": "#0"},
				"west": {"uv": [10, 15, 11, 16], "texture": "#0"},
				"up": {"uv": [15, 4, 16, 10], "texture": "#0"},
				"down": {"uv": [15, 10, 16, 16], "texture": "#0"}
			}
		},
		{
			"name": "octagon",
			"from": [7.8529, 4.6, 9.3],
			"to": [8.14284, 5.3, 11.3],
			"rotation": {"angle": 45, "axis": "z", "origin": [7.99787, 4.95, 10.8]},
			"faces": {
				"north": {"uv": [15, 15, 16, 16], "texture": "#0"},
				"east": {"uv": [10, 15, 11, 16], "texture": "#0"},
				"south": {"uv": [15, 15, 16, 16], "texture": "#0"},
				"west": {"uv": [10, 15, 11, 16], "texture": "#0"},
				"up": {"uv": [15, 4, 16, 10], "texture": "#0"},
				"down": {"uv": [15, 10, 16, 16], "texture": "#0"}
			}
		},
		{
			"name": "octagon",
			"from": [7.64787, 4.80503, 9.3],
			"to": [8.34787, 5.09497, 11.3],
			"rotation": {"angle": 0, "axis": "y", "origin": [7.99787, 4.95, 10.8]},
			"faces": {
				"north": {"uv": [15, 15, 16, 16], "rotation": 90, "texture": "#0"},
				"east": {"uv": [15, 10, 16, 16], "rotation": 270, "texture": "#0"},
				"south": {"uv": [15, 15, 16, 16], "rotation": 270, "texture": "#0"},
				"west": {"uv": [15, 4, 16, 10], "rotation": 270, "texture": "#0"},
				"up": {"uv": [10, 15, 11, 16], "rotation": 270, "texture": "#0"},
				"down": {"uv": [10, 15, 11, 16], "rotation": 270, "texture": "#0"}
			}
		},
		{
			"name": "octagon",
			"from": [7.64787, 4.80503, 9.3],
			"to": [8.34787, 5.09497, 11.3],
			"rotation": {"angle": 45, "axis": "z", "origin": [7.99787, 4.95, 10.8]},
			"faces": {
				"north": {"uv": [15, 15, 16, 16], "rotation": 90, "texture": "#0"},
				"east": {"uv": [15, 10, 16, 16], "rotation": 270, "texture": "#0"},
				"south": {"uv": [15, 15, 16, 16], "rotation": 270, "texture": "#0"},
				"west": {"uv": [15, 4, 16, 10], "rotation": 270, "texture": "#0"},
				"up": {"uv": [10, 15, 11, 16], "rotation": 270, "texture": "#0"},
				"down": {"uv": [10, 15, 11, 16], "rotation": 270, "texture": "#0"}
			}
		},
		{
			"from": [7.75, 3.85, 10.05],
			"to": [8.25, 4.85, 10.55],
			"rotation": {"angle": 0, "axis": "y", "origin": [0, -4.15, -2.2]},
			"faces": {
				"north": {"uv": [15.5, 14, 16, 16], "texture": "#0"},
				"east": {"uv": [14, 14, 16, 16], "texture": "#0"},
				"south": {"uv": [15.5, 14, 16, 16], "texture": "#0"},
				"west": {"uv": [14, 14, 16, 16], "texture": "#0"},
				"up": {"uv": [15.5, 15, 16, 16], "texture": "#0"},
				"down": {"uv": [15.5, 15, 16, 16], "texture": "#0"}
			}
		},
		{
			"from": [7.75, 3.85, 7.8],
			"to": [8.25, 4.85, 8.3],
			"rotation": {"angle": 0, "axis": "y", "origin": [0, -4.15, -1.2]},
			"faces": {
				"north": {"uv": [15.5, 14, 16, 16], "texture": "#0"},
				"east": {"uv": [14, 14, 16, 16], "texture": "#0"},
				"south": {"uv": [15.5, 14, 16, 16], "texture": "#0"},
				"west": {"uv": [14, 14, 16, 16], "texture": "#0"},
				"up": {"uv": [15.5, 15, 16, 16], "texture": "#0"},
				"down": {"uv": [15.5, 15, 16, 16], "texture": "#0"}
			}
		}
	],
	"display": {
		"thirdperson_righthand": {
			"rotation": [28, -10, 0],
			"translation": [0.75, 7.5, 2.75],
			"scale": [1.25, 1.25, 1.25]
		},
		"thirdperson_lefthand": {
			"translation": [-14, 8.75, -2.25],
			"scale": [1.75, 1.75, 1.75]
		},
		"firstperson_righthand": {
			"rotation": [0, -10, 0],
			"translation": [-6.8715, 23.557, 32.05],
			"scale": [1.25, 1.25, 1.2]
		},
		"firstperson_lefthand": {
			"translation": [0, 8.25, -1.75],
			"scale": [1.25, 1.25, 1.25]
		},
		"ground": {
			"rotation": [0, 0, -90],
			"translation": [5.75, -2.25, 4.75],
			"scale": [1.15, 1.15, 1.15]
		},
		"gui": {
			"rotation": [21, 150, 0],
			"translation": [2, 7.5, 0],
			"scale": [1.72, 1.72, 1.72]
		},
		"head": {
			"translation": [0, 0, -17.5],
			"scale": [0.5, 0.5, 2]
		},
		"fixed": {
			"rotation": [0, -88, 0],
			"translation": [-4.25, 8, -0.75],
			"scale": [1.85, 1.85, 1.85]
		}
	},
	"groups": [
		{
			"name": "part",
			"origin": [0, 0, 12],
			"color": 0,
			"children": []
		},
		{
			"name": "part",
			"origin": [0, 0, 12],
			"color": 0,
			"children": [0, 1, 2, 3, 4, 5, 6, 7, 8]
		},
		{
			"name": "part",
			"origin": [0, 0, 12],
			"color": 0,
			"children": [9, 10, 11, 12]
		},
		13,
		{
			"name": "octagon",
			"origin": [8, 8, 8],
			"color": 0,
			"children": []
		},
		{
			"name": "octagon",
			"origin": [8, 8, 8],
			"color": 0,
			"children": [14, 15, 16, 17, 18, 19, 20, 21]
		},
		{
			"name": "octagon",
			"origin": [8, 8, 8],
			"color": 0,
			"children": [22, 23, 24, 25]
		},
		{
			"name": "octagon",
			"origin": [8, 8, 8],
			"color": 0,
			"children": [26, 27, 28, 29, 30, 31, 32, 33]
		},
		{
			"name": "octagon",
			"origin": [8, 8, 8],
			"color": 0,
			"children": []
		},
		{
			"name": "octagon",
			"origin": [8, 8, 8],
			"color": 0,
			"children": []
		},
		{
			"name": "octagon",
			"origin": [8, 8, 8],
			"color": 0,
			"children": []
		},
		{
			"name": "octagon",
			"origin": [8, 8, 8],
			"color": 0,
			"children": []
		},
		{
			"name": "octagon",
			"origin": [8, 9.7125, 3.375],
			"color": 0,
			"children": []
		},
		{
			"name": "octagon",
			"origin": [8, 8, 8],
			"color": 0,
			"children": []
		},
		{
			"name": "octagon",
			"origin": [8, 8, 8],
			"color": 0,
			"children": []
		},
		{
			"name": "octagon",
			"origin": [8, 8, 8],
			"color": 0,
			"children": []
		},
		34,
		35,
		36,
		37,
		38,
		39,
		{
			"name": "scope",
			"origin": [0, -3.35, 5],
			"color": 0,
			"children": [40, 41, 42, 43, 44, 45, 46, 47, 48, 49, 50, 51, 52, 53, 54, 55, 56, 57, 58, 59, 60, 61, 62, 63, 64, 65, 66, 67, 68, 69]
		}
	]
}