{
	"format_version": "1.21.6",
	"credit": "Made with Blockbench",
	"textures": {
		"2": "chems_guns:item/gun_ammo/retcher"
	},
	"elements": [
		{
			"from": [6.2, 2.2, -4],
			"to": [7.7, 3.7, 4],
			"rotation": {"angle": 0, "axis": "y", "origin": [15, -3, 11]},
			"faces": {
				"north": {"uv": [4, 9, 7, 11.96154], "texture": "#2"},
				"east": {"uv": [13.5, 0, 16, 12.5], "rotation": 90, "texture": "#2"},
				"south": {"uv": [0, 0, 4, 4], "texture": "#2"},
				"west": {"uv": [13.5, 0, 16, 12.5], "rotation": 90, "texture": "#2"},
				"up": {"uv": [13.5, 0, 16, 12.5], "rotation": 180, "texture": "#2"},
				"down": {"uv": [13.5, 0, 16, 12.5], "texture": "#2"}
			}
		},
		{
			"from": [6.2, 4.2, -4],
			"to": [7.7, 5.7, 4],
			"rotation": {"angle": 0, "axis": "y", "origin": [15, -3, 11]},
			"faces": {
				"north": {"uv": [4, 9, 7, 11.96154], "texture": "#2"},
				"east": {"uv": [13.5, 0, 16, 12.5], "rotation": 90, "texture": "#2"},
				"south": {"uv": [0, 0, 4, 4], "texture": "#2"},
				"west": {"uv": [13.5, 0, 16, 12.5], "rotation": 90, "texture": "#2"},
				"up": {"uv": [13.5, 0, 16, 12.5], "rotation": 180, "texture": "#2"},
				"down": {"uv": [13.5, 0, 16, 12.5], "rotation": 180, "texture": "#2"}
			}
		},
		{
			"from": [8.2, 2.2, -4],
			"to": [9.7, 3.7, 4],
			"rotation": {"angle": 0, "axis": "y", "origin": [15, -3, 11]},
			"faces": {
				"north": {"uv": [4, 9, 7, 11.96154], "texture": "#2"},
				"east": {"uv": [13.5, 0, 16, 12.5], "rotation": 270, "texture": "#2"},
				"south": {"uv": [0, 0, 4, 4], "texture": "#2"},
				"west": {"uv": [13.5, 0, 16, 12.5], "rotation": 90, "texture": "#2"},
				"up": {"uv": [13.5, 0, 16, 12.5], "rotation": 180, "texture": "#2"},
				"down": {"uv": [13.5, 0, 16, 12.5], "texture": "#2"}
			}
		},
		{
			"from": [8.2, 4.2, -4],
			"to": [9.7, 5.7, 4],
			"rotation": {"angle": 0, "axis": "y", "origin": [15, -3, 11]},
			"faces": {
				"north": {"uv": [4, 9, 7, 11.96154], "texture": "#2"},
				"east": {"uv": [13.5, 0, 16, 12.5], "rotation": 270, "texture": "#2"},
				"south": {"uv": [0, 0, 4, 4], "texture": "#2"},
				"west": {"uv": [13.5, 0, 16, 12.5], "rotation": 90, "texture": "#2"},
				"up": {"uv": [13.5, 0, 16, 12.5], "rotation": 180, "texture": "#2"},
				"down": {"uv": [13.5, 0, 16, 12.5], "rotation": 180, "texture": "#2"}
			}
		},
		{
			"from": [6, 2, 4],
			"to": [10, 6, 9],
			"rotation": {"angle": 0, "axis": "y", "origin": [15, -3, 11]},
			"faces": {
				"north": {"uv": [4, 12, 8, 15.96154], "texture": "#2"},
				"east": {"uv": [0, 8.5, 4, 16], "rotation": 270, "texture": "#2"},
				"west": {"uv": [0, 8.5, 4, 15.5], "rotation": 90, "texture": "#2"},
				"up": {"uv": [0, 8.5, 4, 16], "rotation": 180, "texture": "#2"},
				"down": {"uv": [0, 8.5, 4, 16], "rotation": 180, "texture": "#2"}
			}
		},
		{
			"from": [4.85, 7.22829, 4.53345],
			"to": [5.85, 7.72829, 7.53345],
			"rotation": {"angle": -45, "axis": "x", "origin": [5.35, 7.47829, 7.03345]},
			"faces": {
				"north": {"uv": [11, 9.5, 13.5, 10.46154], "texture": "#2"},
				"east": {"uv": [11, 4, 12.5, 9], "rotation": 270, "texture": "#2"},
				"south": {"uv": [11.5, 9, 13.5, 10], "texture": "#2"},
				"west": {"uv": [12.5, 4, 13.5, 9], "rotation": 90, "texture": "#2"},
				"up": {"uv": [11.5, 4, 13, 9], "rotation": 180, "texture": "#2"},
				"down": {"uv": [11, 4, 12.5, 9], "rotation": 180, "texture": "#2"}
			}
		},
		{
			"from": [1.85, 7.42829, 7.03345],
			"to": [4.85, 7.92829, 7.53345],
			"rotation": {"angle": 0, "axis": "y", "origin": [2.35, 7.67829, 7.03345]},
			"faces": {
				"north": {"uv": [12.5, 0, 13.5, 9.5], "rotation": 90, "texture": "#2"},
				"east": {"uv": [12, 9.5, 13.5, 10.96154], "texture": "#2"},
				"south": {"uv": [11, 0, 12.5, 9.5], "rotation": 270, "texture": "#2"},
				"west": {"uv": [11, 9, 13.5, 11.5], "texture": "#2"},
				"up": {"uv": [11.5, 0, 13, 9.5], "rotation": 270, "texture": "#2"},
				"down": {"uv": [11, 0, 12.5, 9.5], "rotation": 90, "texture": "#2"}
			}
		},
		{
			"from": [2.05, 7.32829, 6.93345],
			"to": [4.65, 8.02829, 7.63345],
			"rotation": {"angle": 0, "axis": "y", "origin": [2.55, 7.67829, 7.03345]},
			"faces": {
				"north": {"uv": [12.5, 0, 13.5, 6.5], "rotation": 90, "texture": "#2"},
				"east": {"uv": [12, 9.5, 13.5, 10.96154], "texture": "#2"},
				"south": {"uv": [11, 0, 12.5, 6.5], "rotation": 270, "texture": "#2"},
				"west": {"uv": [11, 9, 13.5, 11.5], "texture": "#2"},
				"up": {"uv": [11.5, 0, 13, 6.5], "rotation": 270, "texture": "#2"},
				"down": {"uv": [11, 0, 12.5, 6.5], "rotation": 90, "texture": "#2"}
			}
		},
		{
			"from": [4.8, 5.07829, 4.68345],
			"to": [6, 6.02829, 5.63345],
			"rotation": {"angle": 0, "axis": "y", "origin": [5.55, 5.67829, 5.03345]},
			"faces": {
				"north": {"uv": [13.5, 11.5, 11.5, 9.5], "rotation": 90, "texture": "#2"},
				"east": {"uv": [12, 9.5, 13.5, 10.96154], "texture": "#2"},
				"south": {"uv": [12.5, 11.5, 10, 9.5], "rotation": 270, "texture": "#2"},
				"west": {"uv": [11, 9, 13.5, 11.5], "texture": "#2"},
				"up": {"uv": [13, 11.5, 10.5, 9.5], "rotation": 270, "texture": "#2"},
				"down": {"uv": [13.5, 11.5, 11, 9.5], "rotation": 90, "texture": "#2"}
			}
		},
		{
			"from": [7.25, 6.05, 9],
			"to": [8.75, 7.55, 13],
			"rotation": {"angle": 0, "axis": "z", "origin": [8, 6.75, 9]},
			"faces": {
				"north": {"uv": [0, 0, 1.5, 1.46154], "texture": "#2"},
				"east": {"uv": [0, 0, 1.5, 4], "rotation": 270, "texture": "#2"},
				"south": {"uv": [0, 0, 3, 3], "texture": "#2"},
				"west": {"uv": [0, 0, 1.5, 4], "rotation": 90, "texture": "#2"},
				"up": {"uv": [8, 0, 9.5, 4], "rotation": 180, "texture": "#2"},
				"down": {"uv": [0, 0, 1, 3], "rotation": 180, "texture": "#2"}
			}
		},
		{
			"from": [7.5, 6.3, 5],
			"to": [8.5, 7.3, 9],
			"rotation": {"angle": 0, "axis": "z", "origin": [8, 6.75, 5]},
			"faces": {
				"north": {"uv": [12, 3.5, 13.5, 6.46154], "texture": "#2"},
				"east": {"uv": [12, 3.5, 13.5, 9], "rotation": 270, "texture": "#2"},
				"south": {"uv": [12, 3.5, 13.5, 8.5], "texture": "#2"},
				"west": {"uv": [12, 3.5, 13.5, 9], "rotation": 90, "texture": "#2"},
				"up": {"uv": [12, 3.5, 13.5, 9], "rotation": 180, "texture": "#2"},
				"down": {"uv": [12, 3.5, 13, 8], "rotation": 180, "texture": "#2"}
			}
		},
		{
			"from": [7.3, -0.62, 17.25],
			"to": [8.7, 1.68, 19.25],
			"rotation": {"angle": -45, "axis": "x", "origin": [15, -2.9, 9]},
			"faces": {
				"north": {"uv": [0, 0, 1.5, 2], "texture": "#2"},
				"east": {"uv": [0, 0, 3.5, 2], "rotation": 270, "texture": "#2"},
				"south": {"uv": [0, 0, 2, 3.5], "texture": "#2"},
				"west": {"uv": [0, 0, 3.5, 2], "rotation": 90, "texture": "#2"},
				"up": {"uv": [0, 0, 1.5, 2], "rotation": 180, "texture": "#2"},
				"down": {"uv": [0, 0, 1.5, 2], "rotation": 180, "texture": "#2"}
			}
		},
		{
			"from": [5.5, 1.5, 9],
			"to": [10.4, 5.8, 13],
			"rotation": {"angle": 0, "axis": "y", "origin": [15, -3, 11]},
			"faces": {
				"north": {"uv": [0, 0, 3, 3.57692], "texture": "#2"},
				"east": {"uv": [0, 12, 4, 16], "texture": "#2"},
				"south": {"uv": [0, 0, 3, 3.5], "texture": "#2"},
				"west": {"uv": [0, 12, 4, 16], "texture": "#2"},
				"up": {"uv": [0, 0, 3, 4], "rotation": 180, "texture": "#2"},
				"down": {"uv": [0, 0, 3, 4], "rotation": 180, "texture": "#2"}
			}
		},
		{
			"from": [3, 1.75, 4.25],
			"to": [6, 4.75, 9],
			"rotation": {"angle": 0, "axis": "z", "origin": [4.5, 3.25, 6.625]},
			"faces": {
				"north": {"uv": [7, 4.5, 10.5, 8], "texture": "#2"},
				"east": {"uv": [3.5, 2.5, 7, 8.5], "rotation": 90, "texture": "#2"},
				"south": {"uv": [7, 4.5, 10.5, 8], "texture": "#2"},
				"west": {"uv": [3.5, 2.5, 7, 8.5], "rotation": 90, "texture": "#2"},
				"up": {"uv": [3.5, 2.5, 7, 8.5], "rotation": 180, "texture": "#2"},
				"down": {"uv": [3.5, 2.5, 7, 8.5], "rotation": 180, "texture": "#2"}
			}
		},
		{
			"from": [4.5, -1.5, 4.5],
			"to": [7.5, 1.5, 9.25],
			"rotation": {"angle": 0, "axis": "z", "origin": [6, 0, 6.875]},
			"faces": {
				"north": {"uv": [7, 4.5, 10.5, 8], "texture": "#2"},
				"east": {"uv": [3.5, 2.5, 7, 8.5], "rotation": 90, "texture": "#2"},
				"south": {"uv": [7, 4.5, 10.5, 8], "texture": "#2"},
				"west": {"uv": [3.5, 2.5, 7, 8.5], "rotation": 90, "texture": "#2"},
				"up": {"uv": [3.5, 2.5, 7, 8.5], "rotation": 180, "texture": "#2"},
				"down": {"uv": [3.5, 2.5, 7, 8.5], "rotation": 180, "texture": "#2"}
			}
		},
		{
			"from": [8.5, -1.5, 4.5],
			"to": [11.5, 1.5, 9.25],
			"rotation": {"angle": 0, "axis": "z", "origin": [18, -6, 7.25]},
			"faces": {
				"north": {"uv": [7, 4.5, 10.5, 8], "texture": "#2"},
				"east": {"uv": [3.5, 2.5, 7, 8.5], "rotation": 90, "texture": "#2"},
				"south": {"uv": [7, 4.5, 10.5, 8], "texture": "#2"},
				"west": {"uv": [3.5, 2.5, 7, 8.5], "rotation": 90, "texture": "#2"},
				"up": {"uv": [3.5, 2.5, 7, 8.5], "rotation": 180, "texture": "#2"},
				"down": {"uv": [3.5, 2.5, 7, 8.5], "rotation": 180, "texture": "#2"}
			}
		},
		{
			"from": [10, 1.75, 4.25],
			"to": [13, 4.75, 9],
			"rotation": {"angle": 0, "axis": "y", "origin": [19.5, -2.75, 7]},
			"faces": {
				"north": {"uv": [7, 4.5, 10.5, 8], "texture": "#2"},
				"east": {"uv": [3.5, 2.5, 7, 8.5], "rotation": 90, "texture": "#2"},
				"south": {"uv": [7, 4.5, 10.5, 8], "texture": "#2"},
				"west": {"uv": [3.5, 2.5, 7, 8.5], "rotation": 90, "texture": "#2"},
				"up": {"uv": [3.5, 2.5, 7, 8.5], "rotation": 180, "texture": "#2"},
				"down": {"uv": [3.5, 2.5, 7, 8.5], "rotation": 180, "texture": "#2"}
			}
		},
		{
			"from": [7.53094, 4.00269, 9],
			"to": [9.93094, 7.50269, 13.001],
			"rotation": {"angle": -45, "axis": "z", "origin": [8.15892, 6.09996, 10]},
			"faces": {
				"north": {"uv": [0, 0, 3, 3.57692], "texture": "#2"},
				"east": {"uv": [0, 0, 3, 4], "texture": "#2"},
				"south": {"uv": [0, 0, 3, 3.5], "texture": "#2"},
				"west": {"uv": [0, 0, 3, 4], "texture": "#2"},
				"up": {"uv": [5.5, 12, 8, 16], "rotation": 180, "texture": "#2"},
				"down": {"uv": [0, 0, 3, 4], "rotation": 180, "texture": "#2"}
			}
		},
		{
			"from": [6.4869, 4.00269, 9],
			"to": [8.7869, 6.50269, 13.001],
			"rotation": {"angle": -45, "axis": "z", "origin": [8.15892, 6.09996, 12]},
			"faces": {
				"north": {"uv": [0, 0, 3, 3.5], "texture": "#2"},
				"east": {"uv": [0, 0, 3, 4], "texture": "#2"},
				"south": {"uv": [0, 0, 3, 3.57692], "texture": "#2"},
				"west": {"uv": [4, 12, 8, 15], "texture": "#2"},
				"up": {"uv": [0, 0, 2.5, 4], "texture": "#2"},
				"down": {"uv": [0, 0, 3, 4], "texture": "#2"}
			}
		},
		{
			"from": [6.05892, 2.97198, 18.00273],
			"to": [9.95892, 6.77198, 21.40273],
			"rotation": {"angle": -22.5, "axis": "x", "origin": [7.05892, 5.09996, 21]},
			"faces": {
				"north": {"uv": [0, 0, 3, 4], "rotation": 90, "texture": "#2"},
				"east": {"uv": [0, 8.5, 4, 12], "rotation": 270, "texture": "#2"},
				"south": {"uv": [4, 12, 8, 16], "rotation": 90, "texture": "#2"},
				"west": {"uv": [0, 8.5, 4, 12.07692], "rotation": 90, "texture": "#2"},
				"up": {"uv": [4, 12, 8, 15], "rotation": 180, "texture": "#2"},
				"down": {"uv": [4, 12, 8, 16], "texture": "#2"}
			}
		},
		{
			"from": [6, 2, 13],
			"to": [10, 6, 19],
			"rotation": {"angle": 0, "axis": "y", "origin": [15, -3, 11]},
			"faces": {
				"north": {"uv": [0, 0, 3, 0.61538], "texture": "#2"},
				"east": {"uv": [0, 8.5, 4, 15], "rotation": 90, "texture": "#2"},
				"south": {"uv": [4, 12, 8, 16], "texture": "#2"},
				"west": {"uv": [0, 8.5, 4, 15], "rotation": 270, "texture": "#2"},
				"up": {"uv": [0, 8.5, 4, 16], "rotation": 180, "texture": "#2"},
				"down": {"uv": [0, 9.5, 4, 16], "rotation": 180, "texture": "#2"}
			}
		},
		{
			"from": [7.5, 5.49893, 18.87994],
			"to": [8.5, 10.49893, 20.17994],
			"rotation": {"angle": -22.5, "axis": "x", "origin": [8, 6.99893, 19.87994]},
			"faces": {
				"north": {"uv": [12, 0, 13.5, 9.5], "texture": "#2"},
				"east": {"uv": [11, 0, 13.5, 9.5], "texture": "#2"},
				"south": {"uv": [11, 0, 12.5, 9.5], "texture": "#2"},
				"west": {"uv": [11, 0, 13.5, 9.5], "texture": "#2"},
				"up": {"uv": [14, 8, 16, 10], "rotation": 180, "texture": "#2"},
				"down": {"uv": [14, 11, 16, 13], "rotation": 180, "texture": "#2"}
			}
		},
		{
			"from": [7.6, 8, 17.64728],
			"to": [8.4, 9.25, 18.64728],
			"rotation": {"angle": -45, "axis": "x", "origin": [8, 8.75, 18.14728]},
			"faces": {
				"north": {"uv": [2.5, 6.5, 3.5, 8.5], "texture": "#2"},
				"east": {"uv": [1.5, 6.5, 3.5, 8.5], "texture": "#2"},
				"south": {"uv": [2.5, 6.5, 3.5, 8.5], "texture": "#2"},
				"west": {"uv": [1.5, 6.5, 3.5, 8.5], "texture": "#2"},
				"up": {"uv": [2, 6.5, 3.5, 8.5], "rotation": 180, "texture": "#2"},
				"down": {"uv": [2.5, 6.5, 3.5, 8.5], "rotation": 180, "texture": "#2"}
			}
		},
		{
			"from": [7.25, 9.84893, 16.52994],
			"to": [8.75, 10.34893, 18.57994],
			"rotation": {"angle": -22.5, "axis": "x", "origin": [8, 11.34893, 18.02994]},
			"faces": {
				"north": {"uv": [13.5, 2.53846, 15, 3], "texture": "#2"},
				"east": {"uv": [13.5, 2.5, 15, 3], "texture": "#2"},
				"south": {"uv": [13.5, 2.5, 15.5, 3], "texture": "#2"},
				"west": {"uv": [13.5, 3, 15.5, 3.5], "texture": "#2"},
				"up": {"uv": [13.5, 2.5, 15, 4.5], "rotation": 180, "texture": "#2"},
				"down": {"uv": [13.5, 2.5, 15.5, 6.5], "rotation": 180, "texture": "#2"}
			}
		}
	],
	"gui_light": "front",
	"display": {
		"thirdperson_righthand": {
			"rotation": [5, -9, 0],
			"translation": [-1.5, -0.5, 0],
			"scale": [1.2, 1.2, 1.2]
		},
		"thirdperson_lefthand": {
			"translation": [-11.75, 3.75, 14],
			"scale": [1.3, 1.3, 1.3]
		},
		"firstperson_righthand": {
			"rotation": [10, -5, 2],
			"translation": [7, 6.75, 4],
			"scale": [0.68, 0.68, 0.68]
		},
		"firstperson_lefthand": {
			"translation": [0, -80, 0],
			"scale": [0.68, 0.68, 0.68]
		},
		"ground": {
			"rotation": [0, 0, -90],
			"translation": [0.75, -2.25, 0.75],
			"scale": [0.75, 0.75, 0.75]
		},
		"gui": {
			"rotation": [13, 150, 0],
			"translation": [-0.5, 4, 0],
			"scale": [1.25, 1.25, 1.25]
		},
		"head": {
			"translation": [3.75, 1.25, 5]
		},
		"fixed": {
			"rotation": [0, -90, 0],
			"translation": [0.5, 5.5, -4],
			"scale": [1.75, 1.75, 1.75]
		}
	},
	"groups": [
		{
			"name": "gun",
			"origin": [0, 0, 0],
			"color": 0,
			"children": [
				0,
				1,
				2,
				3,
				4,
				5,
				6,
				7,
				8,
				{
					"name": "group",
					"origin": [2.75, 7.67829, 7.03345],
					"color": 0,
					"children": []
				},
				9,
				10,
				11,
				12,
				13,
				14,
				15,
				16,
				17,
				18,
				19,
				20,
				21,
				22,
				23
			]
		}
	]
}