{
	"format_version": "1.21.6",
	"credit": "Made with Blockbench",
	"textures": {
		"0": "chems_guns:item/gun_ammo/rpg7",
		"particle": "chems_guns:item/gun_ammo/rpg7"
	},
	"elements": [
		{
			"from": [6.41, 7.72, -1.40485],
			"to": [6.91, 8.22, -0.30485],
			"rotation": {"angle": 22.5, "axis": "x", "origin": [6.92564, 8.075, -0.55485]},
			"faces": {
				"north": {"uv": [12.5, 2.5, 14, 3.5], "texture": "#0"},
				"east": {"uv": [11, 2.5, 14.5, 4], "rotation": 180, "texture": "#0"},
				"south": {"uv": [11, 3.5, 13, 2.5], "texture": "#0"},
				"west": {"uv": [11, 2.5, 14.5, 4], "rotation": 180, "texture": "#0"},
				"up": {"uv": [12, 4, 16, 5.5], "rotation": 90, "texture": "#0"},
				"down": {"uv": [11, 2.5, 16, 5.5], "rotation": 90, "texture": "#0"}
			}
		},
		{
			"from": [6.57064, 7.6, -1.50485],
			"to": [7.07064, 8.1, -0.40485],
			"rotation": {"angle": -22.5, "axis": "y", "origin": [6.92564, 7.575, -0.65485]},
			"faces": {
				"north": {"uv": [12.5, 2.5, 14, 3.5], "rotation": 270, "texture": "#0"},
				"east": {"uv": [12, 3.5, 16, 5.5], "rotation": 180, "texture": "#0"},
				"south": {"uv": [11, 3.5, 13, 2.5], "rotation": 90, "texture": "#0"},
				"west": {"uv": [11, 2.5, 16, 5.5], "rotation": 180, "texture": "#0"},
				"up": {"uv": [11, 2.5, 14.5, 4], "rotation": 270, "texture": "#0"},
				"down": {"uv": [11, 2.5, 14.5, 4], "rotation": 270, "texture": "#0"}
			}
		},
		{
			"from": [5.90799, 7.54201, -1.598],
			"to": [7.40799, 8.15799, -1.298],
			"rotation": {"angle": 0, "axis": "y", "origin": [6.65799, 7.85, -1.45485]},
			"faces": {
				"north": {"uv": [13, 2.5, 16, 4], "texture": "#0"},
				"east": {"uv": [14, 4, 15, 5.5], "rotation": 180, "texture": "#0"},
				"south": {"uv": [11, 4, 14, 2.5], "texture": "#0"},
				"west": {"uv": [13.5, 2.5, 14.5, 4], "rotation": 180, "texture": "#0"},
				"up": {"uv": [15, 2.5, 16, 5.5], "rotation": 90, "texture": "#0"},
				"down": {"uv": [11.5, 2.5, 12.5, 5.5], "rotation": 90, "texture": "#0"}
			}
		},
		{
			"from": [5.90799, 7.54201, -1.6],
			"to": [7.40799, 8.15799, -1.3],
			"rotation": {"angle": 45, "axis": "z", "origin": [6.65799, 7.85, -1.45485]},
			"faces": {
				"north": {"uv": [13, 2.5, 16, 4], "texture": "#0"},
				"east": {"uv": [14, 4, 15, 5.5], "rotation": 180, "texture": "#0"},
				"south": {"uv": [11, 4, 14, 2.5], "texture": "#0"},
				"west": {"uv": [13.5, 2.5, 14.5, 4], "rotation": 180, "texture": "#0"},
				"up": {"uv": [15, 2.5, 16, 5.5], "rotation": 90, "texture": "#0"},
				"down": {"uv": [11.5, 2.5, 12.5, 5.5], "rotation": 90, "texture": "#0"}
			}
		},
		{
			"from": [6.35, 7.1, -1.599],
			"to": [6.96598, 8.6, -1.299],
			"rotation": {"angle": 0, "axis": "y", "origin": [6.65799, 7.85, -1.45485]},
			"faces": {
				"north": {"uv": [13, 2.5, 16, 4], "rotation": 270, "texture": "#0"},
				"east": {"uv": [15, 2.5, 16, 5.5], "rotation": 180, "texture": "#0"},
				"south": {"uv": [11, 4, 14, 2.5], "rotation": 90, "texture": "#0"},
				"west": {"uv": [11.5, 2.5, 12.5, 5.5], "rotation": 180, "texture": "#0"},
				"up": {"uv": [13.5, 2.5, 14.5, 4], "rotation": 270, "texture": "#0"},
				"down": {"uv": [14, 4, 15, 5.5], "rotation": 270, "texture": "#0"}
			}
		},
		{
			"from": [6.35, 7.1, -1.60485],
			"to": [6.96598, 8.6, -1.30485],
			"rotation": {"angle": 45, "axis": "z", "origin": [6.65799, 7.85, -1.45485]},
			"faces": {
				"north": {"uv": [13, 2.5, 16, 4], "rotation": 270, "texture": "#0"},
				"east": {"uv": [15, 2.5, 16, 5.5], "rotation": 180, "texture": "#0"},
				"south": {"uv": [11, 4, 14, 2.5], "rotation": 90, "texture": "#0"},
				"west": {"uv": [11.5, 2.5, 12.5, 5.5], "rotation": 180, "texture": "#0"},
				"up": {"uv": [13.5, 2.5, 14.5, 4], "rotation": 270, "texture": "#0"},
				"down": {"uv": [14, 4, 15, 5.5], "rotation": 270, "texture": "#0"}
			}
		},
		{
			"from": [6.41, 7.53, -1.5],
			"to": [6.91, 8.03, -0.4],
			"rotation": {"angle": -22.5, "axis": "x", "origin": [6.92564, 7.875, -0.50485]},
			"faces": {
				"north": {"uv": [12.5, 2.5, 14, 3.5], "texture": "#0"},
				"east": {"uv": [11, 2.5, 14, 4], "texture": "#0"},
				"south": {"uv": [11, 3.5, 13, 2.5], "texture": "#0"},
				"west": {"uv": [11, 2.5, 14.5, 4], "rotation": 180, "texture": "#0"},
				"up": {"uv": [11, 3.5, 16, 5.5], "rotation": 90, "texture": "#0"},
				"down": {"uv": [12, 4, 16, 5.5], "rotation": 90, "texture": "#0"}
			}
		},
		{
			"from": [6.28064, 7.6, -1.40485],
			"to": [6.78064, 8.1, -0.30485],
			"rotation": {"angle": 22.5, "axis": "y", "origin": [6.42564, 8.075, -0.55485]},
			"faces": {
				"north": {"uv": [12.5, 2.5, 14, 3.5], "rotation": 90, "texture": "#0"},
				"east": {"uv": [11, 2.5, 16, 5.5], "texture": "#0"},
				"south": {"uv": [11, 3.5, 13, 2.5], "rotation": 270, "texture": "#0"},
				"west": {"uv": [12, 3.5, 16, 5.5], "texture": "#0"},
				"up": {"uv": [11, 2.5, 14.5, 4], "rotation": 90, "texture": "#0"},
				"down": {"uv": [11, 2.5, 14.5, 4], "rotation": 90, "texture": "#0"}
			}
		},
		{
			"from": [6.2, 7.695, 1.5],
			"to": [7.1, 8.06459, 4],
			"rotation": {"angle": 0, "axis": "z", "origin": [6.65, 7.87979, 2.75]},
			"faces": {
				"north": {"uv": [7, 3.5, 8, 5], "rotation": 270, "texture": "#0"},
				"east": {"uv": [0, 5.5, 6.5, 6.5], "rotation": 180, "texture": "#0"},
				"south": {"uv": [13.5, 1, 14.5, 2.5], "rotation": 90, "texture": "#0"},
				"west": {"uv": [0, 5.5, 6.5, 6.5], "rotation": 180, "texture": "#0"},
				"up": {"uv": [0, 5.5, 6.5, 6.5], "rotation": 90, "texture": "#0"},
				"down": {"uv": [0, 5.5, 6.5, 6.5], "rotation": 90, "texture": "#0"}
			}
		},
		{
			"from": [6.2, 7.695, 1.5],
			"to": [7.1, 8.06459, 4],
			"rotation": {"angle": 45, "axis": "z", "origin": [6.65, 7.87979, 2.75]},
			"faces": {
				"north": {"uv": [7, 3.5, 8, 5], "rotation": 270, "texture": "#0"},
				"east": {"uv": [0, 5.5, 6.5, 6.5], "rotation": 180, "texture": "#0"},
				"south": {"uv": [13.5, 1, 14.5, 2.5], "rotation": 90, "texture": "#0"},
				"west": {"uv": [0, 5.5, 6.5, 6.5], "rotation": 180, "texture": "#0"},
				"up": {"uv": [0, 5.5, 6.5, 6.5], "rotation": 90, "texture": "#0"},
				"down": {"uv": [0, 5.5, 6.5, 6.5], "rotation": 90, "texture": "#0"}
			}
		},
		{
			"from": [6.46521, 7.42979, 1.5],
			"to": [6.83479, 8.32979, 4],
			"rotation": {"angle": 0, "axis": "z", "origin": [6.65, 7.87979, 2.75]},
			"faces": {
				"north": {"uv": [7, 3.5, 8, 5], "texture": "#0"},
				"east": {"uv": [0, 5.5, 6.5, 6.5], "texture": "#0"},
				"south": {"uv": [13.5, 1, 14.5, 2.5], "texture": "#0"},
				"west": {"uv": [0, 5.5, 6.5, 6.5], "texture": "#0"},
				"up": {"uv": [0, 5.5, 6.5, 6.5], "rotation": 90, "texture": "#0"},
				"down": {"uv": [0, 5.5, 6.5, 6.5], "rotation": 90, "texture": "#0"}
			}
		},
		{
			"from": [6.46521, 7.42979, 1.5],
			"to": [6.83479, 8.32979, 4],
			"rotation": {"angle": 45, "axis": "z", "origin": [6.65, 7.87979, 2.75]},
			"faces": {
				"north": {"uv": [7, 3.5, 8, 5], "texture": "#0"},
				"east": {"uv": [0, 5.5, 6.5, 6.5], "texture": "#0"},
				"south": {"uv": [13.5, 1, 14.5, 2.5], "texture": "#0"},
				"west": {"uv": [0, 5.5, 6.5, 6.5], "texture": "#0"},
				"up": {"uv": [0, 5.5, 6.5, 6.5], "rotation": 90, "texture": "#0"},
				"down": {"uv": [0, 5.5, 6.5, 6.5], "rotation": 90, "texture": "#0"}
			}
		},
		{
			"from": [6.27899, 7.72101, -0.5],
			"to": [7.02899, 8.02899, 1.5],
			"rotation": {"angle": 0, "axis": "y", "origin": [6.65399, 7.875, 0.5]},
			"faces": {
				"north": {"uv": [15, 0, 16, 1.5], "rotation": 270, "texture": "#0"},
				"east": {"uv": [0, 5.5, 6.5, 6.5], "rotation": 180, "texture": "#0"},
				"south": {"uv": [13.5, 1, 14.5, 2.5], "rotation": 90, "texture": "#0"},
				"west": {"uv": [0, 5.5, 6.5, 6.5], "rotation": 180, "texture": "#0"},
				"up": {"uv": [0, 5.5, 6.5, 6.5], "rotation": 90, "texture": "#0"},
				"down": {"uv": [0, 5.5, 6.5, 6.5], "rotation": 90, "texture": "#0"}
			}
		},
		{
			"from": [6.27899, 7.72101, -0.5],
			"to": [7.02899, 8.02899, 1.5],
			"rotation": {"angle": 45, "axis": "z", "origin": [6.65399, 7.875, 0.5]},
			"faces": {
				"north": {"uv": [15, 0, 16, 1.5], "rotation": 270, "texture": "#0"},
				"east": {"uv": [0, 5.5, 6.5, 6.5], "rotation": 180, "texture": "#0"},
				"south": {"uv": [13.5, 1, 14.5, 2.5], "rotation": 90, "texture": "#0"},
				"west": {"uv": [0, 5.5, 6.5, 6.5], "rotation": 180, "texture": "#0"},
				"up": {"uv": [0, 5.5, 6.5, 6.5], "rotation": 90, "texture": "#0"},
				"down": {"uv": [0, 5.5, 6.5, 6.5], "rotation": 90, "texture": "#0"}
			}
		},
		{
			"from": [6.5, 7.5, -0.5],
			"to": [6.80799, 8.25, 1.5],
			"rotation": {"angle": 0, "axis": "z", "origin": [6.65399, 7.875, 0.5]},
			"faces": {
				"north": {"uv": [15, 0, 16, 1.5], "texture": "#0"},
				"east": {"uv": [0, 5.5, 6.5, 6.5], "texture": "#0"},
				"south": {"uv": [13.5, 1, 14.5, 2.5], "texture": "#0"},
				"west": {"uv": [0, 5.5, 6.5, 6.5], "texture": "#0"},
				"up": {"uv": [0, 5.5, 6.5, 6.5], "rotation": 90, "texture": "#0"},
				"down": {"uv": [0, 5.5, 6.5, 6.5], "rotation": 90, "texture": "#0"}
			}
		},
		{
			"from": [6.27899, 7.72101, -0.5],
			"to": [7.02899, 8.02899, 1.5],
			"rotation": {"angle": -45, "axis": "z", "origin": [6.65399, 7.875, 0.5]},
			"faces": {
				"north": {"uv": [15, 0, 16, 1.5], "rotation": 90, "texture": "#0"},
				"east": {"uv": [0, 5.5, 6.5, 6.5], "texture": "#0"},
				"south": {"uv": [13.5, 1, 14.5, 2.5], "rotation": 270, "texture": "#0"},
				"west": {"uv": [0, 5.5, 6.5, 6.5], "texture": "#0"},
				"up": {"uv": [0, 5.5, 6.5, 6.5], "rotation": 270, "texture": "#0"},
				"down": {"uv": [0, 5.5, 6.5, 6.5], "rotation": 270, "texture": "#0"}
			}
		},
		{
			"from": [6.81, 7.97, 6.99515],
			"to": [6.91, 8.42, 7.84515],
			"rotation": {"angle": 0, "axis": "y", "origin": [6.66, 8.17, 7.24515]},
			"faces": {
				"north": {"uv": [12.5, 7, 10.5, 7.5], "rotation": 270, "texture": "#0"},
				"east": {"uv": [7, 5, 10.5, 7.5], "texture": "#0"},
				"south": {"uv": [10.5, 6, 12.5, 5.5], "rotation": 90, "texture": "#0"},
				"west": {"uv": [7, 5, 10.5, 7.5], "texture": "#0"},
				"up": {"uv": [5, 5, 8.5, 5.5], "rotation": 90, "texture": "#0"},
				"down": {"uv": [5, 5.5, 7, 4], "texture": "#0"}
			}
		},
		{
			"from": [6.4, 8.12, 4.54515],
			"to": [6.5, 8.57, 5.39515],
			"rotation": {"angle": 0, "axis": "x", "origin": [6.26, 8.37, 5.14515]},
			"faces": {
				"north": {"uv": [10.5, 6, 12.5, 5.5], "rotation": 270, "texture": "#0"},
				"east": {"uv": [7, 5, 10.5, 7.5], "rotation": 180, "texture": "#0"},
				"south": {"uv": [12.5, 7, 10.5, 7.5], "rotation": 90, "texture": "#0"},
				"west": {"uv": [7, 5, 10.5, 7.5], "rotation": 180, "texture": "#0"},
				"up": {"uv": [5, 5.5, 7, 4], "texture": "#0"},
				"down": {"uv": [5, 5, 8.5, 5.5], "rotation": 90, "texture": "#0"}
			}
		},
		{
			"from": [6.8, 8.12, 4.54515],
			"to": [6.9, 8.57, 5.39515],
			"rotation": {"angle": 0, "axis": "x", "origin": [6.66, 8.37, 5.14515]},
			"faces": {
				"north": {"uv": [10.5, 6, 12.5, 5.5], "rotation": 270, "texture": "#0"},
				"east": {"uv": [7, 5, 10.5, 7.5], "rotation": 180, "texture": "#0"},
				"south": {"uv": [12.5, 7, 10.5, 7.5], "rotation": 90, "texture": "#0"},
				"west": {"uv": [7, 5, 10.5, 7.5], "rotation": 180, "texture": "#0"},
				"up": {"uv": [5, 5.5, 7, 4], "texture": "#0"},
				"down": {"uv": [5, 5, 8.5, 5.5], "rotation": 90, "texture": "#0"}
			}
		},
		{
			"from": [6.4, 7.97, 6.99515],
			"to": [6.5, 8.42, 7.84515],
			"rotation": {"angle": 0, "axis": "y", "origin": [6.26, 8.17, 7.24515]},
			"faces": {
				"north": {"uv": [12.5, 7, 10.5, 7.5], "rotation": 270, "texture": "#0"},
				"east": {"uv": [7, 5, 10.5, 7.5], "texture": "#0"},
				"south": {"uv": [10.5, 6, 12.5, 5.5], "rotation": 90, "texture": "#0"},
				"west": {"uv": [7, 5, 10.5, 7.5], "texture": "#0"},
				"up": {"uv": [5, 5, 8.5, 5.5], "rotation": 90, "texture": "#0"},
				"down": {"uv": [5, 5.5, 7, 4], "texture": "#0"}
			}
		},
		{
			"from": [6.555, 8.17, 7.69515],
			"to": [6.755, 8.82, 7.74515],
			"rotation": {"angle": 0, "axis": "y", "origin": [6.46, 8.47, 7.94515]},
			"faces": {
				"north": {"uv": [0, 6.5, 13, 10], "rotation": 90, "texture": "#0"},
				"east": {"uv": [10.5, 6, 12.5, 5.5], "rotation": 90, "texture": "#0"},
				"south": {"uv": [0, 6.5, 13, 10], "rotation": 90, "texture": "#0"},
				"west": {"uv": [12.5, 7, 10.5, 7.5], "rotation": 270, "texture": "#0"},
				"up": {"uv": [5, 5, 8.5, 5.5], "texture": "#0"},
				"down": {"uv": [5, 5.5, 7, 4], "rotation": 90, "texture": "#0"}
			}
		},
		{
			"from": [6.575, 8.27, 5.09515],
			"to": [6.725, 8.92, 5.24515],
			"rotation": {"angle": 0, "axis": "y", "origin": [6.46, 8.57, 5.34515]},
			"faces": {
				"north": {"uv": [12.5, 5.5, 16, 16], "texture": "#0"},
				"east": {"uv": [10.5, 6, 12.5, 5.5], "rotation": 90, "texture": "#0"},
				"south": {"uv": [12.5, 5.5, 16, 11.5], "texture": "#0"},
				"west": {"uv": [12.5, 7, 10.5, 7.5], "rotation": 270, "texture": "#0"},
				"up": {"uv": [5, 5, 8.5, 5.5], "texture": "#0"},
				"down": {"uv": [5, 5.5, 7, 4], "rotation": 90, "texture": "#0"}
			}
		},
		{
			"from": [6.51, 6.57, 4.14515],
			"to": [6.81, 7.47, 4.54515],
			"rotation": {"angle": 0, "axis": "y", "origin": [6.66, 6.97, 4.29515]},
			"faces": {
				"north": {"uv": [10.5, 4, 7, 5], "rotation": 270, "texture": "#0"},
				"east": {"uv": [7, 2.5, 10.5, 4], "rotation": 90, "texture": "#0"},
				"south": {"uv": [7, 5, 10.5, 4], "rotation": 90, "texture": "#0"},
				"west": {"uv": [7, 2.5, 10.5, 4], "rotation": 90, "texture": "#0"},
				"up": {"uv": [5, 4, 7, 5.5], "rotation": 180, "texture": "#0"},
				"down": {"uv": [8.5, 5, 9.5, 3.5], "texture": "#0"}
			}
		},
		{
			"from": [6.51, 6.27, 5.84515],
			"to": [6.81, 7.07, 6.24515],
			"rotation": {"angle": 0, "axis": "y", "origin": [6.66, 6.57, 5.99515]},
			"faces": {
				"north": {"uv": [10.5, 4, 7, 5], "rotation": 270, "texture": "#0"},
				"east": {"uv": [7, 2.5, 10.5, 4], "rotation": 90, "texture": "#0"},
				"south": {"uv": [7, 5, 10.5, 4], "rotation": 90, "texture": "#0"},
				"west": {"uv": [7, 2.5, 10.5, 4], "rotation": 90, "texture": "#0"},
				"up": {"uv": [5, 4, 7, 5.5], "rotation": 180, "texture": "#0"},
				"down": {"uv": [8.5, 5, 9.5, 3.5], "texture": "#0"}
			}
		},
		{
			"from": [6.41, 7.07, 5.74515],
			"to": [6.91, 7.77, 6.34515],
			"rotation": {"angle": 0, "axis": "x", "origin": [6.66, 7.27, 5.99515]},
			"faces": {
				"north": {"uv": [7, 4, 5, 5.5], "rotation": 270, "texture": "#0"},
				"east": {"uv": [5, 4, 7, 5.5], "rotation": 90, "texture": "#0"},
				"south": {"uv": [5, 5.5, 7, 4], "rotation": 90, "texture": "#0"},
				"west": {"uv": [5, 4, 7, 5.5], "rotation": 90, "texture": "#0"},
				"up": {"uv": [5, 4, 7, 5.5], "rotation": 180, "texture": "#0"},
				"down": {"uv": [5, 5.5, 7, 4], "texture": "#0"}
			}
		},
		{
			"from": [6.411, 7.32, 6.09515],
			"to": [6.909, 8.02, 6.69515],
			"rotation": {"angle": 0, "axis": "y", "origin": [6.66, 7.52, 6.34515]},
			"faces": {
				"north": {"uv": [7, 4, 5, 5.5], "rotation": 270, "texture": "#0"},
				"east": {"uv": [5, 4, 7, 5.5], "rotation": 90, "texture": "#0"},
				"south": {"uv": [5, 5.5, 7, 4], "rotation": 90, "texture": "#0"},
				"west": {"uv": [5, 4, 7, 5.5], "rotation": 90, "texture": "#0"},
				"up": {"uv": [5, 4, 7, 5.5], "rotation": 180, "texture": "#0"},
				"down": {"uv": [5, 5.5, 7, 4], "texture": "#0"}
			}
		},
		{
			"from": [6.41, 7.92, 7.99515],
			"to": [6.91, 8.42, 9.09515],
			"rotation": {"angle": -22.5, "axis": "x", "origin": [6.92564, 8.275, 8.74515]},
			"faces": {
				"north": {"uv": [1.5, 2.5, 3, 3.5], "texture": "#0"},
				"east": {"uv": [0, 2.5, 3.5, 4], "rotation": 180, "texture": "#0"},
				"south": {"uv": [0, 3.5, 2, 2.5], "texture": "#0"},
				"west": {"uv": [0, 2.5, 3.5, 4], "rotation": 180, "texture": "#0"},
				"up": {"uv": [0, 4, 4, 5.5], "rotation": 90, "texture": "#0"},
				"down": {"uv": [0, 2.5, 5, 5.5], "rotation": 90, "texture": "#0"}
			}
		},
		{
			"from": [6.41, 7.62, 9.49515],
			"to": [6.91, 8.12, 10.49515],
			"rotation": {"angle": 0, "axis": "y", "origin": [6.92564, 7.975, 9.24515]},
			"faces": {
				"north": {"uv": [1.5, 2.5, 3, 3.5], "texture": "#0"},
				"east": {"uv": [2.5, 2.5, 5.5, 4], "rotation": 180, "texture": "#0"},
				"south": {"uv": [5.5, 4, 7, 2.5], "texture": "#0"},
				"west": {"uv": [2.5, 2.5, 5.5, 4], "texture": "#0"},
				"up": {"uv": [2.5, 4, 5.5, 2.5], "rotation": 90, "texture": "#0"},
				"down": {"uv": [5.5, 2.5, 2.5, 4], "rotation": 90, "texture": "#0"}
			}
		},
		{
			"from": [6.41, 7.3, 8.05],
			"to": [6.91, 7.8, 9.15],
			"rotation": {"angle": 22.5, "axis": "x", "origin": [6.92564, 7.675, 8.74515]},
			"faces": {
				"north": {"uv": [1.5, 2.5, 3, 3.5], "texture": "#0"},
				"east": {"uv": [0, 2.5, 3, 4], "rotation": 180, "texture": "#0"},
				"south": {"uv": [0, 3.5, 2, 2.5], "texture": "#0"},
				"west": {"uv": [0, 2.5, 3.5, 4], "rotation": 180, "texture": "#0"},
				"up": {"uv": [0, 3.5, 5, 5.5], "rotation": 90, "texture": "#0"},
				"down": {"uv": [0, 4, 4, 5.5], "rotation": 90, "texture": "#0"}
			}
		},
		{
			"from": [6.41, 7.53, 8.8],
			"to": [6.91, 8.03, 9.9],
			"rotation": {"angle": -22.5, "axis": "x", "origin": [6.92564, 7.875, 9.79515]},
			"faces": {
				"north": {"uv": [1.5, 2.5, 3, 3.5], "texture": "#0"},
				"east": {"uv": [0, 2.5, 3, 4], "texture": "#0"},
				"south": {"uv": [0, 3.5, 2, 2.5], "texture": "#0"},
				"west": {"uv": [0, 2.5, 3.5, 4], "rotation": 180, "texture": "#0"},
				"up": {"uv": [0, 3.5, 5, 5.5], "rotation": 90, "texture": "#0"},
				"down": {"uv": [1, 4, 5, 5.5], "rotation": 90, "texture": "#0"}
			}
		},
		{
			"from": [6.41, 7.72, 8.89515],
			"to": [6.91, 8.22, 9.99515],
			"rotation": {"angle": 22.5, "axis": "x", "origin": [6.92564, 8.075, 9.74515]},
			"faces": {
				"north": {"uv": [1.5, 2.5, 3, 3.5], "texture": "#0"},
				"east": {"uv": [0, 2.5, 3.5, 4], "rotation": 180, "texture": "#0"},
				"south": {"uv": [0, 3.5, 2, 2.5], "texture": "#0"},
				"west": {"uv": [0, 2.5, 3.5, 4], "rotation": 180, "texture": "#0"},
				"up": {"uv": [1, 4, 5, 5.5], "rotation": 90, "texture": "#0"},
				"down": {"uv": [0, 2.5, 5, 5.5], "rotation": 90, "texture": "#0"}
			}
		},
		{
			"from": [6.08064, 7.6, 7.99515],
			"to": [6.58064, 8.1, 9.09515],
			"rotation": {"angle": -22.5, "axis": "y", "origin": [6.22564, 8.075, 8.74515]},
			"faces": {
				"north": {"uv": [1.5, 2.5, 3, 3.5], "rotation": 90, "texture": "#0"},
				"east": {"uv": [0, 2.5, 5, 5.5], "texture": "#0"},
				"south": {"uv": [0, 3.5, 2, 2.5], "rotation": 270, "texture": "#0"},
				"west": {"uv": [0, 3.5, 4, 5.5], "texture": "#0"},
				"up": {"uv": [0, 2.5, 3.5, 4], "rotation": 90, "texture": "#0"},
				"down": {"uv": [0, 2.5, 3.5, 4], "rotation": 90, "texture": "#0"}
			}
		},
		{
			"from": [6.28064, 7.6, 8.89515],
			"to": [6.78064, 8.1, 9.99515],
			"rotation": {"angle": 22.5, "axis": "y", "origin": [6.42564, 8.075, 9.74515]},
			"faces": {
				"north": {"uv": [1.5, 2.5, 3, 3.5], "rotation": 90, "texture": "#0"},
				"east": {"uv": [0, 2.5, 5, 5.5], "texture": "#0"},
				"south": {"uv": [0, 3.5, 2, 2.5], "rotation": 270, "texture": "#0"},
				"west": {"uv": [1, 3.5, 5, 5.5], "texture": "#0"},
				"up": {"uv": [0, 2.5, 3.5, 4], "rotation": 90, "texture": "#0"},
				"down": {"uv": [0, 2.5, 3.5, 4], "rotation": 90, "texture": "#0"}
			}
		},
		{
			"from": [6.77064, 7.59064, 7.99515],
			"to": [7.27064, 8.09064, 9.09515],
			"rotation": {"angle": 22.5, "axis": "y", "origin": [7.12564, 7.575, 8.74515]},
			"faces": {
				"north": {"uv": [1.5, 2.5, 3, 3.5], "rotation": 270, "texture": "#0"},
				"east": {"uv": [0, 3.5, 4, 5.5], "rotation": 180, "texture": "#0"},
				"south": {"uv": [0, 3.5, 2, 2.5], "rotation": 90, "texture": "#0"},
				"west": {"uv": [0, 2.5, 5, 5.5], "rotation": 180, "texture": "#0"},
				"up": {"uv": [0, 2.5, 3.5, 4], "rotation": 270, "texture": "#0"},
				"down": {"uv": [0, 2.5, 3.5, 4], "rotation": 270, "texture": "#0"}
			}
		},
		{
			"from": [6.57064, 7.59064, 8.89515],
			"to": [7.07064, 8.09064, 9.99515],
			"rotation": {"angle": -22.5, "axis": "y", "origin": [6.92564, 7.575, 9.74515]},
			"faces": {
				"north": {"uv": [1.5, 2.5, 3, 3.5], "rotation": 270, "texture": "#0"},
				"east": {"uv": [1, 3.5, 5, 5.5], "rotation": 180, "texture": "#0"},
				"south": {"uv": [0, 3.5, 2, 2.5], "rotation": 90, "texture": "#0"},
				"west": {"uv": [0, 2.5, 5, 5.5], "rotation": 180, "texture": "#0"},
				"up": {"uv": [0, 2.5, 3.5, 4], "rotation": 270, "texture": "#0"},
				"down": {"uv": [0, 2.5, 3.5, 4], "rotation": 270, "texture": "#0"}
			}
		},
		{
			"from": [6.5, 7.45, -1.605],
			"to": [6.82852, 8.25, -1.605],
			"rotation": {"angle": 0, "axis": "y", "origin": [6.75799, 7.85, -1.70485]},
			"faces": {
				"north": {"uv": [10.5, 2.5, 11, 3], "rotation": 270, "texture": "#0"},
				"east": {"uv": [10.5, 2.5, 11, 3], "rotation": 180, "texture": "#0"},
				"south": {"uv": [11, 4, 14, 2.5], "rotation": 90, "texture": "#0"},
				"west": {"uv": [10.5, 2.5, 11, 3], "rotation": 180, "texture": "#0"},
				"up": {"uv": [10.5, 2.5, 11, 3], "rotation": 270, "texture": "#0"},
				"down": {"uv": [10.5, 2.5, 11, 3], "rotation": 270, "texture": "#0"}
			}
		},
		{
			"from": [6.5, 7.45, -1.605],
			"to": [6.82852, 8.25, -1.605],
			"rotation": {"angle": 45, "axis": "z", "origin": [6.66426, 7.85, -1.605]},
			"faces": {
				"north": {"uv": [10.5, 2.5, 11, 3], "rotation": 270, "texture": "#0"},
				"east": {"uv": [10.5, 2.5, 11, 3], "rotation": 180, "texture": "#0"},
				"south": {"uv": [11, 4, 14, 2.5], "rotation": 90, "texture": "#0"},
				"west": {"uv": [10.5, 2.5, 11, 3], "rotation": 180, "texture": "#0"},
				"up": {"uv": [10.5, 2.5, 11, 3], "rotation": 270, "texture": "#0"},
				"down": {"uv": [10.5, 2.5, 11, 3], "rotation": 270, "texture": "#0"}
			}
		},
		{
			"from": [6.26426, 7.68574, -1.605],
			"to": [7.06426, 8.01426, -1.605],
			"rotation": {"angle": 0, "axis": "z", "origin": [6.66426, 7.85, -1.605]},
			"faces": {
				"north": {"uv": [10.5, 2.5, 11, 3], "texture": "#0"},
				"east": {"uv": [10.5, 2.5, 11, 3], "rotation": 180, "texture": "#0"},
				"south": {"uv": [11, 4, 14, 2.5], "texture": "#0"},
				"west": {"uv": [10.5, 2.5, 11, 3], "rotation": 180, "texture": "#0"},
				"up": {"uv": [10.5, 2.5, 11, 3], "rotation": 90, "texture": "#0"},
				"down": {"uv": [10.5, 2.5, 11, 3], "rotation": 90, "texture": "#0"}
			}
		},
		{
			"from": [6.26426, 7.68574, -1.605],
			"to": [7.06426, 8.01426, -1.605],
			"rotation": {"angle": 45, "axis": "z", "origin": [6.66426, 7.85, -1.605]},
			"faces": {
				"north": {"uv": [10.5, 2.5, 11, 3], "texture": "#0"},
				"east": {"uv": [10.5, 2.5, 11, 3], "rotation": 180, "texture": "#0"},
				"south": {"uv": [11, 4, 14, 2.5], "texture": "#0"},
				"west": {"uv": [10.5, 2.5, 11, 3], "rotation": 180, "texture": "#0"},
				"up": {"uv": [10.5, 2.5, 11, 3], "rotation": 90, "texture": "#0"},
				"down": {"uv": [10.5, 2.5, 11, 3], "rotation": 90, "texture": "#0"}
			}
		},
		{
			"from": [6.5, 7.5, 4],
			"to": [6.80799, 8.25, 8],
			"rotation": {"angle": 0, "axis": "y", "origin": [6.65399, 7.875, 5]},
			"faces": {
				"north": {"uv": [15, 0, 16, 1.5], "texture": "#0"},
				"south": {"uv": [13.5, 1, 14.5, 2.5], "texture": "#0"},
				"up": {"uv": [0, 0, 11.5, 1], "rotation": 90, "texture": "#0"},
				"down": {"uv": [0, 0, 11.5, 1], "rotation": 90, "texture": "#0"}
			}
		},
		{
			"from": [6.5, 7.5, 4],
			"to": [6.80799, 8.25, 8],
			"rotation": {"angle": -45, "axis": "z", "origin": [6.65399, 7.875, 5]},
			"faces": {
				"north": {"uv": [15, 0, 16, 1.5], "texture": "#0"},
				"south": {"uv": [13.5, 1, 14.5, 2.5], "texture": "#0"},
				"up": {"uv": [0, 1, 11.5, 0], "rotation": 90, "texture": "#0"},
				"down": {"uv": [0, 0, 11.5, 1], "rotation": 90, "texture": "#0"}
			}
		},
		{
			"from": [6.27899, 7.72101, 4],
			"to": [7.02899, 8.02899, 8],
			"rotation": {"angle": 0, "axis": "z", "origin": [6.65399, 7.875, 5]},
			"faces": {
				"north": {"uv": [15, 0, 16, 1.5], "rotation": 270, "texture": "#0"},
				"east": {"uv": [0, 0, 11.5, 1], "rotation": 180, "texture": "#0"},
				"south": {"uv": [13.5, 1, 14.5, 2.5], "rotation": 90, "texture": "#0"},
				"west": {"uv": [0, 0, 11.5, 1], "rotation": 180, "texture": "#0"}
			}
		},
		{
			"from": [6.2, 7.695, 4],
			"to": [7.1, 8.06459, 5.5],
			"rotation": {"angle": 0, "axis": "y", "origin": [6.65399, 7.875, 5]},
			"faces": {
				"north": {"uv": [15, 0, 16, 1.5], "rotation": 270, "texture": "#0"},
				"east": {"uv": [0.5, 2, 4.5, 1], "rotation": 180, "texture": "#0"},
				"south": {"uv": [13.5, 1, 14.5, 2.5], "rotation": 90, "texture": "#0"},
				"west": {"uv": [0.5, 1, 4.5, 2], "rotation": 180, "texture": "#0"}
			}
		},
		{
			"from": [6.2, 7.695, 4],
			"to": [7.1, 8.06459, 5.5],
			"rotation": {"angle": 45, "axis": "z", "origin": [6.65399, 7.875, 5]},
			"faces": {
				"north": {"uv": [15, 0, 16, 1.5], "rotation": 270, "texture": "#0"},
				"east": {"uv": [8.5, 1, 12.5, 2], "rotation": 180, "texture": "#0"},
				"south": {"uv": [13.5, 1, 14.5, 2.5], "rotation": 90, "texture": "#0"},
				"west": {"uv": [0.5, 1, 4.5, 2], "rotation": 180, "texture": "#0"}
			}
		},
		{
			"from": [6.46441, 7.435, 4],
			"to": [6.83399, 8.325, 5.5],
			"rotation": {"angle": 0, "axis": "z", "origin": [6.65399, 7.875, 5]},
			"faces": {
				"north": {"uv": [15, 0, 16, 1.5], "texture": "#0"},
				"east": {"uv": [2.5, 0, 7.5, 2], "texture": "#0"},
				"south": {"uv": [13.5, 1, 14.5, 2.5], "texture": "#0"},
				"west": {"uv": [6.5, 0.5, 11.5, 2], "texture": "#0"},
				"up": {"uv": [3.5, 2, 7.5, 1], "rotation": 90, "texture": "#0"},
				"down": {"uv": [0.5, 1, 4.5, 2], "rotation": 90, "texture": "#0"}
			}
		},
		{
			"from": [6.196, 7.69, 4],
			"to": [7.096, 8.05958, 5.5],
			"rotation": {"angle": -45, "axis": "z", "origin": [6.65399, 7.875, 5]},
			"faces": {
				"north": {"uv": [15, 0, 16, 1.5], "rotation": 90, "texture": "#0"},
				"east": {"uv": [2.5, 0, 6.5, 1], "texture": "#0"},
				"south": {"uv": [13.5, 1, 14.5, 2.5], "rotation": 270, "texture": "#0"},
				"west": {"uv": [0.5, 1, 4.5, 2], "texture": "#0"}
			}
		},
		{
			"from": [6.27899, 7.72101, 4],
			"to": [7.02899, 8.02899, 8],
			"rotation": {"angle": -45, "axis": "z", "origin": [6.65399, 7.875, 5]},
			"faces": {
				"north": {"uv": [15, 0, 16, 1.5], "rotation": 270, "texture": "#0"},
				"east": {"uv": [0, 1, 11.5, 0], "rotation": 180, "texture": "#0"},
				"south": {"uv": [13.5, 1, 14.5, 2.5], "rotation": 90, "texture": "#0"},
				"west": {"uv": [0, 0, 16, 1], "rotation": 180, "texture": "#0"}
			}
		}
	],
	"display": {
		"thirdperson_righthand": {
			"rotation": [0, 172, 0],
			"translation": [-2.25, 1.75, -10],
			"scale": [3, 3, 3]
		},
		"thirdperson_lefthand": {
			"translation": [-13, -1.25, 7],
			"scale": [0.3, 0.3, 0.3]
		},
		"firstperson_righthand": {
			"rotation": [0, 170, 0],
			"translation": [2, 5.25, -6],
			"scale": [3, 3, 3]
		},
		"firstperson_lefthand": {
			"translation": [0, -80, 0]
		},
		"ground": {
			"rotation": [0, 0, 90],
			"translation": [-0.75, -3.5, 0.5],
			"scale": [2, 2, 2]
		},
		"gui": {
			"rotation": [20, -30, 0],
			"translation": [-2, -3, 0],
			"scale": [3.5, 3.5, 3.5]
		},
		"head": {
			"translation": [-2.5, 2, -14.5]
		},
		"fixed": {
			"rotation": [0, 90, 0],
			"translation": [14, 1, -8],
			"scale": [4, 4, 4]
		}
	},
	"groups": [
		{
			"name": "breech",
			"origin": [10.42564, 7.075, 4.44515],
			"color": 0,
			"children": [0, 1, 2, 3, 4, 5, 6, 7]
		},
		{
			"name": "wood stock",
			"origin": [10.65399, 6.875, 8.5],
			"color": 0,
			"children": [8, 9, 10, 11, 12, 13, 14, 15]
		},
		{
			"name": "sight",
			"origin": [6.46, 8.37, 7.94515],
			"color": 0,
			"children": [16, 17, 18, 19, 20, 21]
		},
		{
			"name": "grips",
			"origin": [10.66, 6.52, 11.34515],
			"color": 0,
			"children": [22, 23, 24, 25]
		},
		{
			"name": "grenade",
			"origin": [10.92564, 7.075, 14.74515],
			"color": 0,
			"children": [26, 27, 28, 29, 30, 31, 32, 33, 34, 35, 36, 37, 38]
		},
		{
			"name": "metal barrel",
			"origin": [10.65399, 6.875, 10],
			"color": 0,
			"children": [39, 40, 41, 42, 43, 44, 45, 46]
		}
	]
}