{
	"format_version": "1.21.6",
	"credit": "Made with Blockbench",
	"textures": {
		"0": "chems_guns:item/gun_ammo/saiga12",
		"3": "chems_guns:item/gun_ammo/shiny_metal",
		"4": "chems_guns:item/gun_ammo/m16a2",
		"5": "chems_guns:item/gun_ammo/m4_carabine",
		"particle": "chems_guns:item/gun_ammo/saiga12"
	},
	"elements": [
		{
			"name": "octagon",
			"from": [8.23223, 4.05, 16.8],
			"to": [8.76777, 5.35, 23.8],
			"rotation": {"angle": 45, "axis": "z", "origin": [8.25, 4.1, 21.8]},
			"faces": {
				"north": {"uv": [15, 15, 16, 16], "texture": "#0"},
				"east": {"uv": [15, 15, 16, 16], "texture": "#0"},
				"south": {"uv": [14, 14, 15, 16], "texture": "#0"},
				"west": {"uv": [15, 15, 16, 16], "texture": "#0"},
				"up": {"uv": [15, 5, 16, 15], "texture": "#0"},
				"down": {"uv": [15, 15, 16, 16], "texture": "#0"}
			}
		},
		{
			"name": "octagon",
			"from": [7.73223, 1.85, 22.8],
			"to": [8.26777, 5.35, 23.8],
			"rotation": {"angle": 0, "axis": "z", "origin": [8, 4.6, 21.8]},
			"faces": {
				"north": {"uv": [15, 15, 16, 16], "texture": "#0"},
				"east": {"uv": [15, 15, 16, 16], "texture": "#0"},
				"south": {"uv": [15, 15, 16, 16], "texture": "#0"},
				"west": {"uv": [15, 15, 16, 16], "texture": "#0"},
				"up": {"uv": [15, 14, 16, 16], "texture": "#0"},
				"down": {"uv": [15, 15, 16, 16], "texture": "#0"}
			}
		},
		{
			"name": "octagon",
			"from": [7.73223, 1.85, 20.8],
			"to": [8.26777, 2.25, 23.8],
			"rotation": {"angle": 0, "axis": "y", "origin": [8, 4.6, 21.8]},
			"faces": {
				"north": {"uv": [15, 15, 16, 16], "texture": "#0"},
				"east": {"uv": [15, 15, 16, 16], "texture": "#0"},
				"south": {"uv": [15, 15, 16, 16], "texture": "#0"},
				"west": {"uv": [15, 15, 16, 16], "texture": "#0"},
				"up": {"uv": [15, 14, 16, 16], "texture": "#0"},
				"down": {"uv": [15, 15, 16, 16], "texture": "#0"}
			}
		},
		{
			"name": "octagon",
			"from": [7.73223, 4.35, 16.8],
			"to": [8.26777, 5.35, 20.8],
			"rotation": {"angle": 0, "axis": "y", "origin": [8, 4.6, 21.8]},
			"faces": {
				"north": {"uv": [15, 15, 16, 16], "texture": "#0"},
				"east": {"uv": [15, 15, 16, 16], "texture": "#0"},
				"south": {"uv": [15, 15, 16, 16], "texture": "#0"},
				"west": {"uv": [15, 15, 16, 16], "texture": "#0"},
				"up": {"uv": [15, 6, 16, 14], "texture": "#0"},
				"down": {"uv": [15, 15, 16, 16], "texture": "#0"}
			}
		},
		{
			"name": "octagon",
			"from": [7.8, 3.98223, 16.8],
			"to": [9, 4.61777, 23.8],
			"rotation": {"angle": 45, "axis": "z", "origin": [7.75, 4.1, 21.8]},
			"faces": {
				"north": {"uv": [15, 15, 16, 16], "texture": "#0"},
				"east": {"uv": [6, 15, 16, 16], "texture": "#0"},
				"south": {"uv": [13, 14, 15, 15], "texture": "#0"},
				"west": {"uv": [15, 15, 16, 16], "texture": "#0"},
				"up": {"uv": [15, 15, 16, 16], "texture": "#0"},
				"down": {"uv": [15, 15, 16, 16], "texture": "#0"}
			}
		},
		{
			"name": "octagon",
			"from": [7.36, 4.43, 16.9],
			"to": [8.66, 4.96554, 23.8],
			"rotation": {"angle": 0, "axis": "z", "origin": [8.03284, 4.7364, 20.3]},
			"faces": {
				"north": {"uv": [15, 15, 16, 16], "texture": "#0"},
				"east": {"uv": [6, 15, 16, 16], "texture": "#0"},
				"south": {"uv": [13, 14, 15, 15], "texture": "#0"},
				"west": {"uv": [6, 15, 16, 16], "texture": "#0"},
				"up": {"uv": [15, 15, 16, 16], "texture": "#0"},
				"down": {"uv": [15, 15, 16, 16], "texture": "#0"}
			}
		},
		{
			"name": "octagon",
			"from": [8.23223, 2.1, 20.8],
			"to": [8.76777, 2.6, 23.8],
			"rotation": {"angle": 45, "axis": "z", "origin": [8.25, 1.35, 21.8]},
			"faces": {
				"north": {"uv": [15, 15, 16, 16], "texture": "#0"},
				"east": {"uv": [15, 15, 16, 16], "texture": "#0"},
				"south": {"uv": [14, 14, 15, 16], "texture": "#0"},
				"west": {"uv": [15, 15, 16, 16], "texture": "#0"},
				"up": {"uv": [15, 5, 16, 15], "texture": "#0"},
				"down": {"uv": [15, 15, 16, 16], "texture": "#0"}
			}
		},
		{
			"name": "octagon",
			"from": [8.5, 1.33223, 20.8],
			"to": [9, 1.86777, 23.8],
			"rotation": {"angle": 45, "axis": "z", "origin": [7.75, 1.35, 21.8]},
			"faces": {
				"north": {"uv": [15, 15, 16, 16], "texture": "#0"},
				"east": {"uv": [6, 15, 16, 16], "texture": "#0"},
				"south": {"uv": [13, 14, 15, 15], "texture": "#0"},
				"west": {"uv": [15, 15, 16, 16], "texture": "#0"},
				"up": {"uv": [15, 15, 16, 16], "texture": "#0"},
				"down": {"uv": [15, 15, 16, 16], "texture": "#0"}
			}
		},
		{
			"name": "octagon",
			"from": [7.35, 2.18223, 22.81],
			"to": [8.65, 4.98223, 23.81],
			"rotation": {"angle": 0, "axis": "z", "origin": [8, 4.7, 21.8]},
			"faces": {
				"north": {"uv": [15, 15, 16, 16], "texture": "#0"},
				"east": {"uv": [14, 13.25, 16, 15.75], "texture": "#0"},
				"south": {"uv": [14, 13, 16, 16], "texture": "#0"},
				"west": {"uv": [13, 11.25, 16, 15.75], "texture": "#0"},
				"up": {"uv": [15, 15, 16, 16], "texture": "#0"},
				"down": {"uv": [15, 15, 16, 16], "texture": "#0"}
			}
		},
		{
			"from": [7.35, 3.45, 18.9],
			"to": [8.65, 5, 20.3],
			"rotation": {"angle": 0, "axis": "y", "origin": [0, -0.8, 0.8]},
			"faces": {
				"north": {"uv": [12, 13, 15, 16], "texture": "#0"},
				"east": {"uv": [13, 13, 16, 16], "texture": "#0"},
				"south": {"uv": [13.5, 14.25, 16, 16], "texture": "#0"},
				"west": {"uv": [13, 13.25, 16, 16], "texture": "#0"},
				"up": {"uv": [13.5, 8, 16, 16], "texture": "#0"},
				"down": {"uv": [12.5, 13, 15.5, 16], "texture": "#0"}
			}
		},
		{
			"from": [7.36, 2.73076, 18.98995],
			"to": [8.649, 3.23076, 22.08995],
			"rotation": {"angle": 45, "axis": "x", "origin": [8.01, 3.38076, 20.68995]},
			"faces": {
				"north": {"uv": [13.5, 14.7, 16, 16], "texture": "#0"},
				"east": {"uv": [10, 14, 16, 15], "texture": "#0"},
				"south": {"uv": [13.5, 14.7, 16, 16], "texture": "#0"},
				"west": {"uv": [9, 14, 16, 15], "texture": "#0"},
				"up": {"uv": [9, 13, 16, 16], "rotation": 90, "texture": "#0"},
				"down": {"uv": [10, 13, 16, 16], "rotation": 90, "texture": "#0"}
			}
		},
		{
			"name": "octagon",
			"from": [7.73223, 6.15, 4.5],
			"to": [8.26777, 6.65, 15.5],
			"rotation": {"angle": 0, "axis": "y", "origin": [8, 5.4, 9.5]},
			"faces": {
				"north": {"uv": [15, 15, 16, 16], "texture": "#0"},
				"east": {"uv": [15, 15, 16, 16], "texture": "#0"},
				"south": {"uv": [15, 15, 16, 16], "texture": "#0"},
				"west": {"uv": [15, 15, 16, 16], "texture": "#0"},
				"up": {"uv": [15, 6, 16, 14], "texture": "#0"},
				"down": {"uv": [15, 15, 16, 16], "texture": "#0"}
			}
		},
		{
			"name": "octagon",
			"from": [8.43223, 5.65, 4.5],
			"to": [8.76777, 6.65, 15.5],
			"rotation": {"angle": 45, "axis": "z", "origin": [8.25, 5.4, 9.5]},
			"faces": {
				"north": {"uv": [15, 15, 16, 16], "texture": "#0"},
				"east": {"uv": [15, 15, 16, 16], "texture": "#0"},
				"south": {"uv": [14, 14, 15, 16], "texture": "#0"},
				"west": {"uv": [15, 15, 16, 16], "texture": "#0"},
				"up": {"uv": [15, 5, 16, 15], "texture": "#0"},
				"down": {"uv": [15, 15, 16, 16], "texture": "#0"}
			}
		},
		{
			"name": "octagon",
			"from": [8, 5.58223, 4.5],
			"to": [9, 5.91777, 15.5],
			"rotation": {"angle": 45, "axis": "z", "origin": [7.75, 5.4, 9.5]},
			"faces": {
				"north": {"uv": [15, 15, 16, 16], "texture": "#0"},
				"east": {"uv": [6, 15, 16, 16], "texture": "#0"},
				"south": {"uv": [13, 14, 15, 15], "texture": "#0"},
				"west": {"uv": [15, 15, 16, 16], "texture": "#0"},
				"up": {"uv": [15, 15, 16, 16], "texture": "#0"},
				"down": {"uv": [15, 15, 16, 16], "texture": "#0"}
			}
		},
		{
			"from": [7.44, 4.2, 2.15],
			"to": [8.642, 5.9, 7.8],
			"rotation": {"angle": 0, "axis": "y", "origin": [8, 6.5, 4.05]},
			"faces": {
				"north": {"uv": [13, 6, 16, 9], "texture": "#4"},
				"east": {"uv": [1, 0, 15, 5], "texture": "#4"},
				"south": {"uv": [14, 13.5, 16, 16], "texture": "#0"},
				"west": {"uv": [14.5, 0, 1, 5], "texture": "#4"},
				"up": {"uv": [5.5, 7.5, 16, 9], "rotation": 90, "texture": "#4"},
				"down": {"uv": [2.5, 7.5, 16, 9], "rotation": 90, "texture": "#4"}
			}
		},
		{
			"from": [7.75, 3.15, 13.5],
			"to": [8.25, 5.15, 15.5],
			"rotation": {"angle": 0, "axis": "y", "origin": [0, 0.9, 5]},
			"faces": {
				"north": {"uv": [0, 14, 1, 16], "texture": "#0"},
				"east": {"uv": [0, 14, 2, 16], "texture": "#0"},
				"south": {"uv": [0, 14, 1, 16], "texture": "#0"},
				"west": {"uv": [0, 14, 2, 16], "texture": "#0"},
				"up": {"uv": [0, 14, 1, 16], "texture": "#0"},
				"down": {"uv": [0, 14, 1, 16], "texture": "#0"}
			}
		},
		{
			"from": [7.25, 4, 7.75],
			"to": [8.75, 6, 16],
			"rotation": {"angle": 0, "axis": "y", "origin": [8, 5.5, 11]},
			"faces": {
				"north": {"uv": [0, 0, 2, 4], "texture": "#0"},
				"east": {"uv": [0, 0, 12, 6], "texture": "#0"},
				"south": {"uv": [0, 0, 2.5, 3], "texture": "#0"},
				"west": {"uv": [2, 0, 14, 6], "texture": "#0"},
				"up": {"uv": [0, 0, 2, 14], "texture": "#0"},
				"down": {"uv": [0, 0, 2, 14], "texture": "#0"}
			}
		},
		{
			"from": [7.35, 5.9, 7.75],
			"to": [7.65, 6.3, 16],
			"rotation": {"angle": -22.5, "axis": "z", "origin": [7.5, 6.2, 11.875]},
			"faces": {
				"north": {"uv": [0, 0, 2, 4], "texture": "#0"},
				"east": {"uv": [0, 0, 13, 1], "texture": "#0"},
				"south": {"uv": [0, 0, 2.5, 3], "texture": "#0"},
				"west": {"uv": [2, 0, 14, 1], "texture": "#0"},
				"up": {"uv": [0, 0, 1, 14], "texture": "#0"},
				"down": {"uv": [0, 0, 2, 14], "texture": "#0"}
			}
		},
		{
			"from": [8.35, 5.9, 7.75],
			"to": [8.65, 6.3, 16],
			"rotation": {"angle": 22.5, "axis": "z", "origin": [8.5, 6.2, 11.875]},
			"faces": {
				"north": {"uv": [0, 0, 2, 4], "texture": "#0"},
				"east": {"uv": [0, 0, 13, 1], "texture": "#0"},
				"south": {"uv": [0, 0, 2.5, 3], "texture": "#0"},
				"west": {"uv": [2, 0, 14, 1], "texture": "#0"},
				"up": {"uv": [0, 0, 1, 14], "texture": "#0"},
				"down": {"uv": [0, 0, 2, 14], "texture": "#0"}
			}
		},
		{
			"from": [7.25, 4, 16],
			"to": [8.75, 5.4, 16.95],
			"rotation": {"angle": 0, "axis": "y", "origin": [8, 5, 16.625]},
			"faces": {
				"north": {"uv": [0, 0, 2.5, 3], "texture": "#0"},
				"east": {"uv": [0, 0, 2, 3], "texture": "#0"},
				"south": {"uv": [0, 0, 2.5, 3], "texture": "#0"},
				"west": {"uv": [8, 6, 6, 3], "texture": "#0"},
				"up": {"uv": [0, 0, 2, 14], "texture": "#0"},
				"down": {"uv": [0, 0, 2, 14], "texture": "#0"}
			}
		},
		{
			"from": [7.55, 2.55, 12.75],
			"to": [8.45, 2.8, 14.95],
			"rotation": {"angle": 0, "axis": "y", "origin": [8, 2.675, 13.85]},
			"faces": {
				"north": {"uv": [0, 0, 2.5, 3], "texture": "#0"},
				"east": {"uv": [0, 0, 5, 1], "texture": "#0"},
				"south": {"uv": [0, 0, 2.5, 3], "texture": "#0"},
				"west": {"uv": [11, 6, 6, 5], "texture": "#0"},
				"up": {"uv": [0, 0, 2, 5], "texture": "#0"},
				"down": {"uv": [0, 0, 2, 5], "texture": "#0"}
			}
		},
		{
			"from": [7.55, 2.575, 12.325],
			"to": [8.45, 4.775, 12.575],
			"rotation": {"angle": -22.5, "axis": "x", "origin": [8, 3.675, 12.45]},
			"faces": {
				"north": {"uv": [0, 0, 2, 5], "rotation": 180, "texture": "#0"},
				"east": {"uv": [0, 0, 5, 1], "rotation": 270, "texture": "#0"},
				"south": {"uv": [0, 0, 2, 5], "texture": "#0"},
				"west": {"uv": [11, 6, 6, 5], "rotation": 90, "texture": "#0"},
				"up": {"uv": [0, 0, 2.5, 3], "rotation": 180, "texture": "#0"},
				"down": {"uv": [0, 0, 2.5, 3], "texture": "#0"}
			}
		},
		{
			"from": [7.5, 5.05, 19.37],
			"to": [8.498, 6.46, 20.78],
			"rotation": {"angle": -45, "axis": "x", "origin": [0, 0.55, 18.4]},
			"faces": {
				"north": {"uv": [0, 0, 2.5, 3], "texture": "#0"},
				"east": {"uv": [0, 0, 3, 3], "texture": "#0"},
				"south": {"uv": [0, 0, 2.5, 2], "texture": "#0"},
				"west": {"uv": [5, 1, 8, 4], "texture": "#0"},
				"up": {"uv": [0, 0, 2, 14], "texture": "#0"},
				"down": {"uv": [0, 0, 2, 14], "texture": "#0"}
			}
		},
		{
			"from": [7.2501, 4.75, 19.77],
			"to": [8.7461, 6.06, 20.78],
			"rotation": {"angle": -45, "axis": "x", "origin": [-0.2, 0.25, 18.4]},
			"faces": {
				"north": {"uv": [0, 0, 2.5, 3], "texture": "#0"},
				"east": {"uv": [0, 0, 2, 3], "texture": "#0"},
				"south": {"uv": [0, 0, 2.5, 2], "texture": "#0"},
				"west": {"uv": [5, 1, 7, 4], "texture": "#0"},
				"up": {"uv": [0, 0, 2, 14], "texture": "#0"},
				"down": {"uv": [0, 0, 2, 14], "texture": "#0"}
			}
		},
		{
			"from": [6.975, -0.7, 8.4501],
			"to": [9.046, 4.3, 11.9501],
			"rotation": {"angle": 45, "axis": "z", "origin": [8.0105, 1.8, 10.2]},
			"faces": {
				"north": {"uv": [9, 7.25, 16, 15.75], "texture": "#3"},
				"east": {"uv": [13, 6, 10, 12], "texture": "#0"},
				"south": {"uv": [9, 7.25, 16, 15.75], "texture": "#3"},
				"west": {"uv": [6, 6, 9, 12], "texture": "#0"},
				"up": {"uv": [9, 7, 16, 16], "texture": "#3"},
				"down": {"uv": [9, 7, 16, 16], "texture": "#3"}
			}
		},
		{
			"from": [5.5105, 0.7645, 8.45],
			"to": [10.5105, 2.8355, 11.9502],
			"rotation": {"angle": 0, "axis": "z", "origin": [8.0105, 1.8, 10.2]},
			"faces": {
				"north": {"uv": [9, 7, 16, 16], "rotation": 90, "texture": "#3"},
				"east": {"uv": [9, 7, 16, 16], "rotation": 270, "texture": "#3"},
				"south": {"uv": [9, 7, 16, 16], "rotation": 90, "texture": "#3"},
				"west": {"uv": [9, 7, 16, 16], "rotation": 270, "texture": "#3"},
				"up": {"uv": [13, 6, 10, 12], "rotation": 270, "texture": "#0"},
				"down": {"uv": [6, 6, 9, 12], "rotation": 270, "texture": "#0"}
			}
		},
		{
			"from": [5.5105, 0.7645, 8.4501],
			"to": [10.5105, 2.8355, 11.9501],
			"rotation": {"angle": 45, "axis": "z", "origin": [8.0105, 1.8, 10.2]},
			"faces": {
				"north": {"uv": [9, 7.25, 16, 15.75], "rotation": 90, "texture": "#3"},
				"east": {"uv": [9, 7, 16, 16], "rotation": 270, "texture": "#3"},
				"south": {"uv": [9, 7.25, 16, 15.75], "rotation": 90, "texture": "#3"},
				"west": {"uv": [9, 7, 16, 16], "rotation": 270, "texture": "#3"},
				"up": {"uv": [13, 6, 10, 12], "rotation": 270, "texture": "#0"},
				"down": {"uv": [6, 6, 9, 12], "rotation": 270, "texture": "#0"}
			}
		},
		{
			"from": [6.975, -0.7, 8.4502],
			"to": [9.046, 4.3, 11.9506],
			"rotation": {"angle": 0, "axis": "z", "origin": [8.0105, 1.8, 10.2]},
			"faces": {
				"north": {"uv": [9, 7, 16, 16], "texture": "#3"},
				"east": {"uv": [6, 6, 9, 12], "rotation": 180, "texture": "#0"},
				"south": {"uv": [9, 7, 16, 16], "texture": "#3"},
				"west": {"uv": [13, 6, 10, 12], "rotation": 180, "texture": "#0"},
				"up": {"uv": [9, 7, 16, 16], "rotation": 180, "texture": "#3"},
				"down": {"uv": [9, 7, 16, 16], "rotation": 180, "texture": "#3"}
			}
		},
		{
			"name": "octagon",
			"from": [7.84467, 4.975, -4.55],
			"to": [8.15533, 5.725, -4.55],
			"rotation": {"angle": 45, "axis": "z", "origin": [8, 5.35, -2.3]},
			"faces": {
				"north": {"uv": [6, 6, 7, 7], "texture": "#0"},
				"east": {"uv": [6, 6, 7, 7], "texture": "#0"},
				"south": {"uv": [6, 6, 7, 7], "texture": "#0"},
				"west": {"uv": [6, 6, 7, 7], "texture": "#0"},
				"up": {"uv": [6, 6, 7, 7], "texture": "#0"},
				"down": {"uv": [6, 6, 7, 7], "texture": "#0"}
			}
		},
		{
			"name": "octagon",
			"from": [7.84467, 4.975, -4.55],
			"to": [8.15533, 5.725, -4.55],
			"rotation": {"angle": 0, "axis": "y", "origin": [8, 5.35, -2.3]},
			"faces": {
				"north": {"uv": [6, 6, 7, 7], "texture": "#0"},
				"east": {"uv": [6, 6, 7, 7], "texture": "#0"},
				"south": {"uv": [6, 6, 7, 7], "texture": "#0"},
				"west": {"uv": [6, 6, 7, 7], "texture": "#0"},
				"up": {"uv": [6, 6, 7, 7], "texture": "#0"},
				"down": {"uv": [6, 6, 7, 7], "texture": "#0"}
			}
		},
		{
			"name": "octagon",
			"from": [7.625, 5.19467, -4.55],
			"to": [8.375, 5.50533, -4.55],
			"rotation": {"angle": 45, "axis": "z", "origin": [8, 5.35, -2.3]},
			"faces": {
				"north": {"uv": [6, 6, 7, 7], "texture": "#0"},
				"east": {"uv": [6, 6, 7, 7], "texture": "#0"},
				"south": {"uv": [6, 6, 7, 7], "texture": "#0"},
				"west": {"uv": [6, 6, 7, 7], "texture": "#0"},
				"up": {"uv": [6, 6, 7, 7], "texture": "#0"},
				"down": {"uv": [6, 6, 7, 7], "texture": "#0"}
			}
		},
		{
			"name": "octagon",
			"from": [7.625, 5.19467, -4.55],
			"to": [8.375, 5.50533, -4.55],
			"rotation": {"angle": 0, "axis": "y", "origin": [8, 5.35, -2.3]},
			"faces": {
				"north": {"uv": [6, 6, 7, 7], "texture": "#0"},
				"east": {"uv": [6, 6, 7, 7], "texture": "#0"},
				"south": {"uv": [6, 6, 7, 7], "texture": "#0"},
				"west": {"uv": [6, 6, 7, 7], "texture": "#0"},
				"up": {"uv": [6, 6, 7, 7], "texture": "#0"},
				"down": {"uv": [6, 6, 7, 7], "texture": "#0"}
			}
		},
		{
			"name": "octagon",
			"from": [7.79289, 4.85, -0.5],
			"to": [8.20711, 5.15, 7.9],
			"rotation": {"angle": 45, "axis": "z", "origin": [8, 5.35, -5.1]},
			"faces": {
				"north": {"uv": [0, 0, 1, 1], "texture": "#0"},
				"east": {"uv": [0, 0, 1, 1], "texture": "#0"},
				"south": {"uv": [0, 0, 1, 1], "texture": "#0"},
				"west": {"uv": [0, 0, 1, 1], "texture": "#0"},
				"up": {"uv": [0, 0, 1, 1], "texture": "#0"},
				"down": {"uv": [0, 0, 1, 14], "texture": "#0"}
			}
		},
		{
			"name": "octagon",
			"from": [7.79289, 4.85, -0.51],
			"to": [8.20711, 5.15, 7.89],
			"rotation": {"angle": 0, "axis": "y", "origin": [8, 5.35, -5.1]},
			"faces": {
				"north": {"uv": [0, 1, 1, 2], "texture": "#0"},
				"east": {"uv": [0, 0, 1, 1], "texture": "#0"},
				"south": {"uv": [0, 0, 1, 1], "texture": "#0"},
				"west": {"uv": [0, 0, 1, 1], "texture": "#0"},
				"up": {"uv": [0, 0, 1, 1], "texture": "#0"},
				"down": {"uv": [0, 0, 1, 14], "texture": "#0"}
			}
		},
		{
			"name": "octagon",
			"from": [7.79289, 5.55, -0.5],
			"to": [8.20711, 5.85, 7.9],
			"rotation": {"angle": 45, "axis": "z", "origin": [8, 5.35, -5.1]},
			"faces": {
				"north": {"uv": [0, 0, 1, 1], "texture": "#0"},
				"east": {"uv": [0, 0, 1, 1], "texture": "#0"},
				"south": {"uv": [0, 0, 1, 1], "texture": "#0"},
				"west": {"uv": [0, 0, 1, 1], "texture": "#0"},
				"up": {"uv": [0, 0, 1, 14], "texture": "#0"},
				"down": {"uv": [0, 0, 1, 1], "texture": "#0"}
			}
		},
		{
			"name": "octagon",
			"from": [7.79289, 5.55, -0.51],
			"to": [8.20711, 5.85, 7.89],
			"rotation": {"angle": 0, "axis": "y", "origin": [8, 5.35, -5.1]},
			"faces": {
				"north": {"uv": [1, 1, 2, 2], "texture": "#0"},
				"east": {"uv": [0, 0, 1, 1], "texture": "#0"},
				"south": {"uv": [0, 0, 1, 1], "texture": "#0"},
				"west": {"uv": [0, 0, 1, 1], "texture": "#0"},
				"up": {"uv": [0, 0, 1, 14], "texture": "#0"},
				"down": {"uv": [0, 0, 1, 1], "texture": "#0"}
			}
		},
		{
			"name": "octagon",
			"from": [7.5, 5.14289, -0.5],
			"to": [7.8, 5.55711, 7.9],
			"rotation": {"angle": 45, "axis": "z", "origin": [8, 5.35, -5.1]},
			"faces": {
				"north": {"uv": [1, 1, 2, 2], "texture": "#0"},
				"east": {"uv": [0, 0, 1, 1], "texture": "#0"},
				"south": {"uv": [0, 0, 1, 1], "texture": "#0"},
				"west": {"uv": [0, 0, 16, 1], "texture": "#0"},
				"up": {"uv": [0, 0, 1, 1], "texture": "#0"},
				"down": {"uv": [0, 0, 1, 1], "texture": "#0"}
			}
		},
		{
			"name": "octagon",
			"from": [7.5, 5.14289, -0.51],
			"to": [7.8, 5.55711, 7.89],
			"rotation": {"angle": 0, "axis": "z", "origin": [8, 5.35, -5.1]},
			"faces": {
				"north": {"uv": [1, 0, 2, 1], "texture": "#0"},
				"east": {"uv": [0, 0, 1, 1], "texture": "#0"},
				"south": {"uv": [0, 0, 1, 1], "texture": "#0"},
				"west": {"uv": [0, 1, 16, 2], "texture": "#0"},
				"up": {"uv": [0, 0, 1, 1], "texture": "#0"},
				"down": {"uv": [0, 0, 1, 1], "texture": "#0"}
			}
		},
		{
			"name": "octagon",
			"from": [8.2, 5.14289, -0.5],
			"to": [8.5, 5.55711, 7.9],
			"rotation": {"angle": 45, "axis": "z", "origin": [8, 5.35, -5.1]},
			"faces": {
				"north": {"uv": [2, 12, 3, 13], "texture": "#0"},
				"east": {"uv": [0, 0, 10, 1], "texture": "#0"},
				"south": {"uv": [0, 0, 1, 1], "texture": "#0"},
				"west": {"uv": [0, 0, 1, 1], "texture": "#0"},
				"up": {"uv": [0, 0, 1, 1], "texture": "#0"},
				"down": {"uv": [0, 0, 1, 1], "texture": "#0"}
			}
		},
		{
			"name": "octagon",
			"from": [8.2, 5.14289, -0.51],
			"to": [8.5, 5.55711, 7.89],
			"rotation": {"angle": 0, "axis": "y", "origin": [8, 5.35, -5.1]},
			"faces": {
				"north": {"uv": [1, 2, 2, 3], "texture": "#0"},
				"east": {"uv": [0, 0, 16, 1], "texture": "#0"},
				"south": {"uv": [0, 0, 1, 1], "texture": "#0"},
				"west": {"uv": [0, 0, 1, 1], "texture": "#0"},
				"up": {"uv": [0, 0, 1, 1], "texture": "#0"},
				"down": {"uv": [0, 0, 1, 1], "texture": "#0"}
			}
		},
		{
			"name": "octagon",
			"from": [7.79289, 4.85, -5.6],
			"to": [8.20711, 5.15, 2.8],
			"rotation": {"angle": 45, "axis": "z", "origin": [8, 5.35, -10.2]},
			"faces": {
				"north": {"uv": [0, 0, 1, 1], "texture": "#0"},
				"east": {"uv": [0, 0, 1, 1], "texture": "#0"},
				"south": {"uv": [0, 0, 1, 1], "texture": "#0"},
				"west": {"uv": [0, 0, 1, 1], "texture": "#0"},
				"up": {"uv": [0, 0, 1, 1], "texture": "#0"},
				"down": {"uv": [0, 0, 1, 14], "texture": "#0"}
			}
		},
		{
			"name": "octagon",
			"from": [7.79289, 4.85, -5.61],
			"to": [8.20711, 5.15, 2.79],
			"rotation": {"angle": 0, "axis": "y", "origin": [8, 5.35, -10.2]},
			"faces": {
				"north": {"uv": [0, 1, 1, 2], "texture": "#0"},
				"east": {"uv": [0, 0, 1, 1], "texture": "#0"},
				"south": {"uv": [0, 0, 1, 1], "texture": "#0"},
				"west": {"uv": [0, 0, 1, 1], "texture": "#0"},
				"up": {"uv": [0, 0, 1, 1], "texture": "#0"},
				"down": {"uv": [0, 0, 1, 14], "texture": "#0"}
			}
		},
		{
			"name": "octagon",
			"from": [7.79289, 5.55, -5.6],
			"to": [8.20711, 5.85, 2.8],
			"rotation": {"angle": 45, "axis": "z", "origin": [8, 5.35, -10.2]},
			"faces": {
				"north": {"uv": [0, 0, 1, 1], "texture": "#0"},
				"east": {"uv": [0, 0, 1, 1], "texture": "#0"},
				"south": {"uv": [0, 0, 1, 1], "texture": "#0"},
				"west": {"uv": [0, 0, 1, 1], "texture": "#0"},
				"up": {"uv": [0, 0, 1, 14], "texture": "#0"},
				"down": {"uv": [0, 0, 1, 1], "texture": "#0"}
			}
		},
		{
			"name": "octagon",
			"from": [7.79289, 5.55, -5.61],
			"to": [8.20711, 5.85, 2.79],
			"rotation": {"angle": 0, "axis": "y", "origin": [8, 5.35, -10.2]},
			"faces": {
				"north": {"uv": [1, 1, 2, 2], "texture": "#0"},
				"east": {"uv": [0, 0, 1, 1], "texture": "#0"},
				"south": {"uv": [0, 0, 1, 1], "texture": "#0"},
				"west": {"uv": [0, 0, 1, 1], "texture": "#0"},
				"up": {"uv": [0, 0, 1, 14], "texture": "#0"},
				"down": {"uv": [0, 0, 1, 1], "texture": "#0"}
			}
		},
		{
			"name": "octagon",
			"from": [7.5, 5.14289, -5.6],
			"to": [7.8, 5.55711, 2.8],
			"rotation": {"angle": 45, "axis": "z", "origin": [8, 5.35, -10.2]},
			"faces": {
				"north": {"uv": [1, 1, 2, 2], "texture": "#0"},
				"east": {"uv": [0, 0, 1, 1], "texture": "#0"},
				"south": {"uv": [0, 0, 1, 1], "texture": "#0"},
				"west": {"uv": [0, 0, 16, 1], "texture": "#0"},
				"up": {"uv": [0, 0, 1, 1], "texture": "#0"},
				"down": {"uv": [0, 0, 1, 1], "texture": "#0"}
			}
		},
		{
			"name": "octagon",
			"from": [7.5, 5.14289, -5.61],
			"to": [7.8, 5.55711, 2.79],
			"rotation": {"angle": 0, "axis": "y", "origin": [8, 5.35, -10.2]},
			"faces": {
				"north": {"uv": [1, 0, 2, 1], "texture": "#0"},
				"east": {"uv": [0, 0, 1, 1], "texture": "#0"},
				"south": {"uv": [0, 0, 1, 1], "texture": "#0"},
				"west": {"uv": [0, 1, 16, 2], "texture": "#0"},
				"up": {"uv": [0, 0, 1, 1], "texture": "#0"},
				"down": {"uv": [0, 0, 1, 1], "texture": "#0"}
			}
		},
		{
			"name": "octagon",
			"from": [8.2, 5.14289, -5.6],
			"to": [8.5, 5.55711, 2.8],
			"rotation": {"angle": 45, "axis": "z", "origin": [8, 5.35, -10.2]},
			"faces": {
				"north": {"uv": [2, 12, 3, 13], "texture": "#0"},
				"east": {"uv": [0, 0, 10, 1], "texture": "#0"},
				"south": {"uv": [0, 0, 1, 1], "texture": "#0"},
				"west": {"uv": [0, 0, 1, 1], "texture": "#0"},
				"up": {"uv": [0, 0, 1, 1], "texture": "#0"},
				"down": {"uv": [0, 0, 1, 1], "texture": "#0"}
			}
		},
		{
			"name": "octagon",
			"from": [8.2, 5.14289, -5.61],
			"to": [8.5, 5.55711, 2.79],
			"rotation": {"angle": 0, "axis": "y", "origin": [8, 5.35, -10.2]},
			"faces": {
				"north": {"uv": [1, 2, 2, 3], "texture": "#0"},
				"east": {"uv": [0, 0, 16, 1], "texture": "#0"},
				"south": {"uv": [0, 0, 1, 1], "texture": "#0"},
				"west": {"uv": [0, 0, 1, 1], "texture": "#0"},
				"up": {"uv": [0, 0, 1, 1], "texture": "#0"},
				"down": {"uv": [0, 0, 1, 1], "texture": "#0"}
			}
		},
		{
			"name": "octagon",
			"from": [7.79289, 5.7, 0.9],
			"to": [8.20711, 6.7, 7.9],
			"rotation": {"angle": 45, "axis": "z", "origin": [8, 6.2, 2.9]},
			"faces": {
				"north": {"uv": [2, 2, 3, 3], "texture": "#0"},
				"east": {"uv": [0, 0, 1, 1], "texture": "#0"},
				"south": {"uv": [0, 0, 1, 1], "texture": "#0"},
				"west": {"uv": [0, 0, 1, 1], "texture": "#0"},
				"up": {"uv": [0, 0, 1, 8], "texture": "#0"},
				"down": {"uv": [0, 0, 1, 4], "texture": "#0"}
			}
		},
		{
			"name": "octagon",
			"from": [7.79289, 5.7, 0.88],
			"to": [8.20711, 6.7, 7.88],
			"rotation": {"angle": 0, "axis": "y", "origin": [8, 6.2, 2.9]},
			"faces": {
				"north": {"uv": [1, 0, 2, 1], "texture": "#0"},
				"east": {"uv": [0, 0, 1, 1], "texture": "#0"},
				"south": {"uv": [0, 0, 1, 1], "texture": "#0"},
				"west": {"uv": [0, 0, 1, 1], "texture": "#0"},
				"up": {"uv": [0, 0, 1, 8], "texture": "#0"},
				"down": {"uv": [0, 0, 1, 4], "texture": "#0"}
			}
		},
		{
			"name": "octagon",
			"from": [7.5, 5.99289, 0.9],
			"to": [8.5, 6.40711, 7.9],
			"rotation": {"angle": 45, "axis": "z", "origin": [8, 6.2, 2.9]},
			"faces": {
				"north": {"uv": [0, 2, 1, 3], "texture": "#0"},
				"east": {"uv": [0, 0, 10, 1], "texture": "#0"},
				"south": {"uv": [0, 0, 1, 1], "texture": "#0"},
				"west": {"uv": [0, 0, 4, 1], "texture": "#0"},
				"up": {"uv": [0, 0, 1, 1], "texture": "#0"},
				"down": {"uv": [0, 0, 1, 1], "texture": "#0"}
			}
		},
		{
			"name": "octagon",
			"from": [7.5, 5.99289, 0.89],
			"to": [8.5, 6.40711, 7.89],
			"rotation": {"angle": 0, "axis": "y", "origin": [8, 6.2, 2.9]},
			"faces": {
				"north": {"uv": [1, 1, 2, 2], "texture": "#0"},
				"east": {"uv": [0, 0, 11, 1], "texture": "#0"},
				"south": {"uv": [0, 0, 1, 1], "texture": "#0"},
				"west": {"uv": [0, 0, 10, 1], "texture": "#0"},
				"up": {"uv": [0, 0, 1, 1], "texture": "#0"},
				"down": {"uv": [0, 0, 1, 1], "texture": "#0"}
			}
		},
		{
			"name": "octagon",
			"from": [7.5, 5.99289, 7.89],
			"to": [8.5, 6.40711, 15.89],
			"rotation": {"angle": 0, "axis": "y", "origin": [8, 6.2, 9.9]},
			"faces": {
				"north": {"uv": [1, 1, 2, 2], "texture": "#0"},
				"east": {"uv": [0, 0, 11, 1], "texture": "#0"},
				"south": {"uv": [0, 0, 1, 1], "texture": "#0"},
				"west": {"uv": [0, 0, 10, 1], "texture": "#0"},
				"up": {"uv": [0, 0, 1, 1], "texture": "#0"},
				"down": {"uv": [0, 0, 1, 1], "texture": "#0"}
			}
		},
		{
			"from": [7.25, 4, -0.2],
			"to": [8.75, 6, 5.25],
			"rotation": {"angle": 0, "axis": "y", "origin": [8, 5.5, 0.25]},
			"faces": {
				"north": {"uv": [0, 0, 2, 4], "texture": "#0"},
				"east": {"uv": [0, 0, 12, 6], "texture": "#0"},
				"south": {"uv": [0, 0, 2.5, 3], "texture": "#0"},
				"west": {"uv": [2, 0, 14, 6], "texture": "#0"},
				"up": {"uv": [0, 0, 2, 14], "texture": "#0"},
				"down": {"uv": [0, 0, 2, 12], "texture": "#0"}
			}
		},
		{
			"from": [7.25, 4.5, -0.7],
			"to": [8.75, 6, 0.35],
			"rotation": {"angle": 0, "axis": "y", "origin": [8, 5.5, -0.225]},
			"faces": {
				"north": {"uv": [0, 0, 3, 4], "texture": "#0"},
				"east": {"uv": [0, 0, 3, 4], "texture": "#0"},
				"south": {"uv": [0, 0, 2.5, 3], "texture": "#0"},
				"west": {"uv": [0, 0, 3, 4], "texture": "#0"},
				"up": {"uv": [0, 0, 2, 14], "texture": "#0"},
				"down": {"uv": [0, 0, 2, 14], "texture": "#0"}
			}
		},
		{
			"from": [7.2501, 4.22, -0.42],
			"to": [8.7481, 5.22, 0.28],
			"rotation": {"angle": 45, "axis": "x", "origin": [8, 4.7, -0.225]},
			"faces": {
				"north": {"uv": [0, 0, 2, 4], "texture": "#0"},
				"east": {"uv": [0, 0, 2, 3], "texture": "#0"},
				"south": {"uv": [0, 0, 2.5, 3], "texture": "#0"},
				"west": {"uv": [0, 0, 2, 3], "texture": "#0"},
				"up": {"uv": [0, 0, 2, 14], "texture": "#0"},
				"down": {"uv": [0, 0, 3, 2], "texture": "#0"}
			}
		},
		{
			"from": [7.725, 6.45, 9.35],
			"to": [7.925, 6.8, 9.8],
			"rotation": {"angle": 0, "axis": "y", "origin": [7.8, 6.575, 9.575]},
			"faces": {
				"north": {"uv": [0, 0, 2, 1], "texture": "#0"},
				"east": {"uv": [16, 9, 15, 10], "texture": "#5"},
				"south": {"uv": [0, 0, 3, 1], "texture": "#0"},
				"west": {"uv": [15, 9, 16, 10], "texture": "#5"},
				"up": {"uv": [15, 9, 16, 10], "rotation": 90, "texture": "#5"},
				"down": {"uv": [0, 0, 2, 6], "texture": "#0"}
			}
		},
		{
			"from": [7.965, 6.45, 6.1],
			"to": [8.015, 6.8, 6.55],
			"rotation": {"angle": 0, "axis": "y", "origin": [7.9, 6.575, 6.325]},
			"faces": {
				"north": {"uv": [0, 0, 2, 1], "texture": "#0"},
				"east": {"uv": [16, 9, 15, 10], "texture": "#5"},
				"south": {"uv": [0, 0, 3, 1], "texture": "#0"},
				"west": {"uv": [15, 9, 16, 10], "texture": "#5"},
				"up": {"uv": [15, 9, 16, 10], "rotation": 90, "texture": "#5"},
				"down": {"uv": [0, 0, 2, 6], "texture": "#0"}
			}
		},
		{
			"from": [8.06, 6.45, 9.35],
			"to": [8.26, 6.8, 9.8],
			"rotation": {"angle": 0, "axis": "y", "origin": [8.2, 6.575, 9.575]},
			"faces": {
				"north": {"uv": [0, 0, 2, 1], "texture": "#0"},
				"east": {"uv": [16, 9, 15, 10], "texture": "#5"},
				"south": {"uv": [0, 0, 3, 1], "texture": "#0"},
				"west": {"uv": [15, 9, 16, 10], "texture": "#5"},
				"up": {"uv": [15, 9, 16, 10], "rotation": 90, "texture": "#5"},
				"down": {"uv": [0, 0, 2, 6], "texture": "#0"}
			}
		},
		{
			"from": [7.25, 4.65, -8.7],
			"to": [7.6, 6, -5.5],
			"rotation": {"angle": 0, "axis": "y", "origin": [8, 5.325, -7.5]},
			"faces": {
				"north": {"uv": [0, 11, 1, 16], "texture": "#3"},
				"east": {"uv": [5, 3, 15, 7], "texture": "#3"},
				"south": {"uv": [1, 15, 0, 10], "texture": "#3"},
				"west": {"uv": [5, 3, 15, 7], "texture": "#3"},
				"up": {"uv": [6, 3, 16, 4], "rotation": 90, "texture": "#3"},
				"down": {"uv": [15, 6, 5, 7], "rotation": 90, "texture": "#3"}
			}
		},
		{
			"from": [7.325, 5.725, -8.7],
			"to": [8.675, 6.075, -5.5],
			"rotation": {"angle": 0, "axis": "y", "origin": [8, 5.325, -7.5]},
			"faces": {
				"north": {"uv": [1, 16, 0, 11], "rotation": 270, "texture": "#3"},
				"east": {"uv": [16, 0, 5, 1], "texture": "#3"},
				"south": {"uv": [1, 10, 0, 15], "rotation": 90, "texture": "#3"},
				"west": {"uv": [5, 3, 16, 4], "texture": "#3"},
				"up": {"uv": [5, 0, 16, 4], "rotation": 90, "texture": "#3"},
				"down": {"uv": [11, 0, 16, 1], "rotation": 180, "texture": "#3"}
			}
		},
		{
			"from": [8.4, 4.65, -8.7],
			"to": [8.75, 6, -5.5],
			"rotation": {"angle": 0, "axis": "y", "origin": [8, 5.325, -7.5]},
			"faces": {
				"north": {"uv": [0, 11, 1, 16], "rotation": 180, "texture": "#3"},
				"east": {"uv": [5, 3, 15, 7], "texture": "#3"},
				"south": {"uv": [0, 15, 1, 10], "rotation": 180, "texture": "#3"},
				"west": {"uv": [5, 3, 15, 7], "texture": "#3"},
				"up": {"uv": [5, 0, 15, 1], "rotation": 90, "texture": "#3"},
				"down": {"uv": [5, 0, 15, 1], "rotation": 90, "texture": "#3"}
			}
		},
		{
			"from": [7.325, 4.575, -8.7],
			"to": [8.675, 4.925, -5.5],
			"rotation": {"angle": 0, "axis": "y", "origin": [8, 5.325, -7.5]},
			"faces": {
				"north": {"uv": [0, 16, 1, 11], "rotation": 90, "texture": "#3"},
				"east": {"uv": [5, 0, 16, 1], "texture": "#3"},
				"south": {"uv": [1, 10, 0, 15], "rotation": 270, "texture": "#3"},
				"west": {"uv": [5, 6, 16, 7], "texture": "#3"},
				"up": {"uv": [11, 0, 16, 1], "texture": "#3"},
				"down": {"uv": [5, 0, 16, 4], "rotation": 90, "texture": "#3"}
			}
		},
		{
			"from": [7.4, 5.1, -5.5],
			"to": [8.6, 5.59704, -4.3],
			"rotation": {"angle": 0, "axis": "y", "origin": [8, 5.34852, -4.9]},
			"faces": {
				"north": {"uv": [0, 14, 5, 16], "texture": "#3"},
				"east": {"uv": [6, 14, 1, 16], "texture": "#3"},
				"south": {"uv": [5, 12, 0, 10], "texture": "#3"},
				"west": {"uv": [1, 13, 6, 15], "rotation": 180, "texture": "#3"},
				"up": {"uv": [0, 11, 5, 16], "texture": "#3"},
				"down": {"uv": [0, 11, 5, 16], "texture": "#3"}
			}
		},
		{
			"from": [7.75148, 4.74852, -5.5],
			"to": [8.24852, 5.94852, -4.3],
			"rotation": {"angle": 45, "axis": "z", "origin": [8, 5.34852, -4.9]},
			"faces": {
				"north": {"uv": [0, 14, 5, 16], "rotation": 270, "texture": "#3"},
				"east": {"uv": [0, 11, 5, 16], "rotation": 90, "texture": "#3"},
				"south": {"uv": [5, 10, 0, 12], "rotation": 90, "texture": "#3"},
				"west": {"uv": [0, 11, 5, 16], "rotation": 90, "texture": "#3"},
				"up": {"uv": [0, 14, 5, 16], "rotation": 270, "texture": "#3"},
				"down": {"uv": [0, 12, 5, 10], "rotation": 90, "texture": "#3"}
			}
		},
		{
			"from": [7.75148, 4.74852, -5.5],
			"to": [8.24852, 5.94852, -4.3],
			"rotation": {"angle": 0, "axis": "y", "origin": [8, 5.34852, -4.9]},
			"faces": {
				"north": {"uv": [0, 14, 5, 16], "rotation": 270, "texture": "#3"},
				"east": {"uv": [0, 11, 5, 16], "rotation": 90, "texture": "#3"},
				"south": {"uv": [5, 12, 0, 10], "rotation": 90, "texture": "#3"},
				"west": {"uv": [0, 11, 5, 16], "rotation": 90, "texture": "#3"},
				"up": {"uv": [5, 10, 0, 12], "rotation": 270, "texture": "#3"},
				"down": {"uv": [5, 14, 0, 16], "rotation": 90, "texture": "#3"}
			}
		},
		{
			"from": [7.4, 5.1, -5.5],
			"to": [8.6, 5.59704, -4.3],
			"rotation": {"angle": 45, "axis": "z", "origin": [8, 5.34852, -4.9]},
			"faces": {
				"north": {"uv": [0, 14, 5, 16], "rotation": 180, "texture": "#3"},
				"east": {"uv": [5, 12, 0, 14], "texture": "#3"},
				"south": {"uv": [0, 12, 5, 10], "rotation": 180, "texture": "#3"},
				"west": {"uv": [0, 10, 5, 12], "rotation": 180, "texture": "#3"},
				"up": {"uv": [0, 11, 5, 16], "rotation": 180, "texture": "#3"},
				"down": {"uv": [0, 11, 5, 16], "rotation": 180, "texture": "#3"}
			}
		},
		{
			"from": [7.5, 0.35, 15.5],
			"to": [8.5, 4.35, 17.05],
			"rotation": {"angle": -22.5, "axis": "x", "origin": [8, 1.5, 15.75]},
			"faces": {
				"north": {"uv": [6, 10, 13, 12], "rotation": 90, "texture": "#0"},
				"east": {"uv": [6, 8, 13, 10], "rotation": 90, "texture": "#0"},
				"south": {"uv": [6, 6, 13, 8], "rotation": 90, "texture": "#0"},
				"west": {"uv": [6, 6, 13, 8], "rotation": 90, "texture": "#0"},
				"up": {"uv": [9, 9, 11, 11], "rotation": 90, "texture": "#0"},
				"down": {"uv": [9, 9, 11, 11], "rotation": 90, "texture": "#0"}
			}
		},
		{
			"from": [7.35, 3.75, -0.15],
			"to": [8.65, 4, 3.05],
			"rotation": {"angle": 0, "axis": "y", "origin": [8, 3.875, 1.7]},
			"faces": {
				"north": {"uv": [10, 0, 5, 1], "texture": "#3"},
				"east": {"uv": [5, 0, 11, 1], "texture": "#3"},
				"south": {"uv": [10, 0, 5, 1], "texture": "#3"},
				"west": {"uv": [5, 0, 11, 1], "texture": "#3"},
				"up": {"uv": [0, 0, 2, 14], "texture": "#3"},
				"down": {"uv": [0, 10, 5, 16], "texture": "#3"}
			}
		},
		{
			"from": [7.4, 3.05, 0.6],
			"to": [8.6, 3.8, 2.8],
			"rotation": {"angle": 0, "axis": "y", "origin": [8, 3.3, 0.05]},
			"faces": {
				"north": {"uv": [6, 6, 9, 9], "texture": "#0"},
				"east": {"uv": [6, 6, 13, 9], "texture": "#0"},
				"south": {"uv": [6, 6, 9, 9], "texture": "#0"},
				"west": {"uv": [6, 6, 13, 9], "texture": "#0"},
				"up": {"uv": [0, 0, 2, 14], "texture": "#0"},
				"down": {"uv": [6, 6, 13, 9], "rotation": 90, "texture": "#0"}
			}
		},
		{
			"name": "octagon",
			"from": [7.79289, 0.16, 1.45],
			"to": [8.20711, 3.06, 2.45],
			"rotation": {"angle": 45, "axis": "y", "origin": [8, 1.61, 1.95]},
			"faces": {
				"north": {"uv": [6, 10, 13, 11], "rotation": 270, "texture": "#0"},
				"east": {"uv": [0, 0, 1, 1], "texture": "#0"},
				"south": {"uv": [6, 10, 13, 11], "rotation": 90, "texture": "#0"},
				"west": {"uv": [0, 0, 1, 1], "rotation": 180, "texture": "#0"},
				"up": {"uv": [1, 1, 2, 2], "rotation": 90, "texture": "#0"},
				"down": {"uv": [11, 6, 12, 8], "rotation": 90, "texture": "#0"}
			}
		},
		{
			"name": "octagon",
			"from": [7.79289, 0.16, 1.45],
			"to": [8.20711, 3.06, 2.45],
			"rotation": {"angle": 0, "axis": "y", "origin": [8, 1.61, 1.95]},
			"faces": {
				"north": {"uv": [6, 10, 13, 11], "rotation": 270, "texture": "#0"},
				"east": {"uv": [0, 0, 1, 1], "texture": "#0"},
				"south": {"uv": [6, 10, 13, 11], "rotation": 90, "texture": "#0"},
				"west": {"uv": [0, 0, 1, 1], "rotation": 180, "texture": "#0"},
				"up": {"uv": [1, 1, 2, 2], "rotation": 90, "texture": "#0"},
				"down": {"uv": [11, 6, 12, 8], "rotation": 90, "texture": "#0"}
			}
		},
		{
			"name": "octagon",
			"from": [7.5, 0.16, 1.74289],
			"to": [8.5, 3.06, 2.15711],
			"rotation": {"angle": 45, "axis": "y", "origin": [8, 1.61, 1.95]},
			"faces": {
				"north": {"uv": [0, 0, 1, 1], "rotation": 180, "texture": "#0"},
				"east": {"uv": [6, 10, 13, 11], "rotation": 270, "texture": "#0"},
				"south": {"uv": [0, 0, 1, 1], "texture": "#0"},
				"west": {"uv": [6, 10, 13, 11], "rotation": 90, "texture": "#0"},
				"up": {"uv": [1, 1, 2, 2], "rotation": 180, "texture": "#0"},
				"down": {"uv": [11, 6, 12, 8], "texture": "#0"}
			}
		},
		{
			"name": "octagon",
			"from": [7.5, 0.16, 1.74289],
			"to": [8.5, 3.06, 2.15711],
			"rotation": {"angle": 0, "axis": "y", "origin": [8, 1.61, 1.95]},
			"faces": {
				"north": {"uv": [0, 0, 1, 1], "rotation": 180, "texture": "#0"},
				"east": {"uv": [6, 10, 13, 11], "rotation": 270, "texture": "#0"},
				"south": {"uv": [0, 0, 1, 1], "texture": "#0"},
				"west": {"uv": [6, 10, 13, 11], "rotation": 90, "texture": "#0"},
				"up": {"uv": [1, 1, 2, 2], "rotation": 180, "texture": "#0"},
				"down": {"uv": [11, 6, 12, 8], "texture": "#0"}
			}
		}
	],
	"display": {
		"thirdperson_righthand": {
			"translation": [-0.5, 3.75, -3.75],
			"scale": [0.92, 0.92, 0.92]
		},
		"thirdperson_lefthand": {
			"translation": [-12, 4, 0],
			"scale": [0, 0, 0]
		},
		"firstperson_righthand": {
			"translation": [-8.94, 22.75, 4.75],
			"scale": [4, 4, 0.63]
		},
		"firstperson_lefthand": {
			"translation": [-18, 5.5, 3]
		},
		"ground": {
			"rotation": [0, 0, -90],
			"translation": [3.25, -2.25, 1.5],
			"scale": [0.75, 0.75, 0.75]
		},
		"gui": {
			"rotation": [32, 146, -19],
			"translation": [-1, 3.5, 0]
		},
		"head": {
			"translation": [0, 4.5, -13.75],
			"scale": [0.72, 0.72, 0.72]
		},
		"fixed": {
			"rotation": [0, -90, 0],
			"translation": [-0.75, 5, -0.75],
			"scale": [1.16, 1.16, 1.16]
		}
	},
	"groups": [
		{
			"name": "stock",
			"origin": [8, 8, 8],
			"color": 0,
			"children": [0, 1, 2, 3, 4, 5, 6, 7, 8, 9, 10]
		},
		{
			"name": "handle",
			"origin": [8, 5.55, 3],
			"color": 0,
			"children": [11, 12, 13, 14]
		},
		{
			"name": "gun_base",
			"origin": [0, 0, 0],
			"color": 0,
			"children": [15, 16, 17, 18, 19, 20, 21, 22, 23]
		},
		{
			"name": "magazine",
			"origin": [0, -0.5, -0.25],
			"color": 0,
			"children": [24, 25, 26, 27]
		},
		{
			"name": "barrel stuff",
			"origin": [8, 8, 8],
			"color": 0,
			"children": [
				{
					"name": "hole",
					"origin": [8, 8, 8],
					"color": 0,
					"children": [28, 29, 30, 31]
				},
				{
					"name": "barrel",
					"origin": [8, 8, 8],
					"color": 0,
					"children": [
						32,
						33,
						34,
						35,
						36,
						37,
						38,
						39,
						{
							"name": "barrel",
							"origin": [8, 8, 8],
							"color": 0,
							"children": [40, 41, 42, 43, 44, 45, 46, 47]
						}
					]
				},
				{
					"name": "above_barrel",
					"origin": [8, 8, 8],
					"color": 0,
					"children": [48, 49, 50, 51, 52]
				}
			]
		},
		{
			"name": "vert grip",
			"origin": [8, 1.06, 0.15],
			"color": 0,
			"children": [53, 54, 55, 56, 57, 58]
		},
		{
			"name": "muzzle",
			"origin": [5, 5.325, -14],
			"color": 0,
			"children": [59, 60, 61, 62, 63, 64, 65, 66]
		},
		67,
		68,
		69,
		70,
		71,
		72,
		73
	]
}