{
	"format_version": "1.21.6",
	"credit": "Made with Blockbench",
	"texture_size": [4, 4],
	"textures": {
		"0": "chems_guns:item/gun_ammo/soflam",
		"1": "chems_guns:item/gun_ammo/sniper_scope_notint",
		"2": "chems_guns:item/gun_ammo/overlay",
		"particle": "chems_guns:item/gun_ammo/soflam"
	},
	"elements": [
		{
			"from": [4.15, 3, 3.798],
			"to": [4.45, 3.3, 3.998],
			"rotation": {"angle": 0, "axis": "y", "origin": [4.175, 3.275, 3.898]},
			"faces": {
				"north": {"uv": [10.5, 5.5, 12, 7], "texture": "#0"},
				"east": {"uv": [14, 11, 14.5, 12.5], "texture": "#0"},
				"south": {"uv": [4, 4.5, 8.5, 6.5], "texture": "#0"},
				"west": {"uv": [15, 11, 15.5, 12.5], "texture": "#0"},
				"up": {"uv": [15.5, 11, 14, 11.5], "texture": "#0"},
				"down": {"uv": [15.5, 12, 14, 12.5], "texture": "#0"}
			}
		},
		{
			"from": [3.25, 3, 3.798],
			"to": [3.55, 3.3, 3.998],
			"rotation": {"angle": 0, "axis": "y", "origin": [3.275, 3.275, 3.898]},
			"faces": {
				"north": {"uv": [10.5, 5.5, 12, 7], "texture": "#0"},
				"east": {"uv": [14, 11, 14.5, 12.5], "texture": "#0"},
				"south": {"uv": [4, 4.5, 8.5, 6.5], "texture": "#0"},
				"west": {"uv": [15, 11, 15.5, 12.5], "texture": "#0"},
				"up": {"uv": [15.5, 11, 14, 11.5], "texture": "#0"},
				"down": {"uv": [15.5, 12, 14, 12.5], "texture": "#0"}
			}
		},
		{
			"from": [7, 2.3, 3.398],
			"to": [7.55, 2.85, 3.598],
			"rotation": {"angle": 0, "axis": "y", "origin": [7.275, 2.575, 3.498]},
			"faces": {
				"north": {"uv": [14, 11, 15.5, 12.5], "texture": "#0"},
				"east": {"uv": [14, 11, 14.5, 12.5], "texture": "#0"},
				"south": {"uv": [4, 4.5, 8.5, 6.5], "texture": "#0"},
				"west": {"uv": [15, 11, 15.5, 12.5], "texture": "#0"},
				"up": {"uv": [15.5, 11, 14, 11.5], "texture": "#0"},
				"down": {"uv": [15.5, 12, 14, 12.5], "texture": "#0"}
			}
		},
		{
			"from": [10.1, 1.6, 3.498],
			"to": [12.9, 6.4, 3.698],
			"rotation": {"angle": 0, "axis": "y", "origin": [11.5, 4, 3.599]},
			"faces": {
				"north": {"uv": [10, 4.5, 15.5, 13.5], "texture": "#0"},
				"east": {"uv": [8, 10, 10, 10.5], "rotation": 90, "texture": "#0"},
				"south": {"uv": [4, 4.5, 8.5, 6.5], "texture": "#0"},
				"west": {"uv": [1, 10, 3, 10.5], "rotation": 90, "texture": "#0"},
				"up": {"uv": [3, 10, 4.5, 10.5], "texture": "#0"},
				"down": {"uv": [3, 10, 4.5, 10.5], "texture": "#0"}
			}
		},
		{
			"from": [2, 2, 12],
			"to": [5, 6, 12],
			"rotation": {"angle": 0, "axis": "y", "origin": [0, 3, 8.5]},
			"faces": {
				"east": {"uv": [8, 6.5, 10.5, 11], "rotation": 90, "texture": "#0"},
				"south": {"uv": [2.5, 4.5, 4, 6.5], "texture": "#0"},
				"west": {"uv": [1, 6, 3, 9], "rotation": 90, "texture": "#0"},
				"up": {"uv": [2.5, 7.5, 4, 10.5], "texture": "#0"},
				"down": {"uv": [2.5, 0, 4, 3], "texture": "#0"}
			}
		},
		{
			"from": [2, 2, 6],
			"to": [5, 2, 12],
			"rotation": {"angle": 0, "axis": "y", "origin": [0, 3, 8.5]},
			"faces": {
				"north": {"uv": [6.5, 4.5, 8.5, 7], "texture": "#0"},
				"east": {"uv": [8, 6.5, 10.5, 11], "rotation": 90, "texture": "#0"},
				"south": {"uv": [2.5, 4.5, 4, 6.5], "texture": "#0"},
				"west": {"uv": [1, 6, 3, 9], "rotation": 90, "texture": "#0"},
				"up": {"uv": [2.5, 7.5, 4, 10.5], "texture": "#0"},
				"down": {"uv": [2.5, 0, 4, 3], "texture": "#0"}
			}
		},
		{
			"from": [2, 6, 6],
			"to": [5, 6, 12],
			"rotation": {"angle": 0, "axis": "y", "origin": [0, 3, 8.5]},
			"faces": {
				"north": {"uv": [6.5, 4.5, 8.5, 7], "texture": "#0"},
				"east": {"uv": [8, 6.5, 10.5, 11], "rotation": 90, "texture": "#0"},
				"south": {"uv": [2.5, 4.5, 4, 6.5], "texture": "#0"},
				"west": {"uv": [1, 6, 3, 9], "rotation": 90, "texture": "#0"},
				"up": {"uv": [2.5, 7.5, 4, 10.5], "texture": "#0"},
				"down": {"uv": [2.5, 0, 4, 3], "texture": "#0"}
			}
		},
		{
			"from": [2, 2, 6],
			"to": [2, 6, 12],
			"rotation": {"angle": 0, "axis": "y", "origin": [0, 3, 8.5]},
			"faces": {
				"north": {"uv": [6.5, 4.5, 8.5, 7], "texture": "#0"},
				"east": {"uv": [8, 6.5, 10.5, 11], "rotation": 90, "texture": "#0"},
				"south": {"uv": [2.5, 4.5, 4, 6.5], "texture": "#0"},
				"west": {"uv": [1, 6, 3, 9], "rotation": 90, "texture": "#0"},
				"up": {"uv": [2.5, 7.5, 4, 10.5], "texture": "#0"},
				"down": {"uv": [2.5, 0, 4, 3], "texture": "#0"}
			}
		},
		{
			"from": [2.001, 2.6, 4.6],
			"to": [5.001, 5.42843, 7.42843],
			"rotation": {"angle": 45, "axis": "x", "origin": [4, 4.01421, 6.01421]},
			"faces": {
				"north": {"uv": [7, 5, 8.5, 6.5], "texture": "#0"},
				"east": {"uv": [8, 6.5, 10.5, 11], "rotation": 90, "texture": "#0"},
				"south": {"uv": [2.5, 4.5, 4.5, 7], "texture": "#0"},
				"west": {"uv": [6.5, 8.5, 8, 10.5], "rotation": 90, "texture": "#0"},
				"up": {"uv": [2.5, 10, 4.5, 11], "texture": "#0"},
				"down": {"uv": [2.5, 0, 4.5, 3.5], "texture": "#0"}
			}
		},
		{
			"from": [2, 2, 4],
			"to": [5, 4, 6],
			"rotation": {"angle": 0, "axis": "y", "origin": [4, 2.5, 5]},
			"faces": {
				"north": {"uv": [7, 5.5, 8.5, 6.5], "texture": "#0"},
				"east": {"uv": [8, 6.5, 10.5, 11], "rotation": 90, "texture": "#0"},
				"south": {"uv": [2.5, 4.5, 4.5, 7], "texture": "#0"},
				"west": {"uv": [2, 9.5, 3, 10.5], "rotation": 90, "texture": "#0"},
				"up": {"uv": [2.5, 10, 4.5, 11], "texture": "#0"},
				"down": {"uv": [2.5, 0, 4.5, 3.5], "texture": "#0"}
			}
		},
		{
			"from": [5, 2, 4],
			"to": [14, 6, 13],
			"rotation": {"angle": 0, "axis": "y", "origin": [8, 3, 8.5]},
			"faces": {
				"north": {"uv": [2.5, 4.5, 7, 6.5], "texture": "#0"},
				"east": {"uv": [8, 6, 10, 10.5], "rotation": 90, "texture": "#0"},
				"south": {"uv": [4, 4.5, 8.5, 6.5], "texture": "#0"},
				"west": {"uv": [1, 6, 3, 10.5], "rotation": 90, "texture": "#0"},
				"up": {"uv": [4, 6, 8.5, 10.5], "texture": "#0"},
				"down": {"uv": [4, 0, 8.5, 4.5], "texture": "#0"}
			}
		},
		{
			"from": [10, 1.5, 3.499],
			"to": [13, 6.5, 12.999],
			"rotation": {"angle": 0, "axis": "y", "origin": [7, 3, 8.5]},
			"faces": {
				"north": {"uv": [3, 4.5, 4.5, 6.5], "texture": "#0"},
				"east": {"uv": [8, 6, 10, 10.5], "rotation": 90, "texture": "#0"},
				"south": {"uv": [4, 4.5, 8.5, 6.5], "texture": "#0"},
				"west": {"uv": [1, 6, 3, 10.5], "rotation": 90, "texture": "#0"},
				"up": {"uv": [3, 6, 4.5, 10.5], "texture": "#0"},
				"down": {"uv": [3, 6, 4.5, 10.5], "texture": "#0"}
			}
		},
		{
			"from": [9.5, 1.5, 3.499],
			"to": [10, 6.5, 12.999],
			"rotation": {"angle": 0, "axis": "y", "origin": [4, 3, 8.5]},
			"faces": {
				"north": {"uv": [5.5, 15.5, 11.5, 16], "rotation": 90, "texture": "#0"},
				"east": {"uv": [6, 15.5, 12, 16], "rotation": 90, "texture": "#0"},
				"south": {"uv": [4, 15.5, 10, 16], "rotation": 90, "texture": "#0"},
				"west": {"uv": [6, 15.5, 12, 16], "texture": "#0"},
				"up": {"uv": [6, 15.5, 12, 16], "rotation": 90, "texture": "#0"},
				"down": {"uv": [6, 15.5, 12, 16], "rotation": 90, "texture": "#0"}
			}
		},
		{
			"from": [9, 1.5, 3.499],
			"to": [9.2, 6.5, 12.999],
			"rotation": {"angle": 0, "axis": "y", "origin": [3.2, 3, 8.5]},
			"faces": {
				"north": {"uv": [5, 15.5, 11, 16], "rotation": 90, "texture": "#0"},
				"east": {"uv": [6, 15.5, 12, 16], "rotation": 90, "texture": "#0"},
				"south": {"uv": [7, 15.5, 13, 16], "rotation": 90, "texture": "#0"},
				"west": {"uv": [6, 15.5, 12, 16], "texture": "#0"},
				"up": {"uv": [4, 15.5, 10, 16], "rotation": 90, "texture": "#0"},
				"down": {"uv": [6, 15.5, 12, 16], "rotation": 90, "texture": "#0"}
			}
		},
		{
			"from": [8.4, 1.5, 3.499],
			"to": [8.6, 6.5, 12.999],
			"rotation": {"angle": 0, "axis": "y", "origin": [2.6, 3, 8.5]},
			"faces": {
				"north": {"uv": [6, 15.5, 12, 16], "rotation": 90, "texture": "#0"},
				"east": {"uv": [6, 15.5, 12, 16], "rotation": 90, "texture": "#0"},
				"south": {"uv": [6, 15.5, 12, 16], "rotation": 90, "texture": "#0"},
				"west": {"uv": [7, 15.5, 13, 16], "texture": "#0"},
				"up": {"uv": [6, 15.5, 12, 16], "rotation": 90, "texture": "#0"},
				"down": {"uv": [6, 15.5, 12, 16], "rotation": 90, "texture": "#0"}
			}
		},
		{
			"from": [5, 1.5, 3.499],
			"to": [8, 6.5, 12.999],
			"rotation": {"angle": 0, "axis": "y", "origin": [2, 3, 8.5]},
			"faces": {
				"north": {"uv": [5.5, 4.5, 7, 6.5], "texture": "#0"},
				"east": {"uv": [8, 6, 10, 10.5], "rotation": 90, "texture": "#0"},
				"south": {"uv": [4, 4.5, 8.5, 6.5], "texture": "#0"},
				"west": {"uv": [1, 6, 3, 10.5], "rotation": 90, "texture": "#0"},
				"up": {"uv": [7, 6, 5.5, 10.5], "texture": "#0"},
				"down": {"uv": [5.5, 6, 7, 10.5], "texture": "#0"}
			}
		},
		{
			"from": [8.55, 5.35, 13.01],
			"to": [8.65, 5.45, 32],
			"rotation": {"angle": 0, "axis": "y", "origin": [11.1, 5.9, 9.5]},
			"faces": {
				"north": {"uv": [2.5, 4.5, 7, 6.5], "texture": "#0"},
				"east": {"uv": [15.5, 0, 16, 16], "rotation": 90, "texture": "#0"},
				"south": {"uv": [15.5, 15.5, 16, 16], "texture": "#0"},
				"west": {"uv": [16, 16, 15.5, 0], "rotation": 90, "texture": "#0"},
				"up": {"uv": [15.5, 0, 16, 16], "texture": "#0"},
				"down": {"uv": [16, 16, 15.5, 0], "texture": "#0"}
			}
		},
		{
			"from": [8.35, 5.15, 12.001],
			"to": [8.85, 5.65, 13.001],
			"rotation": {"angle": 0, "axis": "y", "origin": [11.1, 5.9, 8.5]},
			"faces": {
				"north": {"uv": [2.5, 4.5, 7, 6.5], "texture": "#0"},
				"east": {"uv": [8, 6, 10, 10.5], "rotation": 90, "texture": "#0"},
				"south": {"uv": [8.5, 4.5, 10, 6], "texture": "#0"},
				"west": {"uv": [1, 6, 3, 10.5], "rotation": 90, "texture": "#0"},
				"up": {"uv": [4, 6, 8.5, 10.5], "texture": "#0"},
				"down": {"uv": [4, 0, 8.5, 4.5], "texture": "#0"}
			}
		},
		{
			"from": [2.3, 4.05, 2.75],
			"to": [4.8, 6.45, 6.75],
			"rotation": {"angle": 45, "axis": "x", "origin": [3.5, 5.25, 4.75]},
			"faces": {
				"north": {"uv": [8.5, 0, 13, 4.5], "texture": "#0"},
				"east": {"uv": [0, 0, 2.5, 6], "rotation": 90, "texture": "#0"},
				"south": {"uv": [8.5, 0, 13, 4.5], "texture": "#0"},
				"west": {"uv": [0, 0, 2.5, 6], "rotation": 90, "texture": "#0"},
				"up": {"uv": [0, 0, 2.5, 6], "texture": "#0"},
				"down": {"uv": [0, 0, 2.5, 6], "texture": "#0"}
			}
		},
		{
			"from": [9.60162, 3.525, 12.4],
			"to": [12.35162, 4.66405, 13.4],
			"rotation": {"angle": 0, "axis": "y", "origin": [10.97662, 4.09453, 12.9]},
			"faces": {
				"north": {"uv": [8.5, 0, 13, 4.5], "rotation": 270, "texture": "#0"},
				"east": {"uv": [0, 10, 1, 10.5], "rotation": 270, "texture": "#0"},
				"south": {"uv": [0, 8.5, 1, 10.5], "rotation": 90, "texture": "#0"},
				"west": {"uv": [0, 8.5, 1, 9], "rotation": 270, "texture": "#0"},
				"up": {"uv": [0, 8.5, 0.5, 10.5], "rotation": 90, "texture": "#0"},
				"down": {"uv": [0, 8.5, 0.5, 10.5], "rotation": 90, "texture": "#0"}
			}
		},
		{
			"from": [9.60162, 3.525, 12.4],
			"to": [12.35162, 4.66405, 13.4],
			"rotation": {"angle": -45, "axis": "z", "origin": [10.97662, 4.09453, 12.9]},
			"faces": {
				"north": {"uv": [8.5, 0, 13, 4.5], "rotation": 270, "texture": "#0"},
				"east": {"uv": [0, 10, 1, 10.5], "rotation": 270, "texture": "#0"},
				"south": {"uv": [0, 8.5, 1, 10.5], "rotation": 90, "texture": "#0"},
				"west": {"uv": [0, 8.5, 1, 9], "rotation": 270, "texture": "#0"},
				"up": {"uv": [0, 8.5, 0.5, 10.5], "rotation": 90, "texture": "#0"},
				"down": {"uv": [0, 8.5, 0.5, 10.5], "rotation": 90, "texture": "#0"}
			}
		},
		{
			"from": [10.4071, 2.71953, 12.4],
			"to": [11.54615, 5.46953, 13.4],
			"rotation": {"angle": 0, "axis": "z", "origin": [10.97662, 4.09453, 12.9]},
			"faces": {
				"north": {"uv": [8.5, 0, 13, 4.5], "rotation": 180, "texture": "#0"},
				"east": {"uv": [0, 8.5, 0.5, 10.5], "rotation": 180, "texture": "#0"},
				"south": {"uv": [0, 8.5, 1, 10.5], "rotation": 180, "texture": "#0"},
				"west": {"uv": [0, 8.5, 0.5, 10.5], "rotation": 180, "texture": "#0"},
				"up": {"uv": [0, 8.5, 1, 9], "texture": "#0"},
				"down": {"uv": [0, 10, 1, 10.5], "texture": "#0"}
			}
		},
		{
			"from": [10.4071, 2.71953, 12.4],
			"to": [11.54615, 5.46953, 13.4],
			"rotation": {"angle": -45, "axis": "z", "origin": [10.97662, 4.09453, 12.9]},
			"faces": {
				"north": {"uv": [8.5, 0, 13, 4.5], "rotation": 180, "texture": "#0"},
				"east": {"uv": [0, 8.5, 0.5, 10.5], "rotation": 180, "texture": "#0"},
				"south": {"uv": [0, 8.5, 1, 10.5], "rotation": 180, "texture": "#0"},
				"west": {"uv": [0, 8.5, 0.5, 10.5], "rotation": 180, "texture": "#0"},
				"up": {"uv": [0, 8.5, 1, 9], "texture": "#0"},
				"down": {"uv": [0, 10, 1, 10.5], "texture": "#0"}
			}
		},
		{
			"from": [10.2, 2.2, 12.15],
			"to": [11.75325, 5.95, 13.15],
			"rotation": {"angle": -45, "axis": "z", "origin": [10.97662, 4.075, 12.65]},
			"faces": {
				"north": {"uv": [8.5, 0, 13, 4.5], "rotation": 180, "texture": "#0"},
				"east": {"uv": [0, 8.5, 0.5, 10.5], "rotation": 180, "texture": "#0"},
				"south": {"uv": [0, 8.5, 1, 10.5], "rotation": 180, "texture": "#0"},
				"west": {"uv": [0, 8.5, 0.5, 10.5], "rotation": 180, "texture": "#0"},
				"up": {"uv": [0, 8.5, 1, 9], "texture": "#0"},
				"down": {"uv": [0, 10, 1, 10.5], "texture": "#0"}
			}
		},
		{
			"from": [9.10162, 3.29837, 12.15],
			"to": [12.85162, 4.85162, 13.15],
			"rotation": {"angle": 0, "axis": "z", "origin": [10.97662, 4.075, 12.65]},
			"faces": {
				"north": {"uv": [8.5, 0, 13, 4.5], "rotation": 270, "texture": "#0"},
				"east": {"uv": [0, 10, 1, 10.5], "rotation": 270, "texture": "#0"},
				"south": {"uv": [0, 8.5, 1, 10.5], "rotation": 90, "texture": "#0"},
				"west": {"uv": [0, 8.5, 1, 9], "rotation": 270, "texture": "#0"},
				"up": {"uv": [0, 8.5, 0.5, 10.5], "rotation": 90, "texture": "#0"},
				"down": {"uv": [0, 8.5, 0.5, 10.5], "rotation": 90, "texture": "#0"}
			}
		},
		{
			"from": [9.10162, 3.29837, 12.15],
			"to": [12.85162, 4.85162, 13.15],
			"rotation": {"angle": -45, "axis": "z", "origin": [10.97662, 4.075, 12.65]},
			"faces": {
				"north": {"uv": [8.5, 0, 13, 4.5], "rotation": 270, "texture": "#0"},
				"east": {"uv": [0, 10, 1, 10.5], "rotation": 270, "texture": "#0"},
				"south": {"uv": [0, 8.5, 1, 10.5], "rotation": 90, "texture": "#0"},
				"west": {"uv": [0, 8.5, 1, 9], "rotation": 270, "texture": "#0"},
				"up": {"uv": [0, 8.5, 0.5, 10.5], "rotation": 90, "texture": "#0"},
				"down": {"uv": [0, 8.5, 0.5, 10.5], "rotation": 90, "texture": "#0"}
			}
		},
		{
			"from": [10.2, 2.2, 12.15],
			"to": [11.75325, 5.95, 13.15],
			"rotation": {"angle": 0, "axis": "z", "origin": [10.97662, 4.075, 12.65]},
			"faces": {
				"north": {"uv": [8.5, 0, 13, 4.5], "rotation": 180, "texture": "#0"},
				"east": {"uv": [0, 8.5, 0.5, 10.5], "rotation": 180, "texture": "#0"},
				"south": {"uv": [0, 8.5, 1, 10.5], "rotation": 180, "texture": "#0"},
				"west": {"uv": [0, 8.5, 0.5, 10.5], "rotation": 180, "texture": "#0"},
				"up": {"uv": [0, 8.5, 1, 9], "texture": "#0"},
				"down": {"uv": [0, 10, 1, 10.5], "texture": "#0"}
			}
		},
		{
			"from": [5.45, 3.3, 9.75],
			"to": [5.8, 4.5426, 13.75],
			"rotation": {"angle": 0, "axis": "y", "origin": [6.95, 3.9213, 11.75]},
			"faces": {
				"north": {"uv": [8.5, 0, 13, 4.5], "texture": "#0"},
				"east": {"uv": [0.5, 0, 1.5, 5], "rotation": 90, "texture": "#0"},
				"south": {"uv": [1, 5.5, 2.5, 6.5], "rotation": 90, "texture": "#0"},
				"west": {"uv": [1, 6, 2.5, 10.5], "rotation": 90, "texture": "#0"},
				"up": {"uv": [0, 0, 2.5, 5], "rotation": 180, "texture": "#0"},
				"down": {"uv": [0, 0, 2.5, 5], "rotation": 180, "texture": "#0"}
			}
		},
		{
			"from": [6.3037, 2.6463, 11.75],
			"to": [7.5463, 5.1963, 13.05],
			"rotation": {"angle": 0, "axis": "z", "origin": [6.925, 3.9213, 12.4]},
			"faces": {
				"north": {"uv": [8.5, 0, 13, 4.5], "rotation": 270, "texture": "#0"},
				"east": {"uv": [0, 0, 2.5, 5], "rotation": 270, "texture": "#0"},
				"south": {"uv": [0, 14, 4, 16], "rotation": 90, "texture": "#0"},
				"west": {"uv": [0, 0, 2.5, 5], "rotation": 270, "texture": "#0"},
				"up": {"uv": [1, 0, 2, 5], "rotation": 180, "texture": "#0"},
				"down": {"uv": [0.5, 0, 1.5, 5], "rotation": 180, "texture": "#0"}
			}
		},
		{
			"from": [6.3037, 2.6463, 11.7501],
			"to": [7.5463, 5.1963, 13.0501],
			"rotation": {"angle": 45, "axis": "z", "origin": [6.925, 3.9213, 12.4]},
			"faces": {
				"south": {"uv": [0, 14, 4, 16], "rotation": 90, "texture": "#0"}
			}
		},
		{
			"from": [5.65, 3.3, 11.7501],
			"to": [8.2, 4.5426, 13.0501],
			"rotation": {"angle": 45, "axis": "z", "origin": [6.925, 3.9213, 12.4]},
			"faces": {
				"north": {"uv": [8.5, 0, 13, 4.5], "rotation": 180, "texture": "#0"},
				"east": {"uv": [1, 0, 2, 5], "rotation": 270, "texture": "#0"},
				"south": {"uv": [0, 14, 4, 16], "rotation": 180, "texture": "#0"},
				"west": {"uv": [0.5, 0, 1.5, 5], "rotation": 270, "texture": "#0"},
				"up": {"uv": [0, 0, 2.5, 5], "texture": "#0"},
				"down": {"uv": [0, 0, 2.5, 5], "texture": "#0"}
			}
		},
		{
			"from": [5.65, 3.3, 11.75],
			"to": [8.2, 4.5426, 13.05],
			"rotation": {"angle": 0, "axis": "y", "origin": [6.925, 3.9213, 12.4]},
			"faces": {
				"north": {"uv": [8.5, 0, 13, 4.5], "texture": "#0"},
				"east": {"uv": [0.5, 0, 1.5, 5], "rotation": 90, "texture": "#0"},
				"south": {"uv": [0, 14, 4, 16], "texture": "#0"},
				"west": {"uv": [1, 0, 2, 5], "rotation": 90, "texture": "#0"},
				"up": {"uv": [0, 0, 2.5, 5], "rotation": 180, "texture": "#0"},
				"down": {"uv": [0, 0, 2.5, 5], "rotation": 180, "texture": "#0"}
			}
		},
		{
			"from": [3.45, 3.32, 12.65],
			"to": [4.45, 4.32, 12.65],
			"rotation": {"angle": 0, "axis": "z", "origin": [3.45, 4.32, 12.65]},
			"faces": {
				"north": {"uv": [7.5, 12, 4, 15.5], "texture": "#0"},
				"south": {"uv": [4, 12, 7.5, 15.5], "texture": "#0"}
			}
		},
		{
			"from": [6.3287, 2.4213, 9.749],
			"to": [7.5713, 2.7713, 13.749],
			"rotation": {"angle": -45, "axis": "z", "origin": [6.95, 3.9213, 11.75]},
			"faces": {
				"north": {"uv": [8.5, 0, 13, 4.5], "rotation": 90, "texture": "#0"},
				"east": {"uv": [0, 0, 2.5, 5], "rotation": 90, "texture": "#0"},
				"south": {"uv": [1, 5.5, 2.5, 6.5], "texture": "#0"},
				"west": {"uv": [0, 0, 2.5, 5], "rotation": 90, "texture": "#0"},
				"up": {"uv": [0.5, 0, 1.5, 5], "texture": "#0"},
				"down": {"uv": [2.5, 6, 1, 10.5], "texture": "#0"}
			}
		},
		{
			"from": [6.3287, 2.4213, 9.75],
			"to": [7.5713, 2.7713, 13.75],
			"rotation": {"angle": 0, "axis": "z", "origin": [6.95, 3.9213, 11.75]},
			"faces": {
				"north": {"uv": [8.5, 0, 13, 4.5], "rotation": 90, "texture": "#0"},
				"east": {"uv": [0, 0, 2.5, 5], "rotation": 90, "texture": "#0"},
				"south": {"uv": [1, 5.5, 2.5, 6.5], "texture": "#0"},
				"west": {"uv": [0, 0, 2.5, 5], "rotation": 90, "texture": "#0"},
				"up": {"uv": [0.5, 0, 1.5, 5], "texture": "#0"},
				"down": {"uv": [1, 6, 2.5, 10.5], "texture": "#0"}
			}
		},
		{
			"from": [8.1, 3.3, 9.749],
			"to": [8.45, 4.5426, 13.749],
			"rotation": {"angle": -45, "axis": "z", "origin": [6.95, 3.9213, 11.75]},
			"faces": {
				"north": {"uv": [8.5, 0, 13, 4.5], "rotation": 180, "texture": "#0"},
				"east": {"uv": [2.5, 6, 1, 10.5], "rotation": 270, "texture": "#0"},
				"south": {"uv": [1, 5.5, 2.5, 6.5], "rotation": 270, "texture": "#0"},
				"west": {"uv": [0.5, 0, 1.5, 5], "rotation": 270, "texture": "#0"},
				"up": {"uv": [0, 0, 2.5, 5], "texture": "#0"},
				"down": {"uv": [0, 0, 2.5, 5], "texture": "#0"}
			}
		},
		{
			"from": [8.1, 3.3, 9.75],
			"to": [8.45, 4.5426, 13.75],
			"rotation": {"angle": 0, "axis": "z", "origin": [6.95, 3.9213, 11.75]},
			"faces": {
				"north": {"uv": [8.5, 0, 13, 4.5], "rotation": 180, "texture": "#0"},
				"east": {"uv": [1, 6, 2.5, 10.5], "rotation": 270, "texture": "#0"},
				"south": {"uv": [1, 5.5, 2.5, 6.5], "rotation": 270, "texture": "#0"},
				"west": {"uv": [0.5, 0, 1.5, 5], "rotation": 270, "texture": "#0"},
				"up": {"uv": [0, 0, 2.5, 5], "texture": "#0"},
				"down": {"uv": [0, 0, 2.5, 5], "texture": "#0"}
			}
		},
		{
			"from": [6.3287, 5.0713, 9.749],
			"to": [7.5713, 5.4213, 13.749],
			"rotation": {"angle": 45, "axis": "z", "origin": [6.95, 3.9213, 11.75]},
			"faces": {
				"north": {"uv": [8.5, 0, 13, 4.5], "rotation": 270, "texture": "#0"},
				"east": {"uv": [0, 0, 2.5, 5], "rotation": 270, "texture": "#0"},
				"south": {"uv": [1, 5.5, 2.5, 6.5], "rotation": 180, "texture": "#0"},
				"west": {"uv": [0, 0, 2.5, 5], "rotation": 270, "texture": "#0"},
				"up": {"uv": [2.5, 6, 1, 10.5], "rotation": 180, "texture": "#0"},
				"down": {"uv": [0.5, 0, 1.5, 5], "rotation": 180, "texture": "#0"}
			}
		},
		{
			"from": [6.3287, 5.0713, 9.75],
			"to": [7.5713, 5.4213, 13.75],
			"rotation": {"angle": 0, "axis": "z", "origin": [6.95, 3.9213, 11.75]},
			"faces": {
				"north": {"uv": [8.5, 0, 13, 4.5], "rotation": 270, "texture": "#0"},
				"east": {"uv": [0, 0, 2.5, 5], "rotation": 270, "texture": "#0"},
				"south": {"uv": [1, 5.5, 2.5, 6.5], "rotation": 180, "texture": "#0"},
				"west": {"uv": [0, 0, 2.5, 5], "rotation": 270, "texture": "#0"},
				"up": {"uv": [1, 6, 2.5, 10.5], "rotation": 180, "texture": "#0"},
				"down": {"uv": [0.5, 0, 1.5, 5], "rotation": 180, "texture": "#0"}
			}
		},
		{
			"from": [8.1, 3.3, 9.749],
			"to": [8.45, 4.5426, 13.749],
			"rotation": {"angle": 45, "axis": "z", "origin": [6.95, 3.9213, 11.75]},
			"faces": {
				"north": {"uv": [8.5, 0, 13, 4.5], "rotation": 180, "texture": "#0"},
				"east": {"uv": [2.5, 6, 1, 10.5], "rotation": 270, "texture": "#0"},
				"south": {"uv": [1, 5.5, 2.5, 6.5], "rotation": 270, "texture": "#0"},
				"west": {"uv": [0.5, 0, 1.5, 5], "rotation": 270, "texture": "#0"},
				"up": {"uv": [0, 0, 2.5, 5], "texture": "#0"},
				"down": {"uv": [0, 0, 2.5, 5], "texture": "#0"}
			}
		},
		{
			"from": [3.367, 3.31, 12.4],
			"to": [3.517, 5.3455, 12.4],
			"rotation": {"angle": -45, "axis": "z", "origin": [3.425, 4.31775, 12.4]},
			"faces": {
				"north": {"uv": [6, 7.75, 10.25, 8.5], "rotation": 270, "texture": "#1"},
				"south": {"uv": [6, 7.75, 10.25, 8.5], "rotation": 270, "texture": "#1"}
			}
		},
		{
			"from": [2.425, 4.265, 12.4],
			"to": [4.4605, 4.415, 12.4],
			"rotation": {"angle": -45, "axis": "z", "origin": [3.425, 4.31775, 12.4]},
			"faces": {
				"north": {"uv": [6, 7.75, 10.25, 8.5], "texture": "#1"},
				"south": {"uv": [6, 7.75, 10.25, 8.5], "texture": "#1"}
			}
		},
		{
			"from": [3.45, 4.32, 12.65],
			"to": [4.45, 5.32, 12.65],
			"rotation": {"angle": 0, "axis": "z", "origin": [3.45, 4.32, 12.65]},
			"faces": {
				"north": {"uv": [7.5, 12, 4, 15.5], "rotation": 90, "texture": "#0"},
				"south": {"uv": [4, 12, 7.5, 15.5], "rotation": 270, "texture": "#0"}
			}
		},
		{
			"from": [2.45, 3.32, 12.65],
			"to": [3.45, 4.32, 12.65],
			"rotation": {"angle": 0, "axis": "z", "origin": [3.45, 4.32, 12.65]},
			"faces": {
				"north": {"uv": [7.5, 12, 4, 15.5], "rotation": 270, "texture": "#0"},
				"south": {"uv": [4, 12, 7.5, 15.5], "rotation": 90, "texture": "#0"}
			}
		},
		{
			"from": [2.45, 4.32, 12.65],
			"to": [3.45, 5.32, 12.65],
			"rotation": {"angle": 0, "axis": "z", "origin": [3.45, 4.32, 12.65]},
			"faces": {
				"north": {"uv": [7.5, 12, 4, 15.5], "rotation": 180, "texture": "#0"},
				"south": {"uv": [4, 12, 7.5, 15.5], "rotation": 180, "texture": "#0"}
			}
		},
		{
			"from": [2.45, 3.32, 12.25],
			"to": [4.45, 5.32, 12.25],
			"rotation": {"angle": 0, "axis": "y", "origin": [3.45, 4.32, 12.25]},
			"faces": {
				"north": {"uv": [0, 0, 16, 16], "texture": "#2"}
			}
		},
		{
			"from": [2.45, 3.62, 12.05],
			"to": [4.45, 5.02, 12.05],
			"rotation": {"angle": 0, "axis": "y", "origin": [3.45, 4.32, 12.05]},
			"faces": {
				"south": {"uv": [0, 10.5, 0.5, 11], "rotation": 180, "texture": "#0"}
			}
		},
		{
			"from": [2.75, 5.02, 12.05],
			"to": [4.15, 5.32, 12.05],
			"rotation": {"angle": 0, "axis": "y", "origin": [3.65, 4.92, 12.05]},
			"faces": {
				"south": {"uv": [0, 10.5, 0.5, 11], "rotation": 180, "texture": "#0"}
			}
		},
		{
			"from": [2.75, 3.32, 12.05],
			"to": [4.15, 3.62, 12.05],
			"rotation": {"angle": 0, "axis": "y", "origin": [3.65, 3.22, 12.05]},
			"faces": {
				"south": {"uv": [0, 10.5, 0.5, 11], "rotation": 180, "texture": "#0"}
			}
		},
		{
			"from": [2.2, 3.8, 8.75],
			"to": [2.45, 4.8355, 12.75],
			"rotation": {"angle": 0, "axis": "y", "origin": [3.45, 4.31775, 10.75]},
			"faces": {
				"north": {"uv": [8.5, 0, 9.5, 1], "texture": "#0"},
				"east": {"uv": [0.5, 0, 1.5, 5], "rotation": 90, "texture": "#0"},
				"south": {"uv": [0, 6, 1, 6.5], "rotation": 90, "texture": "#0"},
				"west": {"uv": [1, 0, 2, 5], "rotation": 90, "texture": "#0"},
				"up": {"uv": [0, 0, 2.5, 5], "rotation": 180, "texture": "#0"},
				"down": {"uv": [0, 0, 2.5, 5], "rotation": 180, "texture": "#0"}
			}
		},
		{
			"from": [2.2, 3.8, 8.75],
			"to": [2.45, 4.8355, 12.75],
			"rotation": {"angle": 45, "axis": "z", "origin": [3.45, 4.31775, 10.75]},
			"faces": {
				"north": {"uv": [8.5, 0, 9.5, 1], "texture": "#0"},
				"east": {"uv": [0.5, 0, 1.5, 5], "rotation": 90, "texture": "#0"},
				"south": {"uv": [0, 6, 1, 6.5], "rotation": 90, "texture": "#0"},
				"west": {"uv": [1, 0, 2, 5], "rotation": 90, "texture": "#0"},
				"up": {"uv": [0, 0, 2.5, 5], "rotation": 180, "texture": "#0"},
				"down": {"uv": [0, 0, 2.5, 5], "rotation": 180, "texture": "#0"}
			}
		},
		{
			"from": [2.93225, 3.06775, 8.75],
			"to": [3.96775, 3.31775, 12.75],
			"rotation": {"angle": 0, "axis": "z", "origin": [3.45, 4.31775, 10.75]},
			"faces": {
				"north": {"uv": [8.5, 0, 9.5, 1], "rotation": 90, "texture": "#0"},
				"east": {"uv": [0, 0, 2.5, 5], "rotation": 90, "texture": "#0"},
				"south": {"uv": [0, 6, 1, 6.5], "texture": "#0"},
				"west": {"uv": [0, 0, 2.5, 5], "rotation": 90, "texture": "#0"},
				"up": {"uv": [0.5, 0, 1.5, 5], "texture": "#0"},
				"down": {"uv": [1, 0, 2, 5], "texture": "#0"}
			}
		},
		{
			"from": [2.93225, 3.06775, 8.75],
			"to": [3.96775, 3.31775, 12.75],
			"rotation": {"angle": 45, "axis": "z", "origin": [3.45, 4.31775, 10.75]},
			"faces": {
				"north": {"uv": [8.5, 0, 9.5, 1], "rotation": 90, "texture": "#0"},
				"east": {"uv": [0, 0, 2.5, 5], "rotation": 90, "texture": "#0"},
				"south": {"uv": [0, 6, 1, 6.5], "texture": "#0"},
				"west": {"uv": [0, 0, 2.5, 5], "rotation": 90, "texture": "#0"},
				"up": {"uv": [0.5, 0, 1.5, 5], "texture": "#0"},
				"down": {"uv": [1, 0, 2, 5], "texture": "#0"}
			}
		},
		{
			"from": [4.45, 3.8, 8.75],
			"to": [4.7, 4.8355, 12.75],
			"rotation": {"angle": 0, "axis": "z", "origin": [3.45, 4.31775, 10.75]},
			"faces": {
				"north": {"uv": [8.5, 0, 9.5, 1], "rotation": 180, "texture": "#0"},
				"east": {"uv": [1, 0, 2, 5], "rotation": 270, "texture": "#0"},
				"south": {"uv": [0, 6, 1, 6.5], "rotation": 270, "texture": "#0"},
				"west": {"uv": [0.5, 0, 1.5, 5], "rotation": 270, "texture": "#0"},
				"up": {"uv": [0, 0, 2.5, 5], "texture": "#0"},
				"down": {"uv": [0, 0, 2.5, 5], "texture": "#0"}
			}
		},
		{
			"from": [2.2, 3.8, 8.75],
			"to": [2.45, 4.8355, 12.75],
			"rotation": {"angle": -45, "axis": "z", "origin": [3.45, 4.31775, 10.75]},
			"faces": {
				"north": {"uv": [8.5, 0, 9.5, 1], "texture": "#0"},
				"east": {"uv": [0.5, 0, 1.5, 5], "rotation": 90, "texture": "#0"},
				"south": {"uv": [0, 6, 1, 6.5], "rotation": 90, "texture": "#0"},
				"west": {"uv": [1, 0, 2, 5], "rotation": 90, "texture": "#0"},
				"up": {"uv": [0, 0, 2.5, 5], "rotation": 180, "texture": "#0"},
				"down": {"uv": [0, 0, 2.5, 5], "rotation": 180, "texture": "#0"}
			}
		},
		{
			"from": [2.93225, 5.31775, 8.75],
			"to": [3.96775, 5.56775, 12.75],
			"rotation": {"angle": 0, "axis": "z", "origin": [3.45, 4.31775, 10.75]},
			"faces": {
				"north": {"uv": [8.5, 0, 9.5, 1], "rotation": 270, "texture": "#0"},
				"east": {"uv": [0, 0, 2.5, 5], "rotation": 270, "texture": "#0"},
				"south": {"uv": [0, 6, 1, 6.5], "rotation": 180, "texture": "#0"},
				"west": {"uv": [0, 0, 2.5, 5], "rotation": 270, "texture": "#0"},
				"up": {"uv": [1, 0, 2, 5], "rotation": 180, "texture": "#0"},
				"down": {"uv": [0.5, 0, 1.5, 5], "rotation": 180, "texture": "#0"}
			}
		},
		{
			"from": [2.93225, 5.31775, 8.75],
			"to": [3.96775, 5.56775, 12.75],
			"rotation": {"angle": -45, "axis": "z", "origin": [3.45, 4.31775, 10.75]},
			"faces": {
				"north": {"uv": [8.5, 0, 9.5, 1], "rotation": 270, "texture": "#0"},
				"east": {"uv": [0, 0, 2.5, 5], "rotation": 270, "texture": "#0"},
				"south": {"uv": [0, 6, 1, 6.5], "rotation": 180, "texture": "#0"},
				"west": {"uv": [0, 0, 2.5, 5], "rotation": 270, "texture": "#0"},
				"up": {"uv": [1, 0, 2, 5], "rotation": 180, "texture": "#0"},
				"down": {"uv": [0.5, 0, 1.5, 5], "rotation": 180, "texture": "#0"}
			}
		},
		{
			"from": [12.9, 6.1, 12.35],
			"to": [13.1, 6.4, 12.65],
			"rotation": {"angle": 0, "axis": "y", "origin": [13, 6.25, 12.5]},
			"faces": {
				"north": {"uv": [4, 15.5, 4.5, 16], "rotation": 90, "texture": "#0"},
				"east": {"uv": [4, 15.5, 4.5, 16], "rotation": 90, "texture": "#0"},
				"south": {"uv": [4, 15.5, 4.5, 16], "rotation": 90, "texture": "#0"},
				"west": {"uv": [4, 15.5, 4.5, 16], "texture": "#0"},
				"up": {"uv": [4, 15.5, 4.5, 16], "rotation": 90, "texture": "#0"},
				"down": {"uv": [4, 15.5, 4.5, 16], "rotation": 90, "texture": "#0"}
			}
		},
		{
			"from": [12.9, 1.6, 4.75],
			"to": [13.1, 1.9, 5.05],
			"rotation": {"angle": 0, "axis": "y", "origin": [13, 1.75, 4.9]},
			"faces": {
				"north": {"uv": [4, 15.5, 4.5, 16], "rotation": 90, "texture": "#0"},
				"east": {"uv": [4, 15.5, 4.5, 16], "rotation": 90, "texture": "#0"},
				"south": {"uv": [4, 15.5, 4.5, 16], "rotation": 90, "texture": "#0"},
				"west": {"uv": [4, 15.5, 4.5, 16], "texture": "#0"},
				"up": {"uv": [4, 15.5, 4.5, 16], "rotation": 90, "texture": "#0"},
				"down": {"uv": [4, 15.5, 4.5, 16], "rotation": 90, "texture": "#0"}
			}
		},
		{
			"from": [12.9, 1.6, 5.85],
			"to": [13.1, 1.9, 6.15],
			"rotation": {"angle": 0, "axis": "y", "origin": [13, 1.75, 6]},
			"faces": {
				"north": {"uv": [4, 15.5, 4.5, 16], "rotation": 90, "texture": "#0"},
				"east": {"uv": [4, 15.5, 4.5, 16], "rotation": 90, "texture": "#0"},
				"south": {"uv": [4, 15.5, 4.5, 16], "rotation": 90, "texture": "#0"},
				"west": {"uv": [4, 15.5, 4.5, 16], "texture": "#0"},
				"up": {"uv": [4, 15.5, 4.5, 16], "rotation": 90, "texture": "#0"},
				"down": {"uv": [4, 15.5, 4.5, 16], "rotation": 90, "texture": "#0"}
			}
		},
		{
			"from": [12.9, 1.6, 6.95],
			"to": [13.1, 1.9, 7.25],
			"rotation": {"angle": 0, "axis": "y", "origin": [13, 1.75, 7.1]},
			"faces": {
				"north": {"uv": [4, 15.5, 4.5, 16], "rotation": 90, "texture": "#0"},
				"east": {"uv": [4, 15.5, 4.5, 16], "rotation": 90, "texture": "#0"},
				"south": {"uv": [4, 15.5, 4.5, 16], "rotation": 90, "texture": "#0"},
				"west": {"uv": [4, 15.5, 4.5, 16], "texture": "#0"},
				"up": {"uv": [4, 15.5, 4.5, 16], "rotation": 90, "texture": "#0"},
				"down": {"uv": [4, 15.5, 4.5, 16], "rotation": 90, "texture": "#0"}
			}
		},
		{
			"from": [12.9, 1.6, 8.05],
			"to": [13.1, 1.9, 8.35],
			"rotation": {"angle": 0, "axis": "y", "origin": [13, 1.75, 8.2]},
			"faces": {
				"north": {"uv": [4, 15.5, 4.5, 16], "rotation": 90, "texture": "#0"},
				"east": {"uv": [4, 15.5, 4.5, 16], "rotation": 90, "texture": "#0"},
				"south": {"uv": [4, 15.5, 4.5, 16], "rotation": 90, "texture": "#0"},
				"west": {"uv": [4, 15.5, 4.5, 16], "texture": "#0"},
				"up": {"uv": [4, 15.5, 4.5, 16], "rotation": 90, "texture": "#0"},
				"down": {"uv": [4, 15.5, 4.5, 16], "rotation": 90, "texture": "#0"}
			}
		},
		{
			"from": [12.9, 1.6, 9.15],
			"to": [13.1, 1.9, 9.45],
			"rotation": {"angle": 0, "axis": "y", "origin": [13, 1.75, 9.3]},
			"faces": {
				"north": {"uv": [4, 15.5, 4.5, 16], "rotation": 90, "texture": "#0"},
				"east": {"uv": [4, 15.5, 4.5, 16], "rotation": 90, "texture": "#0"},
				"south": {"uv": [4, 15.5, 4.5, 16], "rotation": 90, "texture": "#0"},
				"west": {"uv": [4, 15.5, 4.5, 16], "texture": "#0"},
				"up": {"uv": [4, 15.5, 4.5, 16], "rotation": 90, "texture": "#0"},
				"down": {"uv": [4, 15.5, 4.5, 16], "rotation": 90, "texture": "#0"}
			}
		},
		{
			"from": [12.9, 1.6, 10.25],
			"to": [13.1, 1.9, 10.55],
			"rotation": {"angle": 0, "axis": "y", "origin": [13, 1.75, 10.4]},
			"faces": {
				"north": {"uv": [4, 15.5, 4.5, 16], "rotation": 90, "texture": "#0"},
				"east": {"uv": [4, 15.5, 4.5, 16], "rotation": 90, "texture": "#0"},
				"south": {"uv": [4, 15.5, 4.5, 16], "rotation": 90, "texture": "#0"},
				"west": {"uv": [4, 15.5, 4.5, 16], "texture": "#0"},
				"up": {"uv": [4, 15.5, 4.5, 16], "rotation": 90, "texture": "#0"},
				"down": {"uv": [4, 15.5, 4.5, 16], "rotation": 90, "texture": "#0"}
			}
		},
		{
			"from": [12.9, 1.6, 11.25],
			"to": [13.1, 1.9, 11.55],
			"rotation": {"angle": 0, "axis": "y", "origin": [13, 1.75, 11.4]},
			"faces": {
				"north": {"uv": [4, 15.5, 4.5, 16], "rotation": 90, "texture": "#0"},
				"east": {"uv": [4, 15.5, 4.5, 16], "rotation": 90, "texture": "#0"},
				"south": {"uv": [4, 15.5, 4.5, 16], "rotation": 90, "texture": "#0"},
				"west": {"uv": [4, 15.5, 4.5, 16], "texture": "#0"},
				"up": {"uv": [4, 15.5, 4.5, 16], "rotation": 90, "texture": "#0"},
				"down": {"uv": [4, 15.5, 4.5, 16], "rotation": 90, "texture": "#0"}
			}
		},
		{
			"from": [12.9, 1.6, 12.35],
			"to": [13.1, 1.9, 12.65],
			"rotation": {"angle": 0, "axis": "y", "origin": [13, 1.75, 12.5]},
			"faces": {
				"north": {"uv": [4, 15.5, 4.5, 16], "rotation": 90, "texture": "#0"},
				"east": {"uv": [4, 15.5, 4.5, 16], "rotation": 90, "texture": "#0"},
				"south": {"uv": [4, 15.5, 4.5, 16], "rotation": 90, "texture": "#0"},
				"west": {"uv": [4, 15.5, 4.5, 16], "texture": "#0"},
				"up": {"uv": [4, 15.5, 4.5, 16], "rotation": 90, "texture": "#0"},
				"down": {"uv": [4, 15.5, 4.5, 16], "rotation": 90, "texture": "#0"}
			}
		},
		{
			"from": [12.9, 6.1, 11.25],
			"to": [13.1, 6.4, 11.55],
			"rotation": {"angle": 0, "axis": "y", "origin": [13, 6.25, 11.4]},
			"faces": {
				"north": {"uv": [4, 15.5, 4.5, 16], "rotation": 90, "texture": "#0"},
				"east": {"uv": [4, 15.5, 4.5, 16], "rotation": 90, "texture": "#0"},
				"south": {"uv": [4, 15.5, 4.5, 16], "rotation": 90, "texture": "#0"},
				"west": {"uv": [4, 15.5, 4.5, 16], "texture": "#0"},
				"up": {"uv": [4, 15.5, 4.5, 16], "rotation": 90, "texture": "#0"},
				"down": {"uv": [4, 15.5, 4.5, 16], "rotation": 90, "texture": "#0"}
			}
		},
		{
			"from": [12.9, 6.1, 10.25],
			"to": [13.1, 6.4, 10.55],
			"rotation": {"angle": 0, "axis": "y", "origin": [13, 6.25, 10.4]},
			"faces": {
				"north": {"uv": [4, 15.5, 4.5, 16], "rotation": 90, "texture": "#0"},
				"east": {"uv": [4, 15.5, 4.5, 16], "rotation": 90, "texture": "#0"},
				"south": {"uv": [4, 15.5, 4.5, 16], "rotation": 90, "texture": "#0"},
				"west": {"uv": [4, 15.5, 4.5, 16], "texture": "#0"},
				"up": {"uv": [4, 15.5, 4.5, 16], "rotation": 90, "texture": "#0"},
				"down": {"uv": [4, 15.5, 4.5, 16], "rotation": 90, "texture": "#0"}
			}
		},
		{
			"from": [12.9, 6.1, 9.15],
			"to": [13.1, 6.4, 9.45],
			"rotation": {"angle": 0, "axis": "y", "origin": [13, 6.25, 9.3]},
			"faces": {
				"north": {"uv": [4, 15.5, 4.5, 16], "rotation": 90, "texture": "#0"},
				"east": {"uv": [4, 15.5, 4.5, 16], "rotation": 90, "texture": "#0"},
				"south": {"uv": [4, 15.5, 4.5, 16], "rotation": 90, "texture": "#0"},
				"west": {"uv": [4, 15.5, 4.5, 16], "texture": "#0"},
				"up": {"uv": [4, 15.5, 4.5, 16], "rotation": 90, "texture": "#0"},
				"down": {"uv": [4, 15.5, 4.5, 16], "rotation": 90, "texture": "#0"}
			}
		},
		{
			"from": [12.9, 6.1, 8.05],
			"to": [13.1, 6.4, 8.35],
			"rotation": {"angle": 0, "axis": "y", "origin": [13, 6.25, 8.2]},
			"faces": {
				"north": {"uv": [4, 15.5, 4.5, 16], "rotation": 90, "texture": "#0"},
				"east": {"uv": [4, 15.5, 4.5, 16], "rotation": 90, "texture": "#0"},
				"south": {"uv": [4, 15.5, 4.5, 16], "rotation": 90, "texture": "#0"},
				"west": {"uv": [4, 15.5, 4.5, 16], "texture": "#0"},
				"up": {"uv": [4, 15.5, 4.5, 16], "rotation": 90, "texture": "#0"},
				"down": {"uv": [4, 15.5, 4.5, 16], "rotation": 90, "texture": "#0"}
			}
		},
		{
			"from": [12.9, 6.1, 6.95],
			"to": [13.1, 6.4, 7.25],
			"rotation": {"angle": 0, "axis": "y", "origin": [13, 6.25, 7.1]},
			"faces": {
				"north": {"uv": [4, 15.5, 4.5, 16], "rotation": 90, "texture": "#0"},
				"east": {"uv": [4, 15.5, 4.5, 16], "rotation": 90, "texture": "#0"},
				"south": {"uv": [4, 15.5, 4.5, 16], "rotation": 90, "texture": "#0"},
				"west": {"uv": [4, 15.5, 4.5, 16], "texture": "#0"},
				"up": {"uv": [4, 15.5, 4.5, 16], "rotation": 90, "texture": "#0"},
				"down": {"uv": [4, 15.5, 4.5, 16], "rotation": 90, "texture": "#0"}
			}
		},
		{
			"from": [12.9, 6.1, 5.85],
			"to": [13.1, 6.4, 6.15],
			"rotation": {"angle": 0, "axis": "y", "origin": [13, 6.25, 6]},
			"faces": {
				"north": {"uv": [4, 15.5, 4.5, 16], "rotation": 90, "texture": "#0"},
				"east": {"uv": [4, 15.5, 4.5, 16], "rotation": 90, "texture": "#0"},
				"south": {"uv": [4, 15.5, 4.5, 16], "rotation": 90, "texture": "#0"},
				"west": {"uv": [4, 15.5, 4.5, 16], "texture": "#0"},
				"up": {"uv": [4, 15.5, 4.5, 16], "rotation": 90, "texture": "#0"},
				"down": {"uv": [4, 15.5, 4.5, 16], "rotation": 90, "texture": "#0"}
			}
		},
		{
			"from": [12.9, 6.1, 4.75],
			"to": [13.1, 6.4, 5.05],
			"rotation": {"angle": 0, "axis": "y", "origin": [13, 6.25, 4.9]},
			"faces": {
				"north": {"uv": [4, 15.5, 4.5, 16], "rotation": 90, "texture": "#0"},
				"east": {"uv": [4, 15.5, 4.5, 16], "rotation": 90, "texture": "#0"},
				"south": {"uv": [4, 15.5, 4.5, 16], "rotation": 90, "texture": "#0"},
				"west": {"uv": [4, 15.5, 4.5, 16], "texture": "#0"},
				"up": {"uv": [4, 15.5, 4.5, 16], "rotation": 90, "texture": "#0"},
				"down": {"uv": [4, 15.5, 4.5, 16], "rotation": 90, "texture": "#0"}
			}
		},
		{
			"from": [12.9, 6.1, 3.65],
			"to": [13.1, 6.4, 3.95],
			"rotation": {"angle": 0, "axis": "y", "origin": [13, 6.25, 3.8]},
			"faces": {
				"north": {"uv": [4, 15.5, 4.5, 16], "rotation": 90, "texture": "#0"},
				"east": {"uv": [4, 15.5, 4.5, 16], "rotation": 90, "texture": "#0"},
				"south": {"uv": [4, 15.5, 4.5, 16], "rotation": 90, "texture": "#0"},
				"west": {"uv": [4, 15.5, 4.5, 16], "texture": "#0"},
				"up": {"uv": [4, 15.5, 4.5, 16], "rotation": 90, "texture": "#0"},
				"down": {"uv": [4, 15.5, 4.5, 16], "rotation": 90, "texture": "#0"}
			}
		},
		{
			"from": [12.9, 5, 3.65],
			"to": [13.1, 5.3, 3.95],
			"rotation": {"angle": 0, "axis": "y", "origin": [13, 5.15, 3.8]},
			"faces": {
				"north": {"uv": [4, 15.5, 4.5, 16], "rotation": 90, "texture": "#0"},
				"east": {"uv": [4, 15.5, 4.5, 16], "rotation": 90, "texture": "#0"},
				"south": {"uv": [4, 15.5, 4.5, 16], "rotation": 90, "texture": "#0"},
				"west": {"uv": [4, 15.5, 4.5, 16], "texture": "#0"},
				"up": {"uv": [4, 15.5, 4.5, 16], "rotation": 90, "texture": "#0"},
				"down": {"uv": [4, 15.5, 4.5, 16], "rotation": 90, "texture": "#0"}
			}
		},
		{
			"from": [12.9, 3.9, 3.65],
			"to": [13.1, 4.2, 3.95],
			"rotation": {"angle": 0, "axis": "y", "origin": [13, 4.05, 3.8]},
			"faces": {
				"north": {"uv": [4, 15.5, 4.5, 16], "rotation": 90, "texture": "#0"},
				"east": {"uv": [4, 15.5, 4.5, 16], "rotation": 90, "texture": "#0"},
				"south": {"uv": [4, 15.5, 4.5, 16], "rotation": 90, "texture": "#0"},
				"west": {"uv": [4, 15.5, 4.5, 16], "texture": "#0"},
				"up": {"uv": [4, 15.5, 4.5, 16], "rotation": 90, "texture": "#0"},
				"down": {"uv": [4, 15.5, 4.5, 16], "rotation": 90, "texture": "#0"}
			}
		},
		{
			"from": [12.9, 2.8, 3.65],
			"to": [13.1, 3.1, 3.95],
			"rotation": {"angle": 0, "axis": "y", "origin": [13, 2.95, 3.8]},
			"faces": {
				"north": {"uv": [4, 15.5, 4.5, 16], "rotation": 90, "texture": "#0"},
				"east": {"uv": [4, 15.5, 4.5, 16], "rotation": 90, "texture": "#0"},
				"south": {"uv": [4, 15.5, 4.5, 16], "rotation": 90, "texture": "#0"},
				"west": {"uv": [4, 15.5, 4.5, 16], "texture": "#0"},
				"up": {"uv": [4, 15.5, 4.5, 16], "rotation": 90, "texture": "#0"},
				"down": {"uv": [4, 15.5, 4.5, 16], "rotation": 90, "texture": "#0"}
			}
		},
		{
			"from": [12.9, 1.6, 3.65],
			"to": [13.1, 1.9, 3.95],
			"rotation": {"angle": 0, "axis": "y", "origin": [13, 1.75, 3.8]},
			"faces": {
				"north": {"uv": [4, 15.5, 4.5, 16], "rotation": 90, "texture": "#0"},
				"east": {"uv": [4, 15.5, 4.5, 16], "rotation": 90, "texture": "#0"},
				"south": {"uv": [4, 15.5, 4.5, 16], "rotation": 90, "texture": "#0"},
				"west": {"uv": [4, 15.5, 4.5, 16], "texture": "#0"},
				"up": {"uv": [4, 15.5, 4.5, 16], "rotation": 90, "texture": "#0"},
				"down": {"uv": [4, 15.5, 4.5, 16], "rotation": 90, "texture": "#0"}
			}
		},
		{
			"from": [7.9, 6.1, 12.35],
			"to": [8.1, 6.4, 12.65],
			"rotation": {"angle": 0, "axis": "y", "origin": [8, 6.25, 12.5]},
			"faces": {
				"north": {"uv": [4.5, 15.5, 5, 16], "rotation": 90, "texture": "#0"},
				"east": {"uv": [4.5, 15.5, 5, 16], "rotation": 90, "texture": "#0"},
				"south": {"uv": [4.5, 15.5, 5, 16], "rotation": 90, "texture": "#0"},
				"west": {"uv": [4.5, 15.5, 5, 16], "texture": "#0"},
				"up": {"uv": [4.5, 15.5, 5, 16], "rotation": 90, "texture": "#0"},
				"down": {"uv": [4.5, 15.5, 5, 16], "rotation": 90, "texture": "#0"}
			}
		},
		{
			"from": [7.9, 1.6, 4.75],
			"to": [8.1, 1.9, 5.05],
			"rotation": {"angle": 0, "axis": "y", "origin": [8, 1.75, 4.9]},
			"faces": {
				"north": {"uv": [4.5, 15.5, 5, 16], "rotation": 90, "texture": "#0"},
				"east": {"uv": [4.5, 15.5, 5, 16], "rotation": 90, "texture": "#0"},
				"south": {"uv": [4.5, 15.5, 5, 16], "rotation": 90, "texture": "#0"},
				"west": {"uv": [4.5, 15.5, 5, 16], "texture": "#0"},
				"up": {"uv": [4.5, 15.5, 5, 16], "rotation": 90, "texture": "#0"},
				"down": {"uv": [4.5, 15.5, 5, 16], "rotation": 90, "texture": "#0"}
			}
		},
		{
			"from": [7.9, 1.6, 5.85],
			"to": [8.1, 1.9, 6.15],
			"rotation": {"angle": 0, "axis": "y", "origin": [8, 1.75, 6]},
			"faces": {
				"north": {"uv": [4.5, 15.5, 5, 16], "rotation": 90, "texture": "#0"},
				"east": {"uv": [4.5, 15.5, 5, 16], "rotation": 90, "texture": "#0"},
				"south": {"uv": [4.5, 15.5, 5, 16], "rotation": 90, "texture": "#0"},
				"west": {"uv": [4.5, 15.5, 5, 16], "texture": "#0"},
				"up": {"uv": [4.5, 15.5, 5, 16], "rotation": 90, "texture": "#0"},
				"down": {"uv": [4.5, 15.5, 5, 16], "rotation": 90, "texture": "#0"}
			}
		},
		{
			"from": [7.9, 1.6, 6.95],
			"to": [8.1, 1.9, 7.25],
			"rotation": {"angle": 0, "axis": "y", "origin": [8, 1.75, 7.1]},
			"faces": {
				"north": {"uv": [4.5, 15.5, 5, 16], "rotation": 90, "texture": "#0"},
				"east": {"uv": [4.5, 15.5, 5, 16], "rotation": 90, "texture": "#0"},
				"south": {"uv": [4.5, 15.5, 5, 16], "rotation": 90, "texture": "#0"},
				"west": {"uv": [4.5, 15.5, 5, 16], "texture": "#0"},
				"up": {"uv": [4.5, 15.5, 5, 16], "rotation": 90, "texture": "#0"},
				"down": {"uv": [4.5, 15.5, 5, 16], "rotation": 90, "texture": "#0"}
			}
		},
		{
			"from": [7.9, 1.6, 8.05],
			"to": [8.1, 1.9, 8.35],
			"rotation": {"angle": 0, "axis": "y", "origin": [8, 1.75, 8.2]},
			"faces": {
				"north": {"uv": [4.5, 15.5, 5, 16], "rotation": 90, "texture": "#0"},
				"east": {"uv": [4.5, 15.5, 5, 16], "rotation": 90, "texture": "#0"},
				"south": {"uv": [4.5, 15.5, 5, 16], "rotation": 90, "texture": "#0"},
				"west": {"uv": [4.5, 15.5, 5, 16], "texture": "#0"},
				"up": {"uv": [4.5, 15.5, 5, 16], "rotation": 90, "texture": "#0"},
				"down": {"uv": [4.5, 15.5, 5, 16], "rotation": 90, "texture": "#0"}
			}
		},
		{
			"from": [7.9, 1.6, 9.15],
			"to": [8.1, 1.9, 9.45],
			"rotation": {"angle": 0, "axis": "y", "origin": [8, 1.75, 9.3]},
			"faces": {
				"north": {"uv": [4.5, 15.5, 5, 16], "rotation": 90, "texture": "#0"},
				"east": {"uv": [4.5, 15.5, 5, 16], "rotation": 90, "texture": "#0"},
				"south": {"uv": [4.5, 15.5, 5, 16], "rotation": 90, "texture": "#0"},
				"west": {"uv": [4.5, 15.5, 5, 16], "texture": "#0"},
				"up": {"uv": [4.5, 15.5, 5, 16], "rotation": 90, "texture": "#0"},
				"down": {"uv": [4.5, 15.5, 5, 16], "rotation": 90, "texture": "#0"}
			}
		},
		{
			"from": [7.9, 1.6, 10.25],
			"to": [8.1, 1.9, 10.55],
			"rotation": {"angle": 0, "axis": "y", "origin": [8, 1.75, 10.4]},
			"faces": {
				"north": {"uv": [4.5, 15.5, 5, 16], "rotation": 90, "texture": "#0"},
				"east": {"uv": [4.5, 15.5, 5, 16], "rotation": 90, "texture": "#0"},
				"south": {"uv": [4.5, 15.5, 5, 16], "rotation": 90, "texture": "#0"},
				"west": {"uv": [4.5, 15.5, 5, 16], "texture": "#0"},
				"up": {"uv": [4.5, 15.5, 5, 16], "rotation": 90, "texture": "#0"},
				"down": {"uv": [4.5, 15.5, 5, 16], "rotation": 90, "texture": "#0"}
			}
		},
		{
			"from": [7.9, 1.6, 11.25],
			"to": [8.1, 1.9, 11.55],
			"rotation": {"angle": 0, "axis": "y", "origin": [8, 1.75, 11.4]},
			"faces": {
				"north": {"uv": [4.5, 15.5, 5, 16], "rotation": 90, "texture": "#0"},
				"east": {"uv": [4.5, 15.5, 5, 16], "rotation": 90, "texture": "#0"},
				"south": {"uv": [4.5, 15.5, 5, 16], "rotation": 90, "texture": "#0"},
				"west": {"uv": [4.5, 15.5, 5, 16], "texture": "#0"},
				"up": {"uv": [4.5, 15.5, 5, 16], "rotation": 90, "texture": "#0"},
				"down": {"uv": [4.5, 15.5, 5, 16], "rotation": 90, "texture": "#0"}
			}
		},
		{
			"from": [7.9, 1.6, 12.35],
			"to": [8.1, 1.9, 12.65],
			"rotation": {"angle": 0, "axis": "y", "origin": [8, 1.75, 12.5]},
			"faces": {
				"north": {"uv": [4.5, 15.5, 5, 16], "rotation": 90, "texture": "#0"},
				"east": {"uv": [4.5, 15.5, 5, 16], "rotation": 90, "texture": "#0"},
				"south": {"uv": [4.5, 15.5, 5, 16], "rotation": 90, "texture": "#0"},
				"west": {"uv": [4.5, 15.5, 5, 16], "texture": "#0"},
				"up": {"uv": [4.5, 15.5, 5, 16], "rotation": 90, "texture": "#0"},
				"down": {"uv": [4.5, 15.5, 5, 16], "rotation": 90, "texture": "#0"}
			}
		},
		{
			"from": [7.9, 6.1, 11.25],
			"to": [8.1, 6.4, 11.55],
			"rotation": {"angle": 0, "axis": "y", "origin": [8, 6.25, 11.4]},
			"faces": {
				"north": {"uv": [4.5, 15.5, 5, 16], "rotation": 90, "texture": "#0"},
				"east": {"uv": [4.5, 15.5, 5, 16], "rotation": 90, "texture": "#0"},
				"south": {"uv": [4.5, 15.5, 5, 16], "rotation": 90, "texture": "#0"},
				"west": {"uv": [4.5, 15.5, 5, 16], "texture": "#0"},
				"up": {"uv": [4.5, 15.5, 5, 16], "rotation": 90, "texture": "#0"},
				"down": {"uv": [4.5, 15.5, 5, 16], "rotation": 90, "texture": "#0"}
			}
		},
		{
			"from": [7.9, 6.1, 10.25],
			"to": [8.1, 6.4, 10.55],
			"rotation": {"angle": 0, "axis": "y", "origin": [8, 6.25, 10.4]},
			"faces": {
				"north": {"uv": [4.5, 15.5, 5, 16], "rotation": 90, "texture": "#0"},
				"east": {"uv": [4.5, 15.5, 5, 16], "rotation": 90, "texture": "#0"},
				"south": {"uv": [4.5, 15.5, 5, 16], "rotation": 90, "texture": "#0"},
				"west": {"uv": [4.5, 15.5, 5, 16], "texture": "#0"},
				"up": {"uv": [4.5, 15.5, 5, 16], "rotation": 90, "texture": "#0"},
				"down": {"uv": [4.5, 15.5, 5, 16], "rotation": 90, "texture": "#0"}
			}
		},
		{
			"from": [7.9, 6.1, 9.15],
			"to": [8.1, 6.4, 9.45],
			"rotation": {"angle": 0, "axis": "y", "origin": [8, 6.25, 9.3]},
			"faces": {
				"north": {"uv": [4.5, 15.5, 5, 16], "rotation": 90, "texture": "#0"},
				"east": {"uv": [4.5, 15.5, 5, 16], "rotation": 90, "texture": "#0"},
				"south": {"uv": [4.5, 15.5, 5, 16], "rotation": 90, "texture": "#0"},
				"west": {"uv": [4.5, 15.5, 5, 16], "texture": "#0"},
				"up": {"uv": [4.5, 15.5, 5, 16], "rotation": 90, "texture": "#0"},
				"down": {"uv": [4.5, 15.5, 5, 16], "rotation": 90, "texture": "#0"}
			}
		},
		{
			"from": [7.9, 6.1, 8.05],
			"to": [8.1, 6.4, 8.35],
			"rotation": {"angle": 0, "axis": "y", "origin": [8, 6.25, 8.2]},
			"faces": {
				"north": {"uv": [4.5, 15.5, 5, 16], "rotation": 90, "texture": "#0"},
				"east": {"uv": [4.5, 15.5, 5, 16], "rotation": 90, "texture": "#0"},
				"south": {"uv": [4.5, 15.5, 5, 16], "rotation": 90, "texture": "#0"},
				"west": {"uv": [4.5, 15.5, 5, 16], "texture": "#0"},
				"up": {"uv": [4.5, 15.5, 5, 16], "rotation": 90, "texture": "#0"},
				"down": {"uv": [4.5, 15.5, 5, 16], "rotation": 90, "texture": "#0"}
			}
		},
		{
			"from": [7.9, 6.1, 6.95],
			"to": [8.1, 6.4, 7.25],
			"rotation": {"angle": 0, "axis": "y", "origin": [8, 6.25, 7.1]},
			"faces": {
				"north": {"uv": [4.5, 15.5, 5, 16], "rotation": 90, "texture": "#0"},
				"east": {"uv": [4.5, 15.5, 5, 16], "rotation": 90, "texture": "#0"},
				"south": {"uv": [4.5, 15.5, 5, 16], "rotation": 90, "texture": "#0"},
				"west": {"uv": [4.5, 15.5, 5, 16], "texture": "#0"},
				"up": {"uv": [4.5, 15.5, 5, 16], "rotation": 90, "texture": "#0"},
				"down": {"uv": [4.5, 15.5, 5, 16], "rotation": 90, "texture": "#0"}
			}
		},
		{
			"from": [7.9, 6.1, 5.85],
			"to": [8.1, 6.4, 6.15],
			"rotation": {"angle": 0, "axis": "y", "origin": [8, 6.25, 6]},
			"faces": {
				"north": {"uv": [4.5, 15.5, 5, 16], "rotation": 90, "texture": "#0"},
				"east": {"uv": [4.5, 15.5, 5, 16], "rotation": 90, "texture": "#0"},
				"south": {"uv": [4.5, 15.5, 5, 16], "rotation": 90, "texture": "#0"},
				"west": {"uv": [4.5, 15.5, 5, 16], "texture": "#0"},
				"up": {"uv": [4.5, 15.5, 5, 16], "rotation": 90, "texture": "#0"},
				"down": {"uv": [4.5, 15.5, 5, 16], "rotation": 90, "texture": "#0"}
			}
		},
		{
			"from": [7.9, 6.1, 4.75],
			"to": [8.1, 6.4, 5.05],
			"rotation": {"angle": 0, "axis": "y", "origin": [8, 6.25, 4.9]},
			"faces": {
				"north": {"uv": [4.5, 15.5, 5, 16], "rotation": 90, "texture": "#0"},
				"east": {"uv": [4.5, 15.5, 5, 16], "rotation": 90, "texture": "#0"},
				"south": {"uv": [4.5, 15.5, 5, 16], "rotation": 90, "texture": "#0"},
				"west": {"uv": [4.5, 15.5, 5, 16], "texture": "#0"},
				"up": {"uv": [4.5, 15.5, 5, 16], "rotation": 90, "texture": "#0"},
				"down": {"uv": [4.5, 15.5, 5, 16], "rotation": 90, "texture": "#0"}
			}
		},
		{
			"from": [7.9, 6.1, 3.65],
			"to": [8.1, 6.4, 3.95],
			"rotation": {"angle": 0, "axis": "y", "origin": [8, 6.25, 3.8]},
			"faces": {
				"north": {"uv": [4.5, 15.5, 5, 16], "rotation": 90, "texture": "#0"},
				"east": {"uv": [4.5, 15.5, 5, 16], "rotation": 90, "texture": "#0"},
				"south": {"uv": [4.5, 15.5, 5, 16], "rotation": 90, "texture": "#0"},
				"west": {"uv": [4.5, 15.5, 5, 16], "texture": "#0"},
				"up": {"uv": [4.5, 15.5, 5, 16], "rotation": 90, "texture": "#0"},
				"down": {"uv": [4.5, 15.5, 5, 16], "rotation": 90, "texture": "#0"}
			}
		},
		{
			"from": [7.9, 5, 3.65],
			"to": [8.1, 5.3, 3.95],
			"rotation": {"angle": 0, "axis": "y", "origin": [8, 5.15, 3.8]},
			"faces": {
				"north": {"uv": [4.5, 15.5, 5, 16], "rotation": 90, "texture": "#0"},
				"east": {"uv": [4.5, 15.5, 5, 16], "rotation": 90, "texture": "#0"},
				"south": {"uv": [4.5, 15.5, 5, 16], "rotation": 90, "texture": "#0"},
				"west": {"uv": [4.5, 15.5, 5, 16], "texture": "#0"},
				"up": {"uv": [4.5, 15.5, 5, 16], "rotation": 90, "texture": "#0"},
				"down": {"uv": [4.5, 15.5, 5, 16], "rotation": 90, "texture": "#0"}
			}
		},
		{
			"from": [7.9, 3.9, 3.65],
			"to": [8.1, 4.2, 3.95],
			"rotation": {"angle": 0, "axis": "y", "origin": [8, 4.05, 3.8]},
			"faces": {
				"north": {"uv": [4.5, 15.5, 5, 16], "rotation": 90, "texture": "#0"},
				"east": {"uv": [4.5, 15.5, 5, 16], "rotation": 90, "texture": "#0"},
				"south": {"uv": [4.5, 15.5, 5, 16], "rotation": 90, "texture": "#0"},
				"west": {"uv": [4.5, 15.5, 5, 16], "texture": "#0"},
				"up": {"uv": [4.5, 15.5, 5, 16], "rotation": 90, "texture": "#0"},
				"down": {"uv": [4.5, 15.5, 5, 16], "rotation": 90, "texture": "#0"}
			}
		},
		{
			"from": [7.9, 2.8, 3.65],
			"to": [8.1, 3.1, 3.95],
			"rotation": {"angle": 0, "axis": "y", "origin": [8, 2.95, 3.8]},
			"faces": {
				"north": {"uv": [4.5, 15.5, 5, 16], "rotation": 90, "texture": "#0"},
				"east": {"uv": [4.5, 15.5, 5, 16], "rotation": 90, "texture": "#0"},
				"south": {"uv": [4.5, 15.5, 5, 16], "rotation": 90, "texture": "#0"},
				"west": {"uv": [4.5, 15.5, 5, 16], "texture": "#0"},
				"up": {"uv": [4.5, 15.5, 5, 16], "rotation": 90, "texture": "#0"},
				"down": {"uv": [4.5, 15.5, 5, 16], "rotation": 90, "texture": "#0"}
			}
		},
		{
			"from": [7.9, 1.6, 3.65],
			"to": [8.1, 1.9, 3.95],
			"rotation": {"angle": 0, "axis": "y", "origin": [8, 1.75, 3.8]},
			"faces": {
				"north": {"uv": [4.5, 15.5, 5, 16], "rotation": 90, "texture": "#0"},
				"east": {"uv": [4.5, 15.5, 5, 16], "rotation": 90, "texture": "#0"},
				"south": {"uv": [4.5, 15.5, 5, 16], "rotation": 90, "texture": "#0"},
				"west": {"uv": [4.5, 15.5, 5, 16], "texture": "#0"},
				"up": {"uv": [4.5, 15.5, 5, 16], "rotation": 90, "texture": "#0"},
				"down": {"uv": [4.5, 15.5, 5, 16], "rotation": 90, "texture": "#0"}
			}
		},
		{
			"from": [10.225, 6.323, 6.923],
			"to": [12.775, 6.523, 10.773],
			"rotation": {"angle": 0, "axis": "y", "origin": [11.5, 6.423, 9.298]},
			"faces": {
				"north": {"uv": [13, 3.5, 15.5, 4], "texture": "#0"},
				"east": {"uv": [13, 4, 13.5, 0], "rotation": 90, "texture": "#0"},
				"south": {"uv": [13, 0, 15.5, 0.5], "texture": "#0"},
				"west": {"uv": [15, 4, 15.5, 0], "rotation": 90, "texture": "#0"},
				"up": {"uv": [13, 0, 15.5, 4], "rotation": 180, "texture": "#0"}
			}
		},
		{
			"from": [5.025, 4.3, 3.45],
			"to": [7.975, 6.25, 3.65],
			"rotation": {"angle": 0, "axis": "y", "origin": [7.275, 4.975, 3.598]},
			"faces": {
				"north": {"uv": [13, 0, 15.5, 4], "rotation": 90, "texture": "#0"},
				"east": {"uv": [13, 3.5, 15.5, 4], "rotation": 90, "texture": "#0"},
				"south": {"uv": [4, 4.5, 8.5, 6.5], "texture": "#0"},
				"west": {"uv": [13, 0, 15.5, 0.5], "rotation": 90, "texture": "#0"},
				"up": {"uv": [13, 4, 13.5, 0], "rotation": 90, "texture": "#0"}
			}
		}
	],
	"display": {
		"thirdperson_righthand": {
			"rotation": [69, -180, 0],
			"translation": [-6.25, 2.25, 4],
			"scale": [0.75, 0.75, 0.75]
		},
		"thirdperson_lefthand": {
			"translation": [-12, 2.25, -1.25],
			"scale": [0.75, 0.75, 0.75]
		},
		"firstperson_righthand": {
			"rotation": [0, -180, 0],
			"translation": [-8.5, 15.75, -1.5]
		},
		"firstperson_lefthand": {
			"translation": [0, -80, 0]
		},
		"ground": {
			"translation": [0, 1.75, -0.25],
			"scale": [0.75, 0.75, 0.75]
		},
		"gui": {
			"rotation": [27, 149, 0],
			"translation": [0, 3.75, 0]
		},
		"head": {
			"rotation": [-90, -1, 0],
			"translation": [0, -6.25, -13.75]
		},
		"fixed": {
			"rotation": [0, -90, 90],
			"translation": [0, 0.25, -10],
			"scale": [1.51, 1.51, 1.51]
		}
	},
	"groups": [
		{
			"name": "controls",
			"origin": [11.5, 4, 3.599],
			"color": 0,
			"children": [0, 1, 2, 3]
		},
		{
			"name": "body",
			"origin": [8, 3, 8.5],
			"color": 0,
			"children": [4, 5, 6, 7, 8, 9, 10, 11, 12, 13, 14, 15]
		},
		{
			"name": "laser",
			"origin": [11.1, 5.9, 8.5],
			"color": 0,
			"children": [16, 17]
		},
		{
			"name": "viewport",
			"origin": [3.5, 5.25, 4.75],
			"color": 0,
			"children": [18]
		},
		{
			"name": "plastic",
			"origin": [10.97662, 4.275, 12.9],
			"color": 0,
			"children": [19, 20, 21, 22]
		},
		{
			"name": "plastic",
			"origin": [10.97662, 4.075, 13.25],
			"color": 0,
			"children": [23, 24, 25, 26]
		},
		{
			"name": "IR",
			"origin": [3.45, 4.31775, 10.75],
			"color": 0,
			"children": [27, 28, 29, 30, 31, 32, 33, 34, 35, 36, 37, 38, 39]
		},
		{
			"name": "crosshair",
			"origin": [3.15, 4.31775, 10.75],
			"color": 0,
			"children": [40, 41, 42, 43, 44, 45, 46, 47, 48]
		},
		{
			"name": "optic",
			"origin": [3.45, 4.31775, 10.75],
			"color": 0,
			"children": [49, 50, 51, 52, 53, 54, 55, 56]
		},
		{
			"name": "bolts",
			"origin": [13.1, 6.25, 12.5],
			"color": 0,
			"children": [57, 58, 59, 60, 61, 62, 63, 64, 65, 66, 67, 68, 69, 70, 71, 72, 73, 74, 75, 76, 77]
		},
		{
			"name": "bolts",
			"origin": [13.1, 6.25, 12.5],
			"color": 0,
			"children": [78, 79, 80, 81, 82, 83, 84, 85, 86, 87, 88, 89, 90, 91, 92, 93, 94, 95, 96, 97, 98]
		},
		99,
		100
	]
}