{
	"format_version": "1.21.6",
	"credit": "Made with Blockbench",
	"textures": {
		"0": "chems_guns:item/gun_ammo/standard",
		"particle": "chems_guns:item/gun_ammo/standard"
	},
	"elements": [
		{
			"from": [7, 6, -1],
			"to": [9, 9, 12],
			"rotation": {"angle": 0, "axis": "y", "origin": [-0.5, 0, 0]},
			"faces": {
				"north": {"uv": [10, 0, 13, 3], "texture": "#0"},
				"east": {"uv": [0, 0, 13, 3], "texture": "#0"},
				"south": {"uv": [6, 0, 9, 3], "texture": "#0"},
				"west": {"uv": [0, 0, 13, 3], "texture": "#0"},
				"up": {"uv": [0, 3, 3, 16], "texture": "#0"},
				"down": {"uv": [0, 3, 3, 16], "texture": "#0"}
			}
		},
		{
			"from": [7.5, 4.5, 8],
			"to": [8.5, 6.5, 10],
			"rotation": {"angle": 0, "axis": "y", "origin": [-0.5, 0.5, 0]},
			"faces": {
				"north": {"uv": [15, 0, 16, 2], "texture": "#0"},
				"east": {"uv": [14, 0, 16, 2], "texture": "#0"},
				"south": {"uv": [15, 0, 16, 2], "texture": "#0"},
				"west": {"uv": [14, 0, 16, 2], "texture": "#0"},
				"up": {"uv": [15, 0, 16, 2], "texture": "#0"},
				"down": {"uv": [15, 0, 16, 2], "texture": "#0"}
			}
		},
		{
			"from": [7.001, -0.7, 9.8],
			"to": [8.898, 6.3, 12.8],
			"rotation": {"angle": -22.5, "axis": "x", "origin": [8, 3.5, 10]},
			"faces": {
				"north": {"uv": [13.003, 9, 16, 16], "texture": "#0"},
				"east": {"uv": [13, 9, 16, 16], "texture": "#0"},
				"south": {"uv": [13.003, 9, 16, 16], "texture": "#0"},
				"west": {"uv": [13, 9, 16, 16], "texture": "#0"},
				"up": {"uv": [13.003, 10, 16, 13], "texture": "#0"},
				"down": {"uv": [13.003, 13, 16, 16], "texture": "#0"}
			}
		},
		{
			"from": [7.5, 4.3, 6.3],
			"to": [8.5, 9.3, 7.3],
			"rotation": {"angle": -22.5, "axis": "x", "origin": [8, 4.5, 10]},
			"faces": {
				"north": {"uv": [15, 11, 16, 16], "texture": "#0"},
				"east": {"uv": [15, 11, 16, 16], "texture": "#0"},
				"south": {"uv": [15, 11, 16, 16], "texture": "#0"},
				"west": {"uv": [15, 11, 16, 16], "texture": "#0"},
				"up": {"uv": [15, 15, 16, 16], "texture": "#0"},
				"down": {"uv": [15, 15, 16, 16], "texture": "#0"}
			}
		},
		{
			"from": [7.5, 2.9, 6.66],
			"to": [8.5, 3.9, 11.66],
			"rotation": {"angle": 0, "axis": "x", "origin": [8, 4.5, 10]},
			"faces": {
				"north": {"uv": [15, 15, 16, 16], "rotation": 180, "texture": "#0"},
				"east": {"uv": [15, 11, 16, 16], "rotation": 90, "texture": "#0"},
				"south": {"uv": [15, 15, 16, 16], "texture": "#0"},
				"west": {"uv": [15, 11, 16, 16], "rotation": 270, "texture": "#0"},
				"up": {"uv": [15, 11, 16, 16], "texture": "#0"},
				"down": {"uv": [15, 11, 16, 16], "rotation": 180, "texture": "#0"}
			}
		},
		{
			"name": "octagon",
			"from": [7.87868, 8.9, -0.998],
			"to": [8.62868, 9.9, 11.999],
			"rotation": {"angle": 45, "axis": "z", "origin": [8.5, 8.4, 8]},
			"faces": {
				"north": {"uv": [4, 1, 5, 2], "texture": "#0"},
				"east": {"uv": [0, 0, 1, 1], "texture": "#0"},
				"south": {"uv": [7, 2, 8, 1], "texture": "#0"},
				"west": {"uv": [0, 0, 1, 1], "texture": "#0"},
				"up": {"uv": [4, 3, 5, 16], "texture": "#0"},
				"down": {"uv": [0, 0, 1, 1], "texture": "#0"}
			}
		},
		{
			"name": "octagon",
			"from": [7.535, 9, -0.999],
			"to": [8.475, 9.55, 12.001],
			"rotation": {"angle": 0, "axis": "z", "origin": [8, 8.4, 8]},
			"faces": {
				"north": {"uv": [1, 1, 3, 2], "texture": "#0"},
				"east": {"uv": [0, 0, 1, 1], "texture": "#0"},
				"south": {"uv": [4, 1, 6, 2], "texture": "#0"},
				"west": {"uv": [0, 0, 1, 1], "texture": "#0"},
				"up": {"uv": [3, 3, 5, 16], "texture": "#0"},
				"down": {"uv": [0, 0, 1, 1], "texture": "#0"}
			}
		},
		{
			"name": "octagon",
			"from": [8, 7.77868, -0.998],
			"to": [9, 8.52868, 11.999],
			"rotation": {"angle": 45, "axis": "z", "origin": [7.5, 8.4, 8]},
			"faces": {
				"north": {"uv": [0, 0, 1, 1], "texture": "#0"},
				"east": {"uv": [0, 0, 13, 1], "texture": "#0"},
				"south": {"uv": [1, 0, 2, 1], "texture": "#0"},
				"west": {"uv": [0, 0, 1, 1], "texture": "#0"},
				"up": {"uv": [0, 0, 1, 1], "texture": "#0"},
				"down": {"uv": [0, 0, 1, 1], "texture": "#0"}
			}
		},
		{
			"from": [7.5, 7.5, -1.001],
			"to": [8.5, 8.5, -1.001],
			"rotation": {"angle": 0, "axis": "y", "origin": [-0.5, 0, 0]},
			"faces": {
				"north": {"uv": [15, 0, 16, 1], "texture": "#0"},
				"east": {"uv": [0, 0, 0, 1], "texture": "#0"},
				"south": {"uv": [15, 0, 16, 1], "texture": "#0"},
				"west": {"uv": [0, 0, 0, 1], "texture": "#0"},
				"up": {"uv": [0, 0, 1, 0], "texture": "#0"},
				"down": {"uv": [0, 0, 1, 0], "texture": "#0"}
			}
		},
		{
			"from": [7.9, 9, -0.5],
			"to": [8.05, 9.8, 0.5],
			"rotation": {"angle": 0, "axis": "y", "origin": [7.975, 9.5, 0]},
			"faces": {
				"north": {"uv": [0, 0, 0.75, 1], "texture": "#0"},
				"east": {"uv": [0, 0, 2, 1], "texture": "#0"},
				"south": {"uv": [0, 0, 0.75, 1], "texture": "#0"},
				"west": {"uv": [0, 0, 2, 1], "texture": "#0"},
				"up": {"uv": [0, 0, 0.75, 2], "texture": "#0"},
				"down": {"uv": [0, 0, 0.75, 2], "texture": "#0"}
			}
		},
		{
			"from": [7.51, 9, 10.7],
			"to": [7.91, 9.8, 11.7],
			"rotation": {"angle": 0, "axis": "y", "origin": [7.875, 9.5, 11.2]},
			"faces": {
				"north": {"uv": [0, 0, 0.75, 1], "texture": "#0"},
				"east": {"uv": [0, 0, 2, 1], "texture": "#0"},
				"south": {"uv": [0, 0, 0.75, 1], "texture": "#0"},
				"west": {"uv": [0, 0, 2, 1], "texture": "#0"},
				"up": {"uv": [0, 0, 0.75, 2], "texture": "#0"},
				"down": {"uv": [0, 0, 0.75, 2], "texture": "#0"}
			}
		},
		{
			"from": [7.91, 9, 10.7],
			"to": [8.06, 9.7, 11.7],
			"rotation": {"angle": 0, "axis": "y", "origin": [7.975, 9.5, 11.2]},
			"faces": {
				"north": {"uv": [0, 0, 0.75, 1], "texture": "#0"},
				"east": {"uv": [0, 0, 2, 1], "texture": "#0"},
				"south": {"uv": [0, 0, 0.75, 1], "texture": "#0"},
				"west": {"uv": [0, 0, 2, 1], "texture": "#0"},
				"up": {"uv": [0, 0, 0.75, 2], "texture": "#0"},
				"down": {"uv": [0, 0, 0.75, 2], "texture": "#0"}
			}
		},
		{
			"from": [8.06, 9, 10.7],
			"to": [8.46, 9.8, 11.7],
			"rotation": {"angle": 0, "axis": "y", "origin": [8.275, 9.5, 11.2]},
			"faces": {
				"north": {"uv": [0, 0, 0.75, 1], "texture": "#0"},
				"east": {"uv": [0, 0, 2, 1], "texture": "#0"},
				"south": {"uv": [0, 0, 0.75, 1], "texture": "#0"},
				"west": {"uv": [0, 0, 2, 1], "texture": "#0"},
				"up": {"uv": [0, 0, 0.75, 2], "texture": "#0"},
				"down": {"uv": [0, 0, 0.75, 2], "texture": "#0"}
			}
		}
	],
	"display": {
		"thirdperson_righthand": {
			"rotation": [24, -11, 0],
			"translation": [0, 2.5, 0.5],
			"scale": [0.5, 0.5, 0.5]
		},
		"thirdperson_lefthand": {
			"translation": [-12.25, 1, 0.5],
			"scale": [0.5, 0.5, 0.5]
		},
		"firstperson_righthand": {
			"rotation": [0, -10, 0],
			"translation": [0.45, 6.51, 5],
			"scale": [1, 1, 0.46]
		},
		"firstperson_lefthand": {
			"translation": [0, -80, 0]
		},
		"ground": {
			"rotation": [0, 0, 90],
			"translation": [-1.5, -1.75, 0],
			"scale": [0.5, 0.5, 0.5]
		},
		"gui": {
			"rotation": [26, 128, 0],
			"translation": [1.25, 2.25, 0]
		},
		"head": {
			"translation": [0, 4.5, -3.5]
		},
		"fixed": {
			"rotation": [0, -90, 0],
			"translation": [-1.75, 2.75, 0]
		}
	},
	"groups": [
		0,
		1,
		2,
		3,
		4,
		{
			"name": "octagon",
			"origin": [8, 8, 8],
			"color": 0,
			"children": [5, 6, 7]
		},
		8,
		9,
		10,
		11,
		12
	]
}