{
	"format_version": "1.21.6",
	"credit": "Made with Blockbench",
	"textures": {
		"0": "chems_guns:item/gun_ammo/ak47",
		"1": "chems_guns:item/gun_ammo/luger",
		"particle": "chems_guns:item/gun_ammo/ak47"
	},
	"elements": [
		{
			"name": "octagon",
			"from": [8.33223, 4.15, 12.5],
			"to": [8.86777, 5.15, 19.5],
			"rotation": {"angle": 45, "axis": "z", "origin": [8.35, 3.9, 18.5]},
			"faces": {
				"north": {"uv": [15, 10, 16, 11], "texture": "#1"},
				"east": {"uv": [15, 10, 16, 11], "texture": "#1"},
				"south": {"uv": [14.5, 1.5, 15.5, 2.5], "texture": "#1"},
				"west": {"uv": [15, 10, 16, 11], "texture": "#1"},
				"up": {"uv": [15, 0, 16, 7], "texture": "#1"},
				"down": {"uv": [15, 10, 16, 11], "texture": "#1"}
			}
		},
		{
			"name": "octagon",
			"from": [7.83223, 1.45, 17.5],
			"to": [8.16777, 5.15, 19.5],
			"rotation": {"angle": 0, "axis": "z", "origin": [8, 4.9, 18.5]},
			"faces": {
				"north": {"uv": [13.5, 4, 14.5, 5], "texture": "#1"},
				"east": {"uv": [15, 10, 16, 11], "texture": "#1"},
				"south": {"uv": [13, 0, 13.5, 7], "texture": "#1"},
				"west": {"uv": [15, 10, 16, 11], "texture": "#1"},
				"up": {"uv": [15, 0, 16, 2.5], "texture": "#1"},
				"down": {"uv": [13.5, 1.5, 14.5, 4], "texture": "#1"}
			}
		},
		{
			"name": "octagon",
			"from": [7.83223, 4.65, 12.5],
			"to": [8.16777, 5.15, 17.5],
			"rotation": {"angle": 0, "axis": "y", "origin": [8, 4.9, 18.5]},
			"faces": {
				"north": {"uv": [15, 10, 16, 11], "texture": "#1"},
				"east": {"uv": [15, 10, 16, 11], "texture": "#1"},
				"south": {"uv": [15, 10, 16, 11], "texture": "#1"},
				"west": {"uv": [15, 10, 16, 11], "texture": "#1"},
				"up": {"uv": [15, 0, 16, 7], "texture": "#1"},
				"down": {"uv": [15, 10, 16, 11], "texture": "#1"}
			}
		},
		{
			"name": "octagon",
			"from": [7.9, 3.88223, 12.5],
			"to": [8.9, 4.41777, 19.5],
			"rotation": {"angle": 45, "axis": "z", "origin": [7.65, 3.9, 18.5]},
			"faces": {
				"north": {"uv": [15, 10, 16, 11], "texture": "#1"},
				"east": {"uv": [15, 0, 16, 7], "rotation": 90, "texture": "#1"},
				"south": {"uv": [12.5, 0.5, 13.5, 1.5], "texture": "#1"},
				"west": {"uv": [15, 10, 16, 11], "texture": "#1"},
				"up": {"uv": [15, 10, 16, 11], "texture": "#1"},
				"down": {"uv": [15, 10, 16, 11], "texture": "#1"}
			}
		},
		{
			"name": "octagon",
			"from": [8.33223, 1.7, 17.5],
			"to": [8.86777, 2.2, 19.5],
			"rotation": {"angle": 45, "axis": "z", "origin": [8.35, 0.95, 18.5]},
			"faces": {
				"north": {"uv": [14.5, 2.5, 15.5, 3.5], "texture": "#1"},
				"east": {"uv": [15, 10, 16, 11], "texture": "#1"},
				"south": {"uv": [13, 3.5, 14, 4.5], "texture": "#1"},
				"west": {"uv": [13.5, 3.5, 14.5, 6.5], "rotation": 90, "texture": "#1"},
				"up": {"uv": [15, 0, 16, 10], "texture": "#1"},
				"down": {"uv": [15, 10, 16, 11], "texture": "#1"}
			}
		},
		{
			"name": "octagon",
			"from": [8.4, 0.93223, 17.5],
			"to": [8.9, 1.46777, 19.5],
			"rotation": {"angle": 45, "axis": "z", "origin": [7.65, 0.95, 18.5]},
			"faces": {
				"north": {"uv": [13.5, 3.5, 14.5, 4.5], "texture": "#1"},
				"east": {"uv": [6, 10, 16, 11], "texture": "#1"},
				"south": {"uv": [14.5, 3.5, 15.5, 4.5], "texture": "#1"},
				"west": {"uv": [15, 10, 16, 11], "texture": "#1"},
				"up": {"uv": [15, 10, 16, 11], "texture": "#1"},
				"down": {"uv": [15, 1, 16, 3.5], "texture": "#1"}
			}
		},
		{
			"name": "octagon",
			"from": [7.45, 1.78223, 17.51],
			"to": [8.55, 4.78223, 19.51],
			"rotation": {"angle": 0, "axis": "z", "origin": [8, 5, 18.5]},
			"faces": {
				"north": {"uv": [15, 10, 16, 11], "texture": "#1"},
				"east": {"uv": [13, 0, 16, 4], "texture": "#1"},
				"south": {"uv": [13, 1, 15, 6], "texture": "#1"},
				"west": {"uv": [13, 0, 16, 4], "texture": "#1"},
				"up": {"uv": [15, 10, 16, 11], "texture": "#1"},
				"down": {"uv": [15, 10, 16, 11], "texture": "#1"}
			}
		},
		{
			"from": [7.45, 3.75, 12.5],
			"to": [8.55, 4.8, 17.5],
			"rotation": {"angle": 0, "axis": "y", "origin": [0, -0.5, -2.5]},
			"faces": {
				"north": {"uv": [13.5, 9.25, 16, 11], "texture": "#1"},
				"east": {"uv": [14.5, 0, 16, 6.5], "rotation": 90, "texture": "#1"},
				"south": {"uv": [13.5, 9.25, 16, 11], "texture": "#1"},
				"west": {"uv": [13.5, 0, 15, 6.5], "rotation": 90, "texture": "#1"},
				"up": {"uv": [13.5, 3, 16, 11], "texture": "#1"},
				"down": {"uv": [12.5, 0, 14, 7.5], "texture": "#1"}
			}
		},
		{
			"from": [7.46, 2.13076, 12.68995],
			"to": [8.549, 3.23076, 17.98995],
			"rotation": {"angle": 22.5, "axis": "x", "origin": [8.01, 2.88076, 16.98995]},
			"faces": {
				"north": {"uv": [13.5, 9.7, 16, 11], "texture": "#1"},
				"east": {"uv": [13.5, 1.2, 14.8, 6.2], "rotation": 90, "texture": "#1"},
				"south": {"uv": [13.5, 9.7, 16, 11], "texture": "#1"},
				"west": {"uv": [13.5, 0.7, 14.8, 5.7], "rotation": 90, "texture": "#1"},
				"up": {"uv": [13.5, 6, 16, 11], "texture": "#1"},
				"down": {"uv": [13.5, 0, 16, 6.5], "texture": "#1"}
			}
		},
		{
			"from": [7.4601, 2.93076, 15.68995],
			"to": [8.5461, 4.23076, 17.98995],
			"rotation": {"angle": 22.5, "axis": "x", "origin": [8.01, 3.68076, 16.98995]},
			"faces": {
				"north": {"uv": [13.5, 9.7, 16, 11], "texture": "#1"},
				"east": {"uv": [14, 0, 14.8, 2.5], "rotation": 90, "texture": "#1"},
				"south": {"uv": [13.5, 9.7, 16, 11], "texture": "#1"},
				"west": {"uv": [15, 0, 16, 2.5], "rotation": 90, "texture": "#1"},
				"up": {"uv": [13.5, 6, 16, 11], "texture": "#1"},
				"down": {"uv": [13.5, 6, 16, 11], "texture": "#1"}
			}
		},
		{
			"from": [7.4601, 3.93076, 11.73995],
			"to": [8.5461, 5.23076, 13.08995],
			"rotation": {"angle": 45, "axis": "x", "origin": [8.01, 4.68076, 12.68995]},
			"faces": {
				"north": {"uv": [13.5, 9.7, 16, 11], "texture": "#1"},
				"east": {"uv": [14.5, 0.2, 15.8, 1.7], "rotation": 90, "texture": "#1"},
				"south": {"uv": [13.5, 9.7, 16, 11], "texture": "#1"},
				"west": {"uv": [13.5, 0, 14.8, 1.5], "rotation": 90, "texture": "#1"},
				"up": {"uv": [14, 0, 15.5, 1.5], "texture": "#1"},
				"down": {"uv": [13.5, 6, 16, 11], "texture": "#1"}
			}
		},
		{
			"from": [7.7, -0.65, 9.9],
			"to": [8.3, 3.35, 11.9],
			"rotation": {"angle": -22.5, "axis": "x", "origin": [8, 0.5, 10.15]},
			"faces": {
				"north": {"uv": [13.5, 0.5, 15.5, 5.5], "texture": "#1"},
				"east": {"uv": [13.5, 0.5, 15.5, 5.5], "texture": "#1"},
				"south": {"uv": [13.5, 0.5, 15.5, 5.5], "texture": "#1"},
				"west": {"uv": [13.5, 0.5, 15.5, 5.5], "texture": "#1"},
				"up": {"uv": [13.5, 3.5, 15.5, 5.5], "texture": "#1"},
				"down": {"uv": [14, 3.5, 15.5, 5.5], "texture": "#1"}
			}
		},
		{
			"from": [7.75, 1.85, 7.2],
			"to": [8.25, 3.75, 9.3],
			"rotation": {"angle": 0, "axis": "y", "origin": [0, -0.5, -1]},
			"faces": {
				"north": {"uv": [0, 13, 2, 16], "texture": "#0"},
				"east": {"uv": [16, 12, 12.5, 16], "texture": "#1"},
				"south": {"uv": [0, 13, 2, 16], "texture": "#0"},
				"west": {"uv": [12.5, 12, 16, 16], "texture": "#1"},
				"up": {"uv": [0, 13, 2, 16], "texture": "#0"},
				"down": {"uv": [0, 13, 2, 16], "texture": "#0"}
			}
		},
		{
			"from": [7.45, 3.7, 11],
			"to": [8.55, 5.75, 12.5],
			"rotation": {"angle": 0, "axis": "y", "origin": [0, -0.3, 0]},
			"faces": {
				"north": {"uv": [0, 0, 2.5, 3], "texture": "#1"},
				"east": {"uv": [10, 14, 11.5, 16], "texture": "#1"},
				"south": {"uv": [0, 0, 2.5, 3], "texture": "#1"},
				"west": {"uv": [10, 14, 11.5, 16], "texture": "#1"},
				"up": {"uv": [10, 14.5, 11, 16], "texture": "#1"},
				"down": {"uv": [9, 14.5, 10, 16], "texture": "#1"}
			}
		},
		{
			"from": [7.45, 3.2, 4.7],
			"to": [8.55, 4.8, 6.5],
			"rotation": {"angle": 0, "axis": "y", "origin": [0, -0.9, -5.5]},
			"faces": {
				"north": {"uv": [7.5, 14, 8.5, 16], "texture": "#1"},
				"east": {"uv": [7, 14, 9, 16], "texture": "#1"},
				"south": {"uv": [7, 14, 9, 16], "texture": "#1"},
				"west": {"uv": [7, 14, 9, 16], "texture": "#1"},
				"up": {"uv": [0, 0, 1, 3], "texture": "#1"},
				"down": {"uv": [8, 14.5, 11, 15.5], "rotation": 90, "texture": "#1"}
			}
		},
		{
			"from": [7.35, 4.8, 7],
			"to": [8.65, 5.85, 11],
			"rotation": {"angle": 0, "axis": "y", "origin": [0, 0.8, -1.5]},
			"faces": {
				"north": {"uv": [7, 14.5, 8.5, 16], "texture": "#1"},
				"east": {"uv": [7, 14.5, 12.5, 16], "texture": "#1"},
				"south": {"uv": [7, 14.5, 8.5, 16], "texture": "#1"},
				"west": {"uv": [7, 14.5, 12.5, 16], "texture": "#1"},
				"up": {"uv": [7, 14, 12.5, 16], "rotation": 90, "texture": "#1"},
				"down": {"uv": [0, 0, 2, 2], "texture": "#1"}
			}
		},
		{
			"from": [7.35, 4.8, 3],
			"to": [8.65, 5.85, 7],
			"rotation": {"angle": 0, "axis": "y", "origin": [0, 0.8, -5.5]},
			"faces": {
				"north": {"uv": [7, 14.5, 8.5, 16], "texture": "#1"},
				"east": {"uv": [7, 14, 12.5, 15.5], "texture": "#1"},
				"south": {"uv": [7, 14.5, 8.5, 16], "texture": "#1"},
				"west": {"uv": [7, 14, 12.5, 15.5], "texture": "#1"},
				"up": {"uv": [7, 14, 12.5, 16], "rotation": 90, "texture": "#1"},
				"down": {"uv": [0, 0, 2, 2], "texture": "#1"}
			}
		},
		{
			"from": [7.65, 4.2, -3],
			"to": [8.35, 5.75, 3],
			"rotation": {"angle": 0, "axis": "y", "origin": [8, 4.975, 0]},
			"faces": {
				"north": {"uv": [7, 10.5, 8.5, 12.5], "texture": "#1"},
				"east": {"uv": [5.5, 10.5, 12.5, 12.5], "texture": "#1"},
				"south": {"uv": [7, 11, 8.5, 12.5], "texture": "#1"},
				"west": {"uv": [5.5, 10.5, 12.5, 12.5], "texture": "#1"},
				"up": {"uv": [5.5, 11, 12.5, 12.5], "rotation": 90, "texture": "#1"},
				"down": {"uv": [5.5, 11, 12.5, 12.5], "rotation": 90, "texture": "#1"}
			}
		},
		{
			"from": [7.6501, 4, 1.8],
			"to": [8.3481, 4.8, 3.3],
			"rotation": {"angle": 22.5, "axis": "x", "origin": [8, 4.4, 2.55]},
			"faces": {
				"north": {"uv": [7, 10.5, 8.5, 12.5], "texture": "#1"},
				"east": {"uv": [10.5, 11.5, 12.5, 12.5], "texture": "#1"},
				"south": {"uv": [7, 11, 8.5, 12.5], "texture": "#1"},
				"west": {"uv": [10.5, 11.5, 12.5, 12.5], "texture": "#1"},
				"up": {"uv": [5.5, 11, 12.5, 12.5], "rotation": 90, "texture": "#1"},
				"down": {"uv": [7, 11.5, 9, 12.5], "rotation": 90, "texture": "#1"}
			}
		},
		{
			"from": [7.6501, 3.6, 3.7],
			"to": [8.3481, 4.4, 5.2],
			"rotation": {"angle": 45, "axis": "x", "origin": [8, 4, 4.45]},
			"faces": {
				"north": {"uv": [7, 10.5, 8.5, 12.5], "texture": "#1"},
				"east": {"uv": [10.5, 11.5, 12.5, 12.5], "texture": "#1"},
				"south": {"uv": [7, 11, 8.5, 12.5], "texture": "#1"},
				"west": {"uv": [10.5, 11.5, 12.5, 12.5], "texture": "#1"},
				"up": {"uv": [5.5, 11, 12.5, 12.5], "rotation": 90, "texture": "#1"},
				"down": {"uv": [7, 11.5, 9, 12.5], "rotation": 90, "texture": "#1"}
			}
		},
		{
			"from": [7.45, 3.75, 3],
			"to": [8.55, 4.8, 4.7],
			"rotation": {"angle": 0, "axis": "y", "origin": [0, -0.3, -7.8]},
			"faces": {
				"north": {"uv": [7, 14.5, 8.5, 16], "texture": "#1"},
				"east": {"uv": [8.5, 14.5, 10.5, 16], "texture": "#1"},
				"south": {"uv": [7, 14.5, 8.5, 16], "texture": "#1"},
				"west": {"uv": [8.5, 14.5, 10.5, 16], "texture": "#1"},
				"up": {"uv": [7, 14, 12.5, 16], "rotation": 90, "texture": "#1"},
				"down": {"uv": [0, 0, 2, 2], "texture": "#1"}
			}
		},
		{
			"from": [7.55, 3, 6.5],
			"to": [8.55, 4.8, 11],
			"rotation": {"angle": 0, "axis": "y", "origin": [0, 0, -1.5]},
			"faces": {
				"north": {"uv": [3, 14.5, 4, 16], "texture": "#1"},
				"east": {"uv": [0, 14, 4, 16], "texture": "#1"},
				"south": {"uv": [0, 14.5, 2, 16], "rotation": 90, "texture": "#1"},
				"west": {"uv": [0, 14, 4, 16], "texture": "#1"},
				"up": {"uv": [0, 14.5, 4, 15.5], "rotation": 90, "texture": "#1"},
				"down": {"uv": [0, 14, 4, 16], "rotation": 90, "texture": "#1"}
			}
		},
		{
			"from": [7.3501, 5.77099, 4.50954],
			"to": [8.6481, 6.28099, 6.91954],
			"rotation": {"angle": 0, "axis": "x", "origin": [7.9991, 5.57599, 5.51454]},
			"faces": {
				"north": {"uv": [0, 0, 3, 1], "texture": "#1"},
				"east": {"uv": [0, 0, 3.5, 1], "texture": "#1"},
				"south": {"uv": [0, 0, 2.5, 1], "texture": "#1"},
				"west": {"uv": [0, 0, 3.5, 1], "texture": "#1"},
				"up": {"uv": [0, 0, 3, 3], "texture": "#1"},
				"down": {"uv": [0, 0, 2, 14], "texture": "#1"}
			}
		},
		{
			"from": [7.7, 0.2, 4.85],
			"to": [8.3, 3.7, 6.45],
			"rotation": {"angle": 0, "axis": "y", "origin": [8, 1.45, 5.8]},
			"faces": {
				"north": {"uv": [12.5, 9.5, 13.5, 12], "texture": "#1"},
				"east": {"uv": [15.5, 9.5, 13, 12], "texture": "#1"},
				"south": {"uv": [12.5, 9.5, 13.5, 12], "texture": "#1"},
				"west": {"uv": [13, 9.5, 15.5, 12], "texture": "#1"},
				"up": {"uv": [14.5, 9.5, 15.5, 11.5], "texture": "#1"},
				"down": {"uv": [12.5, 9.5, 13.5, 11.5], "texture": "#1"}
			}
		},
		{
			"from": [7.7, -3.45, 4.4],
			"to": [8.3, 0.55, 6],
			"rotation": {"angle": 22.5, "axis": "x", "origin": [8, -0.75, 5.3]},
			"faces": {
				"north": {"uv": [12.5, 9.5, 13.5, 12], "texture": "#1"},
				"east": {"uv": [15.5, 9.5, 13, 12], "texture": "#1"},
				"south": {"uv": [12.5, 9.5, 13.5, 12], "texture": "#1"},
				"west": {"uv": [13, 9.5, 15.5, 12], "texture": "#1"},
				"up": {"uv": [14.5, 9.5, 15.5, 11.5], "texture": "#1"},
				"down": {"uv": [12.5, 9.5, 13.5, 11.5], "texture": "#1"}
			}
		},
		{
			"name": "octagon",
			"from": [7.7, 4.44289, -8.01],
			"to": [7.8, 4.69141, -3.01],
			"rotation": {"angle": 0, "axis": "z", "origin": [8, 4.56715, -5.51]},
			"faces": {
				"north": {"uv": [5.5, 12.5, 6, 13], "texture": "#1"},
				"east": {"uv": [5.5, 13.5, 12.5, 14], "texture": "#1"},
				"south": {"uv": [2.5, 11, 3.5, 12], "texture": "#1"},
				"west": {"uv": [2, 9, 9, 10.5], "texture": "#1"},
				"up": {"uv": [5.5, 12.5, 12.5, 13], "texture": "#1"},
				"down": {"uv": [5.5, 12.5, 12.5, 13], "texture": "#1"}
			}
		},
		{
			"name": "octagon",
			"from": [7.7, 4.44289, -8.01],
			"to": [7.8, 4.69141, -3.01],
			"rotation": {"angle": -45, "axis": "z", "origin": [8, 4.56715, -5.51]},
			"faces": {
				"north": {"uv": [5.5, 12.5, 6, 13], "texture": "#1"},
				"east": {"uv": [5.5, 12.5, 12.5, 13], "texture": "#1"},
				"south": {"uv": [2.5, 11, 3.5, 12], "texture": "#1"},
				"west": {"uv": [5.5, 9, 12.5, 10.5], "texture": "#1"},
				"up": {"uv": [5.5, 12.5, 12.5, 13], "texture": "#1"},
				"down": {"uv": [5.5, 12.5, 12.5, 13], "texture": "#1"}
			}
		},
		{
			"name": "octagon",
			"from": [7.87574, 4.76715, -8.01],
			"to": [8.12426, 4.86715, -3.01],
			"rotation": {"angle": 0, "axis": "z", "origin": [8, 4.56715, -5.51]},
			"faces": {
				"north": {"uv": [5.5, 12.5, 6, 13], "rotation": 270, "texture": "#1"},
				"east": {"uv": [5.5, 12.5, 12.5, 13], "rotation": 90, "texture": "#1"},
				"south": {"uv": [2.5, 11, 3.5, 12], "rotation": 90, "texture": "#1"},
				"west": {"uv": [5.5, 12.5, 12.5, 13], "rotation": 90, "texture": "#1"},
				"up": {"uv": [5.5, 12.5, 12.5, 13], "rotation": 90, "texture": "#1"},
				"down": {"uv": [5.5, 12.5, 12.5, 13], "rotation": 90, "texture": "#1"}
			}
		},
		{
			"name": "octagon",
			"from": [7.87574, 4.76715, -8.01],
			"to": [8.12426, 4.86715, -3.01],
			"rotation": {"angle": -45, "axis": "z", "origin": [8, 4.56715, -5.51]},
			"faces": {
				"north": {"uv": [5.5, 12.5, 6, 13], "rotation": 270, "texture": "#1"},
				"east": {"uv": [5.5, 12.5, 12.5, 13], "rotation": 90, "texture": "#1"},
				"south": {"uv": [2.5, 11, 3.5, 12], "rotation": 90, "texture": "#1"},
				"west": {"uv": [5.5, 12.5, 12.5, 13], "rotation": 90, "texture": "#1"},
				"up": {"uv": [5.5, 12.5, 12.5, 13], "rotation": 90, "texture": "#1"},
				"down": {"uv": [5.5, 12.5, 12.5, 13], "rotation": 90, "texture": "#1"}
			}
		},
		{
			"name": "octagon",
			"from": [8.2, 4.44289, -8.01],
			"to": [8.3, 4.69141, -3.01],
			"rotation": {"angle": 0, "axis": "z", "origin": [8, 4.56715, -5.51]},
			"faces": {
				"north": {"uv": [5.5, 12.5, 6, 13], "rotation": 180, "texture": "#1"},
				"east": {"uv": [5.5, 12.5, 12.5, 13], "rotation": 180, "texture": "#1"},
				"south": {"uv": [2.5, 11, 3.5, 12], "rotation": 180, "texture": "#1"},
				"west": {"uv": [5.5, 12.5, 12.5, 13], "rotation": 180, "texture": "#1"},
				"up": {"uv": [5.5, 12.5, 12.5, 13], "rotation": 180, "texture": "#1"},
				"down": {"uv": [5.5, 12.5, 12.5, 13], "rotation": 180, "texture": "#1"}
			}
		},
		{
			"name": "octagon",
			"from": [8.2, 4.44289, -8.01],
			"to": [8.3, 4.69141, -3.01],
			"rotation": {"angle": -45, "axis": "z", "origin": [8, 4.56715, -5.51]},
			"faces": {
				"north": {"uv": [5.5, 12.5, 6, 13], "rotation": 180, "texture": "#1"},
				"east": {"uv": [5.5, 12.5, 12.5, 13], "rotation": 180, "texture": "#1"},
				"south": {"uv": [2.5, 11, 3.5, 12], "rotation": 180, "texture": "#1"},
				"west": {"uv": [5.5, 12.5, 12.5, 13], "rotation": 180, "texture": "#1"},
				"up": {"uv": [5.5, 12.5, 12.5, 13], "rotation": 180, "texture": "#1"},
				"down": {"uv": [5.5, 12.5, 12.5, 13], "rotation": 180, "texture": "#1"}
			}
		},
		{
			"name": "octagon",
			"from": [7.87574, 4.26715, -8.01],
			"to": [8.12426, 4.36715, -3.01],
			"rotation": {"angle": 0, "axis": "z", "origin": [8, 4.56715, -5.51]},
			"faces": {
				"north": {"uv": [5.5, 12.5, 6, 13], "rotation": 90, "texture": "#1"},
				"east": {"uv": [5.5, 12.5, 12.5, 13], "rotation": 270, "texture": "#1"},
				"south": {"uv": [2.5, 11, 3.5, 12], "rotation": 270, "texture": "#1"},
				"west": {"uv": [5.5, 12.5, 12.5, 13], "rotation": 270, "texture": "#1"},
				"up": {"uv": [5.5, 12.5, 12.5, 13], "rotation": 270, "texture": "#1"},
				"down": {"uv": [5.5, 12.5, 12.5, 13], "rotation": 270, "texture": "#1"}
			}
		},
		{
			"name": "octagon",
			"from": [7.87574, 4.26715, -8.01],
			"to": [8.12426, 4.36715, -3.01],
			"rotation": {"angle": -45, "axis": "z", "origin": [8, 4.56715, -5.51]},
			"faces": {
				"north": {"uv": [5.5, 12.5, 6, 13], "rotation": 90, "texture": "#1"},
				"east": {"uv": [5.5, 12.5, 12.5, 13], "rotation": 270, "texture": "#1"},
				"south": {"uv": [2.5, 11, 3.5, 12], "rotation": 270, "texture": "#1"},
				"west": {"uv": [5.5, 12.5, 12.5, 13], "rotation": 270, "texture": "#1"},
				"up": {"uv": [5.5, 12.5, 12.5, 13], "rotation": 270, "texture": "#1"},
				"down": {"uv": [5.5, 12.5, 12.5, 13], "rotation": 270, "texture": "#1"}
			}
		},
		{
			"name": "octagon",
			"from": [7.7, 5.24289, -3.31],
			"to": [8.3, 5.49141, 1.69],
			"rotation": {"angle": 0, "axis": "y", "origin": [8, 5.36715, -0.81]},
			"faces": {
				"north": {"uv": [5.5, 12.5, 6, 13], "texture": "#1"},
				"east": {"uv": [5.5, 13.5, 12.5, 14], "texture": "#1"},
				"south": {"uv": [2.5, 11, 3.5, 12], "texture": "#1"},
				"west": {"uv": [5.5, 13, 12.5, 13.5], "texture": "#1"},
				"up": {"uv": [5.5, 12.5, 12.5, 13], "texture": "#1"},
				"down": {"uv": [5.5, 12.5, 12.5, 13], "texture": "#1"}
			}
		},
		{
			"name": "octagon",
			"from": [7.925, 5.3, -4.31],
			"to": [8.075, 5.45, -3.31],
			"rotation": {"angle": 0, "axis": "y", "origin": [8, 5.36715, -5.81]},
			"faces": {
				"north": {"uv": [5.5, 12.5, 6, 13], "texture": "#1"},
				"east": {"uv": [5.5, 12.5, 8, 13], "texture": "#1"},
				"south": {"uv": [2.5, 11, 3.5, 12], "texture": "#1"},
				"west": {"uv": [5.5, 12.5, 8, 13], "texture": "#1"},
				"up": {"uv": [5.5, 12.5, 8, 13], "rotation": 90, "texture": "#1"},
				"down": {"uv": [5.5, 12.5, 8, 13], "rotation": 90, "texture": "#1"}
			}
		},
		{
			"name": "octagon",
			"from": [7.7, 5.24289, -3.31],
			"to": [8.3, 5.49141, 1.69],
			"rotation": {"angle": -45, "axis": "z", "origin": [8, 5.36715, -0.81]},
			"faces": {
				"north": {"uv": [5.5, 12.5, 6, 13], "texture": "#1"},
				"east": {"uv": [5.5, 12.5, 12.5, 13], "texture": "#1"},
				"south": {"uv": [2.5, 11, 3.5, 12], "texture": "#1"},
				"west": {"uv": [5.5, 12.5, 12.5, 13], "texture": "#1"},
				"up": {"uv": [5.5, 12.5, 12.5, 13], "texture": "#1"},
				"down": {"uv": [5.5, 12.5, 12.5, 13], "texture": "#1"}
			}
		},
		{
			"name": "octagon",
			"from": [7.87574, 5.06715, -3.31],
			"to": [8.12426, 5.66715, 1.69],
			"rotation": {"angle": 0, "axis": "y", "origin": [8, 5.36715, -0.81]},
			"faces": {
				"north": {"uv": [5.5, 12.5, 6, 13], "rotation": 270, "texture": "#1"},
				"east": {"uv": [5.5, 12.5, 12.5, 13], "rotation": 90, "texture": "#1"},
				"south": {"uv": [2.5, 11, 3.5, 12], "rotation": 90, "texture": "#1"},
				"west": {"uv": [5.5, 12.5, 12.5, 13], "rotation": 90, "texture": "#1"},
				"up": {"uv": [5.5, 12.5, 12.5, 13], "rotation": 90, "texture": "#1"},
				"down": {"uv": [5.5, 12.5, 12.5, 13], "rotation": 90, "texture": "#1"}
			}
		},
		{
			"name": "octagon",
			"from": [7.87574, 5.06715, -3.31],
			"to": [8.12426, 5.66715, 1.69],
			"rotation": {"angle": -45, "axis": "z", "origin": [8, 5.36715, -0.81]},
			"faces": {
				"north": {"uv": [5.5, 12.5, 6, 13], "rotation": 270, "texture": "#1"},
				"east": {"uv": [5.5, 12.5, 12.5, 13], "rotation": 90, "texture": "#1"},
				"south": {"uv": [2.5, 11, 3.5, 12], "rotation": 90, "texture": "#1"},
				"west": {"uv": [5.5, 12.5, 12.5, 13], "rotation": 90, "texture": "#1"},
				"up": {"uv": [5.5, 12.5, 12.5, 13], "rotation": 90, "texture": "#1"},
				"down": {"uv": [5.5, 12.5, 12.5, 13], "rotation": 90, "texture": "#1"}
			}
		},
		{
			"from": [7.4, 6.25, 4.6],
			"to": [7.8, 6.53, 6.9],
			"rotation": {"angle": 0, "axis": "z", "origin": [8, 6.75, 5.25]},
			"faces": {
				"north": {"uv": [0, 0, 0.25, 0.5], "texture": "#1"},
				"east": {"uv": [0, 0, 2.4, 0.5], "texture": "#1"},
				"south": {"uv": [0.5, 1.5, 1.5, 2], "texture": "#1"},
				"west": {"uv": [0, 0, 4, 0.5], "texture": "#1"},
				"up": {"uv": [0, 0, 1, 4], "texture": "#1"},
				"down": {"uv": [0, 0, 0.25, 0.4], "texture": "#1"}
			}
		},
		{
			"from": [8.2, 6.25, 4.6],
			"to": [8.6, 6.53, 6.9],
			"rotation": {"angle": 0, "axis": "y", "origin": [8.8, 6.75, 5.25]},
			"faces": {
				"north": {"uv": [0, 0, 0.25, 0.5], "texture": "#1"},
				"east": {"uv": [0, 0, 4, 0.5], "texture": "#1"},
				"south": {"uv": [2, 1.5, 3, 2], "texture": "#1"},
				"west": {"uv": [0, 0, 4, 0.5], "texture": "#1"},
				"up": {"uv": [0, 0, 0.5, 4], "texture": "#1"},
				"down": {"uv": [0, 0, 0.25, 0.4], "texture": "#1"}
			}
		},
		{
			"from": [7.701, 4.55, -7.5],
			"to": [8.299, 6.05, -6.9],
			"rotation": {"angle": 0, "axis": "y", "origin": [8, 5.3, -7.25]},
			"faces": {
				"north": {"uv": [10.5, 1, 11.5, 2.5], "texture": "#1"},
				"east": {"uv": [9.5, 0, 10.5, 2], "texture": "#1"},
				"south": {"uv": [9.5, 0, 10.5, 1.5], "texture": "#1"},
				"west": {"uv": [9.5, 0, 10.5, 2], "texture": "#1"},
				"up": {"uv": [9.5, 0, 10.5, 0.5], "texture": "#1"},
				"down": {"uv": [9.5, 0, 10.5, 0.5], "texture": "#1"}
			}
		},
		{
			"from": [7.702, 4.55, -7.2],
			"to": [8.298, 6.15, -6.6],
			"rotation": {"angle": -22.5, "axis": "x", "origin": [8, 5.3, -6.85]},
			"faces": {
				"north": {"uv": [10.5, 1, 11.5, 2.5], "texture": "#1"},
				"east": {"uv": [9.5, 0, 10.5, 2], "texture": "#1"},
				"south": {"uv": [9.5, 0, 10.5, 2], "texture": "#1"},
				"west": {"uv": [9.5, 0, 10.5, 2], "texture": "#1"},
				"up": {"uv": [9.5, 0, 10.5, 0.5], "texture": "#1"},
				"down": {"uv": [9.5, 0, 10.5, 0.5], "texture": "#1"}
			}
		},
		{
			"from": [7.5, 6.15, -7.5],
			"to": [7.6, 6.63, -6.9],
			"rotation": {"angle": 22.5, "axis": "z", "origin": [8.1, 6.65, -7.25]},
			"faces": {
				"north": {"uv": [9.5, 0, 9.75, 0.5], "texture": "#1"},
				"east": {"uv": [9.5, 0, 9.9, 0.5], "texture": "#1"},
				"south": {"uv": [9.5, 1, 10, 1.5], "texture": "#1"},
				"west": {"uv": [9.5, 0, 9.9, 0.5], "texture": "#1"},
				"up": {"uv": [9.5, 0, 9.75, 0.4], "texture": "#1"},
				"down": {"uv": [9.5, 0, 9.75, 0.4], "texture": "#1"}
			}
		},
		{
			"from": [7.95, 5.95, -7.5],
			"to": [8.05, 6.43, -6.9],
			"rotation": {"angle": 0, "axis": "z", "origin": [7.95, 6.19, -7.25]},
			"faces": {
				"north": {"uv": [9.5, 0, 9.75, 0.5], "texture": "#1"},
				"east": {"uv": [9.5, 0, 9.9, 0.5], "texture": "#1"},
				"south": {"uv": [10, 1.5, 10.5, 0], "texture": "#1"},
				"west": {"uv": [9.5, 0, 9.9, 0.5], "texture": "#1"},
				"up": {"uv": [9.5, 0, 9.75, 0.4], "texture": "#1"},
				"down": {"uv": [9.5, 0, 9.75, 0.4], "texture": "#1"}
			}
		},
		{
			"from": [8.27677, 6.37407, -7.5],
			"to": [8.37677, 6.77407, -6.9],
			"rotation": {"angle": 22.5, "axis": "z", "origin": [8.32677, 6.57407, -7.2]},
			"faces": {
				"north": {"uv": [9.75, 0, 9.5, 0.5], "texture": "#1"},
				"east": {"uv": [9.9, 0, 9.5, 0.5], "texture": "#1"},
				"south": {"uv": [10.5, 1, 10, 1.5], "texture": "#1"},
				"west": {"uv": [9.9, 0, 9.5, 0.5], "texture": "#1"},
				"up": {"uv": [9.75, 0, 9.5, 0.4], "texture": "#1"},
				"down": {"uv": [9.75, 0, 9.5, 0.4], "texture": "#1"}
			}
		},
		{
			"from": [7.7, 6.678, -7.5],
			"to": [8.3, 6.778, -6.9],
			"rotation": {"angle": 0, "axis": "z", "origin": [8.02677, 6.77407, -7.2]},
			"faces": {
				"north": {"uv": [9.75, 0, 9.5, 0.5], "rotation": 90, "texture": "#1"},
				"east": {"uv": [9.75, 0, 9.5, 0.4], "rotation": 270, "texture": "#1"},
				"south": {"uv": [10, 1, 9.5, 1.5], "rotation": 270, "texture": "#1"},
				"west": {"uv": [9.75, 0, 9.5, 0.4], "rotation": 270, "texture": "#1"},
				"up": {"uv": [9.9, 0, 9.5, 0.5], "rotation": 270, "texture": "#1"},
				"down": {"uv": [9.9, 0, 9.5, 0.5], "rotation": 270, "texture": "#1"}
			}
		},
		{
			"from": [8.4, 6.15, -7.5],
			"to": [8.5, 6.63, -6.9],
			"rotation": {"angle": -22.5, "axis": "z", "origin": [7.9, 6.65, -7.25]},
			"faces": {
				"north": {"uv": [9.75, 0, 9.5, 0.5], "texture": "#1"},
				"east": {"uv": [9.9, 0, 9.5, 0.5], "texture": "#1"},
				"south": {"uv": [10.5, 1, 10, 1.5], "texture": "#1"},
				"west": {"uv": [9.9, 0, 9.5, 0.5], "texture": "#1"},
				"up": {"uv": [9.75, 0, 9.5, 0.4], "texture": "#1"},
				"down": {"uv": [9.75, 0, 9.5, 0.4], "texture": "#1"}
			}
		},
		{
			"from": [7.7, 6.14, -7.5],
			"to": [7.8, 6.54, -6.9],
			"rotation": {"angle": -22.5, "axis": "z", "origin": [8.3, 6.65, -7.25]},
			"faces": {
				"north": {"uv": [9.5, 0, 9.75, 0.5], "texture": "#1"},
				"east": {"uv": [9.5, 0, 9.9, 0.5], "texture": "#1"},
				"south": {"uv": [9.5, 1, 10, 1.5], "texture": "#1"},
				"west": {"uv": [9.5, 0, 9.9, 0.5], "texture": "#1"},
				"up": {"uv": [9.5, 0, 9.75, 0.4], "texture": "#1"},
				"down": {"uv": [9.5, 0, 9.75, 0.4], "texture": "#1"}
			}
		},
		{
			"name": "octagon",
			"from": [7.725, 4.41, -7.75],
			"to": [8.275, 4.72066, -7.75],
			"rotation": {"angle": 0, "axis": "y", "origin": [8, 4.56533, -7.75]},
			"faces": {
				"north": {"uv": [15, 4, 16, 5], "texture": "#0"},
				"east": {"uv": [15, 4, 16, 5], "texture": "#0"},
				"south": {"uv": [15, 4, 16, 5], "texture": "#0"},
				"west": {"uv": [15, 4, 16, 5], "texture": "#0"},
				"up": {"uv": [15, 4, 16, 5], "texture": "#0"},
				"down": {"uv": [15, 4, 16, 5], "texture": "#0"}
			}
		},
		{
			"name": "octagon",
			"from": [7.84467, 4.29033, -7.75],
			"to": [8.15533, 4.84033, -7.75],
			"rotation": {"angle": 0, "axis": "z", "origin": [8, 4.56533, -7.75]},
			"faces": {
				"north": {"uv": [15, 4, 16, 5], "rotation": 90, "texture": "#0"},
				"east": {"uv": [15, 4, 16, 5], "rotation": 270, "texture": "#0"},
				"south": {"uv": [15, 4, 16, 5], "rotation": 270, "texture": "#0"},
				"west": {"uv": [15, 4, 16, 5], "rotation": 270, "texture": "#0"},
				"up": {"uv": [15, 4, 16, 5], "rotation": 270, "texture": "#0"},
				"down": {"uv": [15, 4, 16, 5], "rotation": 270, "texture": "#0"}
			}
		}
	],
	"display": {
		"thirdperson_righthand": {
			"translation": [-0.25, 4.75, 1.25],
			"scale": [0.95, 0.95, 0.95]
		},
		"thirdperson_lefthand": {
			"translation": [-12, 5, 1]
		},
		"firstperson_righthand": {
			"translation": [-9.05, 24, 5.75],
			"scale": [4, 4, 3]
		},
		"firstperson_lefthand": {
			"translation": [-27.25, 12.5, -18],
			"scale": [4, 4, 3.33]
		},
		"ground": {
			"rotation": [0, 0, -90],
			"translation": [3.25, -3, 1.5],
			"scale": [0.9, 0.9, 0.9]
		},
		"gui": {
			"rotation": [28, 136, -23],
			"translation": [0.75, 6, 0],
			"scale": [1.09, 1.09, 1.09]
		},
		"head": {
			"translation": [0, 9.75, -13.75],
			"scale": [1.36, 1.36, 1.36]
		},
		"fixed": {
			"rotation": [0, -90, 0],
			"translation": [-2.5, 6.5, -1],
			"scale": [1.2, 1.2, 1.2]
		}
	},
	"groups": [
		{
			"name": "stock",
			"origin": [8, 8, 8],
			"color": 0,
			"children": [0, 1, 2, 3, 4, 5, 6, 7, 8, 9, 10]
		},
		{
			"name": "gun_base",
			"origin": [0, 0, 0],
			"color": 0,
			"children": [
				{
					"name": "grip",
					"origin": [8, 5.55, 3],
					"color": 0,
					"children": []
				},
				11,
				12,
				13,
				14,
				15,
				16,
				17,
				18,
				19,
				20,
				21,
				22
			]
		},
		{
			"name": "magazine",
			"origin": [0, -0.5, -0.25],
			"color": 0,
			"children": [23, 24]
		},
		{
			"name": "bend",
			"origin": [8, 8, 8],
			"color": 0,
			"children": []
		},
		{
			"name": "above_barrel",
			"origin": [8, 8, 8],
			"color": 0,
			"children": []
		},
		{
			"name": "barrel",
			"origin": [8, 8, 8],
			"color": 0,
			"children": [
				25,
				26,
				27,
				28,
				29,
				30,
				31,
				32,
				{
					"name": "barrel",
					"origin": [8, 8, 8],
					"color": 0,
					"children": [33, 34, 35, 36, 37]
				}
			]
		},
		{
			"name": "iron_sight",
			"origin": [0, 0, 0],
			"color": 0,
			"children": [
				38,
				39,
				{
					"name": "group",
					"origin": [8.2, 7.65, -11.25],
					"color": 0,
					"children": [40, 41, 42, 43, 44, 45, 46, 47]
				}
			]
		},
		{
			"name": "hole",
			"origin": [8, 8, 8],
			"color": 0,
			"children": [48, 49]
		}
	]
}