{
	"format_version": "1.21.6",
	"credit": "Made with Blockbench",
	"textures": {
		"1": "chems_guns:item/gun_ammo/mp5"
	},
	"elements": [
		{
			"name": "octagon",
			"from": [7.79289, 6.65, -0.76],
			"to": [8.20711, 6.95, 4.74],
			"rotation": {"angle": 0, "axis": "z", "origin": [8, 6.45, 0.75]},
			"faces": {
				"north": {"uv": [6, 0, 7, 1], "texture": "#1"},
				"east": {"uv": [0, 0, 1, 1], "texture": "#1"},
				"south": {"uv": [0, 0, 1, 1], "texture": "#1"},
				"west": {"uv": [0, 0, 1, 1], "texture": "#1"},
				"up": {"uv": [4, 10, 12, 11], "rotation": 90, "texture": "#1"},
				"down": {"uv": [0, 0, 1, 1], "texture": "#1"}
			}
		},
		{
			"name": "octagon",
			"from": [7.5, 6.24289, -0.75],
			"to": [7.8, 6.65711, 4.75],
			"rotation": {"angle": 45, "axis": "z", "origin": [8, 6.45, 0.75]},
			"faces": {
				"north": {"uv": [0, 0, 1, 1], "texture": "#1"},
				"east": {"uv": [0, 0, 1, 1], "texture": "#1"},
				"south": {"uv": [0, 0, 1, 1], "texture": "#1"},
				"west": {"uv": [4, 10, 12, 11], "texture": "#1"},
				"up": {"uv": [0, 0, 1, 1], "texture": "#1"},
				"down": {"uv": [0, 0, 1, 1], "texture": "#1"}
			}
		},
		{
			"name": "octagon",
			"from": [7.5, 6.24289, -0.76],
			"to": [7.8, 6.65711, 4.74],
			"rotation": {"angle": 0, "axis": "z", "origin": [8, 6.45, 0.75]},
			"faces": {
				"north": {"uv": [0, 11, 1, 12], "texture": "#1"},
				"east": {"uv": [0, 0, 1, 1], "texture": "#1"},
				"south": {"uv": [0, 0, 1, 1], "texture": "#1"},
				"west": {"uv": [4, 11, 12, 10], "texture": "#1"},
				"up": {"uv": [0, 0, 1, 1], "texture": "#1"},
				"down": {"uv": [0, 0, 1, 1], "texture": "#1"}
			}
		},
		{
			"name": "octagon",
			"from": [8.2, 6.24289, -0.75],
			"to": [8.5, 6.65711, 4.75],
			"rotation": {"angle": 45, "axis": "z", "origin": [8, 6.45, 0.75]},
			"faces": {
				"north": {"uv": [0, 8, 1, 9], "texture": "#1"},
				"east": {"uv": [4, 10, 12, 11], "texture": "#1"},
				"south": {"uv": [0, 0, 1, 1], "texture": "#1"},
				"west": {"uv": [0, 0, 1, 1], "texture": "#1"},
				"up": {"uv": [0, 0, 1, 1], "texture": "#1"},
				"down": {"uv": [0, 0, 1, 1], "texture": "#1"}
			}
		},
		{
			"name": "octagon",
			"from": [8.2, 6.24289, -0.76],
			"to": [8.5, 6.65711, 4.74],
			"rotation": {"angle": 0, "axis": "z", "origin": [8, 6.45, 0.75]},
			"faces": {
				"north": {"uv": [0, 6, 1, 7], "texture": "#1"},
				"east": {"uv": [4, 10, 12, 11], "texture": "#1"},
				"south": {"uv": [0, 0, 1, 1], "texture": "#1"},
				"west": {"uv": [0, 0, 1, 1], "texture": "#1"},
				"up": {"uv": [0, 0, 1, 1], "texture": "#1"},
				"down": {"uv": [0, 0, 1, 1], "texture": "#1"}
			}
		},
		{
			"name": "octagon",
			"from": [7.84467, 6.0625, -0.6575],
			"to": [8.15533, 6.8125, -0.6575],
			"rotation": {"angle": 0, "axis": "y", "origin": [8, 6.4375, 0.1]},
			"faces": {
				"north": {"uv": [15, 8, 16, 9], "texture": "#1"},
				"east": {"uv": [0, 15, 1, 16], "texture": "#1"},
				"south": {"uv": [0, 15, 1, 16], "texture": "#1"},
				"west": {"uv": [0, 15, 1, 16], "texture": "#1"},
				"up": {"uv": [0, 15, 1, 16], "texture": "#1"},
				"down": {"uv": [0, 15, 1, 16], "texture": "#1"}
			}
		},
		{
			"name": "octagon",
			"from": [7.84467, 6.0625, -0.65],
			"to": [8.15533, 6.8125, -0.65],
			"rotation": {"angle": 45, "axis": "z", "origin": [8, 6.4375, 0.1]},
			"faces": {
				"north": {"uv": [15, 8, 16, 9], "texture": "#1"},
				"east": {"uv": [0, 15, 1, 16], "texture": "#1"},
				"south": {"uv": [0, 15, 1, 16], "texture": "#1"},
				"west": {"uv": [0, 15, 1, 16], "texture": "#1"},
				"up": {"uv": [0, 15, 1, 16], "texture": "#1"},
				"down": {"uv": [0, 15, 1, 16], "texture": "#1"}
			}
		},
		{
			"name": "octagon",
			"from": [7.84467, 6.5875, -0.6575],
			"to": [8.15533, 6.8125, -0.6575],
			"rotation": {"angle": 0, "axis": "y", "origin": [8, 6.4375, 0.1]},
			"faces": {
				"north": {"uv": [15, 8, 16, 9], "texture": "#1"},
				"east": {"uv": [0, 15, 1, 16], "texture": "#1"},
				"south": {"uv": [0, 15, 1, 16], "texture": "#1"},
				"west": {"uv": [0, 15, 1, 16], "texture": "#1"},
				"up": {"uv": [0, 15, 1, 16], "texture": "#1"},
				"down": {"uv": [0, 15, 1, 16], "texture": "#1"}
			}
		},
		{
			"name": "octagon",
			"from": [7.625, 6.28217, -0.65],
			"to": [8.375, 6.59283, -0.65],
			"rotation": {"angle": 45, "axis": "z", "origin": [8, 6.4375, 0.1]},
			"faces": {
				"north": {"uv": [15, 8, 16, 9], "texture": "#1"},
				"east": {"uv": [0, 15, 1, 16], "texture": "#1"},
				"south": {"uv": [0, 15, 1, 16], "texture": "#1"},
				"west": {"uv": [0, 15, 1, 16], "texture": "#1"},
				"up": {"uv": [0, 15, 1, 16], "texture": "#1"},
				"down": {"uv": [0, 15, 1, 16], "texture": "#1"}
			}
		},
		{
			"name": "octagon",
			"from": [7.625, 6.28217, -0.6575],
			"to": [8.375, 6.59283, -0.6575],
			"rotation": {"angle": 0, "axis": "y", "origin": [8, 6.4375, 0.1]},
			"faces": {
				"north": {"uv": [15, 8, 16, 9], "texture": "#1"},
				"east": {"uv": [0, 15, 1, 16], "texture": "#1"},
				"south": {"uv": [0, 15, 1, 16], "texture": "#1"},
				"west": {"uv": [0, 15, 1, 16], "texture": "#1"},
				"up": {"uv": [0, 15, 1, 16], "texture": "#1"},
				"down": {"uv": [0, 15, 1, 16], "texture": "#1"}
			}
		},
		{
			"from": [7.5, -3.5, 5.05],
			"to": [8.5, 4.5, 6.55],
			"rotation": {"angle": 0, "axis": "y", "origin": [8, 1.39806, 6.73516]},
			"faces": {
				"north": {"uv": [14, 0, 16, 8], "texture": "#1"},
				"east": {"uv": [14, 0, 16, 8], "texture": "#1"},
				"south": {"uv": [16, 0, 14, 8], "texture": "#1"},
				"west": {"uv": [14, 0, 16, 8], "texture": "#1"},
				"up": {"uv": [14.25, 6, 15.75, 7.5], "texture": "#1"},
				"down": {"uv": [14.25, 0, 15.75, 1.5], "texture": "#1"}
			}
		},
		{
			"from": [7.4, 5, 4],
			"to": [8.6, 6, 11],
			"faces": {
				"north": {"uv": [5, 11, 7, 12], "texture": "#1"},
				"east": {"uv": [5, 11, 12, 12], "texture": "#1"},
				"south": {"uv": [10, 11, 12, 12], "texture": "#1"},
				"west": {"uv": [5, 11, 12, 12], "texture": "#1"},
				"up": {"uv": [7, 3, 9, 10], "texture": "#1"},
				"down": {"uv": [7, 3, 9, 10], "texture": "#1"}
			}
		},
		{
			"from": [7.75, 4.1, 7.36],
			"to": [8.25, 5.6, 9.11],
			"rotation": {"angle": 0, "axis": "y", "origin": [0, 0.6, 0]},
			"faces": {
				"north": {"uv": [15.5, 9, 16, 10.5], "texture": "#1"},
				"east": {"uv": [14.25, 9, 16, 10.5], "texture": "#1"},
				"south": {"uv": [15.5, 9, 16, 10.5], "texture": "#1"},
				"west": {"uv": [14.25, 9, 16, 10.5], "texture": "#1"},
				"up": {"uv": [15.5, 9, 16, 10.75], "texture": "#1"},
				"down": {"uv": [15.5, 9, 16, 10.75], "texture": "#1"}
			}
		},
		{
			"from": [7.51, 0.75, 9],
			"to": [8.51, 5.75, 11],
			"rotation": {"angle": -22.5, "axis": "x", "origin": [8, 3.5, 10]},
			"faces": {
				"north": {"uv": [4, 3, 6, 8], "texture": "#1"},
				"east": {"uv": [4, 3, 6, 8], "texture": "#1"},
				"south": {"uv": [4, 3, 6, 8], "texture": "#1"},
				"west": {"uv": [4, 3, 6, 8], "texture": "#1"},
				"up": {"uv": [4, 6, 6, 8], "texture": "#1"},
				"down": {"uv": [4, 3, 6, 5], "texture": "#1"}
			}
		},
		{
			"from": [7.26, 3.25, 4.8],
			"to": [8.76, 6.75, 6.8],
			"rotation": {"angle": 0, "axis": "x", "origin": [8, 3.5, 5.8]},
			"faces": {
				"north": {"uv": [4, 3, 7, 10], "texture": "#1"},
				"east": {"uv": [4, 3, 8, 10], "texture": "#1"},
				"south": {"uv": [4, 3, 7, 10], "texture": "#1"},
				"west": {"uv": [4, 3, 8, 10], "texture": "#1"},
				"up": {"uv": [4, 6, 6, 8], "texture": "#1"},
				"down": {"uv": [4, 3, 7, 7], "texture": "#1"}
			}
		},
		{
			"from": [7.36, 4.85, 4.4],
			"to": [8.66, 6.05, 6.4],
			"rotation": {"angle": -45, "axis": "x", "origin": [8, 5.1, 5.4]},
			"faces": {
				"north": {"uv": [7, 3, 10, 6], "rotation": 90, "texture": "#1"},
				"east": {"uv": [7, 3, 10, 8], "rotation": 90, "texture": "#1"},
				"south": {"uv": [4, 3, 6, 8], "texture": "#1"},
				"west": {"uv": [7, 3, 10, 8], "rotation": 90, "texture": "#1"},
				"up": {"uv": [4, 6, 6, 8], "texture": "#1"},
				"down": {"uv": [4, 3, 6, 5], "texture": "#1"}
			}
		},
		{
			"name": "octagon",
			"from": [7.58579, 5.4, 4.002],
			"to": [8.41421, 7.4, 11.002],
			"rotation": {"angle": 45, "axis": "z", "origin": [8, 6.4, 10]},
			"faces": {
				"north": {"uv": [10, 0, 11, 1], "texture": "#1"},
				"east": {"uv": [0, 0, 1, 1], "texture": "#1"},
				"south": {"uv": [0, 0, 1, 1], "texture": "#1"},
				"west": {"uv": [0, 0, 1, 1], "texture": "#1"},
				"up": {"uv": [0, 0, 2, 12], "texture": "#1"},
				"down": {"uv": [0, 12, 1, 0], "texture": "#1"}
			}
		},
		{
			"name": "octagon",
			"from": [7.58579, 5.4, 3.98],
			"to": [8.41421, 7.4, 10.98],
			"rotation": {"angle": 0, "axis": "z", "origin": [8, 6.4, 10]},
			"faces": {
				"north": {"uv": [3, 0, 4, 1], "texture": "#1"},
				"east": {"uv": [0, 0, 1, 1], "texture": "#1"},
				"south": {"uv": [5, 0, 6, 1], "texture": "#1"},
				"west": {"uv": [0, 0, 1, 1], "texture": "#1"},
				"up": {"uv": [0, 0, 2, 12], "texture": "#1"},
				"down": {"uv": [0, 12, 1, 0], "texture": "#1"}
			}
		},
		{
			"name": "octagon",
			"from": [7, 5.98579, 4.001],
			"to": [9, 6.81421, 11.001],
			"rotation": {"angle": 45, "axis": "z", "origin": [8, 6.4, 10]},
			"faces": {
				"north": {"uv": [0, 0, 1, 1], "texture": "#1"},
				"east": {"uv": [14, 0, 0, 2], "texture": "#1"},
				"south": {"uv": [11, 0, 12, 1], "texture": "#1"},
				"west": {"uv": [1, 0, 13, 1], "texture": "#1"},
				"up": {"uv": [0, 0, 1, 1], "texture": "#1"},
				"down": {"uv": [0, 0, 1, 1], "texture": "#1"}
			}
		},
		{
			"name": "octagon",
			"from": [7, 5.98579, 4.003],
			"to": [9, 6.81421, 11.003],
			"rotation": {"angle": 0, "axis": "z", "origin": [8, 6.4, 10]},
			"faces": {
				"north": {"uv": [2, 0, 3, 1], "texture": "#1"},
				"east": {"uv": [12, 0, 0, 1], "texture": "#1"},
				"south": {"uv": [4, 0, 6, 1], "texture": "#1"},
				"west": {"uv": [0, 0, 14, 2], "texture": "#1"},
				"up": {"uv": [0, 0, 1, 1], "texture": "#1"},
				"down": {"uv": [0, 0, 1, 1], "texture": "#1"}
			}
		},
		{
			"name": "octagon",
			"from": [7.58579, 5.4, -0.02],
			"to": [8.41421, 7.4, 3.18],
			"rotation": {"angle": 0, "axis": "y", "origin": [8, 6.4, 3]},
			"faces": {
				"north": {"uv": [3, 0, 4, 1], "texture": "#1"},
				"south": {"uv": [5, 0, 6, 1], "texture": "#1"},
				"up": {"uv": [0, 12, 14, 16], "rotation": 90, "texture": "#1"},
				"down": {"uv": [14, 12, 0, 16], "rotation": 90, "texture": "#1"}
			}
		},
		{
			"name": "octagon",
			"from": [7, 5.98579, -0.02],
			"to": [9, 6.81421, 3.18],
			"rotation": {"angle": 0, "axis": "z", "origin": [8, 6.4, 3]},
			"faces": {
				"north": {"uv": [3, 0, 4, 1], "rotation": 90, "texture": "#1"},
				"east": {"uv": [14, 12, 0, 16], "texture": "#1"},
				"south": {"uv": [5, 0, 6, 1], "rotation": 270, "texture": "#1"},
				"west": {"uv": [0, 12, 14, 16], "texture": "#1"}
			}
		},
		{
			"name": "octagon",
			"from": [7.58579, 5.4, 3.18],
			"to": [8.41421, 7.4, 3.98],
			"rotation": {"angle": -45, "axis": "z", "origin": [8, 6.4, 6.2]},
			"faces": {
				"north": {"uv": [3, 0, 4, 1], "texture": "#1"},
				"south": {"uv": [5, 0, 6, 1], "texture": "#1"},
				"up": {"uv": [13, 13, 16, 16], "rotation": 90, "texture": "#1"},
				"down": {"uv": [16, 13, 13, 16], "rotation": 90, "texture": "#1"}
			}
		},
		{
			"name": "octagon",
			"from": [7.58579, 5.4, 3.18],
			"to": [8.41421, 7.4, 3.98],
			"rotation": {"angle": 0, "axis": "y", "origin": [8, 6.4, 6.2]},
			"faces": {
				"north": {"uv": [3, 0, 4, 1], "texture": "#1"},
				"south": {"uv": [5, 0, 6, 1], "texture": "#1"},
				"up": {"uv": [13, 13, 16, 16], "rotation": 90, "texture": "#1"},
				"down": {"uv": [16, 13, 13, 16], "rotation": 90, "texture": "#1"}
			}
		},
		{
			"name": "octagon",
			"from": [7.58579, 5.4, 3.18],
			"to": [8.41421, 7.4, 3.98],
			"rotation": {"angle": 45, "axis": "z", "origin": [8, 6.4, 6.2]},
			"faces": {
				"north": {"uv": [3, 0, 4, 1], "texture": "#1"},
				"south": {"uv": [5, 0, 6, 1], "texture": "#1"},
				"up": {"uv": [13, 13, 16, 16], "rotation": 90, "texture": "#1"},
				"down": {"uv": [16, 13, 13, 16], "rotation": 90, "texture": "#1"}
			}
		},
		{
			"name": "octagon",
			"from": [7, 5.98579, 3.18],
			"to": [9, 6.81421, 3.98],
			"rotation": {"angle": 0, "axis": "y", "origin": [8, 6.4, 6.2]},
			"faces": {
				"north": {"uv": [3, 0, 4, 1], "rotation": 90, "texture": "#1"},
				"east": {"uv": [16, 13, 13, 16], "texture": "#1"},
				"south": {"uv": [5, 0, 6, 1], "rotation": 270, "texture": "#1"},
				"west": {"uv": [13, 13, 16, 16], "texture": "#1"}
			}
		},
		{
			"name": "octagon",
			"from": [7.58579, 5.4, -0.02],
			"to": [8.41421, 7.4, 3.18],
			"rotation": {"angle": 45, "axis": "z", "origin": [8, 6.4, 3]},
			"faces": {
				"north": {"uv": [3, 0, 4, 1], "texture": "#1"},
				"south": {"uv": [5, 0, 6, 1], "texture": "#1"},
				"up": {"uv": [1, 12, 15, 16], "rotation": 90, "texture": "#1"},
				"down": {"uv": [15, 12, 1, 16], "rotation": 90, "texture": "#1"}
			}
		},
		{
			"name": "octagon",
			"from": [7.58579, 5.4, -0.02],
			"to": [8.41421, 7.4, 3.18],
			"rotation": {"angle": -45, "axis": "z", "origin": [8, 6.4, 3]},
			"faces": {
				"north": {"uv": [3, 0, 4, 1], "texture": "#1"},
				"south": {"uv": [5, 0, 6, 1], "texture": "#1"},
				"up": {"uv": [1, 12, 15, 16], "rotation": 90, "texture": "#1"},
				"down": {"uv": [15, 12, 1, 16], "rotation": 90, "texture": "#1"}
			}
		},
		{
			"name": "octagon",
			"from": [7.69289, 6.55, 6.7501],
			"to": [8.10711, 7.55, 10.9001],
			"rotation": {"angle": 45, "axis": "z", "origin": [7.9, 7.05, 10.5]},
			"faces": {
				"north": {"uv": [0, 0, 1, 1], "texture": "#1"},
				"east": {"uv": [0, 0, 0, 1], "texture": "#1"},
				"south": {"uv": [0, 0, 1, 1], "texture": "#1"},
				"west": {"uv": [0, 0, 0, 1], "texture": "#1"},
				"up": {"uv": [1, 0, 0, 10], "texture": "#1"},
				"down": {"uv": [0, 0, 1, 10], "texture": "#1"}
			}
		},
		{
			"name": "octagon",
			"from": [7.69289, 6.55, 6.75],
			"to": [8.30711, 7.55, 10.9],
			"rotation": {"angle": 0, "axis": "y", "origin": [8, 7.05, 10.5]},
			"faces": {
				"north": {"uv": [0, 0, 1, 1], "texture": "#1"},
				"east": {"uv": [0, 0, 0, 1], "texture": "#1"},
				"south": {"uv": [0, 11, 1, 12], "texture": "#1"},
				"west": {"uv": [0, 0, 0, 1], "texture": "#1"},
				"up": {"uv": [0, 0, 1, 10], "texture": "#1"},
				"down": {"uv": [0, 0, 1, 10], "texture": "#1"}
			}
		},
		{
			"name": "octagon",
			"from": [7.54289, 3.55, 6.76],
			"to": [8.45711, 3.75, 9.91],
			"rotation": {"angle": 0, "axis": "y", "origin": [8, 4.05, 10.5]},
			"faces": {
				"north": {"uv": [0, 0, 1, 1], "texture": "#1"},
				"east": {"uv": [0, 0, 10, 1], "texture": "#1"},
				"south": {"uv": [0, 11, 1, 12], "texture": "#1"},
				"west": {"uv": [0, 0, 10, 1], "texture": "#1"},
				"up": {"uv": [0, 0, 2, 10], "texture": "#1"},
				"down": {"uv": [0, 0, 2, 10], "texture": "#1"}
			}
		},
		{
			"name": "octagon",
			"from": [7.6, 6.84289, 6.7501],
			"to": [8.6, 7.25711, 10.9001],
			"rotation": {"angle": 45, "axis": "z", "origin": [8.1, 7.05, 10.5]},
			"faces": {
				"north": {"uv": [0, 0, 1, 1], "texture": "#1"},
				"east": {"uv": [10, 0, 0, 1], "texture": "#1"},
				"south": {"uv": [0, 8, 1, 9], "texture": "#1"},
				"west": {"uv": [0, 0, 10, 1], "texture": "#1"},
				"up": {"uv": [0, 0, 1, 0], "texture": "#1"},
				"down": {"uv": [0, 0, 1, 0], "texture": "#1"}
			}
		},
		{
			"name": "octagon",
			"from": [7.4, 6.84289, 6.75],
			"to": [8.6, 7.25711, 10.9],
			"rotation": {"angle": 0, "axis": "y", "origin": [8, 7.05, 10.5]},
			"faces": {
				"north": {"uv": [0, 0, 1, 1], "texture": "#1"},
				"east": {"uv": [10, 0, 0, 1], "texture": "#1"},
				"south": {"uv": [0, 6, 1, 7], "texture": "#1"},
				"west": {"uv": [0, 0, 10, 1], "texture": "#1"},
				"up": {"uv": [0, 0, 1, 0], "texture": "#1"},
				"down": {"uv": [0, 0, 1, 0], "texture": "#1"}
			}
		},
		{
			"name": "octagon",
			"from": [7.79289, 5.95, -0.75],
			"to": [8.20711, 6.25, 4.75],
			"rotation": {"angle": 45, "axis": "z", "origin": [8, 6.45, 0.75]},
			"faces": {
				"north": {"uv": [0, 0, 1, 1], "texture": "#1"},
				"east": {"uv": [0, 0, 1, 1], "texture": "#1"},
				"south": {"uv": [0, 0, 1, 1], "texture": "#1"},
				"west": {"uv": [0, 0, 1, 1], "texture": "#1"},
				"up": {"uv": [0, 0, 1, 1], "texture": "#1"},
				"down": {"uv": [4, 10, 12, 11], "rotation": 90, "texture": "#1"}
			}
		},
		{
			"name": "octagon",
			"from": [7.79289, 5.95, -0.76],
			"to": [8.20711, 6.25, 4.74],
			"rotation": {"angle": 0, "axis": "z", "origin": [8, 6.45, 0.75]},
			"faces": {
				"north": {"uv": [0, 4, 1, 5], "texture": "#1"},
				"east": {"uv": [0, 0, 1, 1], "texture": "#1"},
				"south": {"uv": [0, 0, 1, 1], "texture": "#1"},
				"west": {"uv": [0, 0, 1, 1], "texture": "#1"},
				"up": {"uv": [0, 0, 1, 1], "texture": "#1"},
				"down": {"uv": [4, 10, 12, 11], "rotation": 90, "texture": "#1"}
			}
		},
		{
			"name": "octagon",
			"from": [7.79289, 6.65, -0.75],
			"to": [8.20711, 6.95, 4.75],
			"rotation": {"angle": 45, "axis": "z", "origin": [8, 6.45, 0.75]},
			"faces": {
				"north": {"uv": [0, 0, 1, 1], "texture": "#1"},
				"east": {"uv": [0, 0, 1, 1], "texture": "#1"},
				"south": {"uv": [0, 0, 1, 1], "texture": "#1"},
				"west": {"uv": [0, 0, 1, 1], "texture": "#1"},
				"up": {"uv": [4, 10, 12, 11], "rotation": 90, "texture": "#1"},
				"down": {"uv": [0, 0, 1, 1], "texture": "#1"}
			}
		}
	],
	"display": {
		"thirdperson_righthand": {
			"translation": [0, 3, 1]
		},
		"thirdperson_lefthand": {
			"translation": [-12, 3, 1]
		},
		"firstperson_righthand": {
			"translation": [-9, 6.75, 9]
		},
		"firstperson_lefthand": {
			"translation": [-18, 4.5, 4]
		},
		"ground": {
			"rotation": [0, 0, -90],
			"translation": [3.25, -2.75, 2.5]
		},
		"gui": {
			"rotation": [17, 127, 0],
			"translation": [2.5, 6, 0],
			"scale": [1.1, 1.1, 1.1]
		},
		"head": {
			"translation": [0, 2.25, -8.75]
		},
		"fixed": {
			"rotation": [0, -90, 0],
			"translation": [-3, 5, 0.5]
		}
	},
	"groups": [
		0,
		1,
		2,
		3,
		4,
		5,
		6,
		7,
		8,
		9,
		{
			"name": "base",
			"origin": [8, 3.5, 10],
			"color": 0,
			"children": [10, 11, 12, 13]
		},
		{
			"name": "octagon",
			"origin": [8, 8, 8],
			"color": 0,
			"children": [14, 15, 16, 17]
		},
		{
			"name": "octagon",
			"origin": [8, 8, 8],
			"color": 0,
			"children": [18, 19, 20, 21]
		},
		{
			"name": "octagon",
			"origin": [8, 8, 8],
			"color": 0,
			"children": [22, 23, 24, 25, 26, 27, 28, 29]
		},
		{
			"name": "octagon",
			"origin": [8, 8, 8],
			"color": 0,
			"children": [30, 31, 32, 33, 34]
		},
		35
	]
}