{
	"format_version": "1.21.6",
	"credit": "Made with Blockbench",
	"textures": {
		"0": "chems_guns:item/gun_ammo/m202",
		"2": "chems_guns:item/gun_ammo/tos1",
		"particle": "chems_guns:item/gun_ammo/m202"
	},
	"elements": [
		{
			"from": [-0.41, 0.47, -7.001],
			"to": [0.6, 1.48, 23.998],
			"rotation": {"angle": -45, "axis": "z", "origin": [6.8, 4.3, 12]},
			"faces": {
				"north": {"uv": [0, 15, 1, 16], "texture": "#2"},
				"east": {"uv": [15.5, 0, 16, 14], "rotation": 90, "texture": "#0"},
				"south": {"uv": [0, 15, 1, 16], "texture": "#2"},
				"west": {"uv": [15.5, 0, 16, 14], "rotation": 90, "texture": "#0"},
				"up": {"uv": [15.5, 0, 16, 14], "texture": "#0"},
				"down": {"uv": [0, 10.5, 16, 11], "rotation": 90, "texture": "#2"}
			}
		},
		{
			"from": [0.9009, 12.6625, -7.125],
			"to": [1.9009, 13.1625, -4.125],
			"rotation": {"angle": 0, "axis": "y", "origin": [1.4009, 12.9125, -5.625]},
			"faces": {
				"north": {"uv": [3, 6, 3.5, 7], "rotation": 90, "texture": "#0"},
				"east": {"uv": [3, 6, 3.5, 7], "rotation": 90, "texture": "#0"},
				"south": {"uv": [3, 6, 3.5, 7], "rotation": 90, "texture": "#2"},
				"west": {"uv": [3, 6, 3.5, 7], "rotation": 90, "texture": "#0"},
				"up": {"uv": [3, 6, 3.5, 7], "rotation": 90, "texture": "#0"},
				"down": {"uv": [3, 6, 3.5, 7], "rotation": 90, "texture": "#0"}
			}
		},
		{
			"from": [13.9009, 12.6625, 21.175],
			"to": [14.9009, 13.1625, 24.175],
			"rotation": {"angle": 0, "axis": "y", "origin": [14.4009, 12.9125, 22.675]},
			"faces": {
				"north": {"uv": [3, 6, 3.5, 7], "rotation": 90, "texture": "#0"},
				"east": {"uv": [3, 6, 3.5, 7], "rotation": 90, "texture": "#0"},
				"south": {"uv": [1, 6, 1.5, 7], "rotation": 90, "texture": "#0"},
				"west": {"uv": [3, 6, 3.5, 7], "rotation": 90, "texture": "#0"},
				"up": {"uv": [3, 6, 3.5, 7], "rotation": 90, "texture": "#0"},
				"down": {"uv": [3, 6, 3.5, 7], "rotation": 90, "texture": "#0"}
			}
		},
		{
			"from": [0.9009, 12.6625, 21.175],
			"to": [1.9009, 13.1625, 24.175],
			"rotation": {"angle": 0, "axis": "y", "origin": [1.4009, 12.9125, 22.675]},
			"faces": {
				"north": {"uv": [3, 6, 3.5, 7], "rotation": 90, "texture": "#0"},
				"east": {"uv": [3, 6, 3.5, 7], "rotation": 90, "texture": "#0"},
				"south": {"uv": [1, 6, 1.5, 7], "rotation": 90, "texture": "#0"},
				"west": {"uv": [3, 6, 3.5, 7], "rotation": 90, "texture": "#0"},
				"up": {"uv": [3, 6, 3.5, 7], "rotation": 90, "texture": "#0"},
				"down": {"uv": [3, 6, 3.5, 7], "rotation": 90, "texture": "#0"}
			}
		},
		{
			"from": [13.9009, 12.6625, -7.125],
			"to": [14.9009, 13.1625, -4.125],
			"rotation": {"angle": 0, "axis": "y", "origin": [14.4009, 12.9125, -5.625]},
			"faces": {
				"north": {"uv": [3, 6, 3.5, 7], "rotation": 90, "texture": "#0"},
				"east": {"uv": [3, 6, 3.5, 7], "rotation": 90, "texture": "#0"},
				"south": {"uv": [3, 6, 3.5, 7], "rotation": 90, "texture": "#2"},
				"west": {"uv": [3, 6, 3.5, 7], "rotation": 90, "texture": "#0"},
				"up": {"uv": [3, 6, 3.5, 7], "rotation": 90, "texture": "#0"},
				"down": {"uv": [3, 6, 3.5, 7], "rotation": 90, "texture": "#0"}
			}
		},
		{
			"from": [-1, 13.1, -6.7],
			"to": [17, 13.7, 1.3625],
			"rotation": {"angle": 0, "axis": "x", "origin": [1.5, 15.1, -3.7]},
			"faces": {
				"north": {"uv": [0.5, 9, 11, 9.5], "rotation": 180, "texture": "#2"},
				"east": {"uv": [1.5, 4, 2, 8], "rotation": 270, "texture": "#2"},
				"south": {"uv": [0, 7.5, 10.5, 7.5], "texture": "#2"},
				"west": {"uv": [3, 0, 3.5, 4], "rotation": 90, "texture": "#2"},
				"up": {"uv": [3, 0, 13.5, 4], "texture": "#2"},
				"down": {"uv": [3, 0, 13.5, 4], "texture": "#2"}
			}
		},
		{
			"from": [-1.6, 4.1, -9.7],
			"to": [17.5, 4.7, 6.3625],
			"rotation": {"angle": 0, "axis": "y", "origin": [1.5, 6.1, 1.3]},
			"faces": {
				"north": {"uv": [0.5, 9, 11, 9.5], "rotation": 180, "texture": "#2"},
				"east": {"uv": [2.5, 10.5, 16, 11], "texture": "#2"},
				"south": {"uv": [0, 7.5, 10.5, 7.5], "texture": "#2"},
				"west": {"uv": [4.5, 10.5, 16, 11], "texture": "#2"},
				"up": {"uv": [3.5, 4, 14, 11], "texture": "#2"},
				"down": {"uv": [3, 4, 13.5, 11], "texture": "#2"}
			}
		},
		{
			"from": [16.9, 4.7, -7.7],
			"to": [17.5, 9.7, 6.3625],
			"rotation": {"angle": 0, "axis": "z", "origin": [17.2, 7.2, -0.66875]},
			"faces": {
				"north": {"uv": [6.5, 7, 6.5, 11], "texture": "#2"},
				"east": {"uv": [2.5, 7, 13.5, 11], "texture": "#2"},
				"south": {"uv": [5.5, 7, 6, 11], "texture": "#2"},
				"west": {"uv": [2.5, 7, 13.5, 11], "texture": "#2"},
				"up": {"uv": [3, 0, 3.5, 4], "rotation": 180, "texture": "#2"},
				"down": {"uv": [1.5, 4, 2, 8], "texture": "#2"}
			}
		},
		{
			"from": [-1.6, 4.7, -7.7],
			"to": [-1, 9.7, 6.3625],
			"rotation": {"angle": 0, "axis": "y", "origin": [-1.3, 7.2, -0.66875]},
			"faces": {
				"north": {"uv": [6.5, 7, 6.5, 11], "texture": "#2"},
				"east": {"uv": [2.5, 7, 13.5, 11], "texture": "#2"},
				"south": {"uv": [5.5, 7, 6, 11], "texture": "#2"},
				"west": {"uv": [2.5, 7, 13.5, 11], "texture": "#2"},
				"up": {"uv": [3, 0, 3.5, 4], "rotation": 180, "texture": "#2"},
				"down": {"uv": [1.5, 4, 2, 8], "texture": "#2"}
			}
		},
		{
			"from": [-1, 14.7, 17.1],
			"to": [17, 15.3, 25.1625],
			"rotation": {"angle": 22.5, "axis": "x", "origin": [1.5, 16.7, 20.1]},
			"faces": {
				"north": {"uv": [0.5, 9, 11, 9.5], "rotation": 180, "texture": "#2"},
				"east": {"uv": [1.5, 4, 2, 8], "rotation": 270, "texture": "#2"},
				"south": {"uv": [0, 7.5, 10.5, 7.5], "texture": "#2"},
				"west": {"uv": [3, 0, 3.5, 4], "rotation": 90, "texture": "#2"},
				"up": {"uv": [3, 0, 13.5, 4], "texture": "#2"},
				"down": {"uv": [3, 0, 13.5, 4], "texture": "#2"}
			}
		},
		{
			"from": [-1, 6.7, -7],
			"to": [0, 12.3, 23.998],
			"rotation": {"angle": 0, "axis": "y", "origin": [-0.5, 8.5, 8.5]},
			"faces": {
				"north": {"uv": [0, 11, 1, 16], "texture": "#2"},
				"east": {"uv": [0, 0, 14, 2.5], "texture": "#2"},
				"south": {"uv": [1, 16, 0, 11], "texture": "#2"},
				"west": {"uv": [0, 0, 16, 4], "texture": "#2"},
				"up": {"uv": [15.5, 0, 16, 14], "texture": "#0"},
				"down": {"uv": [15.5, 0, 16, 14], "texture": "#0"}
			}
		},
		{
			"from": [-0.41, 6.07, -7.001],
			"to": [0.6, 7.08, 23.998],
			"rotation": {"angle": -45, "axis": "z", "origin": [6.8, 9.9, 12]},
			"faces": {
				"north": {"uv": [0, 15, 1, 16], "texture": "#2"},
				"east": {"uv": [15.5, 0, 16, 14], "rotation": 90, "texture": "#0"},
				"south": {"uv": [0, 15, 1, 16], "texture": "#2"},
				"west": {"uv": [0, 3, 16, 3.5], "texture": "#2"},
				"up": {"uv": [15.5, 0, 16, 14], "texture": "#0"},
				"down": {"uv": [15.5, 0, 16, 14], "texture": "#0"}
			}
		},
		{
			"from": [-0.3, 12, -7],
			"to": [16.3, 13, 23.998],
			"rotation": {"angle": 0, "axis": "y", "origin": [7, 16, 12]},
			"faces": {
				"north": {"uv": [0, 14, 14, 15], "texture": "#2"},
				"east": {"uv": [0, 0, 16, 0.5], "texture": "#0"},
				"south": {"uv": [0, 13.5, 14, 14.5], "texture": "#2"},
				"west": {"uv": [0, 0, 16, 0.5], "texture": "#0"},
				"up": {"uv": [0, 4, 16, 11], "rotation": 90, "texture": "#2"},
				"down": {"uv": [14, 0, 16, 14], "texture": "#2"}
			}
		},
		{
			"from": [16.16, 6.07, -7.001],
			"to": [17.17, 7.08, 23.998],
			"rotation": {"angle": -45, "axis": "z", "origin": [23.38, 9.88, 12]},
			"faces": {
				"north": {"uv": [0, 15, 1, 16], "texture": "#2"},
				"east": {"uv": [15.5, 0, 16, 14], "rotation": 90, "texture": "#0"},
				"south": {"uv": [0, 15, 1, 16], "texture": "#2"},
				"west": {"uv": [15.5, 0, 16, 14], "rotation": 90, "texture": "#0"},
				"up": {"uv": [0, 4, 16, 5], "rotation": 90, "texture": "#2"},
				"down": {"uv": [15.5, 0, 16, 14], "texture": "#0"}
			}
		},
		{
			"from": [16, 6.7, -7],
			"to": [17, 12.3, 23.998],
			"rotation": {"angle": 0, "axis": "y", "origin": [20, 15, 12]},
			"faces": {
				"north": {"uv": [0, 11, 1, 16], "texture": "#2"},
				"east": {"uv": [0, 0, 16, 4], "texture": "#2"},
				"south": {"uv": [0, 11, 1, 16], "texture": "#2"},
				"west": {"uv": [0, 0, 14, 2.5], "texture": "#2"},
				"up": {"uv": [15.5, 0, 16, 14], "texture": "#0"},
				"down": {"uv": [15.5, 0, 16, 13.5], "texture": "#0"}
			}
		},
		{
			"from": [13.25, -12.9, 3.7],
			"to": [15.25, 4.098, 5.7],
			"rotation": {"angle": 0, "axis": "x", "origin": [14.25, -4.401, 4.7]},
			"faces": {
				"north": {"uv": [0, 1, 16, 3], "rotation": 270, "texture": "#2"},
				"east": {"uv": [0, 0, 16, 2], "rotation": 270, "texture": "#2"},
				"south": {"uv": [0, 1, 16, 3], "rotation": 270, "texture": "#2"},
				"west": {"uv": [0, 1, 16, 3], "rotation": 270, "texture": "#2"},
				"up": {"uv": [14, 9, 16, 11], "texture": "#2"},
				"down": {"uv": [14, 9, 16, 11], "rotation": 180, "texture": "#2"}
			}
		},
		{
			"from": [16.16, 0.47, -7.001],
			"to": [17.17, 1.48, 23.998],
			"rotation": {"angle": -45, "axis": "z", "origin": [23.4, 4.3, 12]},
			"faces": {
				"north": {"uv": [0, 15, 1, 16], "texture": "#2"},
				"east": {"uv": [0, 1.5, 16, 2], "texture": "#2"},
				"south": {"uv": [0, 15, 1, 16], "texture": "#2"},
				"west": {"uv": [15.5, 0, 16, 14], "rotation": 90, "texture": "#0"},
				"up": {"uv": [15.5, 0, 16, 14], "texture": "#0"},
				"down": {"uv": [15.5, 0, 16, 14], "texture": "#0"}
			}
		},
		{
			"from": [-0.3, 6, -7],
			"to": [16.3, 7, 23.998],
			"rotation": {"angle": 0, "axis": "y", "origin": [7, 10, 12]},
			"faces": {
				"north": {"uv": [0, 15, 14, 16], "texture": "#2"},
				"east": {"uv": [0, 0, 16, 0.5], "texture": "#0"},
				"south": {"uv": [0, 15, 14, 16], "texture": "#2"},
				"west": {"uv": [0, 0, 16, 0.5], "texture": "#0"},
				"up": {"uv": [14, 0, 16, 14], "texture": "#2"},
				"down": {"uv": [0, 4, 16, 11], "rotation": 90, "texture": "#2"}
			}
		},
		{
			"from": [0, 7, -6.999],
			"to": [16, 12.0625, 23.999],
			"rotation": {"angle": 0, "axis": "y", "origin": [1.5, 8.9, -8]},
			"faces": {
				"north": {"uv": [0.5, 6, 15, 10], "texture": "#2"},
				"east": {"uv": [0, 7, 0.5, 10], "texture": "#0"},
				"south": {"uv": [0.5, 6, 13.5, 9.5], "texture": "#2"},
				"west": {"uv": [2.5, 7, 3, 10], "texture": "#0"},
				"up": {"uv": [0, 7, 3, 7.5], "texture": "#0"},
				"down": {"uv": [0, 9.5, 3, 10], "texture": "#0"}
			}
		},
		{
			"from": [1.65, 6.35, 24],
			"to": [3.65, 8.4125, 24],
			"rotation": {"angle": 0, "axis": "y", "origin": [1.1, 9.3, 36]},
			"faces": {
				"south": {"uv": [4.5, 2.5, 14, 12], "rotation": 90, "texture": "#0"}
			}
		},
		{
			"from": [12.4, 10.45, 24],
			"to": [14.4, 12.5125, 24],
			"rotation": {"angle": 0, "axis": "y", "origin": [11.8, 13.5, 36]},
			"faces": {
				"south": {"uv": [4.5, 2.5, 14, 12], "rotation": 90, "texture": "#0"}
			}
		},
		{
			"from": [14.55, 10.45, 24],
			"to": [16.55, 12.5125, 24],
			"rotation": {"angle": 0, "axis": "y", "origin": [14, 13.5, 36]},
			"faces": {
				"south": {"uv": [4.5, 2.5, 14, 12], "rotation": 90, "texture": "#0"}
			}
		},
		{
			"from": [14.55, 8.45, 24],
			"to": [16.55, 10.5125, 24],
			"rotation": {"angle": 0, "axis": "y", "origin": [14, 11.5, 36]},
			"faces": {
				"south": {"uv": [4.5, 2.5, 14, 12], "rotation": 90, "texture": "#0"}
			}
		},
		{
			"from": [12.4, 8.45, 24],
			"to": [14.4, 10.5125, 24],
			"rotation": {"angle": 0, "axis": "y", "origin": [11.8, 11.5, 36]},
			"faces": {
				"south": {"uv": [4.5, 2.5, 14, 12], "rotation": 90, "texture": "#0"}
			}
		},
		{
			"from": [12.4, 6.35, 24],
			"to": [14.4, 8.4125, 24],
			"rotation": {"angle": 0, "axis": "y", "origin": [11.8, 9.3, 36]},
			"faces": {
				"south": {"uv": [4.5, 2.5, 14, 12], "rotation": 90, "texture": "#0"}
			}
		},
		{
			"from": [14.55, 6.35, 24],
			"to": [16.55, 8.4125, 24],
			"rotation": {"angle": 0, "axis": "y", "origin": [14, 9.3, 36]},
			"faces": {
				"south": {"uv": [4.5, 2.5, 14, 12], "rotation": 90, "texture": "#0"}
			}
		},
		{
			"from": [8.1, 10.45, 24],
			"to": [10.1, 12.5125, 24],
			"rotation": {"angle": 0, "axis": "y", "origin": [7.5, 13.5, 36]},
			"faces": {
				"south": {"uv": [4.5, 2.5, 14, 12], "rotation": 90, "texture": "#0"}
			}
		},
		{
			"from": [10.25, 10.45, 24],
			"to": [12.25, 12.5125, 24],
			"rotation": {"angle": 0, "axis": "y", "origin": [9.7, 13.5, 36]},
			"faces": {
				"south": {"uv": [4.5, 2.5, 14, 12], "rotation": 90, "texture": "#0"}
			}
		},
		{
			"from": [10.25, 8.45, 24],
			"to": [12.25, 10.5125, 24],
			"rotation": {"angle": 0, "axis": "y", "origin": [9.7, 11.5, 36]},
			"faces": {
				"south": {"uv": [4.5, 2.5, 14, 12], "rotation": 90, "texture": "#0"}
			}
		},
		{
			"from": [8.1, 8.45, 24],
			"to": [10.1, 10.5125, 24],
			"rotation": {"angle": 0, "axis": "y", "origin": [7.5, 11.5, 36]},
			"faces": {
				"south": {"uv": [4.5, 2.5, 14, 12], "rotation": 90, "texture": "#0"}
			}
		},
		{
			"from": [8.1, 6.35, 24],
			"to": [10.1, 8.4125, 24],
			"rotation": {"angle": 0, "axis": "y", "origin": [7.5, 9.3, 36]},
			"faces": {
				"south": {"uv": [4.5, 2.5, 14, 12], "rotation": 90, "texture": "#0"}
			}
		},
		{
			"from": [10.25, 6.35, 24],
			"to": [12.25, 8.4125, 24],
			"rotation": {"angle": 0, "axis": "y", "origin": [9.7, 9.3, 36]},
			"faces": {
				"south": {"uv": [4.5, 2.5, 14, 12], "rotation": 90, "texture": "#0"}
			}
		},
		{
			"from": [-0.5, 6.35, 24],
			"to": [1.5, 8.4125, 24],
			"rotation": {"angle": 0, "axis": "y", "origin": [-1.1, 9.3, 36]},
			"faces": {
				"south": {"uv": [4.5, 2.5, 14, 12], "rotation": 90, "texture": "#0"}
			}
		},
		{
			"from": [-0.5, 8.45, 24],
			"to": [1.5, 10.5125, 24],
			"rotation": {"angle": 0, "axis": "y", "origin": [-1.1, 11.5, 36]},
			"faces": {
				"south": {"uv": [4.5, 2.5, 14, 12], "rotation": 90, "texture": "#0"}
			}
		},
		{
			"from": [1.65, 8.45, 24],
			"to": [3.65, 10.5125, 24],
			"rotation": {"angle": 0, "axis": "y", "origin": [1.1, 11.5, 36]},
			"faces": {
				"south": {"uv": [4.5, 2.5, 14, 12], "rotation": 90, "texture": "#0"}
			}
		},
		{
			"from": [1.65, 10.45, 24],
			"to": [3.65, 12.5125, 24],
			"rotation": {"angle": 0, "axis": "y", "origin": [1.1, 13.5, 36]},
			"faces": {
				"south": {"uv": [4.5, 2.5, 14, 12], "rotation": 90, "texture": "#0"}
			}
		},
		{
			"from": [-0.5, 10.45, 24],
			"to": [1.5, 12.5125, 24],
			"rotation": {"angle": 0, "axis": "y", "origin": [-1.1, 13.5, 36]},
			"faces": {
				"south": {"uv": [4.5, 2.5, 14, 12], "rotation": 90, "texture": "#0"}
			}
		},
		{
			"from": [5.95, 6.35, 24],
			"to": [7.95, 8.4125, 24],
			"rotation": {"angle": 0, "axis": "y", "origin": [5.4, 9.3, 36]},
			"faces": {
				"south": {"uv": [4.5, 2.5, 14, 12], "rotation": 90, "texture": "#0"}
			}
		},
		{
			"from": [3.8, 6.35, 24],
			"to": [5.8, 8.4125, 24],
			"rotation": {"angle": 0, "axis": "y", "origin": [3.2, 9.3, 36]},
			"faces": {
				"south": {"uv": [4.5, 2.5, 14, 12], "rotation": 90, "texture": "#0"}
			}
		},
		{
			"from": [3.8, 8.45, 24],
			"to": [5.8, 10.5125, 24],
			"rotation": {"angle": 0, "axis": "y", "origin": [3.2, 11.5, 36]},
			"faces": {
				"south": {"uv": [4.5, 2.5, 14, 12], "rotation": 90, "texture": "#0"}
			}
		},
		{
			"from": [5.95, 8.45, 24],
			"to": [7.95, 10.5125, 24],
			"rotation": {"angle": 0, "axis": "y", "origin": [5.4, 11.5, 36]},
			"faces": {
				"south": {"uv": [4.5, 2.5, 14, 12], "rotation": 90, "texture": "#0"}
			}
		},
		{
			"from": [5.95, 10.45, 24],
			"to": [7.95, 12.5125, 24],
			"rotation": {"angle": 0, "axis": "y", "origin": [5.4, 13.5, 36]},
			"faces": {
				"south": {"uv": [4.5, 2.5, 14, 12], "rotation": 90, "texture": "#0"}
			}
		},
		{
			"from": [3.8, 10.45, 24],
			"to": [5.8, 12.5125, 24],
			"rotation": {"angle": 0, "axis": "y", "origin": [3.2, 13.5, 36]},
			"faces": {
				"south": {"uv": [4.5, 2.5, 14, 12], "rotation": 90, "texture": "#0"}
			}
		},
		{
			"from": [1.6, 8.5, -7.002],
			"to": [3.6, 10.5625, -7.002],
			"rotation": {"angle": 0, "axis": "y", "origin": [1.1, 11.5, 5]},
			"faces": {
				"north": {"uv": [4.5, 2.5, 14, 12], "texture": "#0"},
				"east": {"uv": [16, 14, 3.5, 16], "texture": "#0"},
				"south": {"uv": [4.5, 2.5, 14, 12], "rotation": 90, "texture": "#2"},
				"west": {"uv": [3.5, 14, 16, 16], "texture": "#0"},
				"up": {"uv": [16, 16, 3.5, 14], "rotation": 90, "texture": "#0"},
				"down": {"uv": [3.5, 14, 16, 16], "texture": "#0"}
			}
		},
		{
			"from": [-0.6, 10.7, -7.002],
			"to": [1.4, 12.7625, -7.002],
			"rotation": {"angle": 0, "axis": "y", "origin": [-1.1, 13.7, 5]},
			"faces": {
				"north": {"uv": [4.5, 2.5, 14, 12], "texture": "#0"},
				"east": {"uv": [3.5, 14, 16, 16], "texture": "#0"},
				"south": {"uv": [4.5, 2.5, 14, 12], "rotation": 90, "texture": "#2"},
				"west": {"uv": [3.5, 14, 16, 16], "texture": "#0"},
				"up": {"uv": [16, 16, 3.5, 14], "rotation": 90, "texture": "#0"},
				"down": {"uv": [3.5, 14, 16, 16], "texture": "#0"}
			}
		},
		{
			"from": [1.6, 10.7, -7.002],
			"to": [3.6, 12.7625, -7.002],
			"rotation": {"angle": 0, "axis": "y", "origin": [1.1, 13.7, 5]},
			"faces": {
				"north": {"uv": [4.5, 2.5, 14, 12], "texture": "#0"},
				"east": {"uv": [16, 14, 3.5, 16], "texture": "#0"},
				"south": {"uv": [4.5, 2.5, 14, 12], "rotation": 90, "texture": "#2"},
				"west": {"uv": [3.5, 14, 16, 16], "texture": "#0"},
				"up": {"uv": [16, 16, 3.5, 14], "rotation": 90, "texture": "#0"},
				"down": {"uv": [3.5, 14, 16, 16], "texture": "#0"}
			}
		},
		{
			"from": [3.8, 10.7, -7.002],
			"to": [5.8, 12.7625, -7.002],
			"rotation": {"angle": 0, "axis": "y", "origin": [3.3, 13.7, 5]},
			"faces": {
				"north": {"uv": [4.5, 2.5, 14, 12], "texture": "#0"},
				"east": {"uv": [3.5, 14, 16, 16], "texture": "#0"},
				"south": {"uv": [4.5, 2.5, 14, 12], "rotation": 90, "texture": "#2"},
				"west": {"uv": [3.5, 14, 16, 16], "texture": "#0"},
				"up": {"uv": [16, 16, 3.5, 14], "rotation": 90, "texture": "#0"},
				"down": {"uv": [3.5, 14, 16, 16], "texture": "#0"}
			}
		},
		{
			"from": [3.8, 8.5, -7.002],
			"to": [5.8, 10.5625, -7.002],
			"rotation": {"angle": 0, "axis": "y", "origin": [3.3, 11.5, 5]},
			"faces": {
				"north": {"uv": [4.5, 2.5, 14, 12], "texture": "#0"},
				"east": {"uv": [3.5, 14, 16, 16], "texture": "#0"},
				"south": {"uv": [4.5, 2.5, 14, 12], "rotation": 90, "texture": "#2"},
				"west": {"uv": [3.5, 14, 16, 16], "texture": "#0"},
				"up": {"uv": [16, 16, 3.5, 14], "rotation": 90, "texture": "#0"},
				"down": {"uv": [3.5, 14, 16, 16], "texture": "#0"}
			}
		},
		{
			"from": [3.8, 6.3, -7.002],
			"to": [5.8, 8.3625, -7.002],
			"rotation": {"angle": 0, "axis": "y", "origin": [3.3, 9.3, 5]},
			"faces": {
				"north": {"uv": [4.5, 2.5, 14, 12], "texture": "#0"},
				"east": {"uv": [3.5, 14, 16, 16], "texture": "#0"},
				"south": {"uv": [4.5, 2.5, 14, 12], "rotation": 90, "texture": "#2"},
				"west": {"uv": [3.5, 14, 16, 16], "texture": "#0"},
				"up": {"uv": [3.5, 14, 16, 16], "texture": "#0"},
				"down": {"uv": [16, 14, 3.5, 16], "rotation": 90, "texture": "#0"}
			}
		},
		{
			"from": [6, 6.3, -7.002],
			"to": [8, 8.3625, -7.002],
			"rotation": {"angle": 0, "axis": "y", "origin": [5.5, 9.3, 5]},
			"faces": {
				"north": {"uv": [4.5, 2.5, 14, 12], "texture": "#0"},
				"east": {"uv": [16, 14, 3.5, 16], "texture": "#0"},
				"south": {"uv": [4.5, 2.5, 14, 12], "rotation": 90, "texture": "#2"},
				"west": {"uv": [3.5, 14, 16, 16], "texture": "#0"},
				"up": {"uv": [3.5, 14, 16, 16], "texture": "#0"},
				"down": {"uv": [16, 14, 3.5, 16], "rotation": 90, "texture": "#0"}
			}
		},
		{
			"from": [6, 8.5, -7.002],
			"to": [8, 10.5625, -7.002],
			"rotation": {"angle": 0, "axis": "y", "origin": [5.5, 11.5, 5]},
			"faces": {
				"north": {"uv": [4.5, 2.5, 14, 12], "texture": "#0"},
				"east": {"uv": [16, 14, 3.5, 16], "texture": "#0"},
				"south": {"uv": [4.5, 2.5, 14, 12], "rotation": 90, "texture": "#2"},
				"west": {"uv": [3.5, 14, 16, 16], "texture": "#0"},
				"up": {"uv": [16, 16, 3.5, 14], "rotation": 90, "texture": "#0"},
				"down": {"uv": [3.5, 14, 16, 16], "texture": "#0"}
			}
		},
		{
			"from": [6, 10.7, -7.002],
			"to": [8, 12.7625, -7.002],
			"rotation": {"angle": 0, "axis": "y", "origin": [5.5, 13.7, 5]},
			"faces": {
				"north": {"uv": [4.5, 2.5, 14, 12], "texture": "#0"},
				"east": {"uv": [16, 14, 3.5, 16], "texture": "#0"},
				"south": {"uv": [4.5, 2.5, 14, 12], "rotation": 90, "texture": "#2"},
				"west": {"uv": [3.5, 14, 16, 16], "texture": "#0"},
				"up": {"uv": [16, 16, 3.5, 14], "rotation": 90, "texture": "#0"},
				"down": {"uv": [3.5, 14, 16, 16], "texture": "#0"}
			}
		},
		{
			"from": [8.2, 10.7, -7.002],
			"to": [10.2, 12.7625, -7.002],
			"rotation": {"angle": 0, "axis": "y", "origin": [7.7, 13.7, 5]},
			"faces": {
				"north": {"uv": [4.5, 2.5, 14, 12], "texture": "#0"},
				"east": {"uv": [3.5, 14, 16, 16], "texture": "#0"},
				"south": {"uv": [4.5, 2.5, 14, 12], "rotation": 90, "texture": "#2"},
				"west": {"uv": [3.5, 14, 16, 16], "texture": "#0"},
				"up": {"uv": [16, 16, 3.5, 14], "rotation": 90, "texture": "#0"},
				"down": {"uv": [3.5, 14, 16, 16], "texture": "#0"}
			}
		},
		{
			"from": [8.2, 8.5, -7.002],
			"to": [10.2, 10.5625, -7.002],
			"rotation": {"angle": 0, "axis": "y", "origin": [7.7, 11.5, 5]},
			"faces": {
				"north": {"uv": [4.5, 2.5, 14, 12], "texture": "#0"},
				"east": {"uv": [3.5, 14, 16, 16], "texture": "#0"},
				"south": {"uv": [4.5, 2.5, 14, 12], "rotation": 90, "texture": "#2"},
				"west": {"uv": [3.5, 14, 16, 16], "texture": "#0"},
				"up": {"uv": [16, 16, 3.5, 14], "rotation": 90, "texture": "#0"},
				"down": {"uv": [3.5, 14, 16, 16], "texture": "#0"}
			}
		},
		{
			"from": [8.2, 6.3, -7.002],
			"to": [10.2, 8.3625, -7.002],
			"rotation": {"angle": 0, "axis": "y", "origin": [7.7, 9.3, 5]},
			"faces": {
				"north": {"uv": [4.5, 2.5, 14, 12], "texture": "#0"},
				"east": {"uv": [3.5, 14, 16, 16], "texture": "#0"},
				"south": {"uv": [4.5, 2.5, 14, 12], "rotation": 90, "texture": "#2"},
				"west": {"uv": [3.5, 14, 16, 16], "texture": "#0"},
				"up": {"uv": [3.5, 14, 16, 16], "texture": "#0"},
				"down": {"uv": [16, 14, 3.5, 16], "rotation": 90, "texture": "#0"}
			}
		},
		{
			"from": [10.4, 6.3, -7.002],
			"to": [12.4, 8.3625, -7.002],
			"rotation": {"angle": 0, "axis": "y", "origin": [9.9, 9.3, 5]},
			"faces": {
				"north": {"uv": [4.5, 2.5, 14, 12], "texture": "#0"},
				"east": {"uv": [16, 14, 3.5, 16], "texture": "#0"},
				"south": {"uv": [4.5, 2.5, 14, 12], "rotation": 90, "texture": "#2"},
				"west": {"uv": [3.5, 14, 16, 16], "texture": "#0"},
				"up": {"uv": [3.5, 14, 16, 16], "texture": "#0"},
				"down": {"uv": [16, 14, 3.5, 16], "rotation": 90, "texture": "#0"}
			}
		},
		{
			"from": [10.4, 8.5, -7.002],
			"to": [12.4, 10.5625, -7.002],
			"rotation": {"angle": 0, "axis": "y", "origin": [9.9, 11.5, 5]},
			"faces": {
				"north": {"uv": [4.5, 2.5, 14, 12], "texture": "#0"},
				"east": {"uv": [16, 14, 3.5, 16], "texture": "#0"},
				"south": {"uv": [4.5, 2.5, 14, 12], "rotation": 90, "texture": "#2"},
				"west": {"uv": [3.5, 14, 16, 16], "texture": "#0"},
				"up": {"uv": [16, 16, 3.5, 14], "rotation": 90, "texture": "#0"},
				"down": {"uv": [3.5, 14, 16, 16], "texture": "#0"}
			}
		},
		{
			"from": [10.4, 10.7, -7.002],
			"to": [12.4, 12.7625, -7.002],
			"rotation": {"angle": 0, "axis": "y", "origin": [9.9, 13.7, 5]},
			"faces": {
				"north": {"uv": [4.5, 2.5, 14, 12], "texture": "#0"},
				"east": {"uv": [16, 14, 3.5, 16], "texture": "#0"},
				"south": {"uv": [4.5, 2.5, 14, 12], "rotation": 90, "texture": "#2"},
				"west": {"uv": [3.5, 14, 16, 16], "texture": "#0"},
				"up": {"uv": [16, 16, 3.5, 14], "rotation": 90, "texture": "#0"},
				"down": {"uv": [3.5, 14, 16, 16], "texture": "#0"}
			}
		},
		{
			"from": [12.6, 10.7, -7.002],
			"to": [14.6, 12.7625, -7.002],
			"rotation": {"angle": 0, "axis": "y", "origin": [12.1, 13.7, 5]},
			"faces": {
				"north": {"uv": [4.5, 2.5, 14, 12], "texture": "#0"},
				"east": {"uv": [3.5, 14, 16, 16], "texture": "#0"},
				"south": {"uv": [4.5, 2.5, 14, 12], "rotation": 90, "texture": "#2"},
				"west": {"uv": [3.5, 14, 16, 16], "texture": "#0"},
				"up": {"uv": [16, 16, 3.5, 14], "rotation": 90, "texture": "#0"},
				"down": {"uv": [3.5, 14, 16, 16], "texture": "#0"}
			}
		},
		{
			"from": [12.6, 8.5, -7.002],
			"to": [14.6, 10.5625, -7.002],
			"rotation": {"angle": 0, "axis": "y", "origin": [12.1, 11.5, 5]},
			"faces": {
				"north": {"uv": [4.5, 2.5, 14, 12], "texture": "#0"},
				"east": {"uv": [3.5, 14, 16, 16], "texture": "#0"},
				"south": {"uv": [4.5, 2.5, 14, 12], "rotation": 90, "texture": "#2"},
				"west": {"uv": [3.5, 14, 16, 16], "texture": "#0"},
				"up": {"uv": [16, 16, 3.5, 14], "rotation": 90, "texture": "#0"},
				"down": {"uv": [3.5, 14, 16, 16], "texture": "#0"}
			}
		},
		{
			"from": [12.6, 6.3, -7.002],
			"to": [14.6, 8.3625, -7.002],
			"rotation": {"angle": 0, "axis": "y", "origin": [12.1, 9.3, 5]},
			"faces": {
				"north": {"uv": [4.5, 2.5, 14, 12], "texture": "#0"},
				"east": {"uv": [3.5, 14, 16, 16], "texture": "#0"},
				"south": {"uv": [4.5, 2.5, 14, 12], "rotation": 90, "texture": "#2"},
				"west": {"uv": [3.5, 14, 16, 16], "texture": "#0"},
				"up": {"uv": [3.5, 14, 16, 16], "texture": "#0"},
				"down": {"uv": [16, 14, 3.5, 16], "rotation": 90, "texture": "#0"}
			}
		},
		{
			"from": [14.8, 6.3, -7.002],
			"to": [16.8, 8.3625, -7.002],
			"rotation": {"angle": 0, "axis": "y", "origin": [14.3, 9.3, 5]},
			"faces": {
				"north": {"uv": [4.5, 2.5, 14, 12], "texture": "#0"},
				"east": {"uv": [16, 14, 3.5, 16], "texture": "#0"},
				"south": {"uv": [4.5, 2.5, 14, 12], "rotation": 90, "texture": "#2"},
				"west": {"uv": [3.5, 14, 16, 16], "texture": "#0"},
				"up": {"uv": [3.5, 14, 16, 16], "texture": "#0"},
				"down": {"uv": [16, 14, 3.5, 16], "rotation": 90, "texture": "#0"}
			}
		},
		{
			"from": [14.8, 8.5, -7.002],
			"to": [16.8, 10.5625, -7.002],
			"rotation": {"angle": 0, "axis": "y", "origin": [14.3, 11.5, 5]},
			"faces": {
				"north": {"uv": [4.5, 2.5, 14, 12], "texture": "#0"},
				"east": {"uv": [16, 14, 3.5, 16], "texture": "#0"},
				"south": {"uv": [4.5, 2.5, 14, 12], "rotation": 90, "texture": "#2"},
				"west": {"uv": [3.5, 14, 16, 16], "texture": "#0"},
				"up": {"uv": [16, 16, 3.5, 14], "rotation": 90, "texture": "#0"},
				"down": {"uv": [3.5, 14, 16, 16], "texture": "#0"}
			}
		},
		{
			"from": [14.8, 10.7, -7.002],
			"to": [16.8, 12.7625, -7.002],
			"rotation": {"angle": 0, "axis": "y", "origin": [14.3, 13.7, 5]},
			"faces": {
				"north": {"uv": [4.5, 2.5, 14, 12], "texture": "#0"},
				"east": {"uv": [16, 14, 3.5, 16], "texture": "#0"},
				"south": {"uv": [4.5, 2.5, 14, 12], "rotation": 90, "texture": "#2"},
				"west": {"uv": [3.5, 14, 16, 16], "texture": "#0"},
				"up": {"uv": [16, 16, 3.5, 14], "rotation": 90, "texture": "#0"},
				"down": {"uv": [3.5, 14, 16, 16], "texture": "#0"}
			}
		},
		{
			"from": [-0.6, 8.5, -7.002],
			"to": [1.4, 10.5625, -7.002],
			"rotation": {"angle": 0, "axis": "y", "origin": [-1.1, 11.5, 5]},
			"faces": {
				"north": {"uv": [4.5, 2.5, 14, 12], "texture": "#0"},
				"east": {"uv": [3.5, 14, 16, 16], "texture": "#0"},
				"south": {"uv": [4.5, 2.5, 14, 12], "rotation": 90, "texture": "#2"},
				"west": {"uv": [3.5, 14, 16, 16], "texture": "#0"},
				"up": {"uv": [16, 16, 3.5, 14], "rotation": 90, "texture": "#0"},
				"down": {"uv": [3.5, 14, 16, 16], "texture": "#0"}
			}
		},
		{
			"from": [-0.6, 6.3, -7.002],
			"to": [1.4, 8.3625, -7.002],
			"rotation": {"angle": 0, "axis": "y", "origin": [-1.1, 9.3, 5]},
			"faces": {
				"north": {"uv": [4.5, 2.5, 14, 12], "texture": "#0"},
				"east": {"uv": [3.5, 14, 16, 16], "texture": "#0"},
				"south": {"uv": [4.5, 2.5, 14, 12], "rotation": 90, "texture": "#2"},
				"west": {"uv": [3.5, 14, 16, 16], "texture": "#0"},
				"up": {"uv": [3.5, 14, 16, 16], "texture": "#0"},
				"down": {"uv": [16, 14, 3.5, 16], "rotation": 90, "texture": "#0"}
			}
		},
		{
			"from": [1.6, 6.3, -7.002],
			"to": [3.6, 8.3625, -7.002],
			"rotation": {"angle": 0, "axis": "y", "origin": [1.1, 9.3, 5]},
			"faces": {
				"north": {"uv": [4.5, 2.5, 14, 12], "texture": "#0"},
				"east": {"uv": [16, 14, 3.5, 16], "texture": "#0"},
				"south": {"uv": [4.5, 2.5, 14, 12], "rotation": 90, "texture": "#2"},
				"west": {"uv": [3.5, 14, 16, 16], "texture": "#0"},
				"up": {"uv": [3.5, 14, 16, 16], "texture": "#0"},
				"down": {"uv": [16, 14, 3.5, 16], "rotation": 90, "texture": "#0"}
			}
		}
	],
	"display": {
		"thirdperson_righthand": {
			"rotation": [75, 0, 0],
			"translation": [-6, 1.75, 22]
		},
		"thirdperson_lefthand": {
			"translation": [-9.75, 2, 10.25]
		},
		"firstperson_righthand": {
			"translation": [-9, 24, 8]
		},
		"firstperson_lefthand": {
			"translation": [0, -80, 0]
		},
		"ground": {
			"rotation": [0, 0, 90],
			"translation": [-0.75, -3.5, 0.5],
			"scale": [0.7, 0.7, 0.7]
		},
		"gui": {
			"rotation": [21, 150, 0],
			"translation": [2, 1, 0],
			"scale": [0.75, 0.75, 0.75]
		},
		"head": {
			"translation": [-2.5, 2, -14.5]
		},
		"fixed": {
			"rotation": [0, -90, 90],
			"translation": [-1, 0, -6.2],
			"scale": [1.5, 1.5, 1.5]
		}
	},
	"groups": [
		0,
		1,
		2,
		3,
		4,
		5,
		6,
		7,
		8,
		9,
		{
			"name": "tube",
			"origin": [10.5, 8.9, -8.4],
			"color": 0,
			"children": [
				10,
				11,
				12,
				13,
				14,
				{
					"name": "group",
					"origin": [20, 15, 12],
					"color": 0,
					"children": []
				},
				15,
				16,
				17,
				18
			]
		},
		{
			"name": "holes",
			"origin": [7.9, 13.5, 36],
			"color": 0,
			"children": [19, 20, 21, 22, 23, 24, 25, 26, 27, 28, 29, 30, 31, 32, 33, 34, 35, 36, 37, 38, 39, 40, 41, 42]
		},
		{
			"name": "holes",
			"origin": [10.1, 9.3, 5],
			"color": 0,
			"children": [43, 44, 45, 46, 47, 48, 49, 50, 51, 52, 53, 54, 55, 56, 57, 58, 59, 60, 61, 62, 63, 64, 65, 66]
		}
	]
}