{
	"format_version": "1.21.6",
	"credit": "Made with Blockbench",
	"textures": {
		"0": "chems_guns:item/gun_ammo/20mm",
		"2": "chems_guns:item/gun_ammo/dshk",
		"particle": "chems_guns:item/gun_ammo/20mm"
	},
	"elements": [
		{
			"from": [7.65, 7, 8],
			"to": [8.35, 8.2, 10.66],
			"rotation": {"angle": 0, "axis": "y", "origin": [4, 4, 2]},
			"faces": {
				"north": {"uv": [0, 0, 3, 4], "texture": "#0"},
				"east": {"uv": [10.5, 13, 16, 16], "texture": "#0"},
				"south": {"uv": [0, 0, 1.5, 2], "texture": "#0"},
				"west": {"uv": [10.5, 13, 16, 16], "texture": "#0"},
				"up": {"uv": [0, 0, 3, 12], "texture": "#0"},
				"down": {"uv": [0, 0, 3, 12], "texture": "#0"}
			}
		},
		{
			"from": [7.65, 7, 11.25],
			"to": [8.35, 8, 11.95],
			"rotation": {"angle": 0, "axis": "y", "origin": [4, 4, 4.8]},
			"faces": {
				"north": {"uv": [0, 0, 3, 4], "texture": "#0"},
				"east": {"uv": [14.5, 14, 16, 16], "texture": "#0"},
				"south": {"uv": [0, 0, 1.5, 2], "texture": "#0"},
				"west": {"uv": [14.5, 14, 16, 16], "texture": "#0"},
				"up": {"uv": [10.5, 12, 13, 14], "texture": "#0"},
				"down": {"uv": [0, 0, 3, 12], "texture": "#0"}
			}
		},
		{
			"from": [7.65, 7, 10.65],
			"to": [8.35, 7.7, 11.25],
			"rotation": {"angle": 0, "axis": "y", "origin": [4, 4, 4.8]},
			"faces": {
				"north": {"uv": [0, 0, 3, 4], "texture": "#0"},
				"east": {"uv": [14.5, 14.5, 16, 16], "texture": "#0"},
				"south": {"uv": [0, 0, 1.5, 2], "texture": "#0"},
				"west": {"uv": [14.5, 14.5, 16, 16], "texture": "#0"},
				"up": {"uv": [10.5, 12, 12, 14.5], "texture": "#0"},
				"down": {"uv": [0, 0, 3, 12], "texture": "#0"}
			}
		},
		{
			"from": [7.65, 7, 11.95],
			"to": [8.35, 7.65, 12.3],
			"rotation": {"angle": 0, "axis": "y", "origin": [8, 7.325, 12.25]},
			"faces": {
				"north": {"uv": [0, 0, 3, 4], "texture": "#0"},
				"east": {"uv": [15, 14.5, 16, 16], "texture": "#0"},
				"south": {"uv": [14, 11.5, 15.5, 13], "texture": "#0"},
				"west": {"uv": [15, 14.5, 16, 16], "texture": "#0"},
				"up": {"uv": [0, 0, 1, 1], "texture": "#0"},
				"down": {"uv": [0, 0, 3, 12], "texture": "#0"}
			}
		},
		{
			"from": [7.6501, 7.285, 11.39],
			"to": [8.3481, 7.785, 12.09],
			"rotation": {"angle": -45, "axis": "x", "origin": [8, 7.725, 11.75]},
			"faces": {
				"north": {"uv": [0, 0, 3, 4], "texture": "#0"},
				"east": {"uv": [15, 14.5, 16, 16], "texture": "#0"},
				"south": {"uv": [13, 13.5, 14.5, 15], "texture": "#0"},
				"west": {"uv": [15, 14.5, 16, 16], "texture": "#0"},
				"up": {"uv": [0, 0, 3, 12], "texture": "#0"},
				"down": {"uv": [0, 0, 3, 12], "texture": "#0"}
			}
		},
		{
			"from": [7.1, 7.3, 10.75],
			"to": [7.7, 7.4, 10.85],
			"rotation": {"angle": 22.5, "axis": "z", "origin": [6, 7.95, 11.2]},
			"faces": {
				"north": {"uv": [7, 12, 8.5, 12.5], "texture": "#0"},
				"east": {"uv": [0, 0, 1.5, 2], "texture": "#0"},
				"south": {"uv": [8.5, 11.5, 9, 13], "rotation": 90, "texture": "#0"},
				"west": {"uv": [0, 0, 3, 4], "texture": "#0"},
				"up": {"uv": [8.5, 12.5, 9, 14], "rotation": 270, "texture": "#0"},
				"down": {"uv": [7.5, 12, 9, 12.5], "texture": "#0"}
			}
		},
		{
			"from": [6.4, 7.125, 10.7],
			"to": [7.2, 7.325, 10.9],
			"rotation": {"angle": 22.5, "axis": "z", "origin": [5.7, 7.85, 11.2]},
			"faces": {
				"north": {"uv": [11, 4, 14, 5], "texture": "#0"},
				"east": {"uv": [11.5, 4, 12.5, 5], "texture": "#0"},
				"south": {"uv": [11, 4, 14, 5], "rotation": 180, "texture": "#0"},
				"west": {"uv": [11, 4, 12, 5], "texture": "#0"},
				"up": {"uv": [11, 4, 14, 5], "texture": "#0"},
				"down": {"uv": [11, 4, 14, 5], "texture": "#0"}
			}
		},
		{
			"from": [7.8, 8.4, 8.05],
			"to": [8.2, 8.55, 9.65],
			"rotation": {"angle": 0, "axis": "x", "origin": [8, 8.575, 9.55]},
			"faces": {
				"north": {"uv": [12.5, 13.5, 14.5, 14.5], "rotation": 180, "texture": "#0"},
				"east": {"uv": [13.5, 8, 14.5, 16], "rotation": 270, "texture": "#2"},
				"south": {"uv": [11, 7, 13, 8], "rotation": 180, "texture": "#0"},
				"west": {"uv": [13.5, 7.5, 14.5, 15.5], "rotation": 270, "texture": "#2"},
				"up": {"uv": [14, 0.5, 16, 8.5], "texture": "#2"},
				"down": {"uv": [7.5, 8.5, 9, 14], "texture": "#0"}
			}
		},
		{
			"from": [7.8, 8.4, 9.65],
			"to": [8.2, 8.55, 10.55],
			"rotation": {"angle": 0, "axis": "y", "origin": [8, 8.575, 11.15]},
			"faces": {
				"north": {"uv": [12.5, 13.5, 14.5, 14.5], "rotation": 180, "texture": "#0"},
				"east": {"uv": [13.5, 11.5, 14.5, 16], "rotation": 270, "texture": "#2"},
				"south": {"uv": [11, 7, 13, 8], "rotation": 180, "texture": "#0"},
				"west": {"uv": [13.5, 10.5, 14.5, 15], "rotation": 270, "texture": "#2"},
				"up": {"uv": [14, 0.5, 16, 5], "texture": "#2"},
				"down": {"uv": [7.5, 8.5, 9, 14], "texture": "#0"}
			}
		},
		{
			"from": [7.8, 8.55, 8.05],
			"to": [8.2, 8.6, 8.15],
			"rotation": {"angle": 0, "axis": "y", "origin": [8, 8.575, 8.1]},
			"faces": {
				"north": {"uv": [14, 9.5, 16, 10], "rotation": 180, "texture": "#2"},
				"east": {"uv": [14, 14.5, 14.5, 15], "rotation": 270, "texture": "#2"},
				"south": {"uv": [14, 7.5, 16, 8], "rotation": 180, "texture": "#2"},
				"west": {"uv": [14, 9.5, 14.5, 10], "rotation": 270, "texture": "#2"},
				"up": {"uv": [14, 7.5, 16, 8], "texture": "#2"},
				"down": {"uv": [7.5, 8, 9, 13.5], "texture": "#0"}
			}
		},
		{
			"from": [7.75, 7, 6.3],
			"to": [8.25, 7.25, 8],
			"rotation": {"angle": 0, "axis": "y", "origin": [4, 4.5, -2.9]},
			"faces": {
				"north": {"uv": [11, 7, 13, 8], "texture": "#0"},
				"east": {"uv": [13.5, 8, 14.5, 16], "rotation": 90, "texture": "#2"},
				"south": {"uv": [0, 0, 3, 4], "texture": "#0"},
				"west": {"uv": [13.5, 7, 14.5, 15.5], "rotation": 90, "texture": "#2"},
				"up": {"uv": [7, 6, 8, 10], "texture": "#0"},
				"down": {"uv": [14, 1, 16, 9.5], "texture": "#2"}
			}
		},
		{
			"from": [7.75, 6.95, 6.4],
			"to": [8.25, 7, 6.5],
			"rotation": {"angle": 0, "axis": "y", "origin": [8, 6.975, 6.4]},
			"faces": {
				"north": {"uv": [14, 9.5, 16, 10], "rotation": 180, "texture": "#2"},
				"east": {"uv": [14, 14.5, 14.5, 15], "rotation": 270, "texture": "#2"},
				"south": {"uv": [14, 7.5, 16, 8], "rotation": 180, "texture": "#2"},
				"west": {"uv": [14, 9.5, 14.5, 10], "rotation": 270, "texture": "#2"},
				"up": {"uv": [14, 7.5, 16, 8], "texture": "#2"},
				"down": {"uv": [14, 12.5, 16, 13], "texture": "#2"}
			}
		},
		{
			"from": [7.75, 6.95, 6.6],
			"to": [8.25, 7, 6.7],
			"rotation": {"angle": 0, "axis": "y", "origin": [8, 6.975, 6.6]},
			"faces": {
				"north": {"uv": [14, 9.5, 16, 10], "rotation": 180, "texture": "#2"},
				"east": {"uv": [14, 14.5, 14.5, 15], "rotation": 270, "texture": "#2"},
				"south": {"uv": [14, 7.5, 16, 8], "rotation": 180, "texture": "#2"},
				"west": {"uv": [14, 9.5, 14.5, 10], "rotation": 270, "texture": "#2"},
				"up": {"uv": [14, 7.5, 16, 8], "texture": "#2"},
				"down": {"uv": [14, 12.5, 16, 13], "texture": "#2"}
			}
		},
		{
			"from": [7.75, 6.95, 7],
			"to": [8.25, 7, 7.1],
			"rotation": {"angle": 0, "axis": "y", "origin": [8, 6.975, 7]},
			"faces": {
				"north": {"uv": [14, 9.5, 16, 10], "rotation": 180, "texture": "#2"},
				"east": {"uv": [14, 14.5, 14.5, 15], "rotation": 270, "texture": "#2"},
				"south": {"uv": [14, 7.5, 16, 8], "rotation": 180, "texture": "#2"},
				"west": {"uv": [14, 9.5, 14.5, 10], "rotation": 270, "texture": "#2"},
				"up": {"uv": [14, 7.5, 16, 8], "texture": "#2"},
				"down": {"uv": [14, 12.5, 16, 13], "texture": "#2"}
			}
		},
		{
			"from": [7.75, 6.95, 6.8],
			"to": [8.25, 7, 6.9],
			"rotation": {"angle": 0, "axis": "y", "origin": [8, 6.975, 6.8]},
			"faces": {
				"north": {"uv": [14, 9.5, 16, 10], "rotation": 180, "texture": "#2"},
				"east": {"uv": [14, 14.5, 14.5, 15], "rotation": 270, "texture": "#2"},
				"south": {"uv": [14, 7.5, 16, 8], "rotation": 180, "texture": "#2"},
				"west": {"uv": [14, 9.5, 14.5, 10], "rotation": 270, "texture": "#2"},
				"up": {"uv": [14, 7.5, 16, 8], "texture": "#2"},
				"down": {"uv": [14, 12.5, 16, 13], "texture": "#2"}
			}
		},
		{
			"from": [7.75, 6.95, 7.2],
			"to": [8.25, 7, 7.3],
			"rotation": {"angle": 0, "axis": "y", "origin": [8, 6.975, 7.2]},
			"faces": {
				"north": {"uv": [14, 9.5, 16, 10], "rotation": 180, "texture": "#2"},
				"east": {"uv": [14, 14.5, 14.5, 15], "rotation": 270, "texture": "#2"},
				"south": {"uv": [14, 7.5, 16, 8], "rotation": 180, "texture": "#2"},
				"west": {"uv": [14, 9.5, 14.5, 10], "rotation": 270, "texture": "#2"},
				"up": {"uv": [14, 7.5, 16, 8], "texture": "#2"},
				"down": {"uv": [14, 12.5, 16, 13], "texture": "#2"}
			}
		},
		{
			"from": [7.75, 6.95, 7.4],
			"to": [8.25, 7, 7.5],
			"rotation": {"angle": 0, "axis": "y", "origin": [8, 6.975, 7.4]},
			"faces": {
				"north": {"uv": [14, 9.5, 16, 10], "rotation": 180, "texture": "#2"},
				"east": {"uv": [14, 14.5, 14.5, 15], "rotation": 270, "texture": "#2"},
				"south": {"uv": [14, 7.5, 16, 8], "rotation": 180, "texture": "#2"},
				"west": {"uv": [14, 9.5, 14.5, 10], "rotation": 270, "texture": "#2"},
				"up": {"uv": [14, 7.5, 16, 8], "texture": "#2"},
				"down": {"uv": [14, 12.5, 16, 13], "texture": "#2"}
			}
		},
		{
			"from": [7.75, 6.95, 7.6],
			"to": [8.25, 7, 7.7],
			"rotation": {"angle": 0, "axis": "y", "origin": [8, 6.975, 7.6]},
			"faces": {
				"north": {"uv": [14, 9.5, 16, 10], "rotation": 180, "texture": "#2"},
				"east": {"uv": [14, 14.5, 14.5, 15], "rotation": 270, "texture": "#2"},
				"south": {"uv": [14, 7.5, 16, 8], "rotation": 180, "texture": "#2"},
				"west": {"uv": [14, 9.5, 14.5, 10], "rotation": 270, "texture": "#2"},
				"up": {"uv": [14, 7.5, 16, 8], "texture": "#2"},
				"down": {"uv": [14, 12.5, 16, 13], "texture": "#2"}
			}
		},
		{
			"from": [7.75, 6.95, 7.8],
			"to": [8.25, 7, 7.9],
			"rotation": {"angle": 0, "axis": "y", "origin": [8, 6.975, 7.8]},
			"faces": {
				"north": {"uv": [14, 9.5, 16, 10], "rotation": 180, "texture": "#2"},
				"east": {"uv": [14, 14.5, 14.5, 15], "rotation": 270, "texture": "#2"},
				"south": {"uv": [14, 7.5, 16, 8], "rotation": 180, "texture": "#2"},
				"west": {"uv": [14, 9.5, 14.5, 10], "rotation": 270, "texture": "#2"},
				"up": {"uv": [14, 7.5, 16, 8], "texture": "#2"},
				"down": {"uv": [14, 12.5, 16, 13], "texture": "#2"}
			}
		},
		{
			"from": [7.8, 8.55, 8.45],
			"to": [8.2, 8.6, 8.55],
			"rotation": {"angle": 0, "axis": "y", "origin": [8, 8.575, 8.5]},
			"faces": {
				"north": {"uv": [14, 9.5, 16, 10], "rotation": 180, "texture": "#2"},
				"east": {"uv": [14, 14.5, 14.5, 15], "rotation": 270, "texture": "#2"},
				"south": {"uv": [14, 7.5, 16, 8], "rotation": 180, "texture": "#2"},
				"west": {"uv": [14, 9.5, 14.5, 10], "rotation": 270, "texture": "#2"},
				"up": {"uv": [14, 7.5, 16, 8], "texture": "#2"},
				"down": {"uv": [7.5, 8, 9, 13.5], "texture": "#0"}
			}
		},
		{
			"from": [7.8, 8.55, 8.65],
			"to": [8.2, 8.6, 8.75],
			"rotation": {"angle": 0, "axis": "y", "origin": [8, 8.575, 8.7]},
			"faces": {
				"north": {"uv": [14, 9.5, 16, 10], "rotation": 180, "texture": "#2"},
				"east": {"uv": [14, 14.5, 14.5, 15], "rotation": 270, "texture": "#2"},
				"south": {"uv": [14, 7.5, 16, 8], "rotation": 180, "texture": "#2"},
				"west": {"uv": [14, 9.5, 14.5, 10], "rotation": 270, "texture": "#2"},
				"up": {"uv": [14, 7.5, 16, 8], "texture": "#2"},
				"down": {"uv": [7.5, 8, 9, 13.5], "texture": "#0"}
			}
		},
		{
			"from": [7.8, 8.55, 8.85],
			"to": [8.2, 8.6, 8.95],
			"rotation": {"angle": 0, "axis": "y", "origin": [8, 8.575, 8.9]},
			"faces": {
				"north": {"uv": [14, 9.5, 16, 10], "rotation": 180, "texture": "#2"},
				"east": {"uv": [14, 14.5, 14.5, 15], "rotation": 270, "texture": "#2"},
				"south": {"uv": [14, 7.5, 16, 8], "rotation": 180, "texture": "#2"},
				"west": {"uv": [14, 9.5, 14.5, 10], "rotation": 270, "texture": "#2"},
				"up": {"uv": [14, 7.5, 16, 8], "texture": "#2"},
				"down": {"uv": [7.5, 8, 9, 13.5], "texture": "#0"}
			}
		},
		{
			"from": [7.8, 8.55, 9.05],
			"to": [8.2, 8.6, 9.15],
			"rotation": {"angle": 0, "axis": "y", "origin": [8, 8.575, 9.1]},
			"faces": {
				"north": {"uv": [14, 9.5, 16, 10], "rotation": 180, "texture": "#2"},
				"east": {"uv": [14, 14.5, 14.5, 15], "rotation": 270, "texture": "#2"},
				"south": {"uv": [14, 7.5, 16, 8], "rotation": 180, "texture": "#2"},
				"west": {"uv": [14, 9.5, 14.5, 10], "rotation": 270, "texture": "#2"},
				"up": {"uv": [14, 7.5, 16, 8], "texture": "#2"},
				"down": {"uv": [7.5, 8, 9, 13.5], "texture": "#0"}
			}
		},
		{
			"from": [7.8, 8.55, 9.25],
			"to": [8.2, 8.6, 9.35],
			"rotation": {"angle": 0, "axis": "y", "origin": [8, 8.575, 9.3]},
			"faces": {
				"north": {"uv": [14, 9.5, 16, 10], "rotation": 180, "texture": "#2"},
				"east": {"uv": [14, 14.5, 14.5, 15], "rotation": 270, "texture": "#2"},
				"south": {"uv": [14, 7.5, 16, 8], "rotation": 180, "texture": "#2"},
				"west": {"uv": [14, 9.5, 14.5, 10], "rotation": 270, "texture": "#2"},
				"up": {"uv": [14, 7.5, 16, 8], "texture": "#2"},
				"down": {"uv": [7.5, 8, 9, 13.5], "texture": "#0"}
			}
		},
		{
			"from": [7.8, 8.55, 9.45],
			"to": [8.2, 8.6, 9.55],
			"rotation": {"angle": 0, "axis": "y", "origin": [8, 8.575, 9.5]},
			"faces": {
				"north": {"uv": [14, 9.5, 16, 10], "rotation": 180, "texture": "#2"},
				"east": {"uv": [14, 14.5, 14.5, 15], "rotation": 270, "texture": "#2"},
				"south": {"uv": [14, 7.5, 16, 8], "rotation": 180, "texture": "#2"},
				"west": {"uv": [14, 9.5, 14.5, 10], "rotation": 270, "texture": "#2"},
				"up": {"uv": [14, 7.5, 16, 8], "texture": "#2"},
				"down": {"uv": [7.5, 8, 9, 13.5], "texture": "#0"}
			}
		},
		{
			"from": [7.8, 8.55, 9.65],
			"to": [8.2, 8.6, 9.75],
			"rotation": {"angle": 0, "axis": "y", "origin": [8, 8.575, 9.7]},
			"faces": {
				"north": {"uv": [14, 9.5, 16, 10], "rotation": 180, "texture": "#2"},
				"east": {"uv": [14, 14.5, 14.5, 15], "rotation": 270, "texture": "#2"},
				"south": {"uv": [14, 7.5, 16, 8], "rotation": 180, "texture": "#2"},
				"west": {"uv": [14, 9.5, 14.5, 10], "rotation": 270, "texture": "#2"},
				"up": {"uv": [14, 7.5, 16, 8], "texture": "#2"},
				"down": {"uv": [7.5, 8, 9, 13.5], "texture": "#0"}
			}
		},
		{
			"from": [7.8, 8.55, 9.85],
			"to": [8.2, 8.6, 9.95],
			"rotation": {"angle": 0, "axis": "y", "origin": [8, 8.575, 9.9]},
			"faces": {
				"north": {"uv": [14, 9.5, 16, 10], "rotation": 180, "texture": "#2"},
				"east": {"uv": [14, 14.5, 14.5, 15], "rotation": 270, "texture": "#2"},
				"south": {"uv": [14, 7.5, 16, 8], "rotation": 180, "texture": "#2"},
				"west": {"uv": [14, 9.5, 14.5, 10], "rotation": 270, "texture": "#2"},
				"up": {"uv": [14, 7.5, 16, 8], "texture": "#2"},
				"down": {"uv": [7.5, 8, 9, 13.5], "texture": "#0"}
			}
		},
		{
			"from": [7.8, 8.55, 10.05],
			"to": [8.2, 8.6, 10.15],
			"rotation": {"angle": 0, "axis": "y", "origin": [8, 8.575, 10.1]},
			"faces": {
				"north": {"uv": [14, 9.5, 16, 10], "rotation": 180, "texture": "#2"},
				"east": {"uv": [14, 14.5, 14.5, 15], "rotation": 270, "texture": "#2"},
				"south": {"uv": [14, 7.5, 16, 8], "rotation": 180, "texture": "#2"},
				"west": {"uv": [14, 9.5, 14.5, 10], "rotation": 270, "texture": "#2"},
				"up": {"uv": [14, 7.5, 16, 8], "texture": "#2"},
				"down": {"uv": [7.5, 8, 9, 13.5], "texture": "#0"}
			}
		},
		{
			"from": [7.8, 8.55, 10.25],
			"to": [8.2, 8.6, 10.35],
			"rotation": {"angle": 0, "axis": "y", "origin": [8, 8.575, 10.3]},
			"faces": {
				"north": {"uv": [14, 9.5, 16, 10], "rotation": 180, "texture": "#2"},
				"east": {"uv": [14, 14.5, 14.5, 15], "rotation": 270, "texture": "#2"},
				"south": {"uv": [14, 7.5, 16, 8], "rotation": 180, "texture": "#2"},
				"west": {"uv": [14, 9.5, 14.5, 10], "rotation": 270, "texture": "#2"},
				"up": {"uv": [14, 7.5, 16, 8], "texture": "#2"},
				"down": {"uv": [7.5, 8, 9, 13.5], "texture": "#0"}
			}
		},
		{
			"from": [7.8, 8.55, 10.45],
			"to": [8.2, 8.6, 10.55],
			"rotation": {"angle": 0, "axis": "y", "origin": [8, 8.575, 10.5]},
			"faces": {
				"north": {"uv": [14, 9.5, 16, 10], "rotation": 180, "texture": "#2"},
				"east": {"uv": [14, 14.5, 14.5, 15], "rotation": 270, "texture": "#2"},
				"south": {"uv": [14, 7.5, 16, 8], "rotation": 180, "texture": "#2"},
				"west": {"uv": [14, 9.5, 14.5, 10], "rotation": 270, "texture": "#2"},
				"up": {"uv": [14, 7.5, 16, 8], "texture": "#2"},
				"down": {"uv": [7.5, 8, 9, 13.5], "texture": "#0"}
			}
		},
		{
			"from": [7.8, 8.55, 8.25],
			"to": [8.2, 8.6, 8.35],
			"rotation": {"angle": 0, "axis": "y", "origin": [8, 8.575, 8.3]},
			"faces": {
				"north": {"uv": [14, 9.5, 16, 10], "rotation": 180, "texture": "#2"},
				"east": {"uv": [14, 14.5, 14.5, 15], "rotation": 270, "texture": "#2"},
				"south": {"uv": [14, 7.5, 16, 8], "rotation": 180, "texture": "#2"},
				"west": {"uv": [14, 9.5, 14.5, 10], "rotation": 270, "texture": "#2"},
				"up": {"uv": [14, 7.5, 16, 8], "texture": "#2"},
				"down": {"uv": [7.5, 8, 9, 13.5], "texture": "#0"}
			}
		},
		{
			"from": [7.8, 4.8, 11.9],
			"to": [8.2, 7.1, 12.7],
			"rotation": {"angle": -22.5, "axis": "x", "origin": [8, 5.85, 11.6]},
			"faces": {
				"north": {"uv": [4, 3, 5, 8], "texture": "#0"},
				"east": {"uv": [6, 3, 4, 8], "texture": "#0"},
				"south": {"uv": [5, 3, 6, 8], "texture": "#0"},
				"west": {"uv": [4, 3, 6, 8], "texture": "#0"},
				"up": {"uv": [4, 6, 6, 8], "texture": "#0"},
				"down": {"uv": [4, 3, 6, 5], "texture": "#0"}
			}
		},
		{
			"from": [7.85, 6.425, 10.725],
			"to": [8.15, 6.525, 11.925],
			"rotation": {"angle": 0, "axis": "y", "origin": [4, 5.3, 4.5]},
			"faces": {
				"north": {"uv": [3.5, 9, 4.5, 11], "texture": "#0"},
				"east": {"uv": [4, 11, 6.5, 11.5], "texture": "#0"},
				"south": {"uv": [4, 9, 5, 11], "texture": "#0"},
				"west": {"uv": [6.35, 11, 4, 11.5], "texture": "#0"},
				"up": {"uv": [3.5, 9, 4.5, 11], "texture": "#0"},
				"down": {"uv": [3.5, 9, 4.5, 11], "texture": "#0"}
			}
		},
		{
			"from": [7.85, 6.4, 10.5],
			"to": [8.15, 7.6, 10.6],
			"rotation": {"angle": -22.5, "axis": "x", "origin": [8, 6.975, 10.55]},
			"faces": {
				"north": {"uv": [4, 4, 5, 7], "rotation": 180, "texture": "#0"},
				"east": {"uv": [4, 4, 4.5, 7], "texture": "#0"},
				"south": {"uv": [4, 4, 5, 7], "texture": "#0"},
				"west": {"uv": [4, 6.85, 4.5, 4], "texture": "#0"},
				"up": {"uv": [3.5, 9, 4.5, 11], "rotation": 180, "texture": "#0"},
				"down": {"uv": [4, 9, 5, 11], "texture": "#0"}
			}
		},
		{
			"from": [7.85, 6.6, 11.3],
			"to": [8.15, 7.8, 11.4],
			"rotation": {"angle": 22.5, "axis": "x", "origin": [8, 7.175, 11.35]},
			"faces": {
				"north": {"uv": [4, 4, 5, 7], "rotation": 180, "texture": "#0"},
				"east": {"uv": [4, 4, 4.5, 7], "texture": "#0"},
				"south": {"uv": [4, 4, 5, 7], "texture": "#0"},
				"west": {"uv": [4, 6.85, 4.5, 4], "texture": "#0"},
				"up": {"uv": [3.5, 9, 4.5, 11], "rotation": 180, "texture": "#0"},
				"down": {"uv": [3.5, 9, 4.5, 11], "texture": "#0"}
			}
		},
		{
			"name": "octagon",
			"from": [7.6, 7.85, 7.8],
			"to": [7.7, 8.18133, 10.7],
			"rotation": {"angle": 0, "axis": "y", "origin": [8, 8.01567, 7]},
			"faces": {
				"north": {"uv": [15, 15, 16, 16], "texture": "#0"},
				"east": {"uv": [4, 15, 16, 16], "texture": "#0"},
				"south": {"uv": [15.5, 15, 16, 16], "texture": "#0"},
				"west": {"uv": [6.5, 15, 14, 16], "texture": "#0"},
				"up": {"uv": [15, 4, 16, 5], "texture": "#0"},
				"down": {"uv": [15, 4, 16, 5], "texture": "#0"}
			}
		},
		{
			"name": "octagon",
			"from": [7.575, 7.84, 2],
			"to": [7.725, 8.19204, 2.4],
			"rotation": {"angle": 0, "axis": "y", "origin": [8, 8.01602, 1.95]},
			"faces": {
				"north": {"uv": [15, 15, 15.5, 16], "texture": "#0"},
				"east": {"uv": [15, 15, 16, 16], "texture": "#0"},
				"south": {"uv": [15.5, 15, 16, 16], "texture": "#0"},
				"west": {"uv": [13, 15, 14, 16], "texture": "#0"},
				"up": {"uv": [15, 4, 16, 5], "texture": "#0"},
				"down": {"uv": [15, 4, 16, 5], "texture": "#0"}
			}
		},
		{
			"name": "octagon",
			"from": [7.82398, 7.59102, 2],
			"to": [8.17602, 7.74102, 2.4],
			"rotation": {"angle": -45, "axis": "z", "origin": [8, 8.01602, 1.95]},
			"faces": {
				"north": {"uv": [15, 15, 15.5, 16], "rotation": 90, "texture": "#0"},
				"east": {"uv": [15, 4, 16, 5], "rotation": 270, "texture": "#0"},
				"south": {"uv": [15.5, 15, 16, 16], "rotation": 270, "texture": "#0"},
				"west": {"uv": [15, 4, 16, 5], "rotation": 270, "texture": "#0"},
				"up": {"uv": [15, 15, 16, 16], "rotation": 270, "texture": "#0"},
				"down": {"uv": [13, 15, 14, 16], "rotation": 270, "texture": "#0"}
			}
		},
		{
			"name": "octagon",
			"from": [8.02398, 7.59102, 0.8],
			"to": [8.17602, 7.74102, 2],
			"rotation": {"angle": -45, "axis": "z", "origin": [8, 8.01602, 1.55]},
			"faces": {
				"north": {"uv": [15, 15, 15.5, 16], "rotation": 90, "texture": "#0"},
				"east": {"uv": [15, 4, 16, 5], "rotation": 270, "texture": "#0"},
				"south": {"uv": [15.5, 15, 16, 16], "rotation": 270, "texture": "#0"},
				"west": {"uv": [12, 12.5, 12.5, 16], "rotation": 270, "texture": "#0"},
				"up": {"uv": [12.5, 15, 16, 16], "rotation": 270, "texture": "#0"},
				"down": {"uv": [10.5, 15.5, 14, 16], "rotation": 270, "texture": "#0"}
			}
		},
		{
			"name": "octagon",
			"from": [7.575, 7.84, 2],
			"to": [7.725, 8.19204, 2.4],
			"rotation": {"angle": -45, "axis": "z", "origin": [8, 8.01602, 1.95]},
			"faces": {
				"north": {"uv": [15, 15, 15.5, 16], "texture": "#0"},
				"east": {"uv": [15, 15, 16, 16], "texture": "#0"},
				"south": {"uv": [15.5, 15, 16, 16], "texture": "#0"},
				"west": {"uv": [13, 15, 14, 16], "texture": "#0"},
				"up": {"uv": [15, 4, 16, 5], "texture": "#0"},
				"down": {"uv": [15, 4, 16, 5], "texture": "#0"}
			}
		},
		{
			"name": "octagon",
			"from": [7.82398, 8.29102, 0.8],
			"to": [8.17602, 8.44102, 2.4],
			"rotation": {"angle": 0, "axis": "z", "origin": [8, 8.01602, 1.95]},
			"faces": {
				"north": {"uv": [15, 15, 15.5, 16], "rotation": 270, "texture": "#0"},
				"east": {"uv": [15, 4, 16, 5], "rotation": 90, "texture": "#0"},
				"south": {"uv": [15.5, 15, 16, 16], "rotation": 90, "texture": "#0"},
				"west": {"uv": [15, 4, 16, 5], "rotation": 90, "texture": "#0"},
				"up": {"uv": [9.5, 15, 14, 16], "rotation": 90, "texture": "#0"},
				"down": {"uv": [15, 15, 16, 16], "rotation": 90, "texture": "#0"}
			}
		},
		{
			"name": "octagon",
			"from": [7.82398, 8.29102, 2],
			"to": [8.17602, 8.44102, 2.4],
			"rotation": {"angle": -45, "axis": "z", "origin": [8, 8.01602, 1.95]},
			"faces": {
				"north": {"uv": [15, 15, 15.5, 16], "rotation": 270, "texture": "#0"},
				"east": {"uv": [15, 4, 16, 5], "rotation": 90, "texture": "#0"},
				"south": {"uv": [15.5, 15, 16, 16], "rotation": 90, "texture": "#0"},
				"west": {"uv": [15, 4, 16, 5], "rotation": 90, "texture": "#0"},
				"up": {"uv": [13, 15, 14, 16], "rotation": 90, "texture": "#0"},
				"down": {"uv": [15, 15, 16, 16], "rotation": 90, "texture": "#0"}
			}
		},
		{
			"name": "octagon",
			"from": [7.82398, 8.29102, 0.8],
			"to": [7.97602, 8.44102, 2],
			"rotation": {"angle": -45, "axis": "z", "origin": [8, 8.01602, 1.55]},
			"faces": {
				"north": {"uv": [15, 15, 15.5, 16], "rotation": 270, "texture": "#0"},
				"east": {"uv": [15, 4, 16, 5], "rotation": 90, "texture": "#0"},
				"south": {"uv": [15.5, 15, 16, 16], "rotation": 90, "texture": "#0"},
				"west": {"uv": [15, 4, 16, 5], "rotation": 90, "texture": "#0"},
				"up": {"uv": [10, 16, 14, 16], "rotation": 90, "texture": "#0"},
				"down": {"uv": [15, 15, 16, 16], "rotation": 90, "texture": "#0"}
			}
		},
		{
			"name": "octagon",
			"from": [8.275, 7.84, 2],
			"to": [8.425, 8.19204, 2.4],
			"rotation": {"angle": -45, "axis": "z", "origin": [8, 8.01602, 1.95]},
			"faces": {
				"north": {"uv": [15, 15, 15.5, 16], "rotation": 180, "texture": "#0"},
				"east": {"uv": [13, 15, 14, 16], "rotation": 180, "texture": "#0"},
				"south": {"uv": [15.5, 15, 16, 16], "rotation": 180, "texture": "#0"},
				"west": {"uv": [15, 15, 16, 16], "rotation": 180, "texture": "#0"},
				"up": {"uv": [15, 4, 16, 5], "rotation": 180, "texture": "#0"},
				"down": {"uv": [15, 4, 16, 5], "rotation": 180, "texture": "#0"}
			}
		},
		{
			"name": "octagon",
			"from": [8.275, 7.84, 0.8],
			"to": [8.425, 7.99204, 2],
			"rotation": {"angle": -45, "axis": "z", "origin": [8, 8.01602, 1.55]},
			"faces": {
				"north": {"uv": [15, 15, 15.5, 16], "rotation": 180, "texture": "#0"},
				"east": {"uv": [10, 16, 14, 16], "rotation": 180, "texture": "#0"},
				"south": {"uv": [15.5, 15, 16, 16], "rotation": 180, "texture": "#0"},
				"west": {"uv": [13, 15, 16, 16], "rotation": 180, "texture": "#0"},
				"up": {"uv": [15, 4, 16, 5], "rotation": 180, "texture": "#0"},
				"down": {"uv": [15, 4, 16, 5], "rotation": 180, "texture": "#0"}
			}
		},
		{
			"name": "octagon",
			"from": [7.82398, 7.59102, 0.8],
			"to": [8.17602, 7.74102, 2.4],
			"rotation": {"angle": 0, "axis": "z", "origin": [8, 8.01602, 1.95]},
			"faces": {
				"north": {"uv": [15, 15, 15.5, 16], "rotation": 90, "texture": "#0"},
				"east": {"uv": [15, 4, 16, 5], "rotation": 270, "texture": "#0"},
				"south": {"uv": [15.5, 15, 16, 16], "rotation": 270, "texture": "#0"},
				"west": {"uv": [15, 4, 16, 5], "rotation": 270, "texture": "#0"},
				"up": {"uv": [11, 15, 16, 16], "rotation": 270, "texture": "#0"},
				"down": {"uv": [13, 15, 14, 16], "rotation": 270, "texture": "#0"}
			}
		},
		{
			"name": "octagon",
			"from": [7.575, 8.04, 0.8],
			"to": [7.725, 8.19204, 2],
			"rotation": {"angle": -45, "axis": "z", "origin": [8, 8.01602, 1.55]},
			"faces": {
				"north": {"uv": [15, 15, 15.5, 16], "texture": "#0"},
				"east": {"uv": [15, 15, 16, 16], "texture": "#0"},
				"south": {"uv": [15.5, 15, 16, 16], "texture": "#0"},
				"west": {"uv": [10.5, 15.5, 14, 16], "texture": "#0"},
				"up": {"uv": [15, 4, 16, 5], "texture": "#0"},
				"down": {"uv": [15.5, 11.5, 16, 15], "texture": "#0"}
			}
		},
		{
			"name": "octagon",
			"from": [7.575, 7.84, 1.4],
			"to": [7.725, 8.19204, 1.5],
			"rotation": {"angle": 0, "axis": "y", "origin": [8, 8.01602, 1.05]},
			"faces": {
				"north": {"uv": [15, 15, 15.5, 16], "texture": "#0"},
				"east": {"uv": [15, 15, 16, 16], "texture": "#0"},
				"south": {"uv": [15.5, 15, 16, 16], "texture": "#0"},
				"west": {"uv": [13.5, 15, 14, 16], "texture": "#0"},
				"up": {"uv": [15, 4, 16, 5], "texture": "#0"},
				"down": {"uv": [15, 4, 16, 5], "texture": "#0"}
			}
		},
		{
			"name": "octagon",
			"from": [7.575, 7.84, 1.1],
			"to": [7.725, 8.19204, 1.2],
			"rotation": {"angle": 0, "axis": "y", "origin": [8, 8.01602, 0.75]},
			"faces": {
				"north": {"uv": [15, 15, 15.5, 16], "texture": "#0"},
				"east": {"uv": [15, 15, 16, 16], "texture": "#0"},
				"south": {"uv": [15.5, 15, 16, 16], "texture": "#0"},
				"west": {"uv": [13.5, 15, 14, 16], "texture": "#0"},
				"up": {"uv": [15, 4, 16, 5], "texture": "#0"},
				"down": {"uv": [15, 4, 16, 5], "texture": "#0"}
			}
		},
		{
			"name": "octagon",
			"from": [7.575, 7.84, 0.8],
			"to": [7.725, 8.19204, 0.9],
			"rotation": {"angle": 0, "axis": "y", "origin": [8, 8.01602, 0.45]},
			"faces": {
				"north": {"uv": [15, 15, 15.5, 16], "texture": "#0"},
				"east": {"uv": [15, 15, 16, 16], "texture": "#0"},
				"south": {"uv": [15.5, 15, 16, 16], "texture": "#0"},
				"west": {"uv": [13.5, 15, 14, 16], "texture": "#0"},
				"up": {"uv": [15, 4, 16, 5], "texture": "#0"},
				"down": {"uv": [15, 4, 16, 5], "texture": "#0"}
			}
		},
		{
			"name": "octagon",
			"from": [7.575, 7.84, 1.7],
			"to": [7.725, 8.19204, 1.8],
			"rotation": {"angle": 0, "axis": "y", "origin": [8, 8.01602, 1.35]},
			"faces": {
				"north": {"uv": [15, 15, 15.5, 16], "texture": "#0"},
				"east": {"uv": [15, 15, 16, 16], "texture": "#0"},
				"south": {"uv": [15.5, 15, 16, 16], "texture": "#0"},
				"west": {"uv": [13.5, 15, 14, 16], "texture": "#0"},
				"up": {"uv": [15, 4, 16, 5], "texture": "#0"},
				"down": {"uv": [15, 4, 16, 5], "texture": "#0"}
			}
		},
		{
			"name": "octagon",
			"from": [7.575, 7.94, 1.7],
			"to": [7.725, 8.19204, 1.8],
			"rotation": {"angle": 45, "axis": "z", "origin": [8, 8.01602, 1.35]},
			"faces": {
				"north": {"uv": [15, 15, 15.5, 16], "texture": "#0"},
				"east": {"uv": [15, 15, 16, 16], "texture": "#0"},
				"south": {"uv": [15.5, 15, 16, 16], "texture": "#0"},
				"west": {"uv": [13, 15.5, 13.5, 16], "texture": "#0"},
				"up": {"uv": [15, 4, 16, 5], "texture": "#0"},
				"down": {"uv": [15, 4, 16, 5], "texture": "#0"}
			}
		},
		{
			"name": "octagon",
			"from": [7.575, 7.94, 1.4],
			"to": [7.725, 8.19204, 1.5],
			"rotation": {"angle": 45, "axis": "z", "origin": [8, 8.01602, 1.05]},
			"faces": {
				"north": {"uv": [15, 15, 15.5, 16], "texture": "#0"},
				"east": {"uv": [15, 15, 16, 16], "texture": "#0"},
				"south": {"uv": [15.5, 15, 16, 16], "texture": "#0"},
				"west": {"uv": [13, 15.5, 13.5, 16], "texture": "#0"},
				"up": {"uv": [15, 4, 16, 5], "texture": "#0"},
				"down": {"uv": [15, 4, 16, 5], "texture": "#0"}
			}
		},
		{
			"name": "octagon",
			"from": [7.575, 7.94, 1.1],
			"to": [7.725, 8.19204, 1.2],
			"rotation": {"angle": 45, "axis": "z", "origin": [8, 8.01602, 0.75]},
			"faces": {
				"north": {"uv": [15, 15, 15.5, 16], "texture": "#0"},
				"east": {"uv": [15, 15, 16, 16], "texture": "#0"},
				"south": {"uv": [15.5, 15, 16, 16], "texture": "#0"},
				"west": {"uv": [13, 15.5, 13.5, 16], "texture": "#0"},
				"up": {"uv": [15, 4, 16, 5], "texture": "#0"},
				"down": {"uv": [15, 4, 16, 5], "texture": "#0"}
			}
		},
		{
			"name": "octagon",
			"from": [7.575, 7.94, 0.8],
			"to": [7.725, 8.19204, 0.9],
			"rotation": {"angle": 45, "axis": "z", "origin": [8, 8.01602, 0.45]},
			"faces": {
				"north": {"uv": [15, 15, 15.5, 16], "texture": "#0"},
				"east": {"uv": [15, 15, 16, 16], "texture": "#0"},
				"south": {"uv": [15.5, 15, 16, 16], "texture": "#0"},
				"west": {"uv": [13, 15.5, 13.5, 16], "texture": "#0"},
				"up": {"uv": [15, 4, 16, 5], "texture": "#0"},
				"down": {"uv": [15, 4, 16, 5], "texture": "#0"}
			}
		},
		{
			"name": "octagon",
			"from": [7.575, 7.84, 1.7],
			"to": [7.725, 8.04, 1.8],
			"rotation": {"angle": -45, "axis": "z", "origin": [8, 8.01602, 1.35]},
			"faces": {
				"north": {"uv": [15, 15, 15.5, 16], "texture": "#0"},
				"east": {"uv": [15, 15, 16, 16], "texture": "#0"},
				"south": {"uv": [15.5, 15, 16, 16], "texture": "#0"},
				"west": {"uv": [13.5, 15.5, 14, 16], "texture": "#0"},
				"up": {"uv": [15, 4, 16, 5], "texture": "#0"},
				"down": {"uv": [15, 4, 16, 5], "texture": "#0"}
			}
		},
		{
			"name": "octagon",
			"from": [7.575, 7.84, 1.4],
			"to": [7.725, 8.04, 1.5],
			"rotation": {"angle": -45, "axis": "z", "origin": [8, 8.01602, 1.05]},
			"faces": {
				"north": {"uv": [15, 15, 15.5, 16], "texture": "#0"},
				"east": {"uv": [15, 15, 16, 16], "texture": "#0"},
				"south": {"uv": [15.5, 15, 16, 16], "texture": "#0"},
				"west": {"uv": [13.5, 15.5, 14, 16], "texture": "#0"},
				"up": {"uv": [15, 4, 16, 5], "texture": "#0"},
				"down": {"uv": [15, 4, 16, 5], "texture": "#0"}
			}
		},
		{
			"name": "octagon",
			"from": [7.575, 7.84, 1.1],
			"to": [7.725, 8.04, 1.2],
			"rotation": {"angle": -45, "axis": "z", "origin": [8, 8.01602, 0.75]},
			"faces": {
				"north": {"uv": [15, 15, 15.5, 16], "texture": "#0"},
				"east": {"uv": [15, 15, 16, 16], "texture": "#0"},
				"south": {"uv": [15.5, 15, 16, 16], "texture": "#0"},
				"west": {"uv": [13.5, 15.5, 14, 16], "texture": "#0"},
				"up": {"uv": [15, 4, 16, 5], "texture": "#0"},
				"down": {"uv": [15, 4, 16, 5], "texture": "#0"}
			}
		},
		{
			"name": "octagon",
			"from": [7.575, 7.84, 0.8],
			"to": [7.725, 8.04, 0.9],
			"rotation": {"angle": -45, "axis": "z", "origin": [8, 8.01602, 0.45]},
			"faces": {
				"north": {"uv": [15, 15, 15.5, 16], "texture": "#0"},
				"east": {"uv": [15, 15, 16, 16], "texture": "#0"},
				"south": {"uv": [15.5, 15, 16, 16], "texture": "#0"},
				"west": {"uv": [13.5, 15.5, 14, 16], "texture": "#0"},
				"up": {"uv": [15, 4, 16, 5], "texture": "#0"},
				"down": {"uv": [15, 4, 16, 5], "texture": "#0"}
			}
		},
		{
			"name": "octagon",
			"from": [8.275, 7.84, 0.8],
			"to": [8.425, 8.19204, 0.9],
			"rotation": {"angle": 0, "axis": "z", "origin": [8, 8.01602, 0.45]},
			"faces": {
				"north": {"uv": [15, 15, 15.5, 16], "rotation": 180, "texture": "#0"},
				"east": {"uv": [13.5, 15, 14, 16], "rotation": 180, "texture": "#0"},
				"south": {"uv": [15.5, 15, 16, 16], "rotation": 180, "texture": "#0"},
				"west": {"uv": [15, 15, 16, 16], "rotation": 180, "texture": "#0"},
				"up": {"uv": [15, 4, 16, 5], "rotation": 180, "texture": "#0"},
				"down": {"uv": [15, 4, 16, 5], "rotation": 180, "texture": "#0"}
			}
		},
		{
			"name": "octagon",
			"from": [8.275, 7.84, 1.1],
			"to": [8.425, 8.19204, 1.2],
			"rotation": {"angle": 0, "axis": "z", "origin": [8, 8.01602, 0.75]},
			"faces": {
				"north": {"uv": [15, 15, 15.5, 16], "rotation": 180, "texture": "#0"},
				"east": {"uv": [13.5, 15, 14, 16], "rotation": 180, "texture": "#0"},
				"south": {"uv": [15.5, 15, 16, 16], "rotation": 180, "texture": "#0"},
				"west": {"uv": [15, 15, 16, 16], "rotation": 180, "texture": "#0"},
				"up": {"uv": [15, 4, 16, 5], "rotation": 180, "texture": "#0"},
				"down": {"uv": [15, 4, 16, 5], "rotation": 180, "texture": "#0"}
			}
		},
		{
			"name": "octagon",
			"from": [8.275, 7.84, 1.4],
			"to": [8.425, 8.19204, 1.5],
			"rotation": {"angle": 0, "axis": "z", "origin": [8, 8.01602, 1.05]},
			"faces": {
				"north": {"uv": [15, 15, 15.5, 16], "rotation": 180, "texture": "#0"},
				"east": {"uv": [13.5, 15, 14, 16], "rotation": 180, "texture": "#0"},
				"south": {"uv": [15.5, 15, 16, 16], "rotation": 180, "texture": "#0"},
				"west": {"uv": [15, 15, 16, 16], "rotation": 180, "texture": "#0"},
				"up": {"uv": [15, 4, 16, 5], "rotation": 180, "texture": "#0"},
				"down": {"uv": [15, 4, 16, 5], "rotation": 180, "texture": "#0"}
			}
		},
		{
			"name": "octagon",
			"from": [8.275, 7.84, 1.7],
			"to": [8.425, 8.19204, 1.8],
			"rotation": {"angle": 0, "axis": "z", "origin": [8, 8.01602, 1.35]},
			"faces": {
				"north": {"uv": [15, 15, 15.5, 16], "rotation": 180, "texture": "#0"},
				"east": {"uv": [13.5, 15, 14, 16], "rotation": 180, "texture": "#0"},
				"south": {"uv": [15.5, 15, 16, 16], "rotation": 180, "texture": "#0"},
				"west": {"uv": [15, 15, 16, 16], "rotation": 180, "texture": "#0"},
				"up": {"uv": [15, 4, 16, 5], "rotation": 180, "texture": "#0"},
				"down": {"uv": [15, 4, 16, 5], "rotation": 180, "texture": "#0"}
			}
		},
		{
			"name": "octagon",
			"from": [8.275, 7.94, 1.7],
			"to": [8.425, 8.19204, 1.8],
			"rotation": {"angle": -45, "axis": "z", "origin": [8, 8.01602, 1.35]},
			"faces": {
				"north": {"uv": [15, 15, 15.5, 16], "rotation": 180, "texture": "#0"},
				"east": {"uv": [13.5, 15.5, 14, 16], "rotation": 180, "texture": "#0"},
				"south": {"uv": [15.5, 15, 16, 16], "rotation": 180, "texture": "#0"},
				"west": {"uv": [15, 15, 16, 16], "rotation": 180, "texture": "#0"},
				"up": {"uv": [15, 4, 16, 5], "rotation": 180, "texture": "#0"},
				"down": {"uv": [15, 4, 16, 5], "rotation": 180, "texture": "#0"}
			}
		},
		{
			"name": "octagon",
			"from": [8.275, 7.94, 1.4],
			"to": [8.425, 8.19204, 1.5],
			"rotation": {"angle": -45, "axis": "z", "origin": [8, 8.01602, 1.05]},
			"faces": {
				"north": {"uv": [15, 15, 15.5, 16], "rotation": 180, "texture": "#0"},
				"east": {"uv": [13.5, 15.5, 14, 16], "rotation": 180, "texture": "#0"},
				"south": {"uv": [15.5, 15, 16, 16], "rotation": 180, "texture": "#0"},
				"west": {"uv": [15, 15, 16, 16], "rotation": 180, "texture": "#0"},
				"up": {"uv": [15, 4, 16, 5], "rotation": 180, "texture": "#0"},
				"down": {"uv": [15, 4, 16, 5], "rotation": 180, "texture": "#0"}
			}
		},
		{
			"name": "octagon",
			"from": [8.275, 7.94, 1.1],
			"to": [8.425, 8.19204, 1.2],
			"rotation": {"angle": -45, "axis": "z", "origin": [8, 8.01602, 0.75]},
			"faces": {
				"north": {"uv": [15, 15, 15.5, 16], "rotation": 180, "texture": "#0"},
				"east": {"uv": [13.5, 15.5, 14, 16], "rotation": 180, "texture": "#0"},
				"south": {"uv": [15.5, 15, 16, 16], "rotation": 180, "texture": "#0"},
				"west": {"uv": [15, 15, 16, 16], "rotation": 180, "texture": "#0"},
				"up": {"uv": [15, 4, 16, 5], "rotation": 180, "texture": "#0"},
				"down": {"uv": [15, 4, 16, 5], "rotation": 180, "texture": "#0"}
			}
		},
		{
			"name": "octagon",
			"from": [8.275, 7.94, 0.8],
			"to": [8.425, 8.19204, 0.9],
			"rotation": {"angle": -45, "axis": "z", "origin": [8, 8.01602, 0.45]},
			"faces": {
				"north": {"uv": [15, 15, 15.5, 16], "rotation": 180, "texture": "#0"},
				"east": {"uv": [13.5, 15.5, 14, 16], "rotation": 180, "texture": "#0"},
				"south": {"uv": [15.5, 15, 16, 16], "rotation": 180, "texture": "#0"},
				"west": {"uv": [15, 15, 16, 16], "rotation": 180, "texture": "#0"},
				"up": {"uv": [15, 4, 16, 5], "rotation": 180, "texture": "#0"},
				"down": {"uv": [15, 4, 16, 5], "rotation": 180, "texture": "#0"}
			}
		},
		{
			"name": "octagon",
			"from": [8.275, 7.84, 1.7],
			"to": [8.425, 8.09204, 1.8],
			"rotation": {"angle": 45, "axis": "z", "origin": [8, 8.01602, 1.35]},
			"faces": {
				"north": {"uv": [15, 15, 15.5, 16], "rotation": 180, "texture": "#0"},
				"east": {"uv": [13.5, 15.5, 14, 16], "rotation": 180, "texture": "#0"},
				"south": {"uv": [15.5, 15, 16, 16], "rotation": 180, "texture": "#0"},
				"west": {"uv": [15, 15, 16, 16], "rotation": 180, "texture": "#0"},
				"up": {"uv": [15, 4, 16, 5], "rotation": 180, "texture": "#0"},
				"down": {"uv": [15, 4, 16, 5], "rotation": 180, "texture": "#0"}
			}
		},
		{
			"name": "octagon",
			"from": [8.275, 7.84, 1.4],
			"to": [8.425, 8.09204, 1.5],
			"rotation": {"angle": 45, "axis": "z", "origin": [8, 8.01602, 1.05]},
			"faces": {
				"north": {"uv": [15, 15, 15.5, 16], "rotation": 180, "texture": "#0"},
				"east": {"uv": [13.5, 15.5, 14, 16], "rotation": 180, "texture": "#0"},
				"south": {"uv": [15.5, 15, 16, 16], "rotation": 180, "texture": "#0"},
				"west": {"uv": [15, 15, 16, 16], "rotation": 180, "texture": "#0"},
				"up": {"uv": [15, 4, 16, 5], "rotation": 180, "texture": "#0"},
				"down": {"uv": [15, 4, 16, 5], "rotation": 180, "texture": "#0"}
			}
		},
		{
			"name": "octagon",
			"from": [8.275, 7.84, 1.1],
			"to": [8.425, 8.09204, 1.2],
			"rotation": {"angle": 45, "axis": "z", "origin": [8, 8.01602, 0.75]},
			"faces": {
				"north": {"uv": [15, 15, 15.5, 16], "rotation": 180, "texture": "#0"},
				"east": {"uv": [13.5, 15.5, 14, 16], "rotation": 180, "texture": "#0"},
				"south": {"uv": [15.5, 15, 16, 16], "rotation": 180, "texture": "#0"},
				"west": {"uv": [15, 15, 16, 16], "rotation": 180, "texture": "#0"},
				"up": {"uv": [15, 4, 16, 5], "rotation": 180, "texture": "#0"},
				"down": {"uv": [15, 4, 16, 5], "rotation": 180, "texture": "#0"}
			}
		},
		{
			"name": "octagon",
			"from": [8.275, 7.84, 0.8],
			"to": [8.425, 8.09204, 0.9],
			"rotation": {"angle": 45, "axis": "z", "origin": [8, 8.01602, 0.45]},
			"faces": {
				"north": {"uv": [15, 15, 15.5, 16], "rotation": 180, "texture": "#0"},
				"east": {"uv": [13.5, 15.5, 14, 16], "rotation": 180, "texture": "#0"},
				"south": {"uv": [15.5, 15, 16, 16], "rotation": 180, "texture": "#0"},
				"west": {"uv": [15, 15, 16, 16], "rotation": 180, "texture": "#0"},
				"up": {"uv": [15, 4, 16, 5], "rotation": 180, "texture": "#0"},
				"down": {"uv": [15, 4, 16, 5], "rotation": 180, "texture": "#0"}
			}
		},
		{
			"name": "octagon",
			"from": [8.275, 7.84, 2],
			"to": [8.425, 8.19204, 2.4],
			"rotation": {"angle": 0, "axis": "z", "origin": [8, 8.01602, 1.95]},
			"faces": {
				"north": {"uv": [13, 15.5, 14, 16], "rotation": 90, "texture": "#0"},
				"east": {"uv": [13, 15, 14, 16], "rotation": 180, "texture": "#0"},
				"south": {"uv": [15.5, 15, 16, 16], "rotation": 180, "texture": "#0"},
				"west": {"uv": [15.5, 15, 16, 16], "rotation": 180, "texture": "#0"},
				"up": {"uv": [15, 4, 16, 5], "rotation": 180, "texture": "#0"},
				"down": {"uv": [15, 4, 16, 5], "rotation": 180, "texture": "#0"}
			}
		},
		{
			"name": "octagon",
			"from": [7.615, 7.855, 2.4],
			"to": [8.39, 8.17598, 2.6],
			"rotation": {"angle": 0, "axis": "y", "origin": [8.0025, 8.01549, 2.55]},
			"faces": {
				"north": {"uv": [15, 15, 16, 16], "texture": "#0"},
				"east": {"uv": [15.5, 15, 16, 16], "texture": "#0"},
				"south": {"uv": [15.5, 15, 16, 16], "texture": "#0"},
				"west": {"uv": [13.5, 15, 14, 16], "texture": "#0"},
				"up": {"uv": [15, 4, 16, 5], "texture": "#0"},
				"down": {"uv": [15, 4, 16, 5], "texture": "#0"}
			}
		},
		{
			"name": "octagon",
			"from": [7.615, 7.855, 2.4],
			"to": [8.39, 8.17598, 2.6],
			"rotation": {"angle": 45, "axis": "z", "origin": [8.0025, 8.01549, 2.55]},
			"faces": {
				"north": {"uv": [15, 15, 16, 16], "texture": "#0"},
				"east": {"uv": [15.5, 15, 16, 16], "texture": "#0"},
				"south": {"uv": [15.5, 15, 16, 16], "texture": "#0"},
				"west": {"uv": [13.5, 15, 14, 16], "texture": "#0"},
				"up": {"uv": [15, 4, 16, 5], "texture": "#0"},
				"down": {"uv": [15, 4, 16, 5], "texture": "#0"}
			}
		},
		{
			"name": "octagon",
			"from": [7.84201, 7.62799, 2.4],
			"to": [8.16299, 8.40299, 2.6],
			"rotation": {"angle": 0, "axis": "z", "origin": [8.0025, 8.01549, 2.55]},
			"faces": {
				"north": {"uv": [15, 15, 16, 16], "rotation": 90, "texture": "#0"},
				"east": {"uv": [15, 4, 16, 5], "rotation": 270, "texture": "#0"},
				"south": {"uv": [15.5, 15, 16, 16], "rotation": 270, "texture": "#0"},
				"west": {"uv": [15, 4, 16, 5], "rotation": 270, "texture": "#0"},
				"up": {"uv": [15.5, 15, 16, 16], "rotation": 270, "texture": "#0"},
				"down": {"uv": [13.5, 15, 14, 16], "rotation": 270, "texture": "#0"}
			}
		},
		{
			"name": "octagon",
			"from": [7.84201, 7.62799, 2.4],
			"to": [8.16299, 8.40299, 2.6],
			"rotation": {"angle": 45, "axis": "z", "origin": [8.0025, 8.01549, 2.55]},
			"faces": {
				"north": {"uv": [15, 15, 16, 16], "rotation": 90, "texture": "#0"},
				"east": {"uv": [15, 4, 16, 5], "rotation": 270, "texture": "#0"},
				"south": {"uv": [15.5, 15, 16, 16], "rotation": 270, "texture": "#0"},
				"west": {"uv": [15, 4, 16, 5], "rotation": 270, "texture": "#0"},
				"up": {"uv": [15.5, 15, 16, 16], "rotation": 270, "texture": "#0"},
				"down": {"uv": [13.5, 15, 14, 16], "rotation": 270, "texture": "#0"}
			}
		},
		{
			"name": "octagon",
			"from": [7.6, 7.85, 10.9],
			"to": [7.7, 8.18133, 11.4],
			"rotation": {"angle": 0, "axis": "y", "origin": [8, 8.01567, 10.4]},
			"faces": {
				"north": {"uv": [15, 15, 16, 16], "texture": "#0"},
				"east": {"uv": [4, 15, 16, 16], "texture": "#0"},
				"south": {"uv": [15.5, 15, 16, 16], "texture": "#0"},
				"west": {"uv": [12.5, 15, 14, 16], "texture": "#0"},
				"up": {"uv": [15, 4, 16, 5], "texture": "#0"},
				"down": {"uv": [15, 4, 16, 5], "texture": "#0"}
			}
		},
		{
			"name": "octagon",
			"from": [7.6, 7.85, 7.8],
			"to": [7.7, 8.18133, 11.4],
			"rotation": {"angle": 45, "axis": "z", "origin": [8, 8.01567, 7]},
			"faces": {
				"north": {"uv": [15, 15, 16, 16], "texture": "#0"},
				"east": {"uv": [4, 15, 16, 16], "texture": "#0"},
				"south": {"uv": [15.5, 15, 16, 16], "texture": "#0"},
				"west": {"uv": [2, 15, 14, 16], "texture": "#0"},
				"up": {"uv": [15, 4, 16, 5], "texture": "#0"},
				"down": {"uv": [15, 4, 16, 5], "texture": "#0"}
			}
		},
		{
			"name": "octagon",
			"from": [7.65, 7.87, 2.4],
			"to": [8.35, 8.15992, 7.8],
			"rotation": {"angle": 0, "axis": "y", "origin": [8, 8.01496, 5.1]},
			"faces": {
				"north": {"uv": [15, 15, 16, 16], "texture": "#0"},
				"east": {"uv": [4, 15, 16, 16], "texture": "#0"},
				"south": {"uv": [15, 15, 16, 16], "texture": "#0"},
				"west": {"uv": [15, 3, 16, 15], "rotation": 90, "texture": "#0"},
				"up": {"uv": [15, 4, 16, 5], "texture": "#0"},
				"down": {"uv": [15, 4, 16, 5], "texture": "#0"}
			}
		},
		{
			"name": "octagon",
			"from": [7.65, 7.87, 2.2],
			"to": [8.35, 8.15992, 2.2],
			"rotation": {"angle": 0, "axis": "y", "origin": [8, 8.01496, 4.9]},
			"faces": {
				"north": {"uv": [13.5, 9, 14.5, 10], "texture": "#0"},
				"east": {"uv": [4, 15, 16, 16], "texture": "#0"},
				"south": {"uv": [15, 15, 16, 16], "texture": "#0"},
				"west": {"uv": [15, 3, 16, 15], "rotation": 90, "texture": "#0"},
				"up": {"uv": [15, 4, 16, 5], "texture": "#0"},
				"down": {"uv": [15, 4, 16, 5], "texture": "#0"}
			}
		},
		{
			"name": "octagon",
			"from": [7.65, 7.87, 2.2],
			"to": [8.35, 8.15992, 2.2],
			"rotation": {"angle": 45, "axis": "z", "origin": [8, 8.01496, 4.9]},
			"faces": {
				"north": {"uv": [13.5, 9, 14.5, 10], "texture": "#0"},
				"east": {"uv": [4, 15, 16, 16], "texture": "#0"},
				"south": {"uv": [15, 15, 16, 16], "texture": "#0"},
				"west": {"uv": [15, 3, 16, 15], "rotation": 90, "texture": "#0"},
				"up": {"uv": [15, 4, 16, 5], "texture": "#0"},
				"down": {"uv": [15, 4, 16, 5], "texture": "#0"}
			}
		},
		{
			"name": "octagon",
			"from": [7.85504, 7.66496, 2.2],
			"to": [8.14496, 8.36496, 2.2],
			"rotation": {"angle": 0, "axis": "z", "origin": [8, 8.01496, 4.9]},
			"faces": {
				"north": {"uv": [13.5, 9, 14.5, 10], "rotation": 90, "texture": "#0"},
				"east": {"uv": [15, 4, 16, 5], "rotation": 270, "texture": "#0"},
				"south": {"uv": [15, 15, 16, 16], "rotation": 270, "texture": "#0"},
				"west": {"uv": [15, 4, 16, 5], "rotation": 270, "texture": "#0"},
				"up": {"uv": [4, 15, 16, 16], "rotation": 270, "texture": "#0"},
				"down": {"uv": [15, 3, 16, 15], "texture": "#0"}
			}
		},
		{
			"name": "octagon",
			"from": [7.85504, 7.66496, 2.2],
			"to": [8.14496, 8.36496, 2.2],
			"rotation": {"angle": 45, "axis": "z", "origin": [8, 8.01496, 4.9]},
			"faces": {
				"north": {"uv": [13.5, 9, 14.5, 10], "rotation": 90, "texture": "#0"},
				"east": {"uv": [15, 4, 16, 5], "rotation": 270, "texture": "#0"},
				"south": {"uv": [15, 15, 16, 16], "rotation": 270, "texture": "#0"},
				"west": {"uv": [15, 4, 16, 5], "rotation": 270, "texture": "#0"},
				"up": {"uv": [4, 15, 16, 16], "rotation": 270, "texture": "#0"},
				"down": {"uv": [15, 3, 16, 15], "texture": "#0"}
			}
		},
		{
			"name": "octagon",
			"from": [7.65, 7.87, 2.4],
			"to": [8.35, 8.15992, 7.8],
			"rotation": {"angle": -45, "axis": "z", "origin": [8, 8.01496, 5.1]},
			"faces": {
				"north": {"uv": [15, 15, 16, 16], "texture": "#0"},
				"east": {"uv": [0.5, 15, 12.5, 16], "texture": "#0"},
				"south": {"uv": [15, 15, 16, 16], "texture": "#0"},
				"west": {"uv": [4, 15, 16, 16], "texture": "#0"},
				"up": {"uv": [15, 4, 16, 5], "texture": "#0"},
				"down": {"uv": [15, 4, 16, 5], "texture": "#0"}
			}
		},
		{
			"name": "octagon",
			"from": [7.85504, 7.66496, 2.4],
			"to": [8.14496, 8.36496, 7.8],
			"rotation": {"angle": 0, "axis": "z", "origin": [8, 8.01496, 5.1]},
			"faces": {
				"north": {"uv": [15, 15, 16, 16], "rotation": 270, "texture": "#0"},
				"east": {"uv": [15, 4, 16, 5], "rotation": 90, "texture": "#0"},
				"south": {"uv": [15, 15, 16, 16], "rotation": 90, "texture": "#0"},
				"west": {"uv": [15, 4, 16, 5], "rotation": 90, "texture": "#0"},
				"up": {"uv": [0, 15, 12, 16], "rotation": 90, "texture": "#0"},
				"down": {"uv": [4, 15, 16, 16], "rotation": 90, "texture": "#0"}
			}
		},
		{
			"name": "octagon",
			"from": [7.85504, 7.66496, 2.4],
			"to": [8.14496, 8.36496, 7.8],
			"rotation": {"angle": -45, "axis": "z", "origin": [8, 8.01496, 5.1]},
			"faces": {
				"north": {"uv": [15, 15, 16, 16], "rotation": 270, "texture": "#0"},
				"east": {"uv": [15, 4, 16, 5], "rotation": 90, "texture": "#0"},
				"south": {"uv": [15, 15, 16, 16], "rotation": 90, "texture": "#0"},
				"west": {"uv": [15, 4, 16, 5], "rotation": 90, "texture": "#0"},
				"up": {"uv": [0.5, 15, 12.5, 16], "rotation": 90, "texture": "#0"},
				"down": {"uv": [4, 15, 16, 16], "rotation": 90, "texture": "#0"}
			}
		},
		{
			"name": "octagon",
			"from": [7.87575, 7.71425, 11.4002],
			"to": [8.12425, 8.31425, 11.8002],
			"rotation": {"angle": -45, "axis": "z", "origin": [8, 8.01425, 14.85]},
			"faces": {
				"north": {"uv": [15, 15, 16, 16], "rotation": 270, "texture": "#0"},
				"east": {"uv": [15, 4, 16, 5], "rotation": 90, "texture": "#0"},
				"south": {"uv": [1.5, 0.5, 2.5, 1.5], "rotation": 90, "texture": "#0"},
				"west": {"uv": [15, 4, 16, 5], "rotation": 90, "texture": "#0"},
				"up": {"uv": [2.5, 0, 4, 1], "rotation": 90, "texture": "#0"},
				"down": {"uv": [4, 15, 16, 16], "rotation": 90, "texture": "#0"}
			}
		},
		{
			"name": "octagon",
			"from": [7.87575, 7.71425, 11.4],
			"to": [8.12425, 8.31425, 11.8],
			"rotation": {"angle": 0, "axis": "y", "origin": [8, 8.01425, 14.85]},
			"faces": {
				"north": {"uv": [15, 15, 16, 16], "rotation": 270, "texture": "#0"},
				"east": {"uv": [15, 4, 16, 5], "rotation": 90, "texture": "#0"},
				"south": {"uv": [1.5, 0.5, 2.5, 1.5], "rotation": 90, "texture": "#0"},
				"west": {"uv": [15, 4, 16, 5], "rotation": 90, "texture": "#0"},
				"up": {"uv": [6.5, 0.5, 8, 1.5], "rotation": 90, "texture": "#0"},
				"down": {"uv": [4, 15, 16, 16], "rotation": 90, "texture": "#0"}
			}
		},
		{
			"name": "octagon",
			"from": [7.7, 7.89, 10.5001],
			"to": [8.3, 8.1385, 11.8001],
			"rotation": {"angle": -45, "axis": "z", "origin": [8, 8.01425, 14.85]},
			"faces": {
				"north": {"uv": [15, 15, 16, 16], "texture": "#0"},
				"east": {"uv": [14.5, 15, 16, 16], "texture": "#0"},
				"south": {"uv": [1.5, 0.5, 2.5, 1.5], "texture": "#0"},
				"west": {"uv": [5, 0.5, 10, 1.5], "texture": "#0"},
				"up": {"uv": [15, 4, 16, 5], "texture": "#0"},
				"down": {"uv": [15, 4, 16, 5], "texture": "#0"}
			}
		},
		{
			"name": "octagon",
			"from": [7.7, 7.89, 10.5],
			"to": [8.3, 8.1385, 11.8],
			"rotation": {"angle": 0, "axis": "y", "origin": [8, 8.01425, 14.85]},
			"faces": {
				"north": {"uv": [15, 15, 16, 16], "texture": "#0"},
				"east": {"uv": [9.5, 0.5, 14.5, 1.5], "texture": "#0"},
				"south": {"uv": [1.5, 0.5, 2.5, 1.5], "texture": "#0"},
				"west": {"uv": [5.5, 0.5, 10.5, 1.5], "texture": "#0"},
				"up": {"uv": [15, 4, 16, 5], "texture": "#0"},
				"down": {"uv": [15, 4, 16, 5], "texture": "#0"}
			}
		},
		{
			"name": "octagon",
			"from": [7.6, 7.85, 7.801],
			"to": [7.7, 8.18133, 10.701],
			"rotation": {"angle": -45, "axis": "z", "origin": [8, 8.01567, 7]},
			"faces": {
				"north": {"uv": [15, 15, 16, 16], "texture": "#0"},
				"east": {"uv": [4, 15, 5, 16], "texture": "#0"},
				"south": {"uv": [11.5, 13, 12, 14.5], "texture": "#0"},
				"west": {"uv": [8.5, 15, 16, 16], "texture": "#0"},
				"up": {"uv": [15, 4, 16, 5], "texture": "#0"},
				"down": {"uv": [15, 4, 16, 5], "texture": "#0"}
			}
		},
		{
			"name": "octagon",
			"from": [7.83433, 8.31567, 7.8],
			"to": [8.16567, 8.41567, 11.4],
			"rotation": {"angle": 0, "axis": "z", "origin": [8, 8.01567, 7]},
			"faces": {
				"north": {"uv": [15, 15, 16, 16], "rotation": 270, "texture": "#0"},
				"east": {"uv": [15, 4, 16, 5], "rotation": 90, "texture": "#0"},
				"south": {"uv": [14, 13.5, 14.5, 15], "rotation": 90, "texture": "#0"},
				"west": {"uv": [15, 4, 16, 5], "rotation": 90, "texture": "#0"},
				"up": {"uv": [0.5, 15, 9.5, 16], "rotation": 90, "texture": "#0"},
				"down": {"uv": [4, 15, 5, 16], "rotation": 90, "texture": "#0"}
			}
		},
		{
			"name": "octagon",
			"from": [8.3, 7.85, 7.802],
			"to": [8.4, 8.18133, 11.402],
			"rotation": {"angle": 45, "axis": "z", "origin": [8, 8.01567, 7]},
			"faces": {
				"north": {"uv": [15, 15, 16, 16], "rotation": 180, "texture": "#0"},
				"east": {"uv": [6.5, 15, 15.5, 16], "rotation": 180, "texture": "#0"},
				"south": {"uv": [15, 11.5, 15.5, 13], "rotation": 180, "texture": "#0"},
				"west": {"uv": [4, 15, 5, 16], "rotation": 180, "texture": "#0"},
				"up": {"uv": [15, 4, 16, 5], "rotation": 180, "texture": "#0"},
				"down": {"uv": [15, 4, 16, 5], "rotation": 180, "texture": "#0"}
			}
		},
		{
			"name": "octagon",
			"from": [8.3, 7.85, 7.802],
			"to": [8.4, 8.18133, 11.402],
			"rotation": {"angle": 0, "axis": "z", "origin": [8, 8.01567, 7]},
			"faces": {
				"north": {"uv": [15, 15, 16, 16], "rotation": 180, "texture": "#0"},
				"east": {"uv": [0, 15, 9, 16], "rotation": 180, "texture": "#0"},
				"south": {"uv": [15, 11.5, 15.5, 13], "rotation": 180, "texture": "#0"},
				"west": {"uv": [4, 15, 5, 16], "rotation": 180, "texture": "#0"},
				"up": {"uv": [15, 4, 16, 5], "rotation": 180, "texture": "#0"},
				"down": {"uv": [15, 4, 16, 5], "rotation": 180, "texture": "#0"}
			}
		},
		{
			"name": "octagon",
			"from": [8.3, 7.85, 7.802],
			"to": [8.4, 8.18133, 11.402],
			"rotation": {"angle": -45, "axis": "z", "origin": [8, 8.01567, 7]},
			"faces": {
				"north": {"uv": [15, 15, 16, 16], "rotation": 180, "texture": "#0"},
				"east": {"uv": [3.5, 15, 15.5, 16], "rotation": 180, "texture": "#0"},
				"south": {"uv": [15, 11.5, 15.5, 13], "rotation": 180, "texture": "#0"},
				"west": {"uv": [4, 15, 5, 16], "rotation": 180, "texture": "#0"},
				"up": {"uv": [15, 4, 16, 5], "rotation": 180, "texture": "#0"},
				"down": {"uv": [15, 4, 16, 5], "rotation": 180, "texture": "#0"}
			}
		}
	],
	"display": {
		"thirdperson_righthand": {
			"rotation": [0, -9, 0],
			"translation": [1, 2, -5.25],
			"scale": [1.45, 1.45, 1.45]
		},
		"thirdperson_lefthand": {
			"translation": [-12, -0.5, -0.75],
			"scale": [0, 0, 0]
		},
		"firstperson_righthand": {
			"rotation": [-2, -10, 0],
			"translation": [1.75, 4.75, -2.5],
			"scale": [4, 4, 2.01]
		},
		"firstperson_lefthand": {
			"translation": [0, 8.25, -1.75],
			"scale": [1.25, 1.25, 1.25]
		},
		"ground": {
			"rotation": [0, 0, -90],
			"translation": [0, -4.75, 1],
			"scale": [1.5, 1.5, 1.5]
		},
		"gui": {
			"rotation": [21, 133, 0],
			"translation": [1.5, 1, 0],
			"scale": [2.3, 2.3, 2.3]
		},
		"head": {
			"translation": [0, 0, -16],
			"scale": [1.9, 1.9, 1.9]
		},
		"fixed": {
			"rotation": [0, -90, 0],
			"translation": [-2.5, 1.75, -1],
			"scale": [2, 2, 2]
		}
	},
	"groups": [
		{
			"name": "part",
			"origin": [0, 0, 12],
			"color": 0,
			"children": []
		},
		{
			"name": "part",
			"origin": [0, 0, 12],
			"color": 0,
			"children": [
				0,
				1,
				2,
				3,
				4,
				5,
				6,
				7,
				8,
				9,
				{
					"name": "group",
					"origin": [8, 6.975, 7.8],
					"color": 0,
					"children": [10, 11, 12, 13, 14, 15, 16, 17, 18]
				},
				19,
				20,
				21,
				22,
				23,
				24,
				25,
				26,
				27,
				28,
				29,
				30
			]
		},
		{
			"name": "part",
			"origin": [0, 0, 12],
			"color": 0,
			"children": [
				{
					"name": "group",
					"origin": [4, 1, 1],
					"color": 0,
					"children": [
						{
							"name": "group",
							"origin": [4, 1, 1],
							"color": 0,
							"children": []
						}
					]
				}
			]
		},
		31,
		32,
		33,
		34,
		{
			"name": "octagon",
			"origin": [8, 8, 8],
			"color": 0,
			"children": [
				35,
				36,
				37,
				38,
				39,
				40,
				41,
				42,
				43,
				44,
				45,
				46,
				47,
				48,
				49,
				50,
				51,
				52,
				53,
				54,
				55,
				56,
				57,
				58,
				59,
				60,
				61,
				62,
				63,
				64,
				65,
				66,
				67,
				68,
				69,
				70,
				71,
				72,
				73,
				74,
				75,
				76,
				77,
				78,
				79,
				80,
				81,
				82,
				83,
				84,
				85,
				86,
				87,
				88,
				89,
				90,
				91,
				92,
				93,
				94
			]
		},
		{
			"name": "octagon",
			"origin": [8, 8, 8],
			"color": 0,
			"children": []
		}
	]
}