{
	"format_version": "1.21.6",
	"credit": "Made with Blockbench",
	"textures": {
		"1": "chems_guns:item/gun_ammo/mp5"
	},
	"elements": [
		{
			"name": "octagon",
			"from": [7.78579, 4.45, 14.38],
			"to": [8.21421, 6.75, 15.03],
			"rotation": {"angle": 0, "axis": "y", "origin": [8, 5.85, 14.555]},
			"faces": {
				"north": {"uv": [0, 0, 1, 4], "texture": "#1"},
				"east": {"uv": [0, 0, 1, 4], "texture": "#1"},
				"south": {"uv": [0, 0, 1, 4], "texture": "#1"},
				"west": {"uv": [0, 0, 1, 4], "texture": "#1"},
				"up": {"uv": [0, 0, 2, 3], "texture": "#1"},
				"down": {"uv": [0, 3, 2, 0], "texture": "#1"}
			}
		},
		{
			"name": "octagon",
			"from": [7.53579, 2.5, 18.58],
			"to": [8.46421, 7.05, 19.33],
			"rotation": {"angle": 0, "axis": "y", "origin": [8, 5.525, 18.955]},
			"faces": {
				"north": {"uv": [7, 0, 14, 3], "rotation": 90, "texture": "#1"},
				"east": {"uv": [0, 0, 2, 8], "texture": "#1"},
				"south": {"uv": [7, 0, 14, 3], "rotation": 90, "texture": "#1"},
				"west": {"uv": [0, 0, 2, 7], "texture": "#1"},
				"up": {"uv": [0, 0, 4, 2], "texture": "#1"},
				"down": {"uv": [0, 2, 3, 0], "texture": "#1"}
			}
		},
		{
			"from": [7.66, 1.35, 8.3],
			"to": [8.36, 5.15, 9.7],
			"rotation": {"angle": -22.5, "axis": "x", "origin": [8, 2.9, 9.3]},
			"faces": {
				"north": {"uv": [4, 3, 6, 8], "texture": "#1"},
				"east": {"uv": [4, 3, 6, 8], "texture": "#1"},
				"south": {"uv": [4, 3, 6, 8], "texture": "#1"},
				"west": {"uv": [4, 3, 6, 8], "texture": "#1"},
				"up": {"uv": [4, 6, 6, 8], "texture": "#1"},
				"down": {"uv": [4, 3, 6, 5], "texture": "#1"}
			}
		},
		{
			"from": [7.3501, 4.18, 8.83],
			"to": [8.6481, 5.48, 10.13],
			"rotation": {"angle": 45, "axis": "x", "origin": [8, 4.85, 9.46]},
			"faces": {
				"north": {"uv": [5, 11, 7, 12], "texture": "#1"},
				"east": {"uv": [12, 8, 14, 10], "rotation": 90, "texture": "#1"},
				"south": {"uv": [11, 7, 13, 10], "texture": "#1"},
				"west": {"uv": [12, 8, 14, 10], "rotation": 90, "texture": "#1"},
				"up": {"uv": [7, 3, 9, 10], "texture": "#1"},
				"down": {"uv": [7, 3, 9, 10], "texture": "#1"}
			}
		},
		{
			"from": [7.3502, 4.82, 9.08],
			"to": [8.6462, 6.12, 10.38],
			"rotation": {"angle": 0, "axis": "y", "origin": [8, 5.45, 9.76]},
			"faces": {
				"north": {"uv": [5, 11, 7, 12], "texture": "#1"},
				"east": {"uv": [12, 8, 14, 10], "rotation": 90, "texture": "#1"},
				"south": {"uv": [11, 7, 13, 10], "texture": "#1"},
				"west": {"uv": [12, 8, 14, 10], "rotation": 90, "texture": "#1"},
				"up": {"uv": [7, 3, 9, 10], "texture": "#1"},
				"down": {"uv": [7, 3, 9, 10], "texture": "#1"}
			}
		},
		{
			"from": [7.35, 3.9, 4.81],
			"to": [8.65, 6, 9.46],
			"rotation": {"angle": 0, "axis": "y", "origin": [0, -0.6, 0]},
			"faces": {
				"north": {"uv": [5, 11, 7, 12], "texture": "#1"},
				"east": {"uv": [11, 3, 14, 10], "rotation": 90, "texture": "#1"},
				"south": {"uv": [11, 7, 13, 10], "texture": "#1"},
				"west": {"uv": [11, 3, 14, 10], "rotation": 90, "texture": "#1"},
				"up": {"uv": [7, 3, 9, 10], "texture": "#1"},
				"down": {"uv": [7, 3, 9, 10], "texture": "#1"}
			}
		},
		{
			"name": "octagon",
			"from": [7.2, 4.34289, 8.0999],
			"to": [7.5, 4.74289, 8.4999],
			"rotation": {"angle": 0, "axis": "y", "origin": [7.6, 4.50856, 8.2999]},
			"faces": {
				"north": {"uv": [0, 11, 1, 12], "texture": "#1"},
				"east": {"uv": [0, 0, 1, 1], "texture": "#1"},
				"south": {"uv": [0, 0, 1, 1], "texture": "#1"},
				"west": {"uv": [0, 0, 2, 1], "texture": "#1"},
				"up": {"uv": [0, 0, 1, 1], "texture": "#1"},
				"down": {"uv": [0, 0, 1, 1], "texture": "#1"}
			}
		},
		{
			"name": "octagon",
			"from": [7.2, 4.54289, 8.4999],
			"to": [7.5, 4.74289, 9.0999],
			"rotation": {"angle": 0, "axis": "y", "origin": [7.6, 4.50856, 8.6999]},
			"faces": {
				"north": {"uv": [0, 11, 1, 12], "texture": "#1"},
				"east": {"uv": [0, 0, 1, 1], "texture": "#1"},
				"south": {"uv": [0, 0, 1, 1], "texture": "#1"},
				"west": {"uv": [0, 0, 2, 1], "texture": "#1"},
				"up": {"uv": [0, 0, 1, 1], "texture": "#1"},
				"down": {"uv": [0, 0, 1, 1], "texture": "#1"}
			}
		},
		{
			"from": [7.75, 2.66079, 6.02371],
			"to": [8.25, 4.41079, 6.22371],
			"rotation": {"angle": -22.5, "axis": "x", "origin": [8, 3.53579, 6.12371]},
			"faces": {
				"north": {"uv": [15.5, 9, 16, 10.75], "rotation": 180, "texture": "#1"},
				"east": {"uv": [14, 10, 15, 11], "rotation": 270, "texture": "#1"},
				"south": {"uv": [15.5, 9, 16, 10.75], "texture": "#1"},
				"west": {"uv": [14, 10, 15, 11], "rotation": 90, "texture": "#1"},
				"up": {"uv": [15.5, 9, 16, 10.5], "rotation": 180, "texture": "#1"},
				"down": {"uv": [15.5, 9, 16, 10.5], "texture": "#1"}
			}
		},
		{
			"from": [7.75, 2.7, 6.36],
			"to": [8.25, 2.9, 8.31],
			"rotation": {"angle": 0, "axis": "y", "origin": [8, 2.8, 7.435]},
			"faces": {
				"north": {"uv": [15.5, 9, 16, 10.5], "texture": "#1"},
				"east": {"uv": [14, 10, 15, 11], "texture": "#1"},
				"south": {"uv": [15.5, 9, 16, 10.5], "texture": "#1"},
				"west": {"uv": [14, 10, 15, 11], "texture": "#1"},
				"up": {"uv": [15.5, 9, 16, 10.75], "texture": "#1"},
				"down": {"uv": [15.5, 9, 16, 10.75], "texture": "#1"}
			}
		},
		{
			"from": [7.75, 2.96079, 7.62371],
			"to": [8.25, 4.01079, 7.82371],
			"rotation": {"angle": 22.5, "axis": "x", "origin": [8, 3.83579, 7.72371]},
			"faces": {
				"north": {"uv": [15.5, 9, 16, 10.75], "rotation": 180, "texture": "#1"},
				"east": {"uv": [14, 10, 15, 11], "rotation": 270, "texture": "#1"},
				"south": {"uv": [15.5, 9, 16, 10.75], "texture": "#1"},
				"west": {"uv": [14, 10, 15, 11], "rotation": 90, "texture": "#1"},
				"up": {"uv": [15.5, 9, 16, 10.5], "rotation": 180, "texture": "#1"},
				"down": {"uv": [15.5, 9, 16, 10.5], "texture": "#1"}
			}
		},
		{
			"name": "octagon",
			"from": [7.58579, 6.65, 12.78],
			"to": [8.41421, 7.05, 19.28],
			"rotation": {"angle": 0, "axis": "y", "origin": [8, 6.6, 14.03]},
			"faces": {
				"north": {"uv": [3, 0, 4, 1], "texture": "#1"},
				"east": {"uv": [0, 0, 13, 1], "texture": "#1"},
				"south": {"uv": [5, 0, 6, 1], "texture": "#1"},
				"west": {"uv": [0, 0, 14, 1], "texture": "#1"},
				"up": {"uv": [0, 0, 14, 2], "rotation": 90, "texture": "#1"},
				"down": {"uv": [14, 0, 0, 2], "rotation": 90, "texture": "#1"}
			}
		},
		{
			"name": "octagon",
			"from": [7.6, 5.24289, 9.899],
			"to": [8.4, 5.57422, 10.999],
			"rotation": {"angle": 0, "axis": "y", "origin": [8, 5.40856, 9.599]},
			"faces": {
				"north": {"uv": [0, 11, 1, 12], "texture": "#1"},
				"east": {"uv": [0, 0, 1, 1], "texture": "#1"},
				"south": {"uv": [0, 0, 1, 1], "texture": "#1"},
				"west": {"uv": [0, 0, 2, 1], "texture": "#1"},
				"up": {"uv": [0, 0, 1, 1], "texture": "#1"},
				"down": {"uv": [0, 0, 1, 1], "texture": "#1"}
			}
		},
		{
			"name": "octagon",
			"from": [8.2, 6.04289, -3.401],
			"to": [8.4, 6.37422, -1.801],
			"rotation": {"angle": 0, "axis": "y", "origin": [8, 6.20856, -2.401]},
			"faces": {
				"north": {"uv": [0, 11, 1, 12], "texture": "#1"},
				"east": {"uv": [0, 10, 6, 13], "texture": "#1"},
				"south": {"uv": [0, 0, 1, 1], "texture": "#1"},
				"west": {"uv": [6, 10, 0, 13], "texture": "#1"},
				"up": {"uv": [0, 0, 1, 1], "texture": "#1"},
				"down": {"uv": [0, 0, 1, 1], "texture": "#1"}
			}
		},
		{
			"name": "octagon",
			"from": [8.2, 6.04289, -3.401],
			"to": [8.4, 6.37422, -1.801],
			"rotation": {"angle": -45, "axis": "z", "origin": [8, 6.20856, -2.401]},
			"faces": {
				"north": {"uv": [0, 11, 1, 12], "texture": "#1"},
				"east": {"uv": [0, 10, 6, 13], "texture": "#1"},
				"south": {"uv": [0, 0, 1, 1], "texture": "#1"},
				"west": {"uv": [6, 10, 0, 13], "texture": "#1"},
				"up": {"uv": [0, 0, 1, 1], "texture": "#1"},
				"down": {"uv": [0, 0, 1, 1], "texture": "#1"}
			}
		},
		{
			"name": "octagon",
			"from": [7.83433, 5.80856, -3.401],
			"to": [8.16567, 6.00856, -1.801],
			"rotation": {"angle": 0, "axis": "y", "origin": [8, 6.20856, -2.401]},
			"faces": {
				"north": {"uv": [0, 11, 1, 12], "rotation": 270, "texture": "#1"},
				"east": {"uv": [0, 0, 1, 1], "rotation": 90, "texture": "#1"},
				"south": {"uv": [0, 0, 1, 1], "rotation": 90, "texture": "#1"},
				"west": {"uv": [0, 0, 1, 1], "rotation": 90, "texture": "#1"},
				"up": {"uv": [6, 13, 0, 10], "rotation": 90, "texture": "#1"},
				"down": {"uv": [0, 10, 6, 13], "rotation": 90, "texture": "#1"}
			}
		},
		{
			"name": "octagon",
			"from": [7.83433, 5.80856, -3.401],
			"to": [8.16567, 6.00856, -1.801],
			"rotation": {"angle": -45, "axis": "z", "origin": [8, 6.20856, -2.401]},
			"faces": {
				"north": {"uv": [0, 11, 1, 12], "rotation": 270, "texture": "#1"},
				"east": {"uv": [0, 0, 1, 1], "rotation": 90, "texture": "#1"},
				"south": {"uv": [0, 0, 1, 1], "rotation": 90, "texture": "#1"},
				"west": {"uv": [0, 0, 1, 1], "rotation": 90, "texture": "#1"},
				"up": {"uv": [6, 10, 0, 13], "rotation": 90, "texture": "#1"},
				"down": {"uv": [0, 10, 6, 13], "rotation": 90, "texture": "#1"}
			}
		},
		{
			"name": "octagon",
			"from": [7.6, 6.04289, -3.401],
			"to": [7.8, 6.37422, -1.801],
			"rotation": {"angle": 0, "axis": "y", "origin": [8, 6.20856, -2.401]},
			"faces": {
				"north": {"uv": [0, 11, 1, 12], "rotation": 180, "texture": "#1"},
				"east": {"uv": [6, 10, 0, 13], "rotation": 180, "texture": "#1"},
				"south": {"uv": [0, 0, 1, 1], "rotation": 180, "texture": "#1"},
				"west": {"uv": [0, 10, 6, 13], "rotation": 180, "texture": "#1"},
				"up": {"uv": [0, 0, 1, 1], "rotation": 180, "texture": "#1"},
				"down": {"uv": [0, 0, 1, 1], "rotation": 180, "texture": "#1"}
			}
		},
		{
			"name": "octagon",
			"from": [7.6, 6.04289, -3.401],
			"to": [7.8, 6.37422, -1.801],
			"rotation": {"angle": -45, "axis": "z", "origin": [8, 6.20856, -2.401]},
			"faces": {
				"north": {"uv": [0, 11, 1, 12], "texture": "#1"},
				"east": {"uv": [0, 10, 6, 13], "texture": "#1"},
				"south": {"uv": [0, 0, 1, 1], "texture": "#1"},
				"west": {"uv": [6, 13, 0, 10], "texture": "#1"},
				"up": {"uv": [0, 0, 1, 1], "texture": "#1"},
				"down": {"uv": [0, 0, 1, 1], "texture": "#1"}
			}
		},
		{
			"name": "octagon",
			"from": [7.83433, 6.40856, -3.401],
			"to": [8.16567, 6.60856, -1.801],
			"rotation": {"angle": 0, "axis": "y", "origin": [8, 6.20856, -2.401]},
			"faces": {
				"north": {"uv": [0, 11, 1, 12], "rotation": 270, "texture": "#1"},
				"east": {"uv": [0, 0, 1, 1], "rotation": 90, "texture": "#1"},
				"south": {"uv": [0, 0, 1, 1], "rotation": 90, "texture": "#1"},
				"west": {"uv": [0, 0, 1, 1], "rotation": 90, "texture": "#1"},
				"up": {"uv": [6, 13, 0, 10], "rotation": 90, "texture": "#1"},
				"down": {"uv": [0, 10, 6, 13], "rotation": 90, "texture": "#1"}
			}
		},
		{
			"name": "octagon",
			"from": [7.83433, 6.40856, -3.401],
			"to": [8.16567, 6.60856, -1.801],
			"rotation": {"angle": -45, "axis": "z", "origin": [8, 6.20856, -2.401]},
			"faces": {
				"north": {"uv": [0, 11, 1, 12], "rotation": 270, "texture": "#1"},
				"east": {"uv": [0, 0, 1, 1], "rotation": 90, "texture": "#1"},
				"south": {"uv": [0, 0, 1, 1], "rotation": 90, "texture": "#1"},
				"west": {"uv": [0, 0, 1, 1], "rotation": 90, "texture": "#1"},
				"up": {"uv": [6, 10, 0, 13], "rotation": 90, "texture": "#1"},
				"down": {"uv": [0, 10, 6, 13], "rotation": 90, "texture": "#1"}
			}
		},
		{
			"name": "octagon",
			"from": [7.84467, 5.8125, -1.5],
			"to": [8.15533, 6.5625, -1.5],
			"rotation": {"angle": 45, "axis": "z", "origin": [8, 6.1875, -0.75]},
			"faces": {
				"north": {"uv": [15, 8, 16, 9], "texture": "#1"},
				"east": {"uv": [0, 15, 1, 16], "texture": "#1"},
				"south": {"uv": [0, 15, 1, 16], "texture": "#1"},
				"west": {"uv": [0, 15, 1, 16], "texture": "#1"},
				"up": {"uv": [0, 15, 1, 16], "texture": "#1"},
				"down": {"uv": [0, 15, 1, 16], "texture": "#1"}
			}
		},
		{
			"name": "octagon",
			"from": [7.84467, 6.3375, -1.5075],
			"to": [8.15533, 6.5625, -1.5075],
			"rotation": {"angle": 0, "axis": "y", "origin": [8, 6.1875, -0.75]},
			"faces": {
				"north": {"uv": [15, 8, 16, 9], "texture": "#1"},
				"east": {"uv": [0, 15, 1, 16], "texture": "#1"},
				"south": {"uv": [0, 15, 1, 16], "texture": "#1"},
				"west": {"uv": [0, 15, 1, 16], "texture": "#1"},
				"up": {"uv": [0, 15, 1, 16], "texture": "#1"},
				"down": {"uv": [0, 15, 1, 16], "texture": "#1"}
			}
		},
		{
			"name": "octagon",
			"from": [7.625, 6.03217, -1.5],
			"to": [8.375, 6.34283, -1.5],
			"rotation": {"angle": 45, "axis": "z", "origin": [8, 6.1875, -0.75]},
			"faces": {
				"north": {"uv": [15, 8, 16, 9], "texture": "#1"},
				"east": {"uv": [0, 15, 1, 16], "texture": "#1"},
				"south": {"uv": [0, 15, 1, 16], "texture": "#1"},
				"west": {"uv": [0, 15, 1, 16], "texture": "#1"},
				"up": {"uv": [0, 15, 1, 16], "texture": "#1"},
				"down": {"uv": [0, 15, 1, 16], "texture": "#1"}
			}
		},
		{
			"name": "iron_sight",
			"from": [8.241, 7.45, 8.99],
			"to": [8.391, 8.35, 9.99],
			"rotation": {"angle": 0, "axis": "y", "origin": [0.1, 0.4, 10.5]},
			"faces": {
				"north": {"uv": [0, 6, 0.5, 7], "texture": "#1"},
				"east": {"uv": [11, 0, 14, 3], "texture": "#1"},
				"south": {"uv": [10, 0, 11, 3], "texture": "#1"},
				"west": {"uv": [0, 6, 1, 7], "texture": "#1"},
				"up": {"uv": [5, 5, 6, 8], "texture": "#1"},
				"down": {"uv": [0, 6, 0.5, 7], "texture": "#1"}
			}
		},
		{
			"from": [7.6, -2.3, 1.65],
			"to": [8.4, 5.7, 2.95],
			"rotation": {"angle": 22.5, "axis": "x", "origin": [8, -0.40194, 3.33516]},
			"faces": {
				"north": {"uv": [15.75, 0, 14.25, 8], "texture": "#1"},
				"east": {"uv": [14.25, 8, 15.75, 0], "texture": "#1"},
				"south": {"uv": [15.75, 0, 14.25, 8], "texture": "#1"},
				"west": {"uv": [14.25, 8, 15.75, 0], "texture": "#1"},
				"up": {"uv": [14.25, 6, 15.75, 7.5], "texture": "#1"},
				"down": {"uv": [14.25, 0, 15.75, 1.5], "texture": "#1"}
			}
		},
		{
			"from": [7.5, 3.6194, 3.72278],
			"to": [8.5, 6.2194, 5.32278],
			"rotation": {"angle": 22.5, "axis": "x", "origin": [8, 5.0694, 4.37278]},
			"faces": {
				"north": {"uv": [0, 9, 2, 12], "texture": "#1"},
				"east": {"uv": [0, 12, 2, 9], "texture": "#1"},
				"south": {"uv": [0, 9, 2, 12], "texture": "#1"},
				"west": {"uv": [0, 12, 2, 9], "texture": "#1"},
				"up": {"uv": [0.25, 10, 1.75, 11.5], "texture": "#1"},
				"down": {"uv": [0.25, 4, 1.75, 5.5], "texture": "#1"}
			}
		},
		{
			"name": "octagon",
			"from": [7.58579, 7.85, 11.58],
			"to": [8.41421, 8.25, 13.03],
			"rotation": {"angle": 22.5, "axis": "x", "origin": [8, 7.8, 9.93]},
			"faces": {
				"north": {"uv": [3, 0, 4, 1], "texture": "#1"},
				"east": {"uv": [0, 0, 4, 1], "texture": "#1"},
				"south": {"uv": [5, 0, 6, 1], "texture": "#1"},
				"west": {"uv": [0, 0, 4, 1], "texture": "#1"},
				"up": {"uv": [0, 0, 2, 3], "texture": "#1"},
				"down": {"uv": [0, 3, 2, 0], "texture": "#1"}
			}
		},
		{
			"name": "octagon",
			"from": [7.58579, 4.55, 11.58],
			"to": [8.41421, 4.95, 19.48],
			"rotation": {"angle": 22.5, "axis": "x", "origin": [8, 4.75, 13.83]},
			"faces": {
				"north": {"uv": [3, 0, 4, 1], "texture": "#1"},
				"east": {"uv": [0, 0, 13, 1], "texture": "#1"},
				"south": {"uv": [5, 0, 6, 1], "texture": "#1"},
				"west": {"uv": [0, 0, 14, 1], "texture": "#1"},
				"up": {"uv": [0, 0, 14, 2], "rotation": 90, "texture": "#1"},
				"down": {"uv": [14, 0, 0, 2], "rotation": 90, "texture": "#1"}
			}
		},
		{
			"name": "octagon",
			"from": [7.78579, 5.55, 11.48],
			"to": [8.21421, 7.15, 13.33],
			"rotation": {"angle": 22.5, "axis": "x", "origin": [8, 6.75, 12.255]},
			"faces": {
				"north": {"uv": [3, 0, 4, 1], "texture": "#1"},
				"east": {"uv": [0, 0, 4, 1], "texture": "#1"},
				"south": {"uv": [5, 0, 6, 1], "texture": "#1"},
				"west": {"uv": [0, 0, 4, 1], "texture": "#1"},
				"up": {"uv": [0, 0, 2, 3], "texture": "#1"},
				"down": {"uv": [0, 3, 2, 0], "texture": "#1"}
			}
		},
		{
			"name": "octagon",
			"from": [7.2, 5.58579, 2.7],
			"to": [8.8, 6.91421, 11.6],
			"rotation": {"angle": 0, "axis": "y", "origin": [8, 6.25, 6.85]},
			"faces": {
				"north": {"uv": [0, 0, 2, 2], "texture": "#1"},
				"east": {"uv": [0, 2, 14, 0], "texture": "#1"},
				"south": {"uv": [4, 0, 6, 1], "texture": "#1"},
				"west": {"uv": [14, 2, 0, 0], "texture": "#1"},
				"up": {"uv": [0, 0, 1, 1], "texture": "#1"},
				"down": {"uv": [0, 0, 14, 2], "rotation": 90, "texture": "#1"}
			}
		},
		{
			"name": "octagon",
			"from": [7.2, 5.18, 3.7],
			"to": [8.8, 5.60842, 11],
			"rotation": {"angle": 0, "axis": "y", "origin": [8, 5.39421, 7.4]},
			"faces": {
				"north": {"uv": [2, 0, 3, 1], "texture": "#1"},
				"east": {"uv": [0, 1, 14, 0], "texture": "#1"},
				"south": {"uv": [4, 0, 6, 1], "texture": "#1"},
				"west": {"uv": [14, 1, 0, 0], "texture": "#1"},
				"up": {"uv": [0, 0, 1, 1], "texture": "#1"},
				"down": {"uv": [0, 0, 14, 2], "rotation": 90, "texture": "#1"}
			}
		},
		{
			"name": "octagon",
			"from": [7.201, 5.5, 2.75],
			"to": [8.799, 5.92842, 3.85],
			"rotation": {"angle": 22.5, "axis": "x", "origin": [8, 5.69421, 2.95]},
			"faces": {
				"north": {"uv": [2, 0, 3, 1], "texture": "#1"},
				"east": {"uv": [0, 1, 2, 0], "texture": "#1"},
				"south": {"uv": [4, 0, 6, 1], "texture": "#1"},
				"west": {"uv": [2, 1, 0, 0], "texture": "#1"},
				"up": {"uv": [0, 0, 1, 1], "texture": "#1"},
				"down": {"uv": [0, 0, 2, 2], "rotation": 90, "texture": "#1"}
			}
		},
		{
			"name": "octagon",
			"from": [7.3, 5.58579, -0.69],
			"to": [8.7, 5.71421, -0.49],
			"rotation": {"angle": 0, "axis": "y", "origin": [8, 6.3, 10.1]},
			"faces": {
				"north": {"uv": [2, 0, 3, 1], "texture": "#1"},
				"east": {"uv": [2, 16, 3, 14], "texture": "#1"},
				"south": {"uv": [4, 0, 6, 1], "texture": "#1"},
				"west": {"uv": [3, 16, 2, 14], "texture": "#1"},
				"up": {"uv": [0, 0, 1, 1], "texture": "#1"},
				"down": {"uv": [2, 14, 3, 16], "rotation": 90, "texture": "#1"}
			}
		},
		{
			"name": "octagon",
			"from": [7.2, 5.68579, -0.9],
			"to": [8.8, 6.61421, 2.1],
			"rotation": {"angle": 0, "axis": "y", "origin": [8, 6.4, 10.1]},
			"faces": {
				"north": {"uv": [2, 0, 3, 1], "texture": "#1"},
				"east": {"uv": [1, 16, 16, 14], "texture": "#1"},
				"south": {"uv": [4, 0, 6, 1], "texture": "#1"},
				"west": {"uv": [16, 16, 1, 14], "texture": "#1"},
				"up": {"uv": [0, 0, 1, 1], "texture": "#1"},
				"down": {"uv": [1, 14, 16, 16], "rotation": 90, "texture": "#1"}
			}
		},
		{
			"name": "octagon",
			"from": [7.3, 5.58579, -0.29],
			"to": [8.7, 5.71421, -0.09],
			"rotation": {"angle": 0, "axis": "y", "origin": [8, 6.3, 10.5]},
			"faces": {
				"north": {"uv": [2, 0, 3, 1], "texture": "#1"},
				"east": {"uv": [2, 16, 3, 14], "texture": "#1"},
				"south": {"uv": [4, 0, 6, 1], "texture": "#1"},
				"west": {"uv": [3, 16, 2, 14], "texture": "#1"},
				"up": {"uv": [0, 0, 1, 1], "texture": "#1"},
				"down": {"uv": [2, 14, 3, 16], "rotation": 90, "texture": "#1"}
			}
		},
		{
			"name": "octagon",
			"from": [7.3, 5.58579, 0.11],
			"to": [8.7, 5.71421, 0.31],
			"rotation": {"angle": 0, "axis": "y", "origin": [8, 6.3, 10.9]},
			"faces": {
				"north": {"uv": [2, 0, 3, 1], "texture": "#1"},
				"east": {"uv": [2, 16, 3, 14], "texture": "#1"},
				"south": {"uv": [4, 0, 6, 1], "texture": "#1"},
				"west": {"uv": [3, 16, 2, 14], "texture": "#1"},
				"up": {"uv": [0, 0, 1, 1], "texture": "#1"},
				"down": {"uv": [2, 14, 3, 16], "rotation": 90, "texture": "#1"}
			}
		},
		{
			"name": "octagon",
			"from": [7.3, 5.58579, 0.51],
			"to": [8.7, 5.71421, 0.71],
			"rotation": {"angle": 0, "axis": "y", "origin": [8, 6.3, 11.3]},
			"faces": {
				"north": {"uv": [2, 0, 3, 1], "texture": "#1"},
				"east": {"uv": [2, 16, 3, 14], "texture": "#1"},
				"south": {"uv": [4, 0, 6, 1], "texture": "#1"},
				"west": {"uv": [3, 16, 2, 14], "texture": "#1"},
				"up": {"uv": [0, 0, 1, 1], "texture": "#1"},
				"down": {"uv": [2, 14, 3, 16], "rotation": 90, "texture": "#1"}
			}
		},
		{
			"name": "octagon",
			"from": [7.3, 5.58579, 0.91],
			"to": [8.7, 5.71421, 1.11],
			"rotation": {"angle": 0, "axis": "y", "origin": [8, 6.3, 11.7]},
			"faces": {
				"north": {"uv": [2, 0, 3, 1], "texture": "#1"},
				"east": {"uv": [2, 16, 3, 14], "texture": "#1"},
				"south": {"uv": [4, 0, 6, 1], "texture": "#1"},
				"west": {"uv": [3, 16, 2, 14], "texture": "#1"},
				"up": {"uv": [0, 0, 1, 1], "texture": "#1"},
				"down": {"uv": [2, 14, 3, 16], "rotation": 90, "texture": "#1"}
			}
		},
		{
			"name": "octagon",
			"from": [7.3, 5.58579, 1.31],
			"to": [8.7, 5.71421, 1.51],
			"rotation": {"angle": 0, "axis": "y", "origin": [8, 6.3, 12.1]},
			"faces": {
				"north": {"uv": [2, 0, 3, 1], "texture": "#1"},
				"east": {"uv": [2, 16, 3, 14], "texture": "#1"},
				"south": {"uv": [4, 0, 6, 1], "texture": "#1"},
				"west": {"uv": [3, 16, 2, 14], "texture": "#1"},
				"up": {"uv": [0, 0, 1, 1], "texture": "#1"},
				"down": {"uv": [2, 14, 3, 16], "rotation": 90, "texture": "#1"}
			}
		},
		{
			"name": "octagon",
			"from": [7.3, 5.58579, 1.71],
			"to": [8.7, 5.71421, 1.91],
			"rotation": {"angle": 0, "axis": "y", "origin": [8, 6.3, 12.5]},
			"faces": {
				"north": {"uv": [2, 0, 3, 1], "texture": "#1"},
				"east": {"uv": [2, 16, 3, 14], "texture": "#1"},
				"south": {"uv": [4, 0, 6, 1], "texture": "#1"},
				"west": {"uv": [3, 16, 2, 14], "texture": "#1"},
				"up": {"uv": [0, 0, 1, 1], "texture": "#1"},
				"down": {"uv": [2, 14, 3, 16], "rotation": 90, "texture": "#1"}
			}
		},
		{
			"name": "octagon",
			"from": [7.5, 5.38, -1.501],
			"to": [8.5, 5.68, -0.899],
			"rotation": {"angle": 0, "axis": "y", "origin": [8, 5.53, -1.2]},
			"faces": {
				"north": {"uv": [0, 1, 3, 2], "texture": "#1"},
				"east": {"uv": [0, 16, 2, 15], "texture": "#1"},
				"south": {"uv": [4, 0, 6, 1], "texture": "#1"},
				"west": {"uv": [2, 16, 0, 15], "texture": "#1"},
				"up": {"uv": [0, 0, 1, 1], "texture": "#1"},
				"down": {"uv": [0, 14, 2, 16], "rotation": 90, "texture": "#1"}
			}
		},
		{
			"name": "octagon",
			"from": [7.6, 7.28579, -1.5],
			"to": [8.4, 7.60579, 2.3],
			"rotation": {"angle": 0, "axis": "y", "origin": [8, 7.6, 13.1]},
			"faces": {
				"north": {"uv": [0, 0, 2, 2], "texture": "#1"},
				"east": {"uv": [0, 1, 14, 0], "texture": "#1"},
				"south": {"uv": [4, 0, 6, 1], "texture": "#1"},
				"west": {"uv": [14, 1, 0, 0], "texture": "#1"},
				"up": {"uv": [0, 0, 7, 2], "rotation": 90, "texture": "#1"},
				"down": {"uv": [0, 0, 14, 2], "rotation": 90, "texture": "#1"}
			}
		},
		{
			"name": "octagon",
			"from": [7.6, 7.31, 2.3],
			"to": [8.4, 7.61, 11.6],
			"rotation": {"angle": 0, "axis": "y", "origin": [8, 7.11, 6.65]},
			"faces": {
				"north": {"uv": [0, 0, 2, 2], "texture": "#1"},
				"east": {"uv": [0, 1, 14, 0], "texture": "#1"},
				"south": {"uv": [4, 0, 6, 1], "texture": "#1"},
				"west": {"uv": [14, 1, 0, 0], "texture": "#1"},
				"up": {"uv": [0, 0, 14, 2], "rotation": 90, "texture": "#1"},
				"down": {"uv": [0, 0, 14, 2], "rotation": 90, "texture": "#1"}
			}
		},
		{
			"name": "octagon",
			"from": [7.2, 5.68579, 2.1],
			"to": [8.8, 6.61421, 2.7],
			"rotation": {"angle": 0, "axis": "y", "origin": [8, 6.4, 13.1]},
			"faces": {
				"north": {"uv": [2, 0, 3, 1], "texture": "#1"},
				"east": {"uv": [12, 16, 15, 14], "texture": "#1"},
				"south": {"uv": [4, 0, 6, 1], "texture": "#1"},
				"west": {"uv": [15, 16, 12, 14], "texture": "#1"},
				"up": {"uv": [0, 0, 1, 1], "texture": "#1"},
				"down": {"uv": [12, 14, 15, 16], "rotation": 90, "texture": "#1"}
			}
		},
		{
			"name": "octagon",
			"from": [7.3, 5.58579, 2.11],
			"to": [8.7, 5.71421, 2.31],
			"rotation": {"angle": 0, "axis": "y", "origin": [8, 6.3, 12.9]},
			"faces": {
				"north": {"uv": [2, 0, 3, 1], "texture": "#1"},
				"east": {"uv": [2, 16, 3, 14], "texture": "#1"},
				"south": {"uv": [4, 0, 6, 1], "texture": "#1"},
				"west": {"uv": [3, 16, 2, 14], "texture": "#1"},
				"up": {"uv": [0, 0, 1, 1], "texture": "#1"},
				"down": {"uv": [2, 14, 3, 16], "rotation": 90, "texture": "#1"}
			}
		},
		{
			"name": "octagon",
			"from": [7.2, 6.61, 0.5],
			"to": [8.8, 6.79, 1],
			"rotation": {"angle": 0, "axis": "y", "origin": [8, 6.2, 9]},
			"faces": {
				"north": {"uv": [2, 0, 3, 1], "texture": "#1"},
				"east": {"uv": [0, 16, 1, 15], "texture": "#1"},
				"south": {"uv": [4, 0, 6, 1], "texture": "#1"},
				"west": {"uv": [1, 16, 0, 15], "texture": "#1"},
				"up": {"uv": [0, 0, 1, 1], "texture": "#1"},
				"down": {"uv": [0, 14, 2, 16], "rotation": 90, "texture": "#1"}
			}
		},
		{
			"name": "octagon",
			"from": [7.6, 7.68579, 2.71],
			"to": [8.4, 7.86079, 3.41],
			"rotation": {"angle": 0, "axis": "y", "origin": [8, 7.75, 2.81]},
			"faces": {
				"north": {"uv": [2, 0, 3, 1], "texture": "#1"},
				"east": {"uv": [2, 16, 3, 14], "texture": "#1"},
				"south": {"uv": [4, 0, 6, 1], "texture": "#1"},
				"west": {"uv": [3, 16, 2, 14], "texture": "#1"},
				"up": {"uv": [0, 0, 1, 1], "texture": "#1"},
				"down": {"uv": [2, 14, 3, 16], "rotation": 90, "texture": "#1"}
			}
		},
		{
			"name": "octagon",
			"from": [7.6, 7.68579, 3.71],
			"to": [8.4, 7.86079, 3.91],
			"rotation": {"angle": 0, "axis": "y", "origin": [8, 7.75, 3.81]},
			"faces": {
				"north": {"uv": [2, 0, 3, 1], "texture": "#1"},
				"east": {"uv": [2, 16, 3, 14], "texture": "#1"},
				"south": {"uv": [4, 0, 6, 1], "texture": "#1"},
				"west": {"uv": [3, 16, 2, 14], "texture": "#1"},
				"up": {"uv": [0, 0, 1, 1], "texture": "#1"},
				"down": {"uv": [2, 14, 3, 16], "rotation": 90, "texture": "#1"}
			}
		},
		{
			"name": "octagon",
			"from": [7.6, 7.68579, 4.21],
			"to": [8.4, 7.86079, 4.41],
			"rotation": {"angle": 0, "axis": "y", "origin": [8, 7.75, 4.31]},
			"faces": {
				"north": {"uv": [2, 0, 3, 1], "texture": "#1"},
				"east": {"uv": [2, 16, 3, 14], "texture": "#1"},
				"south": {"uv": [4, 0, 6, 1], "texture": "#1"},
				"west": {"uv": [3, 16, 2, 14], "texture": "#1"},
				"up": {"uv": [0, 0, 1, 1], "texture": "#1"},
				"down": {"uv": [2, 14, 3, 16], "rotation": 90, "texture": "#1"}
			}
		},
		{
			"name": "octagon",
			"from": [7.6, 7.68579, 4.71],
			"to": [8.4, 7.86079, 4.91],
			"rotation": {"angle": 0, "axis": "y", "origin": [8, 7.75, 4.81]},
			"faces": {
				"north": {"uv": [2, 0, 3, 1], "texture": "#1"},
				"east": {"uv": [2, 16, 3, 14], "texture": "#1"},
				"south": {"uv": [4, 0, 6, 1], "texture": "#1"},
				"west": {"uv": [3, 16, 2, 14], "texture": "#1"},
				"up": {"uv": [0, 0, 1, 1], "texture": "#1"},
				"down": {"uv": [2, 14, 3, 16], "rotation": 90, "texture": "#1"}
			}
		},
		{
			"name": "octagon",
			"from": [7.6, 7.68579, 5.21],
			"to": [8.4, 7.86079, 5.41],
			"rotation": {"angle": 0, "axis": "y", "origin": [8, 7.75, 5.31]},
			"faces": {
				"north": {"uv": [2, 0, 3, 1], "texture": "#1"},
				"east": {"uv": [2, 16, 3, 14], "texture": "#1"},
				"south": {"uv": [4, 0, 6, 1], "texture": "#1"},
				"west": {"uv": [3, 16, 2, 14], "texture": "#1"},
				"up": {"uv": [0, 0, 1, 1], "texture": "#1"},
				"down": {"uv": [2, 14, 3, 16], "rotation": 90, "texture": "#1"}
			}
		},
		{
			"name": "octagon",
			"from": [7.6, 7.68579, 5.71],
			"to": [8.4, 7.86079, 5.91],
			"rotation": {"angle": 0, "axis": "y", "origin": [8, 7.75, 5.81]},
			"faces": {
				"north": {"uv": [2, 0, 3, 1], "texture": "#1"},
				"east": {"uv": [2, 16, 3, 14], "texture": "#1"},
				"south": {"uv": [4, 0, 6, 1], "texture": "#1"},
				"west": {"uv": [3, 16, 2, 14], "texture": "#1"},
				"up": {"uv": [0, 0, 1, 1], "texture": "#1"},
				"down": {"uv": [2, 14, 3, 16], "rotation": 90, "texture": "#1"}
			}
		},
		{
			"name": "octagon",
			"from": [7.6, 7.68579, 6.21],
			"to": [8.4, 7.86079, 6.41],
			"rotation": {"angle": 0, "axis": "y", "origin": [8, 7.75, 6.31]},
			"faces": {
				"north": {"uv": [2, 0, 3, 1], "texture": "#1"},
				"east": {"uv": [2, 16, 3, 14], "texture": "#1"},
				"south": {"uv": [4, 0, 6, 1], "texture": "#1"},
				"west": {"uv": [3, 16, 2, 14], "texture": "#1"},
				"up": {"uv": [0, 0, 1, 1], "texture": "#1"},
				"down": {"uv": [2, 14, 3, 16], "rotation": 90, "texture": "#1"}
			}
		},
		{
			"name": "octagon",
			"from": [7.6, 7.68579, 6.71],
			"to": [8.4, 7.86079, 6.91],
			"rotation": {"angle": 0, "axis": "y", "origin": [8, 7.75, 6.81]},
			"faces": {
				"north": {"uv": [2, 0, 3, 1], "texture": "#1"},
				"east": {"uv": [2, 16, 3, 14], "texture": "#1"},
				"south": {"uv": [4, 0, 6, 1], "texture": "#1"},
				"west": {"uv": [3, 16, 2, 14], "texture": "#1"},
				"up": {"uv": [0, 0, 1, 1], "texture": "#1"},
				"down": {"uv": [2, 14, 3, 16], "rotation": 90, "texture": "#1"}
			}
		},
		{
			"name": "octagon",
			"from": [7.6, 7.68579, 7.21],
			"to": [8.4, 7.86079, 7.41],
			"rotation": {"angle": 0, "axis": "y", "origin": [8, 7.75, 7.31]},
			"faces": {
				"north": {"uv": [2, 0, 3, 1], "texture": "#1"},
				"east": {"uv": [2, 16, 3, 14], "texture": "#1"},
				"south": {"uv": [4, 0, 6, 1], "texture": "#1"},
				"west": {"uv": [3, 16, 2, 14], "texture": "#1"},
				"up": {"uv": [0, 0, 1, 1], "texture": "#1"},
				"down": {"uv": [2, 14, 3, 16], "rotation": 90, "texture": "#1"}
			}
		},
		{
			"name": "octagon",
			"from": [7.6, 7.68579, 7.71],
			"to": [8.4, 7.86079, 7.91],
			"rotation": {"angle": 0, "axis": "y", "origin": [8, 7.75, 7.81]},
			"faces": {
				"north": {"uv": [2, 0, 3, 1], "texture": "#1"},
				"east": {"uv": [2, 16, 3, 14], "texture": "#1"},
				"south": {"uv": [4, 0, 6, 1], "texture": "#1"},
				"west": {"uv": [3, 16, 2, 14], "texture": "#1"},
				"up": {"uv": [0, 0, 1, 1], "texture": "#1"},
				"down": {"uv": [2, 14, 3, 16], "rotation": 90, "texture": "#1"}
			}
		},
		{
			"name": "octagon",
			"from": [7.6, 7.68579, 8.21],
			"to": [8.4, 7.86079, 8.91],
			"rotation": {"angle": 0, "axis": "y", "origin": [8, 7.75, 8.31]},
			"faces": {
				"north": {"uv": [2, 0, 3, 1], "texture": "#1"},
				"east": {"uv": [2, 16, 3, 14], "texture": "#1"},
				"south": {"uv": [4, 0, 6, 1], "texture": "#1"},
				"west": {"uv": [3, 16, 2, 14], "texture": "#1"},
				"up": {"uv": [0, 0, 1, 1], "texture": "#1"},
				"down": {"uv": [2, 14, 3, 16], "rotation": 90, "texture": "#1"}
			}
		},
		{
			"name": "octagon",
			"from": [7.6, 7.58579, 2.71],
			"to": [8.4, 7.76079, 8.91],
			"rotation": {"angle": 0, "axis": "y", "origin": [8, 7.65, 2.81]},
			"faces": {
				"north": {"uv": [2, 0, 3, 1], "texture": "#1"},
				"east": {"uv": [2, 16, 3, 14], "texture": "#1"},
				"south": {"uv": [4, 0, 6, 1], "texture": "#1"},
				"west": {"uv": [3, 16, 2, 14], "texture": "#1"},
				"up": {"uv": [0, 0, 1, 1], "texture": "#1"},
				"down": {"uv": [2, 14, 3, 16], "rotation": 90, "texture": "#1"}
			}
		},
		{
			"name": "octagon",
			"from": [7.3, 6.81, 2.3],
			"to": [8.7, 7.31, 11.6],
			"rotation": {"angle": 0, "axis": "y", "origin": [8, 7.11, 6.65]},
			"faces": {
				"north": {"uv": [0, 0, 2, 2], "texture": "#1"},
				"east": {"uv": [0, 1, 14, 0], "texture": "#1"},
				"south": {"uv": [4, 0, 6, 1], "texture": "#1"},
				"west": {"uv": [14, 1, 0, 0], "texture": "#1"},
				"up": {"uv": [0, 0, 14, 2], "rotation": 90, "texture": "#1"},
				"down": {"uv": [0, 0, 14, 2], "rotation": 90, "texture": "#1"}
			}
		},
		{
			"name": "octagon",
			"from": [7.3, 6.88579, -1.5],
			"to": [8.7, 7.30579, 2.3],
			"rotation": {"angle": 0, "axis": "y", "origin": [8, 7.6, 13.1]},
			"faces": {
				"north": {"uv": [0, 1, 3, 2], "texture": "#1"},
				"east": {"uv": [0, 1, 7, 0], "texture": "#1"},
				"south": {"uv": [4, 0, 6, 1], "texture": "#1"},
				"west": {"uv": [7, 1, 0, 0], "texture": "#1"},
				"up": {"uv": [0, 0, 6, 2], "rotation": 90, "texture": "#1"},
				"down": {"uv": [0, 0, 14, 2], "rotation": 90, "texture": "#1"}
			}
		},
		{
			"name": "octagon",
			"from": [7.56945, 6.76455, -1.5],
			"to": [7.86945, 7.18955, 2.3],
			"rotation": {"angle": -45, "axis": "z", "origin": [8.1, 7.35761, 0.4]},
			"faces": {
				"north": {"uv": [0, 0, 2, 2], "texture": "#1"},
				"east": {"uv": [0, 1, 14, 0], "texture": "#1"},
				"south": {"uv": [4, 0, 6, 1], "texture": "#1"},
				"west": {"uv": [7, 1, 0, 0], "texture": "#1"},
				"up": {"uv": [0, 0, 14, 1], "rotation": 90, "texture": "#1"},
				"down": {"uv": [0, 0, 14, 2], "rotation": 90, "texture": "#1"}
			}
		},
		{
			"name": "octagon",
			"from": [8.13055, 6.76455, -1.5],
			"to": [8.43055, 7.18955, 2.3],
			"rotation": {"angle": 45, "axis": "z", "origin": [7.9, 7.35761, 0.4]},
			"faces": {
				"north": {"uv": [2, 0, 0, 2], "texture": "#1"},
				"east": {"uv": [0, 1, 7, 0], "texture": "#1"},
				"south": {"uv": [6, 0, 4, 1], "texture": "#1"},
				"west": {"uv": [14, 1, 0, 0], "texture": "#1"},
				"up": {"uv": [0, 1, 14, 0], "rotation": 90, "texture": "#1"},
				"down": {"uv": [0, 2, 14, 0], "rotation": 90, "texture": "#1"}
			}
		},
		{
			"name": "iron_sight",
			"from": [8.15, 7.25, -1.3],
			"to": [8.25, 8.05, -0.9],
			"rotation": {"angle": 0, "axis": "y", "origin": [0.4, -0.2, -0.3]},
			"faces": {
				"north": {"uv": [0, 6, 0.5, 7], "texture": "#1"},
				"east": {"uv": [0, 6, 1, 7], "texture": "#1"},
				"south": {"uv": [0, 6, 0.5, 7], "texture": "#1"},
				"west": {"uv": [0, 6, 1, 7], "texture": "#1"},
				"up": {"uv": [0, 6, 0.5, 7], "texture": "#1"},
				"down": {"uv": [0, 6, 0.5, 7], "texture": "#1"}
			}
		},
		{
			"name": "iron_sight",
			"from": [7.75, 7.25, -1.3],
			"to": [7.85, 8.05, -0.9],
			"rotation": {"angle": 0, "axis": "y", "origin": [0, -0.2, -0.3]},
			"faces": {
				"north": {"uv": [0, 6, 0.5, 7], "texture": "#1"},
				"east": {"uv": [0, 6, 1, 7], "texture": "#1"},
				"south": {"uv": [0, 6, 0.5, 7], "texture": "#1"},
				"west": {"uv": [0, 6, 1, 7], "texture": "#1"},
				"up": {"uv": [0, 6, 0.5, 7], "texture": "#1"},
				"down": {"uv": [0, 6, 0.5, 7], "texture": "#1"}
			}
		},
		{
			"name": "iron_sight",
			"from": [7.75, 7.45, -1.3],
			"to": [7.85, 7.95, -0.3],
			"rotation": {"angle": 45, "axis": "x", "origin": [7.8, 7.55, -1]},
			"faces": {
				"north": {"uv": [0, 6, 0.5, 7], "texture": "#1"},
				"east": {"uv": [0, 6, 1, 7], "texture": "#1"},
				"south": {"uv": [0, 6, 0.5, 7], "texture": "#1"},
				"west": {"uv": [0, 6, 1, 7], "texture": "#1"},
				"up": {"uv": [0, 6, 0.5, 7], "texture": "#1"},
				"down": {"uv": [0, 6, 0.5, 7], "texture": "#1"}
			}
		},
		{
			"name": "iron_sight",
			"from": [7.75, 7.5, -1.175],
			"to": [8.25, 7.9, -0.775],
			"rotation": {"angle": 22.5, "axis": "x", "origin": [7.8, 8.25, -1.1]},
			"faces": {
				"north": {"uv": [0, 6, 0.5, 7], "rotation": 180, "texture": "#1"},
				"east": {"uv": [0, 6, 1, 7], "rotation": 270, "texture": "#1"},
				"south": {"uv": [0, 6, 0.5, 7], "texture": "#1"},
				"west": {"uv": [0, 6, 1, 7], "rotation": 90, "texture": "#1"},
				"up": {"uv": [0, 6, 0.5, 7], "rotation": 180, "texture": "#1"},
				"down": {"uv": [0, 6, 0.5, 7], "texture": "#1"}
			}
		},
		{
			"name": "octagon",
			"from": [7.79289, 7.55, -1.3001],
			"to": [8.20711, 8.05, -0.9001],
			"rotation": {"angle": 0, "axis": "y", "origin": [8, 7.9, -1.0501]},
			"faces": {
				"north": {"uv": [0, 4, 1, 5], "texture": "#1"},
				"east": {"uv": [0, 0, 1, 1], "texture": "#1"},
				"south": {"uv": [0, 0, 1, 1], "texture": "#1"},
				"west": {"uv": [0, 0, 1, 1], "texture": "#1"},
				"up": {"uv": [0, 0, 1, 1], "texture": "#1"},
				"down": {"uv": [0, 0, 1, 2], "texture": "#1"}
			}
		},
		{
			"name": "octagon",
			"from": [7.6, 8.14289, -1.3001],
			"to": [7.7, 8.47422, -0.9001],
			"rotation": {"angle": 45, "axis": "z", "origin": [8, 8.30856, -1.1001]},
			"faces": {
				"north": {"uv": [0, 11, 1, 12], "texture": "#1"},
				"east": {"uv": [0, 0, 1, 1], "texture": "#1"},
				"south": {"uv": [0, 0, 1, 1], "texture": "#1"},
				"west": {"uv": [0, 0, 2, 1], "texture": "#1"},
				"up": {"uv": [0, 0, 1, 1], "texture": "#1"},
				"down": {"uv": [0, 0, 1, 1], "texture": "#1"}
			}
		},
		{
			"name": "iron_sight",
			"from": [7.95, 8.05, -1.21],
			"to": [8.05, 8.2, -1.01],
			"rotation": {"angle": 0, "axis": "y", "origin": [0, 0.4, -0.3]},
			"faces": {
				"north": {"uv": [0, 6, 0.5, 7], "texture": "#1"},
				"east": {"uv": [0, 6, 1, 7], "texture": "#1"},
				"south": {"uv": [0, 6, 0.5, 7], "texture": "#1"},
				"west": {"uv": [0, 6, 1, 7], "texture": "#1"},
				"up": {"uv": [0, 6, 0.5, 7], "texture": "#1"},
				"down": {"uv": [0, 6, 0.5, 7], "texture": "#1"}
			}
		},
		{
			"name": "iron_sight",
			"from": [7.9625, 8.2, -1.21],
			"to": [8.0375, 8.25, -1.01],
			"rotation": {"angle": 0, "axis": "y", "origin": [0, 0.6, -0.3]},
			"faces": {
				"north": {"uv": [0, 6, 0.5, 7], "texture": "#1"},
				"east": {"uv": [0, 6, 1, 7], "texture": "#1"},
				"south": {"uv": [0, 6, 0.5, 7], "texture": "#1"},
				"west": {"uv": [0, 6, 1, 7], "texture": "#1"},
				"up": {"uv": [0, 6, 0.5, 7], "texture": "#1"},
				"down": {"uv": [0, 6, 0.5, 7], "texture": "#1"}
			}
		},
		{
			"name": "iron_sight",
			"from": [7.975, 8.25, -1.21],
			"to": [8.025, 8.3, -1.01],
			"rotation": {"angle": 0, "axis": "y", "origin": [0, 0.6, -0.3]},
			"faces": {
				"north": {"uv": [0, 6, 0.5, 7], "texture": "#1"},
				"east": {"uv": [0, 6, 1, 7], "texture": "#1"},
				"south": {"uv": [0, 6, 0.5, 7], "texture": "#1"},
				"west": {"uv": [0, 6, 1, 7], "texture": "#1"},
				"up": {"uv": [0, 6, 0.5, 7], "texture": "#1"},
				"down": {"uv": [0, 6, 0.5, 7], "texture": "#1"}
			}
		},
		{
			"name": "iron_sight",
			"from": [7.9875, 8.25, -1.21],
			"to": [8.0125, 8.35, -1.01],
			"rotation": {"angle": 0, "axis": "y", "origin": [0, 0.6, -0.3]},
			"faces": {
				"north": {"uv": [0, 6, 0.5, 7], "texture": "#1"},
				"east": {"uv": [0, 6, 1, 7], "texture": "#1"},
				"south": {"uv": [0, 6, 0.5, 7], "texture": "#1"},
				"west": {"uv": [0, 6, 1, 7], "texture": "#1"},
				"up": {"uv": [0, 6, 0.5, 7], "texture": "#1"},
				"down": {"uv": [0, 6, 0.5, 7], "texture": "#1"}
			}
		},
		{
			"name": "octagon",
			"from": [7.6, 8.14289, -1.3001],
			"to": [7.7, 8.47422, -0.9001],
			"rotation": {"angle": 0, "axis": "y", "origin": [8, 8.30856, -1.1001]},
			"faces": {
				"north": {"uv": [0, 11, 1, 12], "texture": "#1"},
				"east": {"uv": [0, 0, 1, 1], "texture": "#1"},
				"south": {"uv": [0, 0, 1, 1], "texture": "#1"},
				"west": {"uv": [0, 0, 2, 1], "texture": "#1"},
				"up": {"uv": [0, 0, 1, 1], "texture": "#1"},
				"down": {"uv": [0, 0, 1, 1], "texture": "#1"}
			}
		},
		{
			"name": "octagon",
			"from": [7.6, 8.14289, -1.3001],
			"to": [7.7, 8.47422, -0.9001],
			"rotation": {"angle": -45, "axis": "z", "origin": [8, 8.30856, -1.1001]},
			"faces": {
				"north": {"uv": [0, 11, 1, 12], "texture": "#1"},
				"east": {"uv": [0, 0, 1, 1], "texture": "#1"},
				"south": {"uv": [0, 0, 1, 1], "texture": "#1"},
				"west": {"uv": [0, 0, 2, 1], "texture": "#1"},
				"up": {"uv": [0, 0, 1, 1], "texture": "#1"},
				"down": {"uv": [0, 0, 1, 1], "texture": "#1"}
			}
		},
		{
			"name": "octagon",
			"from": [7.83433, 8.60856, -1.3001],
			"to": [8.16567, 8.70856, -0.9001],
			"rotation": {"angle": 0, "axis": "y", "origin": [8, 8.30856, -1.1001]},
			"faces": {
				"north": {"uv": [0, 11, 1, 12], "rotation": 270, "texture": "#1"},
				"east": {"uv": [0, 0, 1, 1], "rotation": 90, "texture": "#1"},
				"south": {"uv": [0, 0, 1, 1], "rotation": 90, "texture": "#1"},
				"west": {"uv": [0, 0, 1, 1], "rotation": 90, "texture": "#1"},
				"up": {"uv": [0, 0, 2, 1], "rotation": 90, "texture": "#1"},
				"down": {"uv": [0, 0, 1, 1], "rotation": 90, "texture": "#1"}
			}
		},
		{
			"name": "octagon",
			"from": [8.3, 8.14289, -1.3001],
			"to": [8.4, 8.47422, -0.9001],
			"rotation": {"angle": 45, "axis": "z", "origin": [8, 8.30856, -1.1001]},
			"faces": {
				"north": {"uv": [0, 11, 1, 12], "rotation": 180, "texture": "#1"},
				"east": {"uv": [0, 0, 2, 1], "rotation": 180, "texture": "#1"},
				"south": {"uv": [0, 0, 1, 1], "rotation": 180, "texture": "#1"},
				"west": {"uv": [0, 0, 1, 1], "rotation": 180, "texture": "#1"},
				"up": {"uv": [0, 0, 1, 1], "rotation": 180, "texture": "#1"},
				"down": {"uv": [0, 0, 1, 1], "rotation": 180, "texture": "#1"}
			}
		},
		{
			"name": "octagon",
			"from": [8.3, 8.14289, -1.3001],
			"to": [8.4, 8.47422, -0.9001],
			"rotation": {"angle": 0, "axis": "y", "origin": [8, 8.30856, -1.1001]},
			"faces": {
				"north": {"uv": [0, 11, 1, 12], "rotation": 180, "texture": "#1"},
				"east": {"uv": [0, 0, 2, 1], "rotation": 180, "texture": "#1"},
				"south": {"uv": [0, 0, 1, 1], "rotation": 180, "texture": "#1"},
				"west": {"uv": [0, 0, 1, 1], "rotation": 180, "texture": "#1"},
				"up": {"uv": [0, 0, 1, 1], "rotation": 180, "texture": "#1"},
				"down": {"uv": [0, 0, 1, 1], "rotation": 180, "texture": "#1"}
			}
		},
		{
			"name": "octagon",
			"from": [7.83433, 7.90856, -1.3001],
			"to": [8.16567, 8.00856, -0.9001],
			"rotation": {"angle": 45, "axis": "z", "origin": [8, 8.30856, -1.1001]},
			"faces": {
				"north": {"uv": [0, 11, 1, 12], "rotation": 90, "texture": "#1"},
				"east": {"uv": [0, 0, 1, 1], "rotation": 270, "texture": "#1"},
				"south": {"uv": [0, 0, 1, 1], "rotation": 270, "texture": "#1"},
				"west": {"uv": [0, 0, 1, 1], "rotation": 270, "texture": "#1"},
				"up": {"uv": [0, 0, 1, 1], "rotation": 270, "texture": "#1"},
				"down": {"uv": [0, 0, 2, 1], "rotation": 270, "texture": "#1"}
			}
		},
		{
			"name": "iron_sight",
			"from": [8.15, 7.45, -1.3],
			"to": [8.25, 7.95, -0.3],
			"rotation": {"angle": 45, "axis": "x", "origin": [8.2, 7.55, -1]},
			"faces": {
				"north": {"uv": [0, 6, 0.5, 7], "texture": "#1"},
				"east": {"uv": [0, 6, 1, 7], "texture": "#1"},
				"south": {"uv": [0, 6, 0.5, 7], "texture": "#1"},
				"west": {"uv": [0, 6, 1, 7], "texture": "#1"},
				"up": {"uv": [0, 6, 0.5, 7], "texture": "#1"},
				"down": {"uv": [0, 6, 0.5, 7], "texture": "#1"}
			}
		},
		{
			"name": "octagon",
			"from": [7.6, 5.1, -1.5],
			"to": [8.4, 5.4, -0.9],
			"rotation": {"angle": 0, "axis": "y", "origin": [8, 4.3, 7.1]},
			"faces": {
				"north": {"uv": [2, 0, 3, 1], "texture": "#1"},
				"east": {"uv": [0, 16, 2, 15], "texture": "#1"},
				"south": {"uv": [4, 0, 6, 1], "texture": "#1"},
				"west": {"uv": [2, 16, 0, 15], "texture": "#1"},
				"up": {"uv": [0, 0, 1, 1], "texture": "#1"},
				"down": {"uv": [0, 14, 2, 16], "rotation": 90, "texture": "#1"}
			}
		},
		{
			"name": "octagon",
			"from": [7.6, 4.775, -1.5],
			"to": [8.4, 5.10342, -1.15],
			"rotation": {"angle": 0, "axis": "y", "origin": [8, 3.8, 7.1]},
			"faces": {
				"north": {"uv": [2, 0, 3, 1], "texture": "#1"},
				"east": {"uv": [0, 16, 2, 14], "texture": "#1"},
				"south": {"uv": [4, 0, 6, 1], "texture": "#1"},
				"west": {"uv": [2, 16, 0, 14], "texture": "#1"},
				"up": {"uv": [0, 0, 1, 1], "texture": "#1"},
				"down": {"uv": [0, 14, 2, 16], "rotation": 90, "texture": "#1"}
			}
		},
		{
			"name": "octagon",
			"from": [7.56945, 6.76455, 2.3],
			"to": [7.86945, 7.18955, 11.6],
			"rotation": {"angle": -45, "axis": "z", "origin": [8.1, 7.35761, 4.2]},
			"faces": {
				"north": {"uv": [0, 0, 2, 2], "texture": "#1"},
				"east": {"uv": [0, 1, 14, 0], "texture": "#1"},
				"south": {"uv": [4, 0, 6, 1], "texture": "#1"},
				"west": {"uv": [14, 1, 0, 0], "texture": "#1"},
				"up": {"uv": [0, 0, 14, 1], "rotation": 90, "texture": "#1"},
				"down": {"uv": [0, 0, 14, 2], "rotation": 90, "texture": "#1"}
			}
		},
		{
			"name": "octagon",
			"from": [8.13055, 6.76455, 2.3],
			"to": [8.43055, 7.18955, 11.6],
			"rotation": {"angle": 45, "axis": "z", "origin": [7.9, 7.35761, 4.2]},
			"faces": {
				"north": {"uv": [2, 0, 0, 2], "texture": "#1"},
				"east": {"uv": [0, 1, 14, 0], "texture": "#1"},
				"south": {"uv": [6, 0, 4, 1], "texture": "#1"},
				"west": {"uv": [14, 1, 0, 0], "texture": "#1"},
				"up": {"uv": [0, 1, 14, 0], "rotation": 90, "texture": "#1"},
				"down": {"uv": [0, 2, 14, 0], "rotation": 90, "texture": "#1"}
			}
		},
		{
			"name": "octagon",
			"from": [7.2, 6.78579, -1.5],
			"to": [8.8, 6.90579, 2.7],
			"rotation": {"angle": 0, "axis": "y", "origin": [8, 7.6, 13.1]},
			"faces": {
				"north": {"uv": [0, 0, 2, 2], "texture": "#1"},
				"east": {"uv": [0, 1, 14, 0], "texture": "#1"},
				"south": {"uv": [4, 0, 6, 1], "texture": "#1"},
				"west": {"uv": [14, 1, 0, 0], "texture": "#1"},
				"up": {"uv": [0, 0, 6, 2], "rotation": 90, "texture": "#1"},
				"down": {"uv": [0, 0, 14, 2], "rotation": 90, "texture": "#1"}
			}
		},
		{
			"name": "iron_sight",
			"from": [8.241, 7.23, 9.46],
			"to": [8.3908, 8.13, 10.56],
			"rotation": {"angle": 45, "axis": "x", "origin": [8.325, 7.6, 9.99]},
			"faces": {
				"north": {"uv": [0, 6, 0.5, 7], "texture": "#1"},
				"east": {"uv": [0, 6, 1, 7], "texture": "#1"},
				"south": {"uv": [13, 0, 14, 3], "texture": "#1"},
				"west": {"uv": [11, 3, 14, 0], "rotation": 90, "texture": "#1"},
				"up": {"uv": [1, 8, 2, 11], "texture": "#1"},
				"down": {"uv": [0, 6, 0.5, 7], "texture": "#1"}
			}
		},
		{
			"from": [7.8, 3.0194, 5.22278],
			"to": [8.2, 3.9194, 5.32278],
			"rotation": {"angle": 22.5, "axis": "x", "origin": [8, 4.2694, 4.47278]},
			"faces": {
				"north": {"uv": [0, 9, 2, 12], "texture": "#1"},
				"east": {"uv": [0, 12, 1, 9], "texture": "#1"},
				"south": {"uv": [0, 9, 2, 12], "texture": "#1"},
				"west": {"uv": [0, 12, 1, 9], "texture": "#1"},
				"up": {"uv": [0.25, 10, 1.75, 11.5], "texture": "#1"},
				"down": {"uv": [0.25, 4, 1.75, 5.5], "texture": "#1"}
			}
		},
		{
			"name": "octagon",
			"from": [7.3, 5.58579, 2.51],
			"to": [8.7, 5.71421, 2.71],
			"rotation": {"angle": 0, "axis": "y", "origin": [8, 6.3, 13.3]},
			"faces": {
				"north": {"uv": [2, 0, 3, 1], "texture": "#1"},
				"east": {"uv": [2, 16, 3, 14], "texture": "#1"},
				"south": {"uv": [4, 0, 6, 1], "texture": "#1"},
				"west": {"uv": [3, 16, 2, 14], "texture": "#1"},
				"up": {"uv": [0, 0, 1, 1], "texture": "#1"},
				"down": {"uv": [2, 14, 3, 16], "rotation": 90, "texture": "#1"}
			}
		},
		{
			"name": "octagon",
			"from": [7.20287, 5.38579, 11.58562],
			"to": [8.12787, 6.91421, 11.98562],
			"rotation": {"angle": -45, "axis": "y", "origin": [7.66537, 6.05, 11.78562]},
			"faces": {
				"north": {"uv": [0, 0, 2, 2], "texture": "#1"},
				"east": {"uv": [0, 2, 2, 0], "texture": "#1"},
				"south": {"uv": [5, 0, 8, 2], "rotation": 90, "texture": "#1"},
				"west": {"uv": [2, 2, 0, 0], "texture": "#1"},
				"up": {"uv": [0, 0, 2, 2], "texture": "#1"},
				"down": {"uv": [0, 0, 2, 2], "rotation": 90, "texture": "#1"}
			}
		},
		{
			"name": "octagon",
			"from": [7.87213, 5.38579, 11.58562],
			"to": [8.79713, 6.91421, 11.98562],
			"rotation": {"angle": 45, "axis": "y", "origin": [8.33463, 6.05, 11.78562]},
			"faces": {
				"north": {"uv": [2, 0, 0, 2], "texture": "#1"},
				"east": {"uv": [0, 2, 2, 0], "texture": "#1"},
				"south": {"uv": [5, 2, 8, 0], "rotation": 90, "texture": "#1"},
				"west": {"uv": [2, 2, 0, 0], "texture": "#1"},
				"up": {"uv": [2, 0, 0, 2], "texture": "#1"},
				"down": {"uv": [0, 2, 2, 0], "rotation": 90, "texture": "#1"}
			}
		},
		{
			"name": "octagon",
			"from": [7.2, 5.05, 10.25],
			"to": [8.8, 5.57842, 11.65],
			"rotation": {"angle": -22.5, "axis": "x", "origin": [8, 5.29421, 10.85]},
			"faces": {
				"north": {"uv": [2, 0, 3, 1], "texture": "#1"},
				"east": {"uv": [0, 1, 2, 0], "texture": "#1"},
				"south": {"uv": [4, 0, 6, 1], "texture": "#1"},
				"west": {"uv": [2, 1, 0, 0], "texture": "#1"},
				"up": {"uv": [0, 0, 1, 1], "texture": "#1"},
				"down": {"uv": [0, 0, 2, 2], "rotation": 90, "texture": "#1"}
			}
		},
		{
			"name": "iron_sight",
			"from": [7.641, 7.45, 8.99],
			"to": [8.291, 7.85, 10.29],
			"rotation": {"angle": 0, "axis": "y", "origin": [-0.1, 0.4, 10.5]},
			"faces": {
				"north": {"uv": [0, 6, 0.5, 7], "texture": "#1"},
				"east": {"uv": [11, 0, 14, 3], "texture": "#1"},
				"south": {"uv": [10, 0, 14, 3], "texture": "#1"},
				"west": {"uv": [0, 6, 1, 7], "texture": "#1"},
				"up": {"uv": [5, 5, 9, 9], "texture": "#1"},
				"down": {"uv": [0, 6, 0.5, 7], "texture": "#1"}
			}
		},
		{
			"name": "iron_sight",
			"from": [8.11, 7.85, 9.19],
			"to": [8.26, 8.25, 9.29],
			"rotation": {"angle": 0, "axis": "y", "origin": [0.2, 0.8, 10.5]},
			"faces": {
				"north": {"uv": [0, 6, 0.5, 7], "texture": "#1"},
				"east": {"uv": [11, 0, 14, 3], "texture": "#1"},
				"south": {"uv": [10, 0, 11, 3], "texture": "#1"},
				"west": {"uv": [0, 6, 1, 7], "texture": "#1"},
				"up": {"uv": [5, 5, 6, 8], "texture": "#1"},
				"down": {"uv": [0, 6, 0.5, 7], "texture": "#1"}
			}
		},
		{
			"name": "iron_sight",
			"from": [7.86, 7.85, 9.19],
			"to": [8.11, 8.15, 9.29],
			"rotation": {"angle": 0, "axis": "y", "origin": [0, 0.8, 10.5]},
			"faces": {
				"north": {"uv": [0, 6, 0.5, 7], "texture": "#1"},
				"east": {"uv": [11, 0, 14, 3], "texture": "#1"},
				"south": {"uv": [10, 0, 12, 2], "texture": "#1"},
				"west": {"uv": [0, 6, 1, 7], "texture": "#1"},
				"up": {"uv": [5, 5, 6, 8], "texture": "#1"},
				"down": {"uv": [0, 6, 0.5, 7], "texture": "#1"}
			}
		},
		{
			"name": "octagon",
			"from": [7.2, 5.68, -1.5],
			"to": [7.5, 6.78, -0.9],
			"rotation": {"angle": 0, "axis": "y", "origin": [8, 6.4, 7.1]},
			"faces": {
				"north": {"uv": [1, 0, 2, 3], "texture": "#1"},
				"east": {"uv": [0, 16, 2, 13], "texture": "#1"},
				"south": {"uv": [4, 0, 6, 1], "texture": "#1"},
				"west": {"uv": [2, 16, 0, 13], "texture": "#1"},
				"up": {"uv": [0, 0, 1, 1], "texture": "#1"},
				"down": {"uv": [0, 15, 2, 16], "rotation": 90, "texture": "#1"}
			}
		},
		{
			"name": "octagon",
			"from": [8.5, 5.68, -1.5],
			"to": [8.8, 6.78, -0.9],
			"rotation": {"angle": 0, "axis": "y", "origin": [9.3, 6.4, 7.1]},
			"faces": {
				"north": {"uv": [0, 0, 1, 3], "texture": "#1"},
				"east": {"uv": [0, 16, 2, 13], "texture": "#1"},
				"south": {"uv": [4, 0, 6, 1], "texture": "#1"},
				"west": {"uv": [2, 16, 0, 13], "texture": "#1"},
				"up": {"uv": [0, 0, 1, 1], "texture": "#1"},
				"down": {"uv": [0, 15, 2, 16], "rotation": 90, "texture": "#1"}
			}
		},
		{
			"name": "octagon",
			"from": [7.24634, 5.4853, -1.5],
			"to": [7.67134, 5.7853, -0.9],
			"rotation": {"angle": -45, "axis": "z", "origin": [7.45884, 5.6353, -1.2]},
			"faces": {
				"north": {"uv": [1, 0, 2, 1], "texture": "#1"},
				"east": {"uv": [0, 16, 2, 15], "texture": "#1"},
				"south": {"uv": [4, 0, 6, 1], "texture": "#1"},
				"west": {"uv": [2, 16, 0, 15], "texture": "#1"},
				"up": {"uv": [0, 0, 1, 1], "texture": "#1"},
				"down": {"uv": [0, 14, 2, 16], "rotation": 90, "texture": "#1"}
			}
		},
		{
			"name": "octagon",
			"from": [8.32866, 5.4853, -1.5],
			"to": [8.75366, 5.7853, -0.9],
			"rotation": {"angle": 45, "axis": "z", "origin": [8.54116, 5.6353, -1.2]},
			"faces": {
				"north": {"uv": [1, 2, 0, 3], "texture": "#1"},
				"east": {"uv": [0, 16, 2, 15], "texture": "#1"},
				"south": {"uv": [6, 0, 4, 1], "texture": "#1"},
				"west": {"uv": [2, 16, 0, 15], "texture": "#1"},
				"up": {"uv": [1, 0, 0, 1], "texture": "#1"},
				"down": {"uv": [0, 16, 2, 14], "rotation": 90, "texture": "#1"}
			}
		},
		{
			"name": "octagon",
			"from": [7.4, 5.4, 0.3],
			"to": [8.6, 5.7, 1.1],
			"rotation": {"angle": 0, "axis": "y", "origin": [8, 5.55, 0.8]},
			"faces": {
				"north": {"uv": [2, 0, 3, 1], "texture": "#1"},
				"east": {"uv": [0, 16, 2, 14], "texture": "#1"},
				"south": {"uv": [4, 0, 6, 1], "texture": "#1"},
				"west": {"uv": [2, 16, 0, 14], "texture": "#1"},
				"up": {"uv": [0, 0, 1, 1], "texture": "#1"},
				"down": {"uv": [0, 13, 2, 16], "rotation": 90, "texture": "#1"}
			}
		},
		{
			"name": "octagon",
			"from": [7.4, 5.52929, -0.02172],
			"to": [8.6, 5.82929, 0.47828],
			"rotation": {"angle": 45, "axis": "x", "origin": [8, 5.67929, 0.22828]},
			"faces": {
				"north": {"uv": [2, 0, 3, 1], "texture": "#1"},
				"east": {"uv": [0, 16, 2, 14], "texture": "#1"},
				"south": {"uv": [4, 0, 6, 1], "texture": "#1"},
				"west": {"uv": [2, 16, 0, 14], "texture": "#1"},
				"up": {"uv": [0, 0, 1, 1], "texture": "#1"},
				"down": {"uv": [0, 13, 2, 16], "rotation": 90, "texture": "#1"}
			}
		},
		{
			"name": "octagon",
			"from": [7.4, 5.52929, 0.92172],
			"to": [8.6, 5.82929, 1.42172],
			"rotation": {"angle": -45, "axis": "x", "origin": [8, 5.67929, 1.17172]},
			"faces": {
				"north": {"uv": [6, 0, 4, 1], "texture": "#1"},
				"east": {"uv": [2, 16, 0, 14], "texture": "#1"},
				"south": {"uv": [3, 0, 2, 1], "texture": "#1"},
				"west": {"uv": [0, 16, 2, 14], "texture": "#1"},
				"up": {"uv": [0, 1, 1, 0], "texture": "#1"},
				"down": {"uv": [2, 13, 0, 16], "rotation": 90, "texture": "#1"}
			}
		},
		{
			"name": "octagon",
			"from": [7.5, 2.45, 0.51],
			"to": [8.4, 3.95, 0.88275],
			"rotation": {"angle": 0, "axis": "y", "origin": [7.95, 3.95, 0.69637]},
			"faces": {
				"north": {"uv": [16, 14, 0, 16], "rotation": 270, "texture": "#1"},
				"east": {"uv": [0, 16, 16, 14], "rotation": 90, "texture": "#1"},
				"south": {"uv": [0, 14, 16, 16], "rotation": 90, "texture": "#1"},
				"west": {"uv": [16, 16, 0, 14], "rotation": 270, "texture": "#1"},
				"up": {"uv": [4, 0, 6, 1], "texture": "#1"},
				"down": {"uv": [2, 0, 3, 1], "rotation": 180, "texture": "#1"}
			}
		},
		{
			"name": "octagon",
			"from": [7.5, 2.45, 0.51],
			"to": [8.4, 3.95, 0.88275],
			"rotation": {"angle": -45, "axis": "y", "origin": [7.95, 3.95, 0.69637]},
			"faces": {
				"north": {"uv": [16, 14, 0, 16], "rotation": 270, "texture": "#1"},
				"east": {"uv": [0, 16, 16, 14], "rotation": 90, "texture": "#1"},
				"south": {"uv": [0, 14, 16, 16], "rotation": 90, "texture": "#1"},
				"west": {"uv": [16, 16, 0, 14], "rotation": 270, "texture": "#1"},
				"up": {"uv": [4, 0, 6, 1], "texture": "#1"},
				"down": {"uv": [2, 0, 3, 1], "rotation": 180, "texture": "#1"}
			}
		},
		{
			"name": "octagon",
			"from": [7.76363, 2.45, 0.24637],
			"to": [8.13637, 3.95, 1.14637],
			"rotation": {"angle": 0, "axis": "y", "origin": [7.95, 3.95, 0.69637]},
			"faces": {
				"north": {"uv": [16, 16, 0, 14], "rotation": 270, "texture": "#1"},
				"east": {"uv": [16, 14, 0, 16], "rotation": 270, "texture": "#1"},
				"south": {"uv": [0, 16, 16, 14], "rotation": 90, "texture": "#1"},
				"west": {"uv": [0, 14, 16, 16], "rotation": 90, "texture": "#1"},
				"up": {"uv": [4, 0, 6, 1], "rotation": 90, "texture": "#1"},
				"down": {"uv": [2, 0, 3, 1], "rotation": 90, "texture": "#1"}
			}
		},
		{
			"name": "octagon",
			"from": [7.76363, 2.45, 0.24637],
			"to": [8.13637, 3.95, 1.14637],
			"rotation": {"angle": -45, "axis": "y", "origin": [7.95, 3.95, 0.69637]},
			"faces": {
				"north": {"uv": [16, 16, 0, 14], "rotation": 270, "texture": "#1"},
				"east": {"uv": [16, 14, 0, 16], "rotation": 270, "texture": "#1"},
				"south": {"uv": [0, 16, 16, 14], "rotation": 90, "texture": "#1"},
				"west": {"uv": [0, 14, 16, 16], "rotation": 90, "texture": "#1"},
				"up": {"uv": [4, 0, 6, 1], "rotation": 90, "texture": "#1"},
				"down": {"uv": [2, 0, 3, 1], "rotation": 90, "texture": "#1"}
			}
		},
		{
			"name": "octagon",
			"from": [7.5, 3.95, 0.51],
			"to": [8.4, 5.05, 0.88275],
			"rotation": {"angle": 0, "axis": "y", "origin": [7.95, 5.45, 0.69637]},
			"faces": {
				"north": {"uv": [6, 12, 0, 14], "rotation": 270, "texture": "#1"},
				"east": {"uv": [5, 14, 11, 12], "rotation": 90, "texture": "#1"},
				"south": {"uv": [0, 12, 6, 14], "rotation": 90, "texture": "#1"},
				"west": {"uv": [10, 14, 4, 12], "rotation": 270, "texture": "#1"},
				"up": {"uv": [4, 0, 6, 1], "texture": "#1"},
				"down": {"uv": [2, 0, 3, 1], "rotation": 180, "texture": "#1"}
			}
		},
		{
			"name": "octagon",
			"from": [7.5, 3.95, 0.51],
			"to": [8.4, 5.05, 0.88275],
			"rotation": {"angle": -45, "axis": "y", "origin": [7.95, 5.45, 0.69637]},
			"faces": {
				"north": {"uv": [16, 12, 0, 14], "rotation": 270, "texture": "#1"},
				"east": {"uv": [0, 14, 6, 12], "rotation": 90, "texture": "#1"},
				"south": {"uv": [0, 12, 16, 14], "rotation": 90, "texture": "#1"},
				"west": {"uv": [13, 14, 7, 12], "rotation": 270, "texture": "#1"},
				"up": {"uv": [4, 0, 6, 1], "texture": "#1"},
				"down": {"uv": [2, 0, 3, 1], "rotation": 180, "texture": "#1"}
			}
		},
		{
			"name": "octagon",
			"from": [7.76363, 3.95, 0.24637],
			"to": [8.13637, 5.05, 1.14637],
			"rotation": {"angle": -45, "axis": "y", "origin": [7.95, 5.45, 0.69637]},
			"faces": {
				"north": {"uv": [6, 14, 0, 12], "rotation": 270, "texture": "#1"},
				"east": {"uv": [16, 12, 0, 14], "rotation": 270, "texture": "#1"},
				"south": {"uv": [0, 14, 6, 12], "rotation": 90, "texture": "#1"},
				"west": {"uv": [0, 12, 16, 14], "rotation": 90, "texture": "#1"},
				"up": {"uv": [4, 0, 6, 1], "rotation": 90, "texture": "#1"},
				"down": {"uv": [2, 0, 3, 1], "rotation": 90, "texture": "#1"}
			}
		},
		{
			"name": "octagon",
			"from": [7.76363, 3.95, 0.24637],
			"to": [8.13637, 5.05, 1.14637],
			"rotation": {"angle": 0, "axis": "y", "origin": [7.95, 5.45, 0.69637]},
			"faces": {
				"north": {"uv": [6, 14, 0, 12], "rotation": 270, "texture": "#1"},
				"east": {"uv": [16, 12, 0, 14], "rotation": 270, "texture": "#1"},
				"south": {"uv": [10, 14, 16, 12], "rotation": 90, "texture": "#1"},
				"west": {"uv": [0, 12, 16, 14], "rotation": 90, "texture": "#1"},
				"up": {"uv": [4, 0, 6, 1], "rotation": 90, "texture": "#1"},
				"down": {"uv": [2, 0, 3, 1], "rotation": 90, "texture": "#1"}
			}
		},
		{
			"name": "octagon",
			"from": [7.7, 5.05, 0.59],
			"to": [8.2, 5.45, 0.79708],
			"rotation": {"angle": 0, "axis": "y", "origin": [7.95, 5.25, 0.69354]},
			"faces": {
				"north": {"uv": [6, 12, 0, 14], "rotation": 270, "texture": "#1"},
				"east": {"uv": [11, 5, 13, 3], "rotation": 90, "texture": "#1"},
				"south": {"uv": [0, 12, 6, 14], "rotation": 90, "texture": "#1"},
				"west": {"uv": [13, 8, 11, 6], "rotation": 270, "texture": "#1"},
				"up": {"uv": [4, 0, 6, 1], "texture": "#1"},
				"down": {"uv": [2, 0, 3, 1], "rotation": 180, "texture": "#1"}
			}
		},
		{
			"name": "octagon",
			"from": [7.7, 5.05, 0.59],
			"to": [8.2, 5.45, 0.79708],
			"rotation": {"angle": -45, "axis": "y", "origin": [7.95, 5.25, 0.69354]},
			"faces": {
				"north": {"uv": [6, 12, 0, 14], "rotation": 270, "texture": "#1"},
				"east": {"uv": [11, 5, 13, 3], "rotation": 90, "texture": "#1"},
				"south": {"uv": [0, 12, 6, 14], "rotation": 90, "texture": "#1"},
				"west": {"uv": [13, 8, 11, 6], "rotation": 270, "texture": "#1"},
				"up": {"uv": [4, 0, 6, 1], "texture": "#1"},
				"down": {"uv": [2, 0, 3, 1], "rotation": 180, "texture": "#1"}
			}
		},
		{
			"name": "octagon",
			"from": [7.84646, 5.05, 0.44354],
			"to": [8.05354, 5.45, 0.94354],
			"rotation": {"angle": 0, "axis": "y", "origin": [7.95, 5.25, 0.69354]},
			"faces": {
				"north": {"uv": [13, 8, 11, 6], "rotation": 270, "texture": "#1"},
				"east": {"uv": [6, 12, 0, 14], "rotation": 270, "texture": "#1"},
				"south": {"uv": [11, 5, 13, 3], "rotation": 90, "texture": "#1"},
				"west": {"uv": [0, 12, 6, 14], "rotation": 90, "texture": "#1"},
				"up": {"uv": [4, 0, 6, 1], "rotation": 90, "texture": "#1"},
				"down": {"uv": [2, 0, 3, 1], "rotation": 90, "texture": "#1"}
			}
		},
		{
			"name": "octagon",
			"from": [7.84646, 5.05, 0.44354],
			"to": [8.05354, 5.45, 0.94354],
			"rotation": {"angle": -45, "axis": "y", "origin": [7.95, 5.25, 0.69354]},
			"faces": {
				"north": {"uv": [13, 8, 11, 6], "rotation": 270, "texture": "#1"},
				"east": {"uv": [6, 12, 0, 14], "rotation": 270, "texture": "#1"},
				"south": {"uv": [11, 5, 13, 3], "rotation": 90, "texture": "#1"},
				"west": {"uv": [0, 12, 6, 14], "rotation": 90, "texture": "#1"},
				"up": {"uv": [4, 0, 6, 1], "rotation": 90, "texture": "#1"},
				"down": {"uv": [2, 0, 3, 1], "rotation": 90, "texture": "#1"}
			}
		},
		{
			"name": "octagon",
			"from": [7.64634, 4.5853, -1.5],
			"to": [7.97134, 4.8853, -1.15],
			"rotation": {"angle": -45, "axis": "z", "origin": [7.85884, 4.7353, -1.2]},
			"faces": {
				"north": {"uv": [2, 0, 3, 1], "texture": "#1"},
				"east": {"uv": [0, 16, 2, 15], "texture": "#1"},
				"south": {"uv": [4, 0, 6, 1], "texture": "#1"},
				"west": {"uv": [2, 16, 0, 15], "texture": "#1"},
				"up": {"uv": [0, 0, 1, 1], "texture": "#1"},
				"down": {"uv": [0, 14, 2, 16], "rotation": 90, "texture": "#1"}
			}
		},
		{
			"name": "octagon",
			"from": [8.02866, 4.5853, -1.5],
			"to": [8.35366, 4.8853, -1.15],
			"rotation": {"angle": 45, "axis": "z", "origin": [8.14116, 4.7353, -1.2]},
			"faces": {
				"north": {"uv": [3, 0, 2, 1], "texture": "#1"},
				"east": {"uv": [0, 16, 2, 15], "texture": "#1"},
				"south": {"uv": [6, 0, 4, 1], "texture": "#1"},
				"west": {"uv": [2, 16, 0, 15], "texture": "#1"},
				"up": {"uv": [1, 0, 0, 1], "texture": "#1"},
				"down": {"uv": [0, 16, 2, 14], "rotation": 90, "texture": "#1"}
			}
		},
		{
			"name": "octagon",
			"from": [7.835, 4.552, -1.5],
			"to": [8.16, 4.88042, -1.15],
			"rotation": {"angle": 0, "axis": "y", "origin": [8, 3.6, 7.1]},
			"faces": {
				"north": {"uv": [2, 0, 3, 1], "texture": "#1"},
				"east": {"uv": [0, 16, 2, 14], "texture": "#1"},
				"south": {"uv": [4, 0, 6, 1], "texture": "#1"},
				"west": {"uv": [2, 16, 0, 14], "texture": "#1"},
				"up": {"uv": [0, 0, 1, 1], "texture": "#1"},
				"down": {"uv": [0, 14, 2, 16], "rotation": 90, "texture": "#1"}
			}
		},
		{
			"name": "octagon",
			"from": [7.6, 6.04289, -1.801],
			"to": [7.8, 6.37422, -0.201],
			"rotation": {"angle": 0, "axis": "y", "origin": [8, 6.20856, -0.801]},
			"faces": {
				"north": {"uv": [0, 11, 1, 12], "rotation": 180, "texture": "#1"},
				"east": {"uv": [14, 0, 8, 3], "rotation": 180, "texture": "#1"},
				"south": {"uv": [0, 0, 1, 1], "rotation": 180, "texture": "#1"},
				"west": {"uv": [8, 0, 14, 3], "rotation": 180, "texture": "#1"},
				"up": {"uv": [0, 0, 1, 1], "rotation": 180, "texture": "#1"},
				"down": {"uv": [0, 0, 1, 1], "rotation": 180, "texture": "#1"}
			}
		},
		{
			"name": "octagon",
			"from": [7.6, 6.04289, -1.801],
			"to": [7.8, 6.37422, -0.201],
			"rotation": {"angle": -45, "axis": "z", "origin": [8, 6.20856, -0.801]},
			"faces": {
				"north": {"uv": [0, 11, 1, 12], "texture": "#1"},
				"east": {"uv": [8, 0, 14, 3], "texture": "#1"},
				"south": {"uv": [0, 0, 1, 1], "texture": "#1"},
				"west": {"uv": [14, 3, 8, 0], "texture": "#1"},
				"up": {"uv": [0, 0, 1, 1], "texture": "#1"},
				"down": {"uv": [0, 0, 1, 1], "texture": "#1"}
			}
		},
		{
			"name": "octagon",
			"from": [7.83433, 6.40856, -1.801],
			"to": [8.16567, 6.60856, -0.201],
			"rotation": {"angle": 0, "axis": "y", "origin": [8, 6.20856, -0.801]},
			"faces": {
				"north": {"uv": [0, 11, 1, 12], "rotation": 270, "texture": "#1"},
				"east": {"uv": [0, 0, 1, 1], "rotation": 90, "texture": "#1"},
				"south": {"uv": [0, 0, 1, 1], "rotation": 90, "texture": "#1"},
				"west": {"uv": [0, 0, 1, 1], "rotation": 90, "texture": "#1"},
				"up": {"uv": [14, 3, 8, 0], "rotation": 90, "texture": "#1"},
				"down": {"uv": [8, 0, 14, 3], "rotation": 90, "texture": "#1"}
			}
		},
		{
			"name": "octagon",
			"from": [7.83433, 6.40856, -1.801],
			"to": [8.16567, 6.60856, -0.201],
			"rotation": {"angle": -45, "axis": "z", "origin": [8, 6.20856, -0.801]},
			"faces": {
				"north": {"uv": [0, 11, 1, 12], "rotation": 270, "texture": "#1"},
				"east": {"uv": [0, 0, 1, 1], "rotation": 90, "texture": "#1"},
				"south": {"uv": [0, 0, 1, 1], "rotation": 90, "texture": "#1"},
				"west": {"uv": [0, 0, 1, 1], "rotation": 90, "texture": "#1"},
				"up": {"uv": [14, 0, 8, 3], "rotation": 90, "texture": "#1"},
				"down": {"uv": [8, 0, 14, 3], "rotation": 90, "texture": "#1"}
			}
		},
		{
			"name": "octagon",
			"from": [8.2, 6.04289, -1.801],
			"to": [8.4, 6.37422, -0.201],
			"rotation": {"angle": 0, "axis": "y", "origin": [8, 6.20856, -0.801]},
			"faces": {
				"north": {"uv": [0, 11, 1, 12], "texture": "#1"},
				"east": {"uv": [8, 0, 14, 3], "texture": "#1"},
				"south": {"uv": [0, 0, 1, 1], "texture": "#1"},
				"west": {"uv": [14, 0, 8, 3], "texture": "#1"},
				"up": {"uv": [0, 0, 1, 1], "texture": "#1"},
				"down": {"uv": [0, 0, 1, 1], "texture": "#1"}
			}
		},
		{
			"name": "octagon",
			"from": [8.2, 6.04289, -1.801],
			"to": [8.4, 6.37422, -0.201],
			"rotation": {"angle": -45, "axis": "z", "origin": [8, 6.20856, -0.801]},
			"faces": {
				"north": {"uv": [0, 11, 1, 12], "texture": "#1"},
				"east": {"uv": [8, 0, 14, 3], "texture": "#1"},
				"south": {"uv": [0, 0, 1, 1], "texture": "#1"},
				"west": {"uv": [14, 0, 8, 3], "texture": "#1"},
				"up": {"uv": [0, 0, 1, 1], "texture": "#1"},
				"down": {"uv": [0, 0, 1, 1], "texture": "#1"}
			}
		},
		{
			"name": "octagon",
			"from": [7.83433, 5.80856, -1.801],
			"to": [8.16567, 6.00856, -0.201],
			"rotation": {"angle": 0, "axis": "y", "origin": [8, 6.20856, -0.801]},
			"faces": {
				"north": {"uv": [0, 11, 1, 12], "rotation": 270, "texture": "#1"},
				"east": {"uv": [0, 0, 1, 1], "rotation": 90, "texture": "#1"},
				"south": {"uv": [0, 0, 1, 1], "rotation": 90, "texture": "#1"},
				"west": {"uv": [0, 0, 1, 1], "rotation": 90, "texture": "#1"},
				"up": {"uv": [14, 3, 8, 0], "rotation": 90, "texture": "#1"},
				"down": {"uv": [8, 0, 14, 3], "rotation": 90, "texture": "#1"}
			}
		},
		{
			"name": "octagon",
			"from": [7.83433, 5.80856, -1.801],
			"to": [8.16567, 6.00856, -0.201],
			"rotation": {"angle": -45, "axis": "z", "origin": [8, 6.20856, -0.801]},
			"faces": {
				"north": {"uv": [0, 11, 1, 12], "rotation": 270, "texture": "#1"},
				"east": {"uv": [0, 0, 1, 1], "rotation": 90, "texture": "#1"},
				"south": {"uv": [0, 0, 1, 1], "rotation": 90, "texture": "#1"},
				"west": {"uv": [0, 0, 1, 1], "rotation": 90, "texture": "#1"},
				"up": {"uv": [14, 0, 8, 3], "rotation": 90, "texture": "#1"},
				"down": {"uv": [8, 0, 14, 3], "rotation": 90, "texture": "#1"}
			}
		},
		{
			"name": "octagon",
			"from": [7.5, 6, -2.001],
			"to": [8.5, 6.41417, -1.701],
			"rotation": {"angle": 0, "axis": "y", "origin": [8, 6.20708, -1.851]},
			"faces": {
				"north": {"uv": [0, 11, 1, 12], "rotation": 180, "texture": "#1"},
				"east": {"uv": [2, 11, 0, 13], "rotation": 180, "texture": "#1"},
				"south": {"uv": [0, 0, 1, 1], "rotation": 180, "texture": "#1"},
				"west": {"uv": [0, 11, 2, 13], "rotation": 180, "texture": "#1"},
				"up": {"uv": [0, 0, 1, 1], "rotation": 180, "texture": "#1"},
				"down": {"uv": [0, 0, 1, 1], "rotation": 180, "texture": "#1"}
			}
		},
		{
			"name": "octagon",
			"from": [7.5, 6, -2.001],
			"to": [8.5, 6.41417, -1.701],
			"rotation": {"angle": -45, "axis": "z", "origin": [8, 6.20708, -1.851]},
			"faces": {
				"north": {"uv": [0, 11, 1, 12], "rotation": 180, "texture": "#1"},
				"east": {"uv": [2, 11, 0, 13], "rotation": 180, "texture": "#1"},
				"south": {"uv": [0, 0, 1, 1], "rotation": 180, "texture": "#1"},
				"west": {"uv": [0, 11, 2, 13], "rotation": 180, "texture": "#1"},
				"up": {"uv": [0, 0, 1, 1], "rotation": 180, "texture": "#1"},
				"down": {"uv": [0, 0, 1, 1], "rotation": 180, "texture": "#1"}
			}
		},
		{
			"name": "octagon",
			"from": [7.79292, 5.70708, -2.001],
			"to": [8.20708, 6.70708, -1.701],
			"rotation": {"angle": 0, "axis": "y", "origin": [8, 6.20708, -1.851]},
			"faces": {
				"north": {"uv": [0, 11, 1, 12], "rotation": 90, "texture": "#1"},
				"east": {"uv": [0, 0, 1, 1], "rotation": 270, "texture": "#1"},
				"south": {"uv": [0, 0, 1, 1], "rotation": 270, "texture": "#1"},
				"west": {"uv": [0, 0, 1, 1], "rotation": 270, "texture": "#1"},
				"up": {"uv": [0, 11, 2, 13], "rotation": 270, "texture": "#1"},
				"down": {"uv": [2, 11, 0, 13], "rotation": 270, "texture": "#1"}
			}
		},
		{
			"name": "octagon",
			"from": [7.79292, 5.70708, -2.001],
			"to": [8.20708, 6.70708, -1.701],
			"rotation": {"angle": -45, "axis": "z", "origin": [8, 6.20708, -1.851]},
			"faces": {
				"north": {"uv": [0, 11, 1, 12], "rotation": 90, "texture": "#1"},
				"east": {"uv": [0, 0, 1, 1], "rotation": 270, "texture": "#1"},
				"south": {"uv": [0, 0, 1, 1], "rotation": 270, "texture": "#1"},
				"west": {"uv": [0, 0, 1, 1], "rotation": 270, "texture": "#1"},
				"up": {"uv": [0, 11, 2, 13], "rotation": 270, "texture": "#1"},
				"down": {"uv": [2, 11, 0, 13], "rotation": 270, "texture": "#1"}
			}
		},
		{
			"from": [7.7, 3.4194, 4.675],
			"to": [8.3, 4.3194, 6.075],
			"rotation": {"angle": 0, "axis": "y", "origin": [8, 4.6694, 3.97278]},
			"faces": {
				"north": {"uv": [0, 9, 2, 12], "texture": "#1"},
				"east": {"uv": [14, 11, 16, 9], "texture": "#1"},
				"south": {"uv": [0, 9, 2, 12], "texture": "#1"},
				"west": {"uv": [14, 11, 16, 9], "texture": "#1"},
				"up": {"uv": [0.25, 10, 1.75, 11.5], "texture": "#1"},
				"down": {"uv": [14, 9, 16, 11], "texture": "#1"}
			}
		},
		{
			"name": "iron_sight",
			"from": [7.61, 7.23, 9.46],
			"to": [7.7598, 8.13, 10.56],
			"rotation": {"angle": 45, "axis": "x", "origin": [7.625, 7.6, 9.99]},
			"faces": {
				"north": {"uv": [0, 6, 0.5, 7], "texture": "#1"},
				"east": {"uv": [0, 6, 1, 7], "texture": "#1"},
				"south": {"uv": [13, 0, 14, 3], "texture": "#1"},
				"west": {"uv": [11, 3, 14, 0], "rotation": 90, "texture": "#1"},
				"up": {"uv": [1, 8, 2, 11], "texture": "#1"},
				"down": {"uv": [0, 6, 0.5, 7], "texture": "#1"}
			}
		},
		{
			"name": "iron_sight",
			"from": [7.61, 7.45, 8.99],
			"to": [7.76, 8.35, 9.99],
			"rotation": {"angle": 0, "axis": "y", "origin": [7.625, 7.9, 9.49]},
			"faces": {
				"north": {"uv": [0, 6, 0.5, 7], "texture": "#1"},
				"east": {"uv": [0, 6, 1, 7], "texture": "#1"},
				"south": {"uv": [13, 0, 14, 3], "texture": "#1"},
				"west": {"uv": [11, 3, 14, 0], "rotation": 90, "texture": "#1"},
				"up": {"uv": [1, 8, 2, 11], "texture": "#1"},
				"down": {"uv": [0, 6, 0.5, 7], "texture": "#1"}
			}
		},
		{
			"name": "iron_sight",
			"from": [7.74, 7.85, 9.19],
			"to": [7.89, 8.25, 9.29],
			"rotation": {"angle": 0, "axis": "y", "origin": [-0.1, 0.8, 10.5]},
			"faces": {
				"north": {"uv": [0, 6, 0.5, 7], "texture": "#1"},
				"east": {"uv": [11, 0, 14, 3], "texture": "#1"},
				"south": {"uv": [10, 0, 11, 3], "texture": "#1"},
				"west": {"uv": [0, 6, 1, 7], "texture": "#1"},
				"up": {"uv": [5, 5, 6, 8], "texture": "#1"},
				"down": {"uv": [0, 6, 0.5, 7], "texture": "#1"}
			}
		}
	],
	"display": {
		"thirdperson_righthand": {
			"translation": [0, 2, 1],
			"scale": [0.8, 0.8, 0.8]
		},
		"thirdperson_lefthand": {
			"translation": [-12, 3, 1]
		},
		"firstperson_righthand": {
			"translation": [-8.97, 16.5, 1],
			"scale": [4, 4, 2.01]
		},
		"firstperson_lefthand": {
			"translation": [-18, 4.5, 4]
		},
		"ground": {
			"rotation": [0, 0, -90],
			"translation": [3.25, -2.75, 2.5]
		},
		"gui": {
			"rotation": [17, 127, -21],
			"translation": [0.75, 4.75, 0],
			"scale": [1.1, 1.1, 1.1]
		},
		"head": {
			"translation": [0, 2.25, -8.75]
		},
		"fixed": {
			"rotation": [0, -90, 0],
			"translation": [-3, 4, 0.5]
		}
	},
	"groups": [
		{
			"name": "group",
			"origin": [8, 6.20856, -2.001],
			"color": 0,
			"children": []
		},
		{
			"name": "group",
			"origin": [8, 6.20856, -2.001],
			"color": 0,
			"children": []
		},
		{
			"name": "base",
			"origin": [8, 3.5, 10],
			"color": 0,
			"children": []
		},
		{
			"name": "octagon",
			"origin": [8, 8, 8],
			"color": 0,
			"children": []
		},
		{
			"name": "octagon",
			"origin": [8, 8, 8],
			"color": 0,
			"children": []
		},
		{
			"name": "octagon",
			"origin": [8, 8, 8],
			"color": 0,
			"children": []
		},
		{
			"name": "octagon",
			"origin": [8, 8, 8],
			"color": 0,
			"children": []
		},
		{
			"name": "sight",
			"origin": [0, 0.6, -0.5],
			"color": 0,
			"children": []
		},
		0,
		1,
		2,
		3,
		4,
		5,
		6,
		7,
		8,
		9,
		10,
		11,
		12,
		13,
		14,
		15,
		16,
		17,
		18,
		19,
		20,
		21,
		22,
		23,
		24,
		25,
		26,
		27,
		28,
		29,
		30,
		31,
		32,
		33,
		34,
		35,
		36,
		37,
		38,
		39,
		40,
		41,
		42,
		43,
		44,
		45,
		46,
		47,
		48,
		49,
		50,
		51,
		52,
		53,
		54,
		55,
		56,
		57,
		58,
		59,
		60,
		61,
		62,
		63,
		{
			"name": "group",
			"origin": [8.2, 7.55, -1],
			"color": 0,
			"children": [64, 65, 66, 67, 68, 69, 70, 71, 72, 73, 74, 75, 76, 77, 78, 79]
		},
		80,
		81,
		82,
		83,
		84,
		85,
		86,
		87,
		88,
		89,
		90,
		91,
		92,
		93,
		94,
		95,
		96,
		97,
		98,
		99,
		100,
		101,
		102,
		103,
		104,
		105,
		106,
		107,
		108,
		109,
		110,
		111,
		112,
		113,
		114,
		115,
		116,
		117,
		118,
		119,
		120,
		121,
		122,
		123,
		124,
		125,
		126,
		127,
		128,
		129,
		130,
		131
	]
}