{
	"format_version": "1.21.6",
	"credit": "Made with Blockbench",
	"textures": {
		"2": "chems_guns:item/gun_ammo/laser",
		"3": "chems_guns:item/gun_ammo/tesla",
		"4": "chems_guns:item/gun_ammo/sparks",
		"particle": "chems_guns:item/gun_ammo/sparks"
	},
	"elements": [
		{
			"from": [7.915, 5.5, -0.40704],
			"to": [7.915, 8.5, 2.59296],
			"rotation": {"angle": 0, "axis": "y", "origin": [8.09213, 6.52929, -0.85]},
			"faces": {
				"east": {"uv": [16, 0, 0, 16], "texture": "#4"},
				"west": {"uv": [0, 0, 16, 16], "texture": "#4"}
			}
		},
		{
			"from": [6.415, 7, -0.40704],
			"to": [9.415, 7, 2.59296],
			"rotation": {"angle": 0, "axis": "z", "origin": [7.915, 7, 1.09296]},
			"faces": {
				"up": {"uv": [16, 16, 0, 0], "rotation": 270, "texture": "#4"},
				"down": {"uv": [0, 0, 16, 16], "rotation": 270, "texture": "#4"}
			}
		},
		{
			"from": [7.74, 6.88, 3.59296],
			"to": [8.04, 7.18, 8.45704],
			"rotation": {"angle": 0, "axis": "z", "origin": [7.89213, 6.92929, 5.15]},
			"faces": {
				"north": {"uv": [2, 12.25, 1, 13.25], "rotation": 90, "texture": "#3"},
				"east": {"uv": [0, 15.5, 11.5, 15], "rotation": 180, "texture": "#3"},
				"south": {"uv": [2.5, 12.75, 2.5, 13.25], "rotation": 270, "texture": "#3"},
				"west": {"uv": [11.5, 15.25, 0, 14.75], "rotation": 180, "texture": "#3"},
				"up": {"uv": [0.75, 14.75, 12.25, 15.23077], "rotation": 270, "texture": "#3"},
				"down": {"uv": [0, 15, 11.5, 15.5], "rotation": 270, "texture": "#3"}
			}
		},
		{
			"from": [7.89, 6.98, 2.59296],
			"to": [7.94, 7.03, 5.45704],
			"rotation": {"angle": 0, "axis": "y", "origin": [7.79213, 7.02929, 2.15]},
			"faces": {
				"north": {"uv": [2, 12.25, 1, 13.25], "rotation": 90, "texture": "#3"},
				"east": {"uv": [0, 15.5, 11.5, 15], "rotation": 180, "texture": "#3"},
				"south": {"uv": [2.5, 12.75, 2.5, 13.25], "rotation": 270, "texture": "#3"},
				"west": {"uv": [11.5, 15.25, 0, 14.75], "rotation": 180, "texture": "#3"},
				"up": {"uv": [0.75, 14.75, 12.25, 15.23077], "rotation": 270, "texture": "#3"},
				"down": {"uv": [0, 15, 11.5, 15.5], "rotation": 270, "texture": "#3"}
			}
		},
		{
			"from": [6.81671, 6.58329, 4.0502],
			"to": [7.43261, 7.46671, 4.6503],
			"rotation": {"angle": -45, "axis": "z", "origin": [7.89171, 7.025, 4.15]},
			"faces": {
				"north": {"uv": [3.25, 14.75, 4.75, 15.75], "rotation": 90, "texture": "#3"},
				"east": {"uv": [4.5, 14.75, 7, 15.75], "rotation": 90, "texture": "#3"},
				"south": {"uv": [4.25, 14.75, 5.75, 15.75], "rotation": 90, "texture": "#3"},
				"west": {"uv": [6.5, 14.75, 8, 15.75], "rotation": 90, "texture": "#3"},
				"up": {"uv": [1, 12.25, 2, 13.25], "rotation": 270, "texture": "#3"},
				"down": {"uv": [1, 12.25, 2, 13.25], "rotation": 270, "texture": "#3"}
			}
		},
		{
			"from": [6.81671, 6.58329, 4.05],
			"to": [7.43261, 7.46671, 4.65],
			"rotation": {"angle": 0, "axis": "y", "origin": [7.89171, 7.025, 4.15]},
			"faces": {
				"north": {"uv": [3.75, 14.75, 5.25, 15.75], "rotation": 90, "texture": "#3"},
				"east": {"uv": [4.5, 14.75, 7, 15.75], "rotation": 90, "texture": "#3"},
				"south": {"uv": [4.25, 14.75, 5.75, 15.75], "rotation": 90, "texture": "#3"},
				"west": {"uv": [5.75, 14.75, 7.25, 15.75], "rotation": 90, "texture": "#3"},
				"up": {"uv": [1, 12.25, 2, 13.25], "rotation": 270, "texture": "#3"},
				"down": {"uv": [1, 12.25, 2, 13.25], "rotation": 270, "texture": "#3"}
			}
		},
		{
			"from": [7.45, 5.95, 4.0502],
			"to": [8.33342, 6.5659, 4.6503],
			"rotation": {"angle": -45, "axis": "z", "origin": [7.89171, 7.025, 4.15]},
			"faces": {
				"north": {"uv": [5.25, 14.75, 6.75, 15.75], "rotation": 180, "texture": "#3"},
				"east": {"uv": [1, 12.25, 2, 13.25], "rotation": 180, "texture": "#3"},
				"south": {"uv": [4.25, 14.75, 5.75, 15.75], "texture": "#3"},
				"west": {"uv": [1, 12.25, 2, 13.25], "rotation": 180, "texture": "#3"},
				"up": {"uv": [4.5, 14.75, 7, 15.75], "texture": "#3"},
				"down": {"uv": [4.75, 14.75, 6.25, 15.75], "texture": "#3"}
			}
		},
		{
			"from": [7.45, 5.95, 4.05],
			"to": [8.33342, 6.5659, 4.65],
			"rotation": {"angle": 0, "axis": "z", "origin": [7.89171, 7.025, 4.15]},
			"faces": {
				"north": {"uv": [3.5, 14.75, 5, 15.75], "rotation": 180, "texture": "#3"},
				"east": {"uv": [1, 12.25, 2, 13.25], "rotation": 180, "texture": "#3"},
				"south": {"uv": [4.25, 14.75, 5.75, 15.75], "texture": "#3"},
				"west": {"uv": [1, 12.25, 2, 13.25], "rotation": 180, "texture": "#3"},
				"up": {"uv": [4.5, 14.75, 7, 15.75], "texture": "#3"},
				"down": {"uv": [5.75, 14.75, 7.25, 15.75], "texture": "#3"}
			}
		},
		{
			"from": [8.35081, 6.58329, 4.0502],
			"to": [8.96671, 7.46671, 4.6503],
			"rotation": {"angle": -45, "axis": "z", "origin": [7.89171, 7.025, 4.15]},
			"faces": {
				"north": {"uv": [4.5, 14.75, 6, 15.75], "rotation": 270, "texture": "#3"},
				"east": {"uv": [4.75, 14.75, 6.25, 15.75], "rotation": 270, "texture": "#3"},
				"south": {"uv": [4.25, 14.75, 5.75, 15.75], "rotation": 270, "texture": "#3"},
				"west": {"uv": [4.5, 14.75, 7, 15.75], "rotation": 270, "texture": "#3"},
				"up": {"uv": [1, 12.25, 2, 13.25], "rotation": 90, "texture": "#3"},
				"down": {"uv": [1, 12.25, 2, 13.25], "rotation": 90, "texture": "#3"}
			}
		},
		{
			"from": [7.45, 7.4841, 4.0502],
			"to": [8.33342, 8.1, 4.6503],
			"rotation": {"angle": -45, "axis": "z", "origin": [7.89171, 7.025, 4.15]},
			"faces": {
				"north": {"uv": [3.5, 14.75, 5, 15.75], "texture": "#3"},
				"east": {"uv": [1, 12.25, 2, 13.25], "texture": "#3"},
				"south": {"uv": [4.25, 14.75, 5.75, 15.75], "rotation": 180, "texture": "#3"},
				"west": {"uv": [1, 12.25, 2, 13.25], "texture": "#3"},
				"up": {"uv": [4.75, 14.75, 6.25, 15.75], "rotation": 180, "texture": "#3"},
				"down": {"uv": [4.5, 14.75, 7, 15.75], "rotation": 180, "texture": "#3"}
			}
		},
		{
			"from": [8.35081, 6.58329, 4.05],
			"to": [8.96671, 7.46671, 4.65],
			"rotation": {"angle": 0, "axis": "z", "origin": [7.89171, 7.025, 4.15]},
			"faces": {
				"north": {"uv": [2, 14.75, 3.5, 15.75], "rotation": 270, "texture": "#3"},
				"east": {"uv": [5.75, 14.75, 7.25, 15.75], "rotation": 270, "texture": "#3"},
				"south": {"uv": [4.25, 14.75, 5.75, 15.75], "rotation": 270, "texture": "#3"},
				"west": {"uv": [4.5, 14.75, 7, 15.75], "rotation": 270, "texture": "#3"},
				"up": {"uv": [1, 12.25, 2, 13.25], "rotation": 90, "texture": "#3"},
				"down": {"uv": [1, 12.25, 2, 13.25], "rotation": 90, "texture": "#3"}
			}
		},
		{
			"from": [7.45, 7.4841, 4.05],
			"to": [8.33342, 8.1, 4.65],
			"rotation": {"angle": 0, "axis": "z", "origin": [7.89171, 7.025, 4.15]},
			"faces": {
				"north": {"uv": [2, 14.75, 3.5, 15.75], "texture": "#3"},
				"east": {"uv": [1, 12.25, 2, 13.25], "texture": "#3"},
				"south": {"uv": [3, 14.75, 4.5, 15.75], "rotation": 180, "texture": "#3"},
				"west": {"uv": [1, 12.25, 2, 13.25], "texture": "#3"},
				"up": {"uv": [5.25, 14.75, 6.75, 15.75], "rotation": 180, "texture": "#3"},
				"down": {"uv": [4.5, 14.75, 7, 15.75], "rotation": 180, "texture": "#3"}
			}
		},
		{
			"from": [7.55, 6.2, 4.85],
			"to": [8.23343, 6.45, 5.1],
			"rotation": {"angle": 0, "axis": "z", "origin": [7.89171, 7.025, 4.85]},
			"faces": {
				"north": {"uv": [3.5, 3, 4, 4.25], "rotation": 270, "texture": "#3"},
				"east": {"uv": [3.5, 1.75, 4, 2.25], "rotation": 180, "texture": "#3"},
				"south": {"uv": [3.5, 2.75, 4, 4], "rotation": 270, "texture": "#3"},
				"west": {"uv": [4, 1.75, 4.5, 2.25], "rotation": 180, "texture": "#3"},
				"up": {"uv": [3.75, 3, 4.25, 4.25], "rotation": 270, "texture": "#3"},
				"down": {"uv": [4.5, 3, 5, 4.25], "rotation": 270, "texture": "#3"}
			}
		},
		{
			"from": [7.55, 6.2, 4.8501],
			"to": [8.23343, 6.45, 5.1003],
			"rotation": {"angle": -45, "axis": "z", "origin": [7.89171, 7.025, 4.85]},
			"faces": {
				"north": {"uv": [3.5, 3, 4, 4.25], "rotation": 270, "texture": "#3"},
				"east": {"uv": [3.5, 1.75, 4, 2.25], "rotation": 180, "texture": "#3"},
				"south": {"uv": [4, 2.75, 3.5, 4], "rotation": 270, "texture": "#3"},
				"west": {"uv": [4, 1.75, 4.5, 2.25], "rotation": 180, "texture": "#3"},
				"up": {"uv": [3.75, 3, 4.25, 4.25], "rotation": 270, "texture": "#3"},
				"down": {"uv": [4.5, 3, 5, 4.25], "rotation": 270, "texture": "#3"}
			}
		},
		{
			"from": [7.06671, 6.68329, 4.85],
			"to": [7.31671, 7.36671, 5.1],
			"rotation": {"angle": 0, "axis": "z", "origin": [7.89171, 7.025, 4.85]},
			"faces": {
				"north": {"uv": [3.5, 3, 4, 4.25], "rotation": 180, "texture": "#3"},
				"east": {"uv": [3.75, 3, 4.25, 4.25], "texture": "#3"},
				"south": {"uv": [3.5, 2.75, 4, 4], "texture": "#3"},
				"west": {"uv": [4.5, 3, 5, 4.25], "texture": "#3"},
				"up": {"uv": [4, 1.75, 4.5, 2.25], "rotation": 270, "texture": "#3"},
				"down": {"uv": [3.5, 1.75, 4, 2.25], "rotation": 270, "texture": "#3"}
			}
		},
		{
			"from": [7.75, 7.1841, 4.15],
			"to": [8.03342, 7.6, 4.25],
			"rotation": {"angle": 0, "axis": "y", "origin": [7.89171, 6.825, 3.85]},
			"faces": {
				"north": {"uv": [3.25, 15.25, 3.5, 15.75], "texture": "#3"},
				"east": {"uv": [2.5, 15.25, 2.75, 15.75], "texture": "#3"},
				"south": {"uv": [3, 15.25, 3.5, 15.75], "rotation": 180, "texture": "#3"},
				"west": {"uv": [3, 15.25, 3.25, 15.75], "texture": "#3"},
				"up": {"uv": [5.25, 15.5, 5.75, 15.75], "rotation": 180, "texture": "#3"},
				"down": {"uv": [4.5, 15.5, 5, 15.75], "rotation": 180, "texture": "#3"}
			}
		},
		{
			"from": [7.75, 6.4841, 4.15],
			"to": [8.03342, 6.9, 4.25],
			"rotation": {"angle": 0, "axis": "y", "origin": [7.89171, 6.025, 3.85]},
			"faces": {
				"north": {"uv": [3.25, 15.25, 3.5, 15.75], "texture": "#3"},
				"east": {"uv": [2.5, 15.25, 2.75, 15.75], "texture": "#3"},
				"south": {"uv": [3, 15.25, 3.5, 15.75], "rotation": 180, "texture": "#3"},
				"west": {"uv": [3, 15.25, 3.25, 15.75], "texture": "#3"},
				"up": {"uv": [5.25, 15.5, 5.75, 15.75], "rotation": 180, "texture": "#3"},
				"down": {"uv": [4.5, 15.5, 5, 15.75], "rotation": 180, "texture": "#3"}
			}
		},
		{
			"from": [7.06671, 6.68329, 4.8501],
			"to": [7.31671, 7.36671, 5.1003],
			"rotation": {"angle": -45, "axis": "z", "origin": [7.89171, 7.025, 4.85]},
			"faces": {
				"north": {"uv": [7, 3.75, 6.5, 2.5], "rotation": 180, "texture": "#3"},
				"east": {"uv": [8.75, 2.5, 9.25, 3.75], "texture": "#3"},
				"south": {"uv": [8.5, 2.5, 8, 3.75], "texture": "#3"},
				"west": {"uv": [8.25, 2.5, 7.75, 3.75], "texture": "#3"},
				"up": {"uv": [4, 1.75, 4.5, 2.25], "rotation": 270, "texture": "#3"},
				"down": {"uv": [3.5, 1.75, 4, 2.25], "rotation": 270, "texture": "#3"}
			}
		},
		{
			"from": [7.55, 7.6, 4.85],
			"to": [8.23343, 7.85, 5.1],
			"rotation": {"angle": 0, "axis": "z", "origin": [7.89171, 7.025, 4.85]},
			"faces": {
				"north": {"uv": [7.5, 2.5, 8, 3.75], "rotation": 90, "texture": "#3"},
				"east": {"uv": [4, 1.75, 4.5, 2.25], "texture": "#3"},
				"south": {"uv": [8.5, 3.75, 8, 2.5], "rotation": 90, "texture": "#3"},
				"west": {"uv": [3.5, 1.75, 4, 2.25], "texture": "#3"},
				"up": {"uv": [8.5, 1.75, 9, 3], "rotation": 90, "texture": "#3"},
				"down": {"uv": [8, 3.75, 8.5, 2.5], "rotation": 90, "texture": "#3"}
			}
		},
		{
			"from": [7.55, 7.6, 4.8501],
			"to": [8.23343, 7.85, 5.1003],
			"rotation": {"angle": -45, "axis": "z", "origin": [7.89171, 7.025, 4.85]},
			"faces": {
				"north": {"uv": [3.5, 3, 4, 4.25], "rotation": 90, "texture": "#3"},
				"east": {"uv": [4, 1.75, 4.5, 2.25], "texture": "#3"},
				"south": {"uv": [4, 2.75, 3.5, 4], "rotation": 90, "texture": "#3"},
				"west": {"uv": [3.5, 1.75, 4, 2.25], "texture": "#3"},
				"up": {"uv": [4.5, 3, 5, 4.25], "rotation": 90, "texture": "#3"},
				"down": {"uv": [3.75, 3, 4.25, 4.25], "rotation": 90, "texture": "#3"}
			}
		},
		{
			"from": [8.46671, 6.68329, 4.85],
			"to": [8.71671, 7.36671, 5.1],
			"rotation": {"angle": 0, "axis": "z", "origin": [7.89171, 7.025, 4.85]},
			"faces": {
				"north": {"uv": [3.5, 3, 4, 4.25], "texture": "#3"},
				"east": {"uv": [4.5, 3, 5, 4.25], "rotation": 180, "texture": "#3"},
				"south": {"uv": [3.5, 2.75, 4, 4], "rotation": 180, "texture": "#3"},
				"west": {"uv": [3.75, 3, 4.25, 4.25], "rotation": 180, "texture": "#3"},
				"up": {"uv": [3.5, 1.75, 4, 2.25], "rotation": 90, "texture": "#3"},
				"down": {"uv": [4, 1.75, 4.5, 2.25], "rotation": 90, "texture": "#3"}
			}
		},
		{
			"from": [8.46671, 6.68329, 4.8501],
			"to": [8.71671, 7.36671, 5.1003],
			"rotation": {"angle": -45, "axis": "z", "origin": [7.89171, 7.025, 4.85]},
			"faces": {
				"north": {"uv": [3.5, 3, 4, 4.25], "texture": "#3"},
				"east": {"uv": [4.5, 3, 5, 4.25], "rotation": 180, "texture": "#3"},
				"south": {"uv": [4, 2.75, 3.5, 4], "rotation": 180, "texture": "#3"},
				"west": {"uv": [3.75, 3, 4.25, 4.25], "rotation": 180, "texture": "#3"},
				"up": {"uv": [3.5, 1.75, 4, 2.25], "rotation": 90, "texture": "#3"},
				"down": {"uv": [4, 1.75, 4.5, 2.25], "rotation": 90, "texture": "#3"}
			}
		},
		{
			"from": [7.55, 6.2, 5.15],
			"to": [8.23343, 6.45, 5.4],
			"rotation": {"angle": 0, "axis": "y", "origin": [7.89171, 7.025, 5.15]},
			"faces": {
				"north": {"uv": [3.5, 3, 4, 4.25], "rotation": 270, "texture": "#3"},
				"east": {"uv": [3.5, 1.75, 4, 2.25], "rotation": 180, "texture": "#3"},
				"south": {"uv": [3.5, 2.75, 4, 4], "rotation": 270, "texture": "#3"},
				"west": {"uv": [4, 1.75, 4.5, 2.25], "rotation": 180, "texture": "#3"},
				"up": {"uv": [3.75, 3, 4.25, 4.25], "rotation": 270, "texture": "#3"},
				"down": {"uv": [4.5, 3, 5, 4.25], "rotation": 270, "texture": "#3"}
			}
		},
		{
			"from": [7.55, 6.2, 5.1501],
			"to": [8.23343, 6.45, 5.4003],
			"rotation": {"angle": -45, "axis": "z", "origin": [7.89171, 7.025, 5.15]},
			"faces": {
				"north": {"uv": [3.5, 3, 4, 4.25], "rotation": 270, "texture": "#3"},
				"east": {"uv": [3.5, 1.75, 4, 2.25], "rotation": 180, "texture": "#3"},
				"south": {"uv": [4, 2.75, 3.5, 4], "rotation": 270, "texture": "#3"},
				"west": {"uv": [4, 1.75, 4.5, 2.25], "rotation": 180, "texture": "#3"},
				"up": {"uv": [3.75, 3, 4.25, 4.25], "rotation": 270, "texture": "#3"},
				"down": {"uv": [4.5, 3, 5, 4.25], "rotation": 270, "texture": "#3"}
			}
		},
		{
			"from": [7.06671, 6.68329, 5.15],
			"to": [7.31671, 7.36671, 5.4],
			"rotation": {"angle": 0, "axis": "y", "origin": [7.89171, 7.025, 5.15]},
			"faces": {
				"north": {"uv": [3.5, 3, 4, 4.25], "rotation": 180, "texture": "#3"},
				"east": {"uv": [3.75, 3, 4.25, 4.25], "texture": "#3"},
				"south": {"uv": [3.5, 2.75, 4, 4], "texture": "#3"},
				"west": {"uv": [4.5, 3, 5, 4.25], "texture": "#3"},
				"up": {"uv": [4, 1.75, 4.5, 2.25], "rotation": 270, "texture": "#3"},
				"down": {"uv": [3.5, 1.75, 4, 2.25], "rotation": 270, "texture": "#3"}
			}
		},
		{
			"from": [7.06671, 6.68329, 5.1501],
			"to": [7.31671, 7.36671, 5.4003],
			"rotation": {"angle": -45, "axis": "z", "origin": [7.89171, 7.025, 5.15]},
			"faces": {
				"north": {"uv": [7, 3.75, 6.5, 2.5], "rotation": 180, "texture": "#3"},
				"east": {"uv": [8.75, 2.5, 9.25, 3.75], "texture": "#3"},
				"south": {"uv": [8.5, 2.5, 8, 3.75], "texture": "#3"},
				"west": {"uv": [8, 2.5, 7.5, 3.75], "texture": "#3"},
				"up": {"uv": [4, 1.75, 4.5, 2.25], "rotation": 270, "texture": "#3"},
				"down": {"uv": [3.5, 1.75, 4, 2.25], "rotation": 270, "texture": "#3"}
			}
		},
		{
			"from": [7.55, 7.6, 5.15],
			"to": [8.23343, 7.85, 5.4],
			"rotation": {"angle": 0, "axis": "y", "origin": [7.89171, 7.025, 5.15]},
			"faces": {
				"north": {"uv": [7.5, 2.5, 8, 3.75], "rotation": 90, "texture": "#3"},
				"east": {"uv": [4, 1.75, 4.5, 2.25], "texture": "#3"},
				"south": {"uv": [8.5, 3.75, 8, 2.5], "rotation": 90, "texture": "#3"},
				"west": {"uv": [3.5, 1.75, 4, 2.25], "texture": "#3"},
				"up": {"uv": [6.5, 1.75, 7, 3], "rotation": 90, "texture": "#3"},
				"down": {"uv": [8, 3.75, 8.5, 2.5], "rotation": 90, "texture": "#3"}
			}
		},
		{
			"from": [7.55, 7.6, 5.1501],
			"to": [8.23343, 7.85, 5.4003],
			"rotation": {"angle": -45, "axis": "z", "origin": [7.89171, 7.025, 5.15]},
			"faces": {
				"north": {"uv": [3.5, 3, 4, 4.25], "rotation": 90, "texture": "#3"},
				"east": {"uv": [4, 1.75, 4.5, 2.25], "texture": "#3"},
				"south": {"uv": [4, 2.75, 3.5, 4], "rotation": 90, "texture": "#3"},
				"west": {"uv": [3.5, 1.75, 4, 2.25], "texture": "#3"},
				"up": {"uv": [4.5, 3, 5, 4.25], "rotation": 90, "texture": "#3"},
				"down": {"uv": [3.75, 3, 4.25, 4.25], "rotation": 90, "texture": "#3"}
			}
		},
		{
			"from": [8.46671, 6.68329, 5.15],
			"to": [8.71671, 7.36671, 5.4],
			"rotation": {"angle": 0, "axis": "y", "origin": [7.89171, 7.025, 5.15]},
			"faces": {
				"north": {"uv": [3.5, 3, 4, 4.25], "texture": "#3"},
				"east": {"uv": [4.5, 3, 5, 4.25], "rotation": 180, "texture": "#3"},
				"south": {"uv": [3.5, 2.75, 4, 4], "rotation": 180, "texture": "#3"},
				"west": {"uv": [3.75, 3, 4.25, 4.25], "rotation": 180, "texture": "#3"},
				"up": {"uv": [3.5, 1.75, 4, 2.25], "rotation": 90, "texture": "#3"},
				"down": {"uv": [4, 1.75, 4.5, 2.25], "rotation": 90, "texture": "#3"}
			}
		},
		{
			"from": [8.46671, 6.68329, 5.1501],
			"to": [8.71671, 7.36671, 5.4003],
			"rotation": {"angle": -45, "axis": "z", "origin": [7.89171, 7.025, 5.15]},
			"faces": {
				"north": {"uv": [3.5, 3, 4, 4.25], "texture": "#3"},
				"east": {"uv": [4.5, 3, 5, 4.25], "rotation": 180, "texture": "#3"},
				"south": {"uv": [4, 2.75, 3.5, 4], "rotation": 180, "texture": "#3"},
				"west": {"uv": [3.75, 3, 4.25, 4.25], "rotation": 180, "texture": "#3"},
				"up": {"uv": [3.5, 1.75, 4, 2.25], "rotation": 90, "texture": "#3"},
				"down": {"uv": [4, 1.75, 4.5, 2.25], "rotation": 90, "texture": "#3"}
			}
		},
		{
			"from": [7.55, 6.2, 5.45],
			"to": [8.23343, 6.45, 5.7],
			"rotation": {"angle": 0, "axis": "y", "origin": [7.89171, 7.025, 5.45]},
			"faces": {
				"north": {"uv": [3.5, 3, 4, 4.25], "rotation": 270, "texture": "#3"},
				"east": {"uv": [3.5, 1.75, 4, 2.25], "rotation": 180, "texture": "#3"},
				"south": {"uv": [3.5, 2.75, 4, 4], "rotation": 270, "texture": "#3"},
				"west": {"uv": [4, 1.75, 4.5, 2.25], "rotation": 180, "texture": "#3"},
				"up": {"uv": [3.75, 3, 4.25, 4.25], "rotation": 270, "texture": "#3"},
				"down": {"uv": [4.5, 3, 5, 4.25], "rotation": 270, "texture": "#3"}
			}
		},
		{
			"from": [7.55, 6.2, 5.4501],
			"to": [8.23343, 6.45, 5.7003],
			"rotation": {"angle": -45, "axis": "z", "origin": [7.89171, 7.025, 5.45]},
			"faces": {
				"north": {"uv": [3.5, 3, 4, 4.25], "rotation": 270, "texture": "#3"},
				"east": {"uv": [3.5, 1.75, 4, 2.25], "rotation": 180, "texture": "#3"},
				"south": {"uv": [4, 2.75, 3.5, 4], "rotation": 270, "texture": "#3"},
				"west": {"uv": [4, 1.75, 4.5, 2.25], "rotation": 180, "texture": "#3"},
				"up": {"uv": [3.75, 3, 4.25, 4.25], "rotation": 270, "texture": "#3"},
				"down": {"uv": [4.5, 3, 5, 4.25], "rotation": 270, "texture": "#3"}
			}
		},
		{
			"from": [7.06671, 6.68329, 5.45],
			"to": [7.31671, 7.36671, 5.7],
			"rotation": {"angle": 0, "axis": "y", "origin": [7.89171, 7.025, 5.45]},
			"faces": {
				"north": {"uv": [3.5, 3, 4, 4.25], "rotation": 180, "texture": "#3"},
				"east": {"uv": [3.75, 3, 4.25, 4.25], "texture": "#3"},
				"south": {"uv": [3.5, 2.75, 4, 4], "texture": "#3"},
				"west": {"uv": [3.5, 3, 4, 4.25], "texture": "#3"},
				"up": {"uv": [4, 1.75, 4.5, 2.25], "rotation": 270, "texture": "#3"},
				"down": {"uv": [3.5, 1.75, 4, 2.25], "rotation": 270, "texture": "#3"}
			}
		},
		{
			"from": [7.06671, 6.68329, 5.4501],
			"to": [7.31671, 7.36671, 5.7003],
			"rotation": {"angle": -45, "axis": "z", "origin": [7.89171, 7.025, 5.45]},
			"faces": {
				"north": {"uv": [7, 3.75, 6.5, 2.5], "rotation": 180, "texture": "#3"},
				"east": {"uv": [8.75, 2.5, 9.25, 3.75], "texture": "#3"},
				"south": {"uv": [8.5, 2.5, 8, 3.75], "texture": "#3"},
				"west": {"uv": [8.25, 2.5, 7.75, 3.75], "texture": "#3"},
				"up": {"uv": [4, 1.75, 4.5, 2.25], "rotation": 270, "texture": "#3"},
				"down": {"uv": [3.5, 1.75, 4, 2.25], "rotation": 270, "texture": "#3"}
			}
		},
		{
			"from": [7.55, 7.6, 5.45],
			"to": [8.23343, 7.85, 5.7],
			"rotation": {"angle": 0, "axis": "y", "origin": [7.89171, 7.025, 5.45]},
			"faces": {
				"north": {"uv": [7.5, 2.5, 8, 3.75], "rotation": 90, "texture": "#3"},
				"east": {"uv": [4, 1.75, 4.5, 2.25], "texture": "#3"},
				"south": {"uv": [8.5, 3.75, 8, 2.5], "rotation": 90, "texture": "#3"},
				"west": {"uv": [3.5, 1.75, 4, 2.25], "texture": "#3"},
				"up": {"uv": [6.5, 1.75, 7, 3], "rotation": 90, "texture": "#3"},
				"down": {"uv": [8, 3.75, 8.5, 2.5], "rotation": 90, "texture": "#3"}
			}
		},
		{
			"from": [7.55, 7.6, 5.4501],
			"to": [8.23343, 7.85, 5.7003],
			"rotation": {"angle": -45, "axis": "z", "origin": [7.89171, 7.025, 5.45]},
			"faces": {
				"north": {"uv": [3.5, 3, 4, 4.25], "rotation": 90, "texture": "#3"},
				"east": {"uv": [4, 1.75, 4.5, 2.25], "texture": "#3"},
				"south": {"uv": [4, 2.75, 3.5, 4], "rotation": 90, "texture": "#3"},
				"west": {"uv": [3.5, 1.75, 4, 2.25], "texture": "#3"},
				"up": {"uv": [4.5, 3, 5, 4.25], "rotation": 90, "texture": "#3"},
				"down": {"uv": [3.75, 3, 4.25, 4.25], "rotation": 90, "texture": "#3"}
			}
		},
		{
			"from": [8.46671, 6.68329, 5.45],
			"to": [8.71671, 7.36671, 5.7],
			"rotation": {"angle": 0, "axis": "y", "origin": [7.89171, 7.025, 5.45]},
			"faces": {
				"north": {"uv": [3.5, 3, 4, 4.25], "texture": "#3"},
				"east": {"uv": [4.5, 3, 5, 4.25], "rotation": 180, "texture": "#3"},
				"south": {"uv": [3.5, 2.75, 4, 4], "rotation": 180, "texture": "#3"},
				"west": {"uv": [3.75, 3, 4.25, 4.25], "rotation": 180, "texture": "#3"},
				"up": {"uv": [3.5, 1.75, 4, 2.25], "rotation": 90, "texture": "#3"},
				"down": {"uv": [4, 1.75, 4.5, 2.25], "rotation": 90, "texture": "#3"}
			}
		},
		{
			"from": [8.46671, 6.68329, 5.4501],
			"to": [8.71671, 7.36671, 5.7003],
			"rotation": {"angle": -45, "axis": "z", "origin": [7.89171, 7.025, 5.45]},
			"faces": {
				"north": {"uv": [3.5, 3, 4, 4.25], "texture": "#3"},
				"east": {"uv": [4.5, 3, 5, 4.25], "rotation": 180, "texture": "#3"},
				"south": {"uv": [4, 2.75, 3.5, 4], "rotation": 180, "texture": "#3"},
				"west": {"uv": [3.75, 3, 4.25, 4.25], "rotation": 180, "texture": "#3"},
				"up": {"uv": [3.5, 1.75, 4, 2.25], "rotation": 90, "texture": "#3"},
				"down": {"uv": [4, 1.75, 4.5, 2.25], "rotation": 90, "texture": "#3"}
			}
		},
		{
			"from": [7.55, 6.2, 5.75],
			"to": [8.23343, 6.45, 6],
			"rotation": {"angle": 0, "axis": "y", "origin": [7.89171, 7.025, 5.75]},
			"faces": {
				"north": {"uv": [3.5, 3, 4, 4.25], "rotation": 270, "texture": "#3"},
				"east": {"uv": [3.5, 1.75, 4, 2.25], "rotation": 180, "texture": "#3"},
				"south": {"uv": [3.5, 2.75, 4, 4], "rotation": 270, "texture": "#3"},
				"west": {"uv": [4, 1.75, 4.5, 2.25], "rotation": 180, "texture": "#3"},
				"up": {"uv": [3.75, 3, 4.25, 4.25], "rotation": 270, "texture": "#3"},
				"down": {"uv": [4.5, 3, 5, 4.25], "rotation": 270, "texture": "#3"}
			}
		},
		{
			"from": [7.55, 6.2, 5.7501],
			"to": [8.23343, 6.45, 6.0003],
			"rotation": {"angle": -45, "axis": "z", "origin": [7.89171, 7.025, 5.75]},
			"faces": {
				"north": {"uv": [3.5, 3, 4, 4.25], "rotation": 270, "texture": "#3"},
				"east": {"uv": [3.5, 1.75, 4, 2.25], "rotation": 180, "texture": "#3"},
				"south": {"uv": [4, 2.75, 3.5, 4], "rotation": 270, "texture": "#3"},
				"west": {"uv": [4, 1.75, 4.5, 2.25], "rotation": 180, "texture": "#3"},
				"up": {"uv": [3.75, 3, 4.25, 4.25], "rotation": 270, "texture": "#3"},
				"down": {"uv": [4.5, 3, 5, 4.25], "rotation": 270, "texture": "#3"}
			}
		},
		{
			"from": [7.06671, 6.68329, 5.75],
			"to": [7.31671, 7.36671, 6],
			"rotation": {"angle": 0, "axis": "y", "origin": [7.89171, 7.025, 5.75]},
			"faces": {
				"north": {"uv": [3.5, 3, 4, 4.25], "rotation": 180, "texture": "#3"},
				"east": {"uv": [3.75, 3, 4.25, 4.25], "texture": "#3"},
				"south": {"uv": [3.5, 2.75, 4, 4], "texture": "#3"},
				"west": {"uv": [4.5, 3, 5, 4.25], "texture": "#3"},
				"up": {"uv": [4, 1.75, 4.5, 2.25], "rotation": 270, "texture": "#3"},
				"down": {"uv": [3.5, 1.75, 4, 2.25], "rotation": 270, "texture": "#3"}
			}
		},
		{
			"from": [7.06671, 6.68329, 5.7501],
			"to": [7.31671, 7.36671, 6.0003],
			"rotation": {"angle": -45, "axis": "z", "origin": [7.89171, 7.025, 5.75]},
			"faces": {
				"north": {"uv": [7, 3.75, 6.5, 2.5], "rotation": 180, "texture": "#3"},
				"east": {"uv": [8.75, 2.5, 9.25, 3.75], "texture": "#3"},
				"south": {"uv": [8.5, 2.5, 8, 3.75], "texture": "#3"},
				"west": {"uv": [8.5, 2.5, 8, 3.75], "texture": "#3"},
				"up": {"uv": [4, 1.75, 4.5, 2.25], "rotation": 270, "texture": "#3"},
				"down": {"uv": [3.5, 1.75, 4, 2.25], "rotation": 270, "texture": "#3"}
			}
		},
		{
			"from": [7.55, 7.6, 5.75],
			"to": [8.23343, 7.85, 6],
			"rotation": {"angle": 0, "axis": "y", "origin": [7.89171, 7.025, 5.75]},
			"faces": {
				"north": {"uv": [7.5, 2.5, 8, 3.75], "rotation": 90, "texture": "#3"},
				"east": {"uv": [4, 1.75, 4.5, 2.25], "texture": "#3"},
				"south": {"uv": [8.5, 3.75, 8, 2.5], "rotation": 90, "texture": "#3"},
				"west": {"uv": [3.5, 1.75, 4, 2.25], "texture": "#3"},
				"up": {"uv": [8, 1.75, 8.5, 3], "rotation": 90, "texture": "#3"},
				"down": {"uv": [8, 3.75, 8.5, 2.5], "rotation": 90, "texture": "#3"}
			}
		},
		{
			"from": [7.55, 7.6, 5.7501],
			"to": [8.23343, 7.85, 6.0003],
			"rotation": {"angle": -45, "axis": "z", "origin": [7.89171, 7.025, 5.75]},
			"faces": {
				"north": {"uv": [3.5, 3, 4, 4.25], "rotation": 90, "texture": "#3"},
				"east": {"uv": [4, 1.75, 4.5, 2.25], "texture": "#3"},
				"south": {"uv": [4, 2.75, 3.5, 4], "rotation": 90, "texture": "#3"},
				"west": {"uv": [3.5, 1.75, 4, 2.25], "texture": "#3"},
				"up": {"uv": [4.5, 3, 5, 4.25], "rotation": 90, "texture": "#3"},
				"down": {"uv": [3.75, 3, 4.25, 4.25], "rotation": 90, "texture": "#3"}
			}
		},
		{
			"from": [8.46671, 6.68329, 5.75],
			"to": [8.71671, 7.36671, 6],
			"rotation": {"angle": 0, "axis": "y", "origin": [7.89171, 7.025, 5.75]},
			"faces": {
				"north": {"uv": [3.5, 3, 4, 4.25], "texture": "#3"},
				"east": {"uv": [4.5, 3, 5, 4.25], "rotation": 180, "texture": "#3"},
				"south": {"uv": [3.5, 2.75, 4, 4], "rotation": 180, "texture": "#3"},
				"west": {"uv": [3.75, 3, 4.25, 4.25], "rotation": 180, "texture": "#3"},
				"up": {"uv": [3.5, 1.75, 4, 2.25], "rotation": 90, "texture": "#3"},
				"down": {"uv": [4, 1.75, 4.5, 2.25], "rotation": 90, "texture": "#3"}
			}
		},
		{
			"from": [8.46671, 6.68329, 5.7501],
			"to": [8.71671, 7.36671, 6.0003],
			"rotation": {"angle": -45, "axis": "z", "origin": [7.89171, 7.025, 5.75]},
			"faces": {
				"north": {"uv": [3.5, 3, 4, 4.25], "texture": "#3"},
				"east": {"uv": [4.5, 3, 5, 4.25], "rotation": 180, "texture": "#3"},
				"south": {"uv": [4, 2.75, 3.5, 4], "rotation": 180, "texture": "#3"},
				"west": {"uv": [3.75, 3, 4.25, 4.25], "rotation": 180, "texture": "#3"},
				"up": {"uv": [3.5, 1.75, 4, 2.25], "rotation": 90, "texture": "#3"},
				"down": {"uv": [4, 1.75, 4.5, 2.25], "rotation": 90, "texture": "#3"}
			}
		},
		{
			"from": [7.55, 6.2, 6.05],
			"to": [8.23343, 6.45, 6.3],
			"rotation": {"angle": 0, "axis": "y", "origin": [7.89171, 7.025, 6.05]},
			"faces": {
				"north": {"uv": [3.5, 3, 4, 4.25], "rotation": 270, "texture": "#3"},
				"east": {"uv": [3.5, 1.75, 4, 2.25], "rotation": 180, "texture": "#3"},
				"south": {"uv": [3.5, 2.75, 4, 4], "rotation": 270, "texture": "#3"},
				"west": {"uv": [4, 1.75, 4.5, 2.25], "rotation": 180, "texture": "#3"},
				"up": {"uv": [3.75, 3, 4.25, 4.25], "rotation": 270, "texture": "#3"},
				"down": {"uv": [4.5, 3, 5, 4.25], "rotation": 270, "texture": "#3"}
			}
		},
		{
			"from": [7.55, 6.2, 6.0501],
			"to": [8.23343, 6.45, 6.3003],
			"rotation": {"angle": -45, "axis": "z", "origin": [7.89171, 7.025, 6.05]},
			"faces": {
				"north": {"uv": [3.5, 3, 4, 4.25], "rotation": 270, "texture": "#3"},
				"east": {"uv": [3.5, 1.75, 4, 2.25], "rotation": 180, "texture": "#3"},
				"south": {"uv": [4, 2.75, 3.5, 4], "rotation": 270, "texture": "#3"},
				"west": {"uv": [4, 1.75, 4.5, 2.25], "rotation": 180, "texture": "#3"},
				"up": {"uv": [3.75, 3, 4.25, 4.25], "rotation": 270, "texture": "#3"},
				"down": {"uv": [4.5, 3, 5, 4.25], "rotation": 270, "texture": "#3"}
			}
		},
		{
			"from": [7.06671, 6.68329, 6.05],
			"to": [7.31671, 7.36671, 6.3],
			"rotation": {"angle": 0, "axis": "y", "origin": [7.89171, 7.025, 6.05]},
			"faces": {
				"north": {"uv": [3.5, 3, 4, 4.25], "rotation": 180, "texture": "#3"},
				"east": {"uv": [3.75, 3, 4.25, 4.25], "texture": "#3"},
				"south": {"uv": [3.5, 2.75, 4, 4], "texture": "#3"},
				"west": {"uv": [4.75, 2, 5.25, 3.25], "texture": "#3"},
				"up": {"uv": [4, 1.75, 4.5, 2.25], "rotation": 270, "texture": "#3"},
				"down": {"uv": [3.5, 1.75, 4, 2.25], "rotation": 270, "texture": "#3"}
			}
		},
		{
			"from": [7.06671, 6.68329, 6.0501],
			"to": [7.31671, 7.36671, 6.3003],
			"rotation": {"angle": -45, "axis": "z", "origin": [7.89171, 7.025, 6.05]},
			"faces": {
				"north": {"uv": [7, 3.75, 6.5, 2.5], "rotation": 180, "texture": "#3"},
				"east": {"uv": [8.75, 2.5, 9.25, 3.75], "texture": "#3"},
				"south": {"uv": [8.5, 2.5, 8, 3.75], "texture": "#3"},
				"west": {"uv": [9, 2.5, 8.5, 3.75], "texture": "#3"},
				"up": {"uv": [4, 1.75, 4.5, 2.25], "rotation": 270, "texture": "#3"},
				"down": {"uv": [3.5, 1.75, 4, 2.25], "rotation": 270, "texture": "#3"}
			}
		},
		{
			"from": [7.55, 7.6, 6.05],
			"to": [8.23343, 7.85, 6.3],
			"rotation": {"angle": 0, "axis": "y", "origin": [7.89171, 7.025, 6.05]},
			"faces": {
				"north": {"uv": [7.5, 2.5, 8, 3.75], "rotation": 90, "texture": "#3"},
				"east": {"uv": [4, 1.75, 4.5, 2.25], "texture": "#3"},
				"south": {"uv": [8.5, 3.75, 8, 2.5], "rotation": 90, "texture": "#3"},
				"west": {"uv": [3.5, 1.75, 4, 2.25], "texture": "#3"},
				"up": {"uv": [6.5, 1.75, 7, 3], "rotation": 90, "texture": "#3"},
				"down": {"uv": [8, 3.75, 8.5, 2.5], "rotation": 90, "texture": "#3"}
			}
		},
		{
			"from": [7.55, 7.6, 6.0501],
			"to": [8.23343, 7.85, 6.3003],
			"rotation": {"angle": -45, "axis": "z", "origin": [7.89171, 7.025, 6.05]},
			"faces": {
				"north": {"uv": [3.5, 3, 4, 4.25], "rotation": 90, "texture": "#3"},
				"east": {"uv": [4, 1.75, 4.5, 2.25], "texture": "#3"},
				"south": {"uv": [4, 2.75, 3.5, 4], "rotation": 90, "texture": "#3"},
				"west": {"uv": [3.5, 1.75, 4, 2.25], "texture": "#3"},
				"up": {"uv": [4.5, 3, 5, 4.25], "rotation": 90, "texture": "#3"},
				"down": {"uv": [3.75, 3, 4.25, 4.25], "rotation": 90, "texture": "#3"}
			}
		},
		{
			"from": [8.46671, 6.68329, 6.05],
			"to": [8.71671, 7.36671, 6.3],
			"rotation": {"angle": 0, "axis": "y", "origin": [7.89171, 7.025, 6.05]},
			"faces": {
				"north": {"uv": [3.5, 3, 4, 4.25], "texture": "#3"},
				"east": {"uv": [4.5, 3, 5, 4.25], "rotation": 180, "texture": "#3"},
				"south": {"uv": [3.5, 2.75, 4, 4], "rotation": 180, "texture": "#3"},
				"west": {"uv": [3.75, 3, 4.25, 4.25], "rotation": 180, "texture": "#3"},
				"up": {"uv": [3.5, 1.75, 4, 2.25], "rotation": 90, "texture": "#3"},
				"down": {"uv": [4, 1.75, 4.5, 2.25], "rotation": 90, "texture": "#3"}
			}
		},
		{
			"from": [8.46671, 6.68329, 6.0501],
			"to": [8.71671, 7.36671, 6.3003],
			"rotation": {"angle": -45, "axis": "z", "origin": [7.89171, 7.025, 6.05]},
			"faces": {
				"north": {"uv": [3.5, 3, 4, 4.25], "texture": "#3"},
				"east": {"uv": [4.5, 3, 5, 4.25], "rotation": 180, "texture": "#3"},
				"south": {"uv": [4, 2.75, 3.5, 4], "rotation": 180, "texture": "#3"},
				"west": {"uv": [3.75, 3, 4.25, 4.25], "rotation": 180, "texture": "#3"},
				"up": {"uv": [3.5, 1.75, 4, 2.25], "rotation": 90, "texture": "#3"},
				"down": {"uv": [4, 1.75, 4.5, 2.25], "rotation": 90, "texture": "#3"}
			}
		},
		{
			"from": [7.55, 6.2, 6.35],
			"to": [8.23343, 6.45, 6.6],
			"rotation": {"angle": 0, "axis": "y", "origin": [7.89171, 7.025, 6.35]},
			"faces": {
				"north": {"uv": [3.5, 3, 4, 4.25], "rotation": 270, "texture": "#3"},
				"east": {"uv": [3.5, 1.75, 4, 2.25], "rotation": 180, "texture": "#3"},
				"south": {"uv": [3.5, 2.75, 4, 4], "rotation": 270, "texture": "#3"},
				"west": {"uv": [4, 1.75, 4.5, 2.25], "rotation": 180, "texture": "#3"},
				"up": {"uv": [3.75, 3, 4.25, 4.25], "rotation": 270, "texture": "#3"},
				"down": {"uv": [4.5, 3, 5, 4.25], "rotation": 270, "texture": "#3"}
			}
		},
		{
			"from": [7.55, 6.2, 6.3501],
			"to": [8.23343, 6.45, 6.6003],
			"rotation": {"angle": -45, "axis": "z", "origin": [7.89171, 7.025, 6.35]},
			"faces": {
				"north": {"uv": [3.5, 3, 4, 4.25], "rotation": 270, "texture": "#3"},
				"east": {"uv": [3.5, 1.75, 4, 2.25], "rotation": 180, "texture": "#3"},
				"south": {"uv": [4, 2.75, 3.5, 4], "rotation": 270, "texture": "#3"},
				"west": {"uv": [4, 1.75, 4.5, 2.25], "rotation": 180, "texture": "#3"},
				"up": {"uv": [3.75, 3, 4.25, 4.25], "rotation": 270, "texture": "#3"},
				"down": {"uv": [4.5, 3, 5, 4.25], "rotation": 270, "texture": "#3"}
			}
		},
		{
			"from": [7.06671, 6.68329, 6.35],
			"to": [7.31671, 7.36671, 6.6],
			"rotation": {"angle": 0, "axis": "y", "origin": [7.89171, 7.025, 6.35]},
			"faces": {
				"north": {"uv": [3.5, 3, 4, 4.25], "rotation": 180, "texture": "#3"},
				"east": {"uv": [3.75, 3, 4.25, 4.25], "texture": "#3"},
				"south": {"uv": [3.5, 2.75, 4, 4], "texture": "#3"},
				"west": {"uv": [5, 3, 5.5, 4.25], "texture": "#3"},
				"up": {"uv": [4, 1.75, 4.5, 2.25], "rotation": 270, "texture": "#3"},
				"down": {"uv": [3.5, 1.75, 4, 2.25], "rotation": 270, "texture": "#3"}
			}
		},
		{
			"from": [7.06671, 6.68329, 6.3501],
			"to": [7.31671, 7.36671, 6.6003],
			"rotation": {"angle": -45, "axis": "z", "origin": [7.89171, 7.025, 6.35]},
			"faces": {
				"north": {"uv": [7, 3.75, 6.5, 2.5], "rotation": 180, "texture": "#3"},
				"east": {"uv": [8.75, 2.5, 9.25, 3.75], "texture": "#3"},
				"south": {"uv": [8.5, 2.5, 8, 3.75], "texture": "#3"},
				"west": {"uv": [8.25, 2.5, 7.75, 3.75], "texture": "#3"},
				"up": {"uv": [4, 1.75, 4.5, 2.25], "rotation": 270, "texture": "#3"},
				"down": {"uv": [3.5, 1.75, 4, 2.25], "rotation": 270, "texture": "#3"}
			}
		},
		{
			"from": [7.55, 7.6, 6.35],
			"to": [8.23343, 7.85, 6.6],
			"rotation": {"angle": 0, "axis": "y", "origin": [7.89171, 7.025, 6.35]},
			"faces": {
				"north": {"uv": [7.5, 2.5, 8, 3.75], "rotation": 90, "texture": "#3"},
				"east": {"uv": [4, 1.75, 4.5, 2.25], "texture": "#3"},
				"south": {"uv": [8.5, 3.75, 8, 2.5], "rotation": 90, "texture": "#3"},
				"west": {"uv": [3.5, 1.75, 4, 2.25], "texture": "#3"},
				"up": {"uv": [8, 1.75, 8.5, 3], "rotation": 90, "texture": "#3"},
				"down": {"uv": [8, 3.75, 8.5, 2.5], "rotation": 90, "texture": "#3"}
			}
		},
		{
			"from": [7.55, 7.6, 6.3501],
			"to": [8.23343, 7.85, 6.6003],
			"rotation": {"angle": -45, "axis": "z", "origin": [7.89171, 7.025, 6.35]},
			"faces": {
				"north": {"uv": [3.5, 3, 4, 4.25], "rotation": 90, "texture": "#3"},
				"east": {"uv": [4, 1.75, 4.5, 2.25], "texture": "#3"},
				"south": {"uv": [4, 2.75, 3.5, 4], "rotation": 90, "texture": "#3"},
				"west": {"uv": [3.5, 1.75, 4, 2.25], "texture": "#3"},
				"up": {"uv": [4.5, 3, 5, 4.25], "rotation": 90, "texture": "#3"},
				"down": {"uv": [3.75, 3, 4.25, 4.25], "rotation": 90, "texture": "#3"}
			}
		},
		{
			"from": [8.46671, 6.68329, 6.35],
			"to": [8.71671, 7.36671, 6.6],
			"rotation": {"angle": 0, "axis": "y", "origin": [7.89171, 7.025, 6.35]},
			"faces": {
				"north": {"uv": [3.5, 3, 4, 4.25], "texture": "#3"},
				"east": {"uv": [4.5, 3, 5, 4.25], "rotation": 180, "texture": "#3"},
				"south": {"uv": [3.5, 2.75, 4, 4], "rotation": 180, "texture": "#3"},
				"west": {"uv": [3.75, 3, 4.25, 4.25], "rotation": 180, "texture": "#3"},
				"up": {"uv": [3.5, 1.75, 4, 2.25], "rotation": 90, "texture": "#3"},
				"down": {"uv": [4, 1.75, 4.5, 2.25], "rotation": 90, "texture": "#3"}
			}
		},
		{
			"from": [8.46671, 6.68329, 6.3501],
			"to": [8.71671, 7.36671, 6.6003],
			"rotation": {"angle": -45, "axis": "z", "origin": [7.89171, 7.025, 6.35]},
			"faces": {
				"north": {"uv": [3.5, 3, 4, 4.25], "texture": "#3"},
				"east": {"uv": [4.5, 3, 5, 4.25], "rotation": 180, "texture": "#3"},
				"south": {"uv": [4, 2.75, 3.5, 4], "rotation": 180, "texture": "#3"},
				"west": {"uv": [3.75, 3, 4.25, 4.25], "rotation": 180, "texture": "#3"},
				"up": {"uv": [3.5, 1.75, 4, 2.25], "rotation": 90, "texture": "#3"},
				"down": {"uv": [4, 1.75, 4.5, 2.25], "rotation": 90, "texture": "#3"}
			}
		},
		{
			"from": [7.55, 6.2, 6.65],
			"to": [8.23343, 6.45, 6.9],
			"rotation": {"angle": 0, "axis": "y", "origin": [7.89171, 7.025, 6.65]},
			"faces": {
				"north": {"uv": [3.5, 3, 4, 4.25], "rotation": 270, "texture": "#3"},
				"east": {"uv": [3.5, 1.75, 4, 2.25], "rotation": 180, "texture": "#3"},
				"south": {"uv": [3.5, 2.75, 4, 4], "rotation": 270, "texture": "#3"},
				"west": {"uv": [4, 1.75, 4.5, 2.25], "rotation": 180, "texture": "#3"},
				"up": {"uv": [3.75, 3, 4.25, 4.25], "rotation": 270, "texture": "#3"},
				"down": {"uv": [4.5, 3, 5, 4.25], "rotation": 270, "texture": "#3"}
			}
		},
		{
			"from": [7.55, 6.2, 6.6501],
			"to": [8.23343, 6.45, 6.9003],
			"rotation": {"angle": -45, "axis": "z", "origin": [7.89171, 7.025, 6.65]},
			"faces": {
				"north": {"uv": [3.5, 3, 4, 4.25], "rotation": 270, "texture": "#3"},
				"east": {"uv": [3.5, 1.75, 4, 2.25], "rotation": 180, "texture": "#3"},
				"south": {"uv": [4, 2.75, 3.5, 4], "rotation": 270, "texture": "#3"},
				"west": {"uv": [4, 1.75, 4.5, 2.25], "rotation": 180, "texture": "#3"},
				"up": {"uv": [3.75, 3, 4.25, 4.25], "rotation": 270, "texture": "#3"},
				"down": {"uv": [4.5, 3, 5, 4.25], "rotation": 270, "texture": "#3"}
			}
		},
		{
			"from": [7.06671, 6.68329, 6.65],
			"to": [7.31671, 7.36671, 6.9],
			"rotation": {"angle": 0, "axis": "y", "origin": [7.89171, 7.025, 6.65]},
			"faces": {
				"north": {"uv": [3.5, 3, 4, 4.25], "rotation": 180, "texture": "#3"},
				"east": {"uv": [3.75, 3, 4.25, 4.25], "texture": "#3"},
				"south": {"uv": [3.5, 2.75, 4, 4], "texture": "#3"},
				"west": {"uv": [4.5, 3, 5, 4.25], "texture": "#3"},
				"up": {"uv": [4, 1.75, 4.5, 2.25], "rotation": 270, "texture": "#3"},
				"down": {"uv": [3.5, 1.75, 4, 2.25], "rotation": 270, "texture": "#3"}
			}
		},
		{
			"from": [7.06671, 6.68329, 6.6501],
			"to": [7.31671, 7.36671, 6.9003],
			"rotation": {"angle": -45, "axis": "z", "origin": [7.89171, 7.025, 6.65]},
			"faces": {
				"north": {"uv": [7, 3.75, 6.5, 2.5], "rotation": 180, "texture": "#3"},
				"east": {"uv": [8.75, 2.5, 9.25, 3.75], "texture": "#3"},
				"south": {"uv": [8.5, 2.5, 8, 3.75], "texture": "#3"},
				"west": {"uv": [8, 2.5, 7.5, 3.75], "texture": "#3"},
				"up": {"uv": [4, 1.75, 4.5, 2.25], "rotation": 270, "texture": "#3"},
				"down": {"uv": [3.5, 1.75, 4, 2.25], "rotation": 270, "texture": "#3"}
			}
		},
		{
			"from": [7.55, 7.6, 6.65],
			"to": [8.23343, 7.85, 6.9],
			"rotation": {"angle": 0, "axis": "y", "origin": [7.89171, 7.025, 6.65]},
			"faces": {
				"north": {"uv": [7.5, 2.5, 8, 3.75], "rotation": 90, "texture": "#3"},
				"east": {"uv": [4, 1.75, 4.5, 2.25], "texture": "#3"},
				"south": {"uv": [8.5, 3.75, 8, 2.5], "rotation": 90, "texture": "#3"},
				"west": {"uv": [3.5, 1.75, 4, 2.25], "texture": "#3"},
				"up": {"uv": [6.5, 1.75, 7, 3], "rotation": 90, "texture": "#3"},
				"down": {"uv": [8, 3.75, 8.5, 2.5], "rotation": 90, "texture": "#3"}
			}
		},
		{
			"from": [7.55, 7.6, 6.6501],
			"to": [8.23343, 7.85, 6.9003],
			"rotation": {"angle": -45, "axis": "z", "origin": [7.89171, 7.025, 6.65]},
			"faces": {
				"north": {"uv": [3.5, 3, 4, 4.25], "rotation": 90, "texture": "#3"},
				"east": {"uv": [4, 1.75, 4.5, 2.25], "texture": "#3"},
				"south": {"uv": [4, 2.75, 3.5, 4], "rotation": 90, "texture": "#3"},
				"west": {"uv": [3.5, 1.75, 4, 2.25], "texture": "#3"},
				"up": {"uv": [4.5, 3, 5, 4.25], "rotation": 90, "texture": "#3"},
				"down": {"uv": [3.75, 3, 4.25, 4.25], "rotation": 90, "texture": "#3"}
			}
		},
		{
			"from": [8.46671, 6.68329, 6.65],
			"to": [8.71671, 7.36671, 6.9],
			"rotation": {"angle": 0, "axis": "y", "origin": [7.89171, 7.025, 6.65]},
			"faces": {
				"north": {"uv": [3.5, 3, 4, 4.25], "texture": "#3"},
				"east": {"uv": [4.5, 3, 5, 4.25], "rotation": 180, "texture": "#3"},
				"south": {"uv": [3.5, 2.75, 4, 4], "rotation": 180, "texture": "#3"},
				"west": {"uv": [3.75, 3, 4.25, 4.25], "rotation": 180, "texture": "#3"},
				"up": {"uv": [3.5, 1.75, 4, 2.25], "rotation": 90, "texture": "#3"},
				"down": {"uv": [4, 1.75, 4.5, 2.25], "rotation": 90, "texture": "#3"}
			}
		},
		{
			"from": [8.46671, 6.68329, 6.6501],
			"to": [8.71671, 7.36671, 6.9003],
			"rotation": {"angle": -45, "axis": "z", "origin": [7.89171, 7.025, 6.65]},
			"faces": {
				"north": {"uv": [3.5, 3, 4, 4.25], "texture": "#3"},
				"east": {"uv": [4.5, 3, 5, 4.25], "rotation": 180, "texture": "#3"},
				"south": {"uv": [4, 2.75, 3.5, 4], "rotation": 180, "texture": "#3"},
				"west": {"uv": [3.75, 3, 4.25, 4.25], "rotation": 180, "texture": "#3"},
				"up": {"uv": [3.5, 1.75, 4, 2.25], "rotation": 90, "texture": "#3"},
				"down": {"uv": [4, 1.75, 4.5, 2.25], "rotation": 90, "texture": "#3"}
			}
		},
		{
			"from": [7.55, 6.2, 6.95],
			"to": [8.23343, 6.45, 7.2],
			"rotation": {"angle": 0, "axis": "y", "origin": [7.89171, 7.025, 6.95]},
			"faces": {
				"north": {"uv": [3.5, 3, 4, 4.25], "rotation": 270, "texture": "#3"},
				"east": {"uv": [3.5, 1.75, 4, 2.25], "rotation": 180, "texture": "#3"},
				"south": {"uv": [3.5, 2.75, 4, 4], "rotation": 270, "texture": "#3"},
				"west": {"uv": [4, 1.75, 4.5, 2.25], "rotation": 180, "texture": "#3"},
				"up": {"uv": [3.75, 3, 4.25, 4.25], "rotation": 270, "texture": "#3"},
				"down": {"uv": [4.5, 3, 5, 4.25], "rotation": 270, "texture": "#3"}
			}
		},
		{
			"from": [7.55, 6.2, 6.9501],
			"to": [8.23343, 6.45, 7.2003],
			"rotation": {"angle": -45, "axis": "z", "origin": [7.89171, 7.025, 6.95]},
			"faces": {
				"north": {"uv": [3.5, 3, 4, 4.25], "rotation": 270, "texture": "#3"},
				"east": {"uv": [3.5, 1.75, 4, 2.25], "rotation": 180, "texture": "#3"},
				"south": {"uv": [4, 2.75, 3.5, 4], "rotation": 270, "texture": "#3"},
				"west": {"uv": [4, 1.75, 4.5, 2.25], "rotation": 180, "texture": "#3"},
				"up": {"uv": [3.75, 3, 4.25, 4.25], "rotation": 270, "texture": "#3"},
				"down": {"uv": [4.5, 3, 5, 4.25], "rotation": 270, "texture": "#3"}
			}
		},
		{
			"from": [7.06671, 6.68329, 6.95],
			"to": [7.31671, 7.36671, 7.2],
			"rotation": {"angle": 0, "axis": "y", "origin": [7.89171, 7.025, 6.95]},
			"faces": {
				"north": {"uv": [3.5, 3, 4, 4.25], "rotation": 180, "texture": "#3"},
				"east": {"uv": [3.75, 3, 4.25, 4.25], "texture": "#3"},
				"south": {"uv": [3.5, 2.75, 4, 4], "texture": "#3"},
				"west": {"uv": [5.5, 3, 6, 4.25], "texture": "#3"},
				"up": {"uv": [4, 1.75, 4.5, 2.25], "rotation": 270, "texture": "#3"},
				"down": {"uv": [3.5, 1.75, 4, 2.25], "rotation": 270, "texture": "#3"}
			}
		},
		{
			"from": [7.06671, 6.68329, 6.9501],
			"to": [7.31671, 7.36671, 7.2003],
			"rotation": {"angle": -45, "axis": "z", "origin": [7.89171, 7.025, 6.95]},
			"faces": {
				"north": {"uv": [7, 3.75, 6.5, 2.5], "rotation": 180, "texture": "#3"},
				"east": {"uv": [8.75, 2.5, 9.25, 3.75], "texture": "#3"},
				"south": {"uv": [8.5, 2.5, 8, 3.75], "texture": "#3"},
				"west": {"uv": [7.25, 2.5, 6.75, 3.75], "texture": "#3"},
				"up": {"uv": [4, 1.75, 4.5, 2.25], "rotation": 270, "texture": "#3"},
				"down": {"uv": [3.5, 1.75, 4, 2.25], "rotation": 270, "texture": "#3"}
			}
		},
		{
			"from": [7.55, 7.6, 6.95],
			"to": [8.23343, 7.85, 7.2],
			"rotation": {"angle": 0, "axis": "y", "origin": [7.89171, 7.025, 6.95]},
			"faces": {
				"north": {"uv": [7.5, 2.5, 8, 3.75], "rotation": 90, "texture": "#3"},
				"east": {"uv": [4, 1.75, 4.5, 2.25], "texture": "#3"},
				"south": {"uv": [8.5, 3.75, 8, 2.5], "rotation": 90, "texture": "#3"},
				"west": {"uv": [3.5, 1.75, 4, 2.25], "texture": "#3"},
				"up": {"uv": [8, 4, 8.5, 2.75], "rotation": 90, "texture": "#3"},
				"down": {"uv": [8, 3.75, 8.5, 2.5], "rotation": 90, "texture": "#3"}
			}
		},
		{
			"from": [7.55, 7.6, 6.9501],
			"to": [8.23343, 7.85, 7.2003],
			"rotation": {"angle": -45, "axis": "z", "origin": [7.89171, 7.025, 6.95]},
			"faces": {
				"north": {"uv": [3.5, 3, 4, 4.25], "rotation": 90, "texture": "#3"},
				"east": {"uv": [4, 1.75, 4.5, 2.25], "texture": "#3"},
				"south": {"uv": [4, 2.75, 3.5, 4], "rotation": 90, "texture": "#3"},
				"west": {"uv": [3.5, 1.75, 4, 2.25], "texture": "#3"},
				"up": {"uv": [4.5, 3, 5, 4.25], "rotation": 90, "texture": "#3"},
				"down": {"uv": [3.75, 3, 4.25, 4.25], "rotation": 90, "texture": "#3"}
			}
		},
		{
			"from": [8.46671, 6.68329, 6.95],
			"to": [8.71671, 7.36671, 7.2],
			"rotation": {"angle": 0, "axis": "y", "origin": [7.89171, 7.025, 6.95]},
			"faces": {
				"north": {"uv": [3.5, 3, 4, 4.25], "texture": "#3"},
				"east": {"uv": [4.5, 3, 5, 4.25], "rotation": 180, "texture": "#3"},
				"south": {"uv": [3.5, 2.75, 4, 4], "rotation": 180, "texture": "#3"},
				"west": {"uv": [3.75, 3, 4.25, 4.25], "rotation": 180, "texture": "#3"},
				"up": {"uv": [3.5, 1.75, 4, 2.25], "rotation": 90, "texture": "#3"},
				"down": {"uv": [4, 1.75, 4.5, 2.25], "rotation": 90, "texture": "#3"}
			}
		},
		{
			"from": [8.46671, 6.68329, 6.9501],
			"to": [8.71671, 7.36671, 7.2003],
			"rotation": {"angle": -45, "axis": "z", "origin": [7.89171, 7.025, 6.95]},
			"faces": {
				"north": {"uv": [3.5, 3, 4, 4.25], "texture": "#3"},
				"east": {"uv": [4.5, 3, 5, 4.25], "rotation": 180, "texture": "#3"},
				"south": {"uv": [4, 2.75, 3.5, 4], "rotation": 180, "texture": "#3"},
				"west": {"uv": [3.75, 3, 4.25, 4.25], "rotation": 180, "texture": "#3"},
				"up": {"uv": [3.5, 1.75, 4, 2.25], "rotation": 90, "texture": "#3"},
				"down": {"uv": [4, 1.75, 4.5, 2.25], "rotation": 90, "texture": "#3"}
			}
		},
		{
			"from": [7.55, 6.2, 7.25],
			"to": [8.23343, 6.45, 7.5],
			"rotation": {"angle": 0, "axis": "y", "origin": [7.89171, 7.025, 7.25]},
			"faces": {
				"north": {"uv": [3.5, 3, 4, 4.25], "rotation": 270, "texture": "#3"},
				"east": {"uv": [3.5, 1.75, 4, 2.25], "rotation": 180, "texture": "#3"},
				"south": {"uv": [3.5, 2.75, 4, 4], "rotation": 270, "texture": "#3"},
				"west": {"uv": [4, 1.75, 4.5, 2.25], "rotation": 180, "texture": "#3"},
				"up": {"uv": [3.75, 3, 4.25, 4.25], "rotation": 270, "texture": "#3"},
				"down": {"uv": [4.5, 3, 5, 4.25], "rotation": 270, "texture": "#3"}
			}
		},
		{
			"from": [7.55, 6.2, 7.2501],
			"to": [8.23343, 6.45, 7.5003],
			"rotation": {"angle": -45, "axis": "z", "origin": [7.89171, 7.025, 7.25]},
			"faces": {
				"north": {"uv": [3.5, 3, 4, 4.25], "rotation": 270, "texture": "#3"},
				"east": {"uv": [3.5, 1.75, 4, 2.25], "rotation": 180, "texture": "#3"},
				"south": {"uv": [4, 2.75, 3.5, 4], "rotation": 270, "texture": "#3"},
				"west": {"uv": [4, 1.75, 4.5, 2.25], "rotation": 180, "texture": "#3"},
				"up": {"uv": [3.75, 3, 4.25, 4.25], "rotation": 270, "texture": "#3"},
				"down": {"uv": [4.5, 3, 5, 4.25], "rotation": 270, "texture": "#3"}
			}
		},
		{
			"from": [7.06671, 6.68329, 7.25],
			"to": [7.31671, 7.36671, 7.5],
			"rotation": {"angle": 0, "axis": "y", "origin": [7.89171, 7.025, 7.25]},
			"faces": {
				"north": {"uv": [3.5, 3, 4, 4.25], "rotation": 180, "texture": "#3"},
				"east": {"uv": [3.75, 3, 4.25, 4.25], "texture": "#3"},
				"south": {"uv": [3.5, 2.75, 4, 4], "texture": "#3"},
				"west": {"uv": [4.5, 3, 5, 4.25], "texture": "#3"},
				"up": {"uv": [4, 1.75, 4.5, 2.25], "rotation": 270, "texture": "#3"},
				"down": {"uv": [3.5, 1.75, 4, 2.25], "rotation": 270, "texture": "#3"}
			}
		},
		{
			"from": [7.06671, 6.68329, 7.2501],
			"to": [7.31671, 7.36671, 7.5003],
			"rotation": {"angle": -45, "axis": "z", "origin": [7.89171, 7.025, 7.25]},
			"faces": {
				"north": {"uv": [7, 3.75, 6.5, 2.5], "rotation": 180, "texture": "#3"},
				"east": {"uv": [8.75, 2.5, 9.25, 3.75], "texture": "#3"},
				"south": {"uv": [8.5, 2.5, 8, 3.75], "texture": "#3"},
				"west": {"uv": [8.25, 2.5, 7.75, 3.75], "texture": "#3"},
				"up": {"uv": [4, 1.75, 4.5, 2.25], "rotation": 270, "texture": "#3"},
				"down": {"uv": [3.5, 1.75, 4, 2.25], "rotation": 270, "texture": "#3"}
			}
		},
		{
			"from": [7.55, 7.6, 7.25],
			"to": [8.23343, 7.85, 7.5],
			"rotation": {"angle": 0, "axis": "y", "origin": [7.89171, 7.025, 7.25]},
			"faces": {
				"north": {"uv": [7.5, 2.5, 8, 3.75], "rotation": 90, "texture": "#3"},
				"east": {"uv": [4, 1.75, 4.5, 2.25], "texture": "#3"},
				"south": {"uv": [8.5, 3.75, 8, 2.5], "rotation": 90, "texture": "#3"},
				"west": {"uv": [3.5, 1.75, 4, 2.25], "texture": "#3"},
				"up": {"uv": [6.5, 1.75, 7, 3], "rotation": 90, "texture": "#3"},
				"down": {"uv": [8, 3.75, 8.5, 2.5], "rotation": 90, "texture": "#3"}
			}
		},
		{
			"from": [7.55, 7.6, 7.2501],
			"to": [8.23343, 7.85, 7.5003],
			"rotation": {"angle": -45, "axis": "z", "origin": [7.89171, 7.025, 7.25]},
			"faces": {
				"north": {"uv": [3.5, 3, 4, 4.25], "rotation": 90, "texture": "#3"},
				"east": {"uv": [4, 1.75, 4.5, 2.25], "texture": "#3"},
				"south": {"uv": [4, 2.75, 3.5, 4], "rotation": 90, "texture": "#3"},
				"west": {"uv": [3.5, 1.75, 4, 2.25], "texture": "#3"},
				"up": {"uv": [4.5, 3, 5, 4.25], "rotation": 90, "texture": "#3"},
				"down": {"uv": [3.75, 3, 4.25, 4.25], "rotation": 90, "texture": "#3"}
			}
		},
		{
			"from": [8.46671, 6.68329, 7.25],
			"to": [8.71671, 7.36671, 7.5],
			"rotation": {"angle": 0, "axis": "y", "origin": [7.89171, 7.025, 7.25]},
			"faces": {
				"north": {"uv": [3.5, 3, 4, 4.25], "texture": "#3"},
				"east": {"uv": [4.5, 3, 5, 4.25], "rotation": 180, "texture": "#3"},
				"south": {"uv": [3.5, 2.75, 4, 4], "rotation": 180, "texture": "#3"},
				"west": {"uv": [3.75, 3, 4.25, 4.25], "rotation": 180, "texture": "#3"},
				"up": {"uv": [3.5, 1.75, 4, 2.25], "rotation": 90, "texture": "#3"},
				"down": {"uv": [4, 1.75, 4.5, 2.25], "rotation": 90, "texture": "#3"}
			}
		},
		{
			"from": [8.46671, 6.68329, 7.2501],
			"to": [8.71671, 7.36671, 7.5003],
			"rotation": {"angle": -45, "axis": "z", "origin": [7.89171, 7.025, 7.25]},
			"faces": {
				"north": {"uv": [3.5, 3, 4, 4.25], "texture": "#3"},
				"east": {"uv": [4.5, 3, 5, 4.25], "rotation": 180, "texture": "#3"},
				"south": {"uv": [4, 2.75, 3.5, 4], "rotation": 180, "texture": "#3"},
				"west": {"uv": [3.75, 3, 4.25, 4.25], "rotation": 180, "texture": "#3"},
				"up": {"uv": [3.5, 1.75, 4, 2.25], "rotation": 90, "texture": "#3"},
				"down": {"uv": [4, 1.75, 4.5, 2.25], "rotation": 90, "texture": "#3"}
			}
		},
		{
			"from": [7.55, 6.2, 7.55],
			"to": [8.23343, 6.45, 7.8],
			"rotation": {"angle": 0, "axis": "y", "origin": [7.89171, 7.025, 7.55]},
			"faces": {
				"north": {"uv": [3.5, 3, 4, 4.25], "rotation": 270, "texture": "#3"},
				"east": {"uv": [3.5, 1.75, 4, 2.25], "rotation": 180, "texture": "#3"},
				"south": {"uv": [3.5, 2.75, 4, 4], "rotation": 270, "texture": "#3"},
				"west": {"uv": [4, 1.75, 4.5, 2.25], "rotation": 180, "texture": "#3"},
				"up": {"uv": [3.75, 3, 4.25, 4.25], "rotation": 270, "texture": "#3"},
				"down": {"uv": [4.5, 3, 5, 4.25], "rotation": 270, "texture": "#3"}
			}
		},
		{
			"from": [7.55, 6.2, 7.5501],
			"to": [8.23343, 6.45, 7.8003],
			"rotation": {"angle": -45, "axis": "z", "origin": [7.89171, 7.025, 7.55]},
			"faces": {
				"north": {"uv": [3.5, 3, 4, 4.25], "rotation": 270, "texture": "#3"},
				"east": {"uv": [3.5, 1.75, 4, 2.25], "rotation": 180, "texture": "#3"},
				"south": {"uv": [4, 2.75, 3.5, 4], "rotation": 270, "texture": "#3"},
				"west": {"uv": [4, 1.75, 4.5, 2.25], "rotation": 180, "texture": "#3"},
				"up": {"uv": [3.75, 3, 4.25, 4.25], "rotation": 270, "texture": "#3"},
				"down": {"uv": [4.5, 3, 5, 4.25], "rotation": 270, "texture": "#3"}
			}
		},
		{
			"from": [7.06671, 6.68329, 7.55],
			"to": [7.31671, 7.36671, 7.8],
			"rotation": {"angle": 0, "axis": "y", "origin": [7.89171, 7.025, 7.55]},
			"faces": {
				"north": {"uv": [3.5, 3, 4, 4.25], "rotation": 180, "texture": "#3"},
				"east": {"uv": [3.75, 3, 4.25, 4.25], "texture": "#3"},
				"south": {"uv": [3.5, 2.75, 4, 4], "texture": "#3"},
				"west": {"uv": [4.75, 3, 5.25, 4.25], "texture": "#3"},
				"up": {"uv": [4, 1.75, 4.5, 2.25], "rotation": 270, "texture": "#3"},
				"down": {"uv": [3.5, 1.75, 4, 2.25], "rotation": 270, "texture": "#3"}
			}
		},
		{
			"from": [7.06671, 6.68329, 7.5501],
			"to": [7.31671, 7.36671, 7.8003],
			"rotation": {"angle": -45, "axis": "z", "origin": [7.89171, 7.025, 7.55]},
			"faces": {
				"north": {"uv": [7, 3.75, 6.5, 2.5], "rotation": 180, "texture": "#3"},
				"east": {"uv": [8.75, 2.5, 9.25, 3.75], "texture": "#3"},
				"south": {"uv": [8.5, 2.5, 8, 3.75], "texture": "#3"},
				"west": {"uv": [9.25, 2.5, 8.75, 3.75], "texture": "#3"},
				"up": {"uv": [4, 1.75, 4.5, 2.25], "rotation": 270, "texture": "#3"},
				"down": {"uv": [3.5, 1.75, 4, 2.25], "rotation": 270, "texture": "#3"}
			}
		},
		{
			"from": [7.55, 7.6, 7.55],
			"to": [8.23343, 7.85, 7.8],
			"rotation": {"angle": 0, "axis": "y", "origin": [7.89171, 7.025, 7.55]},
			"faces": {
				"north": {"uv": [7.5, 2.5, 8, 3.75], "rotation": 90, "texture": "#3"},
				"east": {"uv": [4, 1.75, 4.5, 2.25], "texture": "#3"},
				"south": {"uv": [8.5, 3.75, 8, 2.5], "rotation": 90, "texture": "#3"},
				"west": {"uv": [3.5, 1.75, 4, 2.25], "texture": "#3"},
				"up": {"uv": [7.75, 1.75, 8.25, 3], "rotation": 90, "texture": "#3"},
				"down": {"uv": [8, 3.75, 8.5, 2.5], "rotation": 90, "texture": "#3"}
			}
		},
		{
			"from": [7.84171, 6.9, 9.00829],
			"to": [8.09171, 7.15, 9.69172],
			"rotation": {"angle": 0, "axis": "y", "origin": [8.09171, 6.325, 9.35]},
			"faces": {
				"north": {"uv": [3.5, 1.75, 4, 2.25], "texture": "#3"},
				"east": {"uv": [7.5, 2.5, 8, 3.75], "rotation": 90, "texture": "#3"},
				"south": {"uv": [4, 1.75, 4.5, 2.25], "texture": "#3"},
				"west": {"uv": [8.5, 3.75, 8, 2.5], "rotation": 90, "texture": "#3"},
				"up": {"uv": [7.75, 1.75, 8.25, 3], "rotation": 180, "texture": "#3"},
				"down": {"uv": [8, 3.75, 8.5, 2.5], "texture": "#3"}
			}
		},
		{
			"from": [7.55, 7.6, 7.5501],
			"to": [8.23343, 7.85, 7.8003],
			"rotation": {"angle": -45, "axis": "z", "origin": [7.89171, 7.025, 7.55]},
			"faces": {
				"north": {"uv": [3.5, 3, 4, 4.25], "rotation": 90, "texture": "#3"},
				"east": {"uv": [4, 1.75, 4.5, 2.25], "texture": "#3"},
				"south": {"uv": [4, 2.75, 3.5, 4], "rotation": 90, "texture": "#3"},
				"west": {"uv": [3.5, 1.75, 4, 2.25], "texture": "#3"},
				"up": {"uv": [4.5, 3, 5, 4.25], "rotation": 90, "texture": "#3"},
				"down": {"uv": [3.75, 3, 4.25, 4.25], "rotation": 90, "texture": "#3"}
			}
		},
		{
			"from": [8.46671, 6.68329, 7.55],
			"to": [8.71671, 7.36671, 7.8],
			"rotation": {"angle": 0, "axis": "y", "origin": [7.89171, 7.025, 7.55]},
			"faces": {
				"north": {"uv": [3.5, 3, 4, 4.25], "texture": "#3"},
				"east": {"uv": [4.5, 3, 5, 4.25], "rotation": 180, "texture": "#3"},
				"south": {"uv": [3.5, 2.75, 4, 4], "rotation": 180, "texture": "#3"},
				"west": {"uv": [3.75, 3, 4.25, 4.25], "rotation": 180, "texture": "#3"},
				"up": {"uv": [3.5, 1.75, 4, 2.25], "rotation": 90, "texture": "#3"},
				"down": {"uv": [4, 1.75, 4.5, 2.25], "rotation": 90, "texture": "#3"}
			}
		},
		{
			"from": [8.46671, 6.68329, 7.5501],
			"to": [8.71671, 7.36671, 7.8003],
			"rotation": {"angle": -45, "axis": "z", "origin": [7.89171, 7.025, 7.55]},
			"faces": {
				"north": {"uv": [3.5, 3, 4, 4.25], "texture": "#3"},
				"east": {"uv": [4.5, 3, 5, 4.25], "rotation": 180, "texture": "#3"},
				"south": {"uv": [4, 2.75, 3.5, 4], "rotation": 180, "texture": "#3"},
				"west": {"uv": [3.75, 3, 4.25, 4.25], "rotation": 180, "texture": "#3"},
				"up": {"uv": [3.5, 1.75, 4, 2.25], "rotation": 90, "texture": "#3"},
				"down": {"uv": [4, 1.75, 4.5, 2.25], "rotation": 90, "texture": "#3"}
			}
		},
		{
			"from": [7.06671, 7.68329, 10.05],
			"to": [7.21671, 8.36671, 10.2],
			"rotation": {"angle": 0, "axis": "y", "origin": [7.89171, 8.025, 10.05]},
			"faces": {
				"north": {"uv": [3.5, 3, 4, 4.25], "rotation": 180, "texture": "#3"},
				"east": {"uv": [3.75, 3, 4.25, 4.25], "texture": "#3"},
				"south": {"uv": [3.5, 2.75, 4, 4], "texture": "#3"},
				"west": {"uv": [4.75, 3, 5.25, 4.25], "texture": "#3"},
				"up": {"uv": [4, 1.75, 4.5, 2.25], "rotation": 270, "texture": "#3"},
				"down": {"uv": [3.5, 1.75, 4, 2.25], "rotation": 270, "texture": "#3"}
			}
		},
		{
			"from": [7.06671, 7.68329, 10.0501],
			"to": [7.21671, 8.36671, 10.2003],
			"rotation": {"angle": -45, "axis": "z", "origin": [7.89171, 8.025, 10.05]},
			"faces": {
				"north": {"uv": [7, 3.75, 6.5, 2.5], "rotation": 180, "texture": "#3"},
				"east": {"uv": [8.75, 2.5, 9.25, 3.75], "texture": "#3"},
				"south": {"uv": [8.5, 2.5, 8, 3.75], "texture": "#3"},
				"west": {"uv": [9.25, 2.5, 8.75, 3.75], "texture": "#3"},
				"up": {"uv": [4, 1.75, 4.5, 2.25], "rotation": 270, "texture": "#3"},
				"down": {"uv": [3.5, 1.75, 4, 2.25], "rotation": 270, "texture": "#3"}
			}
		},
		{
			"from": [7.06671, 7.68329, 9.65],
			"to": [7.21671, 8.36671, 9.8],
			"rotation": {"angle": 0, "axis": "y", "origin": [7.89171, 8.025, 9.65]},
			"faces": {
				"north": {"uv": [3.5, 3, 4, 4.25], "rotation": 180, "texture": "#3"},
				"east": {"uv": [3.75, 3, 4.25, 4.25], "texture": "#3"},
				"south": {"uv": [3.5, 2.75, 4, 4], "texture": "#3"},
				"west": {"uv": [4.75, 3, 5.25, 4.25], "texture": "#3"},
				"up": {"uv": [4, 1.75, 4.5, 2.25], "rotation": 270, "texture": "#3"},
				"down": {"uv": [3.5, 1.75, 4, 2.25], "rotation": 270, "texture": "#3"}
			}
		},
		{
			"from": [7.86671, 7.23329, 8.45],
			"to": [8.01671, 8.11671, 8.6],
			"rotation": {"angle": 0, "axis": "y", "origin": [8.69171, 7.775, 8.45]},
			"faces": {
				"north": {"uv": [3.5, 3, 4, 4.25], "rotation": 180, "texture": "#3"},
				"east": {"uv": [3.75, 3, 4.25, 4.25], "texture": "#3"},
				"south": {"uv": [3.5, 2.75, 4, 4], "texture": "#3"},
				"west": {"uv": [4.75, 3, 5.25, 4.25], "texture": "#3"},
				"up": {"uv": [4, 1.75, 4.5, 2.25], "rotation": 270, "texture": "#3"},
				"down": {"uv": [3.5, 1.75, 4, 2.25], "rotation": 270, "texture": "#3"}
			}
		},
		{
			"from": [7.86671, 7.23329, 8.75],
			"to": [8.01671, 8.11671, 8.9],
			"rotation": {"angle": 0, "axis": "y", "origin": [8.69171, 7.775, 8.75]},
			"faces": {
				"north": {"uv": [3.5, 3, 4, 4.25], "rotation": 180, "texture": "#3"},
				"east": {"uv": [3.75, 3, 4.25, 4.25], "texture": "#3"},
				"south": {"uv": [3.5, 2.75, 4, 4], "texture": "#3"},
				"west": {"uv": [4.75, 3, 5.25, 4.25], "texture": "#3"},
				"up": {"uv": [4, 1.75, 4.5, 2.25], "rotation": 270, "texture": "#3"},
				"down": {"uv": [3.5, 1.75, 4, 2.25], "rotation": 270, "texture": "#3"}
			}
		},
		{
			"from": [7.06671, 7.68329, 9.6501],
			"to": [7.21671, 8.36671, 9.8003],
			"rotation": {"angle": -45, "axis": "z", "origin": [7.89171, 8.025, 9.65]},
			"faces": {
				"north": {"uv": [7, 3.75, 6.5, 2.5], "rotation": 180, "texture": "#3"},
				"east": {"uv": [8.75, 2.5, 9.25, 3.75], "texture": "#3"},
				"south": {"uv": [8.5, 2.5, 8, 3.75], "texture": "#3"},
				"west": {"uv": [9.25, 2.5, 8.75, 3.75], "texture": "#3"},
				"up": {"uv": [4, 1.75, 4.5, 2.25], "rotation": 270, "texture": "#3"},
				"down": {"uv": [3.5, 1.75, 4, 2.25], "rotation": 270, "texture": "#3"}
			}
		},
		{
			"from": [7.06671, 7.68329, 10.75],
			"to": [7.21671, 8.36671, 10.9],
			"rotation": {"angle": 0, "axis": "y", "origin": [7.89171, 8.025, 10.75]},
			"faces": {
				"north": {"uv": [5.75, 8, 6.25, 9.25], "rotation": 180, "texture": "#3"},
				"east": {"uv": [6, 8, 6.5, 9.25], "texture": "#3"},
				"south": {"uv": [5.75, 7.75, 6.25, 9], "texture": "#3"},
				"west": {"uv": [7, 8, 7.5, 9.25], "texture": "#3"},
				"up": {"uv": [6.25, 8.75, 6.75, 9.25], "rotation": 270, "texture": "#3"},
				"down": {"uv": [5.75, 8.75, 6.25, 9.25], "rotation": 270, "texture": "#3"}
			}
		},
		{
			"from": [7.06671, 7.68329, 10.7501],
			"to": [7.21671, 8.36671, 10.9003],
			"rotation": {"angle": -45, "axis": "z", "origin": [7.89171, 8.025, 10.75]},
			"faces": {
				"north": {"uv": [6.5, 9.25, 6, 8], "rotation": 180, "texture": "#3"},
				"east": {"uv": [8.25, 8, 8.75, 9.25], "texture": "#3"},
				"south": {"uv": [8, 8, 7.5, 9.25], "texture": "#3"},
				"west": {"uv": [8.75, 8, 8.25, 9.25], "texture": "#3"},
				"up": {"uv": [6.25, 7.75, 6.75, 8.25], "rotation": 270, "texture": "#3"},
				"down": {"uv": [5.75, 7.75, 6.25, 8.25], "rotation": 270, "texture": "#3"}
			}
		},
		{
			"from": [7.06671, 7.68329, 9.85],
			"to": [7.21671, 8.36671, 10],
			"rotation": {"angle": 0, "axis": "y", "origin": [7.89171, 8.025, 9.85]},
			"faces": {
				"north": {"uv": [9.75, 7, 9.25, 5.75], "rotation": 180, "texture": "#3"},
				"east": {"uv": [3.75, 3, 4.25, 4.25], "texture": "#3"},
				"south": {"uv": [9.25, 5.75, 9.75, 7], "texture": "#3"},
				"west": {"uv": [10.5, 5.75, 11, 7], "texture": "#3"},
				"up": {"uv": [4, 1.75, 4.5, 2.25], "rotation": 270, "texture": "#3"},
				"down": {"uv": [3.5, 1.75, 4, 2.25], "rotation": 270, "texture": "#3"}
			}
		},
		{
			"from": [7.06671, 7.68329, 10.5501],
			"to": [7.21671, 8.36671, 10.7003],
			"rotation": {"angle": -45, "axis": "z", "origin": [7.89171, 8.025, 10.55]},
			"faces": {
				"north": {"uv": [3, 15.25, 4.75, 14.75], "rotation": 90, "texture": "#3"},
				"east": {"uv": [3.25, 15, 4.5, 15.5], "rotation": 90, "texture": "#3"},
				"south": {"uv": [2.5, 15.5, 4.25, 15], "rotation": 90, "texture": "#3"},
				"west": {"uv": [2.5, 15.5, 4.25, 15], "rotation": 90, "texture": "#3"},
				"up": {"uv": [1.25, 15, 1.75, 15.5], "rotation": 270, "texture": "#3"},
				"down": {"uv": [0.75, 15, 1.25, 15.5], "rotation": 270, "texture": "#3"}
			}
		},
		{
			"from": [7.06671, 7.68329, 10.55],
			"to": [7.21671, 8.36671, 10.7],
			"rotation": {"angle": 0, "axis": "y", "origin": [7.89171, 8.025, 10.55]},
			"faces": {
				"north": {"uv": [6.5, 15.75, 4.5, 15.25], "rotation": 90, "texture": "#3"},
				"east": {"uv": [5.25, 15.25, 6.5, 15.75], "rotation": 90, "texture": "#3"},
				"south": {"uv": [6.5, 15.25, 4.75, 15.75], "rotation": 90, "texture": "#3"},
				"west": {"uv": [6.25, 15.25, 8.25, 15.75], "rotation": 90, "texture": "#3"},
				"up": {"uv": [4.75, 15, 5.25, 15.5], "rotation": 90, "texture": "#3"},
				"down": {"uv": [4.25, 15, 4.75, 15.5], "rotation": 90, "texture": "#3"}
			}
		},
		{
			"from": [7.66671, 6.875, 8.50829],
			"to": [8.31671, 6.925, 9.39171],
			"rotation": {"angle": 0, "axis": "x", "origin": [8.79171, 7.025, 9.05]},
			"faces": {
				"north": {"uv": [4.25, 15, 4.75, 15.5], "rotation": 270, "texture": "#3"},
				"east": {"uv": [5.25, 15.25, 6.5, 15.75], "texture": "#3"},
				"south": {"uv": [4.75, 15, 5.25, 15.5], "rotation": 90, "texture": "#3"},
				"west": {"uv": [6.25, 15.25, 8.25, 15.75], "rotation": 180, "texture": "#3"},
				"up": {"uv": [6.5, 15.75, 4.5, 15.25], "rotation": 270, "texture": "#3"},
				"down": {"uv": [6.5, 15.25, 4.75, 15.75], "rotation": 90, "texture": "#3"}
			}
		},
		{
			"from": [7.06671, 7.68329, 9.8501],
			"to": [7.21671, 8.36671, 10.0003],
			"rotation": {"angle": -45, "axis": "z", "origin": [7.89171, 8.025, 9.85]},
			"faces": {
				"north": {"uv": [11.25, 6, 10.75, 4.75], "rotation": 180, "texture": "#3"},
				"east": {"uv": [8.75, 2.5, 9.25, 3.75], "texture": "#3"},
				"south": {"uv": [8.5, 2.5, 8, 3.75], "texture": "#3"},
				"west": {"uv": [11, 4.75, 10.5, 6], "texture": "#3"},
				"up": {"uv": [4, 1.75, 4.5, 2.25], "rotation": 270, "texture": "#3"},
				"down": {"uv": [3.5, 1.75, 4, 2.25], "rotation": 270, "texture": "#3"}
			}
		},
		{
			"from": [7.75074, 7.92426, 8.35],
			"to": [7.99926, 8.12426, 9.05],
			"rotation": {"angle": 0, "axis": "y", "origin": [7.875, 8.32426, 7.55]},
			"faces": {
				"north": {"uv": [0.75, 0.75, 1.25, 1], "rotation": 270, "texture": "#3"},
				"east": {"uv": [2.5, 0.75, 3.25, 1], "rotation": 180, "texture": "#3"},
				"south": {"uv": [2.75, 1, 3.25, 1.25], "rotation": 90, "texture": "#3"},
				"west": {"uv": [4, 1.25, 4.75, 1.5], "rotation": 180, "texture": "#3"},
				"up": {"uv": [1.75, 0, 4.5, 0.25], "rotation": 90, "texture": "#3"},
				"down": {"uv": [0, 0, 2.75, 0.25], "rotation": 90, "texture": "#3"}
			}
		},
		{
			"from": [7.75074, 7.92426, 9.75],
			"to": [7.99926, 8.12426, 10.45],
			"rotation": {"angle": 0, "axis": "y", "origin": [7.875, 8.32426, 8.95]},
			"faces": {
				"north": {"uv": [0.75, 0.75, 1.25, 1], "rotation": 270, "texture": "#3"},
				"east": {"uv": [2.5, 0.75, 3.25, 1], "rotation": 180, "texture": "#3"},
				"south": {"uv": [2.75, 1, 3.25, 1.25], "rotation": 90, "texture": "#3"},
				"west": {"uv": [4, 1.25, 4.75, 1.5], "rotation": 180, "texture": "#3"},
				"up": {"uv": [1.75, 0, 4.5, 0.25], "rotation": 90, "texture": "#3"},
				"down": {"uv": [0, 0, 2.75, 0.25], "rotation": 90, "texture": "#3"}
			}
		},
		{
			"from": [7.6, 3.675, 10.225],
			"to": [8.24792, 6.425, 10.825],
			"rotation": {"angle": -22.5, "axis": "x", "origin": [7.92396, 4.8, 10.525]},
			"faces": {
				"north": {"uv": [4, 0.5, 6, 1], "rotation": 90, "texture": "#3"},
				"east": {"uv": [1.75, 0, 3.75, 0.5], "rotation": 90, "texture": "#3"},
				"south": {"uv": [2, 1, 4, 1.5], "rotation": 270, "texture": "#3"},
				"west": {"uv": [0, 0, 2, 0.5], "rotation": 270, "texture": "#3"},
				"up": {"uv": [0.75, 0.75, 1.25, 1.25], "texture": "#3"},
				"down": {"uv": [2.75, 0.75, 3.25, 1.25], "rotation": 180, "texture": "#3"}
			}
		},
		{
			"from": [7.62396, 4.075, 5.80104],
			"to": [8.22396, 5.825, 6.44896],
			"rotation": {"angle": 45, "axis": "y", "origin": [7.92396, 4.7, 6.125]},
			"faces": {
				"north": {"uv": [1.75, 0, 3.75, 0.5], "rotation": 90, "texture": "#3"},
				"east": {"uv": [2, 1, 4, 1.5], "rotation": 270, "texture": "#3"},
				"south": {"uv": [0, 0, 2, 0.5], "rotation": 270, "texture": "#3"},
				"west": {"uv": [4, 0.5, 6, 1], "rotation": 90, "texture": "#3"},
				"up": {"uv": [0.75, 0.75, 1.25, 1.25], "rotation": 270, "texture": "#3"},
				"down": {"uv": [2.75, 0.75, 3.25, 1.25], "rotation": 270, "texture": "#3"}
			}
		},
		{
			"from": [7.45, 5.7, 5.25],
			"to": [8.39792, 6, 8.25],
			"rotation": {"angle": 0, "axis": "x", "origin": [7.92396, 6, 7.125]},
			"faces": {
				"north": {"uv": [0.75, 0.75, 1.25, 1], "rotation": 180, "texture": "#3"},
				"east": {"uv": [1.75, 0, 4.5, 0.25], "rotation": 180, "texture": "#3"},
				"south": {"uv": [2.75, 1, 3.25, 1.25], "rotation": 180, "texture": "#3"},
				"west": {"uv": [0, 0, 2.75, 0.25], "rotation": 180, "texture": "#3"},
				"up": {"uv": [2, 1, 4.75, 1.5], "rotation": 270, "texture": "#3"},
				"down": {"uv": [2.5, 0.5, 5.25, 1], "rotation": 270, "texture": "#3"}
			}
		},
		{
			"from": [7.55, 7.7, 7.95],
			"to": [8.19792, 8, 10.95],
			"rotation": {"angle": 0, "axis": "y", "origin": [7.92396, 8, 9.825]},
			"faces": {
				"north": {"uv": [0.75, 0.75, 1.25, 1], "rotation": 180, "texture": "#3"},
				"east": {"uv": [1.75, 0, 4.5, 0.25], "rotation": 180, "texture": "#3"},
				"south": {"uv": [2.75, 1, 3.25, 1.25], "rotation": 180, "texture": "#3"},
				"west": {"uv": [0, 0, 2.75, 0.25], "rotation": 180, "texture": "#3"},
				"up": {"uv": [2, 1, 4.75, 1.5], "rotation": 270, "texture": "#3"},
				"down": {"uv": [2.5, 0.5, 5.25, 1], "rotation": 270, "texture": "#3"}
			}
		},
		{
			"from": [7.45, 5.7, 8.21],
			"to": [8.39792, 6, 10.31],
			"rotation": {"angle": 0, "axis": "x", "origin": [7.92396, 6, 11.125]},
			"faces": {
				"north": {"uv": [0.75, 0.75, 1.25, 1], "rotation": 180, "texture": "#3"},
				"east": {"uv": [1.75, 0, 4.5, 0.25], "rotation": 180, "texture": "#3"},
				"south": {"uv": [2.75, 1, 3.25, 1.25], "rotation": 180, "texture": "#3"},
				"west": {"uv": [0, 0, 2.75, 0.25], "rotation": 180, "texture": "#3"},
				"up": {"uv": [2, 1, 4, 1.5], "rotation": 270, "texture": "#3"},
				"down": {"uv": [3.25, 0.75, 4.5, 1], "rotation": 270, "texture": "#3"}
			}
		},
		{
			"from": [7.72396, 5.12604, 9.65],
			"to": [7.97396, 5.67396, 10.2],
			"rotation": {"angle": 0, "axis": "y", "origin": [9.72396, 5.3, 7.9]},
			"faces": {
				"north": {"uv": [7.75, 0, 7.25, 0.25], "rotation": 90, "texture": "#3"},
				"east": {"uv": [1.5, 1.75, 2, 2.25], "texture": "#3"},
				"south": {"uv": [3.75, 8.75, 4.25, 9], "rotation": 270, "texture": "#3"},
				"west": {"uv": [1.75, 1.75, 2.25, 2.25], "texture": "#3"},
				"up": {"uv": [0.75, 7.75, 2.5, 8], "rotation": 270, "texture": "#3"},
				"down": {"uv": [3.5, 5.75, 5.25, 6], "rotation": 270, "texture": "#3"}
			}
		},
		{
			"from": [7.025, 5.625, 11.65],
			"to": [8.87292, 5.875, 13.6],
			"rotation": {"angle": 0, "axis": "z", "origin": [7.94896, 8, 10.4]},
			"faces": {
				"north": {"uv": [0, 8, 1.25, 8.25], "rotation": 180, "texture": "#3"},
				"east": {"uv": [0, 8.75, 1.75, 9], "rotation": 180, "texture": "#3"},
				"south": {"uv": [7, 0.25, 8.1875, 0.48077], "rotation": 180, "texture": "#3"},
				"west": {"uv": [0, 10.75, 1.5, 11], "rotation": 180, "texture": "#3"},
				"up": {"uv": [0, 9.25, 1.5, 10.75], "rotation": 270, "texture": "#3"},
				"down": {"uv": [1.5, 9.25, 0, 10.75], "rotation": 270, "texture": "#3"}
			}
		},
		{
			"from": [6.975, 6.1787, 8],
			"to": [8.825, 6.5713, 11],
			"rotation": {"angle": 0, "axis": "z", "origin": [7.9213, 7, 10.5]},
			"faces": {
				"north": {"uv": [2.5, 4.5, 4.25, 5.5], "texture": "#3"},
				"east": {"uv": [0, 2.5, 2.25, 3], "texture": "#3"},
				"south": {"uv": [3.75, 7, 4.9375, 9.23077], "rotation": 270, "texture": "#3"},
				"west": {"uv": [0, 2.5, 2.5, 3], "texture": "#3"},
				"up": {"uv": [2.5, 4.25, 5, 5.5], "rotation": 270, "texture": "#3"},
				"down": {"uv": [1.25, 7, 4.75, 9], "rotation": 270, "texture": "#3"}
			}
		},
		{
			"from": [6.975, 6.5787, 9.6],
			"to": [8.825, 7.7713, 11],
			"rotation": {"angle": 0, "axis": "y", "origin": [7.9213, 7, 10.5]},
			"faces": {
				"north": {"uv": [2.5, 4.5, 4.25, 5.75], "texture": "#3"},
				"east": {"uv": [2, 2.25, 3.25, 3.25], "texture": "#3"},
				"south": {"uv": [3.75, 7, 4.9375, 9.23077], "rotation": 270, "texture": "#3"},
				"west": {"uv": [0, 2.5, 1.5, 3.75], "texture": "#3"},
				"up": {"uv": [3.5, 4.25, 5, 6.5], "rotation": 270, "texture": "#3"},
				"down": {"uv": [1.25, 7, 4.75, 9], "rotation": 270, "texture": "#3"}
			}
		},
		{
			"from": [7.375, 8.0787, 8],
			"to": [8.525, 9.2713, 11],
			"rotation": {"angle": 0, "axis": "y", "origin": [7.9213, 8.5, 10.5]},
			"faces": {
				"north": {"uv": [14.75, 1.75, 16, 3], "texture": "#3"},
				"east": {"uv": [12.5, 0.5, 15.5, 1.75], "texture": "#3"},
				"south": {"uv": [12.5, 1.75, 13.75, 3], "rotation": 270, "texture": "#3"},
				"west": {"uv": [12.5, 0.5, 15.5, 1.75], "texture": "#3"},
				"up": {"uv": [12.5, 1.75, 15.5, 0.5], "rotation": 90, "texture": "#3"},
				"down": {"uv": [13, 0.25, 16, 1.5], "rotation": 270, "texture": "#3"}
			}
		},
		{
			"from": [6.6213, 6.5787, 9.6537],
			"to": [7.0213, 7.5713, 10.9037],
			"rotation": {"angle": -22.5, "axis": "z", "origin": [7.1213, 6.8, 10.5]},
			"faces": {
				"north": {"uv": [8.75, 8, 9.25, 9.25], "texture": "#3"},
				"east": {"uv": [2.5, 4.5, 4.25, 5.75], "texture": "#3"},
				"south": {"uv": [8.75, 7.75, 9.25, 8.75], "texture": "#3"},
				"west": {"uv": [5.75, 4.25, 8.75, 6.75], "texture": "#3"},
				"up": {"uv": [3.5, 4.25, 5, 6.5], "texture": "#3"},
				"down": {"uv": [8.75, 7.75, 9.25, 9], "rotation": 180, "texture": "#3"}
			}
		},
		{
			"from": [7.425, 6.6787, 8],
			"to": [8.325, 7.5787, 9.6],
			"rotation": {"angle": 0, "axis": "y", "origin": [8.1213, 6.9, 8.9]},
			"faces": {
				"north": {"uv": [10, 0.25, 11.5, 1.75], "texture": "#3"},
				"east": {"uv": [8, 0.25, 10.25, 1.75], "texture": "#3"},
				"south": {"uv": [8, 0.25, 9.9375, 1.73077], "rotation": 270, "texture": "#3"},
				"west": {"uv": [10.25, 0.25, 8, 1.75], "texture": "#3"},
				"up": {"uv": [8, 0.25, 10.25, 1.75], "rotation": 270, "texture": "#3"},
				"down": {"uv": [10, 0.25, 8, 1.75], "rotation": 270, "texture": "#3"}
			}
		},
		{
			"name": "octagon",
			"from": [8.1071, 7.5053, 10.9678],
			"to": [8.52132, 8.5053, 13.3428],
			"rotation": {"angle": -45, "axis": "z", "origin": [6.9, 8.0053, 13.5]},
			"faces": {
				"north": {"uv": [14, 3, 15, 4], "rotation": 180, "texture": "#2"},
				"east": {"uv": [14, 3, 15, 4], "rotation": 180, "texture": "#2"},
				"south": {"uv": [14, 3, 15, 4], "rotation": 180, "texture": "#2"},
				"west": {"uv": [14, 3, 15, 4], "rotation": 180, "texture": "#2"},
				"up": {"uv": [14, 3, 15, 4], "texture": "#2"},
				"down": {"uv": [14, 3, 15, 4], "texture": "#2"}
			}
		},
		{
			"name": "octagon",
			"from": [7.69289, 6.5053, 10.9679],
			"to": [8.10711, 7.5053, 13.3429],
			"rotation": {"angle": 0, "axis": "y", "origin": [6.9, 8.0053, 13.5]},
			"faces": {
				"north": {"uv": [14, 4, 15, 5], "rotation": 180, "texture": "#2"},
				"east": {"uv": [14, 4, 15, 5], "rotation": 180, "texture": "#2"},
				"south": {"uv": [14, 4, 15, 5], "rotation": 180, "texture": "#2"},
				"west": {"uv": [14, 4, 15, 5], "rotation": 180, "texture": "#2"},
				"up": {"uv": [14, 4, 15, 5], "texture": "#2"},
				"down": {"uv": [14, 4, 15, 5], "texture": "#2"}
			}
		},
		{
			"name": "octagon",
			"from": [7.81421, 7.79819, 10.9678],
			"to": [8.81421, 8.21241, 13.3428],
			"rotation": {"angle": -45, "axis": "z", "origin": [6.9, 8.0053, 13.5]},
			"faces": {
				"north": {"uv": [15, 4, 16, 5], "rotation": 180, "texture": "#2"},
				"east": {"uv": [15, 4, 16, 5], "rotation": 180, "texture": "#2"},
				"south": {"uv": [15, 4, 16, 5], "rotation": 180, "texture": "#2"},
				"west": {"uv": [15, 4, 16, 5], "rotation": 180, "texture": "#2"},
				"up": {"uv": [15, 4, 16, 5], "texture": "#2"},
				"down": {"uv": [15, 4, 16, 5], "texture": "#2"}
			}
		},
		{
			"name": "octagon",
			"from": [7.4, 6.79819, 10.9677],
			"to": [8.4, 7.21241, 13.3427],
			"rotation": {"angle": 0, "axis": "y", "origin": [6.9, 8.0053, 13.5]},
			"faces": {
				"north": {"uv": [15, 3, 16, 4], "rotation": 180, "texture": "#2"},
				"east": {"uv": [15, 3, 16, 4], "rotation": 180, "texture": "#2"},
				"south": {"uv": [15, 3, 16, 4], "rotation": 180, "texture": "#2"},
				"west": {"uv": [15, 3, 16, 4], "rotation": 180, "texture": "#2"},
				"up": {"uv": [15, 3, 16, 4], "texture": "#2"},
				"down": {"uv": [15, 3, 16, 4], "texture": "#2"}
			}
		},
		{
			"name": "octagon",
			"from": [8.00355, 7.2553, 11.093],
			"to": [8.62487, 8.7553, 13.468],
			"rotation": {"angle": -45, "axis": "z", "origin": [6.9, 8.0053, 13.5]},
			"faces": {
				"north": {"uv": [14, 3, 15, 4], "rotation": 180, "texture": "#2"},
				"east": {"uv": [14, 3, 15, 4], "rotation": 180, "texture": "#2"},
				"south": {"uv": [14, 3, 15, 4], "rotation": 180, "texture": "#2"},
				"west": {"uv": [14, 3, 15, 4], "rotation": 180, "texture": "#2"},
				"up": {"uv": [14, 3, 15, 4], "rotation": 90, "texture": "#2"},
				"down": {"uv": [14, 3, 15, 4], "texture": "#2"}
			}
		},
		{
			"name": "octagon",
			"from": [7.58934, 6.2553, 11.0928],
			"to": [8.21066, 7.7553, 13.4678],
			"rotation": {"angle": 0, "axis": "y", "origin": [6.9, 8.0053, 13.5]},
			"faces": {
				"north": {"uv": [15, 3, 16, 4], "rotation": 180, "texture": "#2"},
				"east": {"uv": [15, 3, 16, 4], "rotation": 180, "texture": "#2"},
				"south": {"uv": [15, 3, 16, 4], "rotation": 180, "texture": "#2"},
				"west": {"uv": [15, 3, 16, 4], "rotation": 180, "texture": "#2"},
				"up": {"uv": [15, 3, 16, 4], "rotation": 90, "texture": "#2"},
				"down": {"uv": [15, 3, 16, 4], "texture": "#2"}
			}
		},
		{
			"name": "octagon",
			"from": [7.56421, 7.69464, 11.0929],
			"to": [9.06421, 8.31596, 13.4679],
			"rotation": {"angle": -45, "axis": "z", "origin": [6.9, 8.0053, 13.5]},
			"faces": {
				"north": {"uv": [15, 3, 16, 4], "rotation": 180, "texture": "#2"},
				"east": {"uv": [15, 3, 16, 4], "rotation": 180, "texture": "#2"},
				"south": {"uv": [15, 3, 16, 4], "rotation": 180, "texture": "#2"},
				"west": {"uv": [15, 3, 16, 4], "rotation": 180, "texture": "#2"},
				"up": {"uv": [15, 3, 16, 4], "rotation": 90, "texture": "#2"},
				"down": {"uv": [15, 3, 16, 4], "texture": "#2"}
			}
		},
		{
			"name": "octagon",
			"from": [7.15, 6.69464, 11.0928],
			"to": [8.65, 7.31596, 13.4678],
			"rotation": {"angle": 0, "axis": "y", "origin": [6.9, 8.0053, 13.5]},
			"faces": {
				"north": {"uv": [15, 4, 16, 5], "rotation": 180, "texture": "#2"},
				"east": {"uv": [15, 4, 16, 5], "rotation": 180, "texture": "#2"},
				"south": {"uv": [15, 4, 16, 5], "rotation": 180, "texture": "#2"},
				"west": {"uv": [15, 4, 16, 5], "rotation": 180, "texture": "#2"},
				"up": {"uv": [15, 4, 16, 5], "texture": "#2"},
				"down": {"uv": [15, 4, 16, 5], "texture": "#2"}
			}
		},
		{
			"name": "octagon",
			"from": [7.9, 7.0053, 11.3448],
			"to": [8.72842, 9.0053, 13.3448],
			"rotation": {"angle": -45, "axis": "z", "origin": [6.9, 8.0053, 13.5]},
			"faces": {
				"north": {"uv": [13, 2, 14, 3], "rotation": 180, "texture": "#2"},
				"east": {"uv": [13, 0, 16, 1], "rotation": 180, "texture": "#2"},
				"south": {"uv": [13, 2, 14, 3], "rotation": 180, "texture": "#2"},
				"west": {"uv": [13, 0, 16, 1], "rotation": 180, "texture": "#2"},
				"up": {"uv": [14, 0, 15, 3], "texture": "#2"},
				"down": {"uv": [14, 0, 15, 3], "texture": "#2"}
			}
		},
		{
			"name": "octagon",
			"from": [7.48579, 6.0053, 11.3428],
			"to": [8.31421, 8.0053, 13.3428],
			"rotation": {"angle": 0, "axis": "y", "origin": [6.9, 8.0053, 13.5]},
			"faces": {
				"north": {"uv": [15, 1, 16, 2], "rotation": 180, "texture": "#2"},
				"east": {"uv": [13, 0, 16, 1], "rotation": 180, "texture": "#2"},
				"south": {"uv": [15, 1, 16, 2], "rotation": 180, "texture": "#2"},
				"west": {"uv": [13, 0, 16, 1], "rotation": 180, "texture": "#2"},
				"up": {"uv": [13, 0, 14, 3], "texture": "#2"},
				"down": {"uv": [13, 0, 14, 3], "texture": "#2"}
			}
		},
		{
			"name": "octagon",
			"from": [7.31421, 7.59109, 11.3438],
			"to": [9.31421, 8.41951, 13.3438],
			"rotation": {"angle": -45, "axis": "z", "origin": [6.9, 8.0053, 13.5]},
			"faces": {
				"north": {"uv": [15, 0, 16, 1], "rotation": 180, "texture": "#2"},
				"east": {"uv": [13, 1, 16, 2], "rotation": 180, "texture": "#2"},
				"south": {"uv": [15, 0, 16, 1], "rotation": 180, "texture": "#2"},
				"west": {"uv": [13, 1, 16, 2], "rotation": 180, "texture": "#2"},
				"up": {"uv": [15, 0, 16, 3], "texture": "#2"},
				"down": {"uv": [15, 0, 16, 3], "texture": "#2"}
			}
		},
		{
			"name": "octagon",
			"from": [6.9, 6.59109, 11.3428],
			"to": [8.9, 7.41951, 13.3428],
			"rotation": {"angle": 0, "axis": "y", "origin": [6.9, 8.0053, 13.5]},
			"faces": {
				"north": {"uv": [13, 0, 14, 1], "rotation": 180, "texture": "#2"},
				"east": {"uv": [13, 2, 16, 3], "rotation": 180, "texture": "#2"},
				"south": {"uv": [13, 0, 14, 1], "rotation": 180, "texture": "#2"},
				"west": {"uv": [13, 2, 16, 3], "rotation": 180, "texture": "#2"},
				"up": {"uv": [15, 0, 16, 3], "texture": "#2"},
				"down": {"uv": [15, 0, 16, 3], "texture": "#2"}
			}
		},
		{
			"from": [7.0251, 5.63, 13.47228],
			"to": [8.8751, 7.68, 13.72228],
			"rotation": {"angle": 0, "axis": "x", "origin": [8.05, 6.675, 13.84728]},
			"faces": {
				"north": {"uv": [7.26563, 6.13462, 7.75, 7.25], "texture": "#3"},
				"east": {"uv": [3, 8.75, 4.75, 9], "rotation": 270, "texture": "#3"},
				"south": {"uv": [0, 7.5, 1.75, 9.25], "rotation": 180, "texture": "#3"},
				"west": {"uv": [4.5, 9, 2.75, 8.75], "rotation": 90, "texture": "#3"},
				"up": {"uv": [4.75, 11.5, 6.5, 11.75], "rotation": 180, "texture": "#3"},
				"down": {"uv": [2, 9, 3.75, 9.25], "texture": "#3"}
			}
		},
		{
			"from": [7.05, 5.67, 10.28],
			"to": [8.9, 5.92, 11.58],
			"rotation": {"angle": 0, "axis": "x", "origin": [8.05, 6.075, 10.59728]},
			"faces": {
				"north": {"uv": [7.26563, 6.13462, 7.75, 7.25], "texture": "#3"},
				"east": {"uv": [2.25, 8.5, 3.25, 8.75], "texture": "#3"},
				"south": {"uv": [7.26563, 6.13462, 7.75, 7.25], "texture": "#3"},
				"west": {"uv": [3.5, 8.75, 4.25, 9], "texture": "#3"},
				"up": {"uv": [7.26563, 6.13462, 7.75, 7.25], "rotation": 180, "texture": "#3"},
				"down": {"uv": [5.75, 10.5, 6.75, 12], "rotation": 90, "texture": "#3"}
			}
		},
		{
			"from": [7.45, 5.97, 8.08],
			"to": [8.4, 6.22, 8.38],
			"rotation": {"angle": 0, "axis": "y", "origin": [8.05, 6.375, 8.39728]},
			"faces": {
				"north": {"uv": [7.26563, 6.13462, 7.75, 7.25], "texture": "#3"},
				"east": {"uv": [2.25, 8.5, 2.5, 8.75], "texture": "#3"},
				"south": {"uv": [5.25, 11, 6.5, 11.25], "texture": "#3"},
				"west": {"uv": [3.5, 8.75, 3.75, 9], "texture": "#3"},
				"up": {"uv": [7.26563, 6.13462, 7.75, 7.25], "rotation": 180, "texture": "#3"},
				"down": {"uv": [5.75, 10.5, 6, 12], "rotation": 90, "texture": "#3"}
			}
		}
	],
	"gui_light": "front",
	"display": {
		"thirdperson_righthand": {
			"translation": [0, 4, -2],
			"scale": [1.75, 1.75, 1.75]
		},
		"thirdperson_lefthand": {
			"translation": [-11.75, -24.75, -51.75],
			"scale": [1.3, 1.3, 1.3]
		},
		"firstperson_righthand": {
			"translation": [7.5, 5, -14],
			"scale": [4, 4, 4]
		},
		"firstperson_lefthand": {
			"translation": [0, -80, 0],
			"scale": [0.68, 0.68, 0.68]
		},
		"ground": {
			"rotation": [0, 0, -90],
			"translation": [0.75, -2.25, 0.75],
			"scale": [1.25, 1.25, 1.25]
		},
		"gui": {
			"rotation": [30, 129, 0],
			"translation": [-1.75, 2.75, 0],
			"scale": [2.39, 2.39, 2.39]
		},
		"head": {
			"translation": [3.75, 1.25, 5]
		},
		"fixed": {
			"rotation": [0, -90, 0],
			"translation": [1.5, 4.75, -2.75],
			"scale": [2.99, 2.99, 2.99]
		}
	},
	"groups": [
		{
			"name": "plate",
			"origin": [0.4485, 6.99896, 4.1],
			"color": 0,
			"children": []
		},
		{
			"name": "sparks",
			"origin": [7.89213, 6.92929, -0.85],
			"color": 0,
			"children": [0, 1]
		},
		{
			"name": "barrel",
			"origin": [7.90704, 7, 4.15],
			"color": 0,
			"children": [2, 3]
		},
		{
			"name": "plate",
			"origin": [0.4485, 6.99896, 4.1],
			"color": 0,
			"children": []
		},
		{
			"name": "mount",
			"origin": [7.84896, 7.02604, 8.12852],
			"color": 0,
			"children": []
		},
		{
			"name": "wires",
			"origin": [6.88204, 8.075, 18.3],
			"color": 0,
			"children": []
		},
		{
			"name": "shield",
			"origin": [7.34896, 7.55, 6.5],
			"color": 0,
			"children": []
		},
		{
			"name": "shield",
			"origin": [7.34896, 7.55, 6.5],
			"color": 0,
			"children": []
		},
		{
			"name": "topload",
			"origin": [7.89171, 7.025, 2.25],
			"color": 0,
			"children": [4, 5, 6, 7, 8, 9, 10, 11]
		},
		{
			"name": "coil",
			"origin": [7.90704, 7, 3.75],
			"color": 0,
			"children": [
				12,
				13,
				14,
				15,
				16,
				17,
				18,
				19,
				20,
				21,
				{
					"name": "coil",
					"origin": [7.90704, 7, 3.75],
					"color": 0,
					"children": [
						22,
						23,
						24,
						25,
						26,
						27,
						28,
						29,
						{
							"name": "coil",
							"origin": [7.90704, 7, 3.75],
							"color": 0,
							"children": [
								30,
								31,
								32,
								33,
								34,
								35,
								36,
								37,
								{
									"name": "coil",
									"origin": [7.90704, 7, 3.75],
									"color": 0,
									"children": [
										38,
										39,
										40,
										41,
										42,
										43,
										44,
										45,
										{
											"name": "coil",
											"origin": [7.90704, 7, 3.75],
											"color": 0,
											"children": [
												46,
												47,
												48,
												49,
												50,
												51,
												52,
												53,
												{
													"name": "coil",
													"origin": [7.90704, 7, 3.75],
													"color": 0,
													"children": [
														54,
														55,
														56,
														57,
														58,
														59,
														60,
														61,
														{
															"name": "coil",
															"origin": [7.90704, 7, 3.75],
															"color": 0,
															"children": [
																62,
																63,
																64,
																65,
																66,
																67,
																68,
																69,
																{
																	"name": "coil",
																	"origin": [7.90704, 7, 3.75],
																	"color": 0,
																	"children": [
																		70,
																		71,
																		72,
																		73,
																		74,
																		75,
																		76,
																		77,
																		{
																			"name": "coil",
																			"origin": [7.90704, 7, 3.75],
																			"color": 0,
																			"children": [
																				78,
																				79,
																				80,
																				81,
																				82,
																				83,
																				84,
																				85,
																				{
																					"name": "coil",
																					"origin": [7.90704, 7, 3.75],
																					"color": 0,
																					"children": [86, 87, 88, 89, 90, 91, 92, 93, 94]
																				}
																			]
																		}
																	]
																}
															]
														}
													]
												}
											]
										}
									]
								}
							]
						}
					]
				}
			]
		},
		{
			"name": "wires",
			"origin": [7.89171, 8.025, 9.85],
			"color": 0,
			"children": [95, 96, 97, 98, 99, 100, 101, 102, 103, 104, 105, 106, 107]
		},
		{
			"name": "scope",
			"origin": [7.875, 8.52426, 9.45],
			"color": 0,
			"children": [108, 109]
		},
		{
			"name": "gun",
			"origin": [0, 0, 0],
			"color": 0,
			"children": [110, 111, 112, 113, 114, 115, 116]
		},
		{
			"name": "gun",
			"origin": [0, 0, 0],
			"color": 0,
			"children": [117, 118, 119, 120, 121]
		},
		{
			"name": "battery",
			"origin": [0, 0, 0],
			"color": 0,
			"children": [122, 123, 124, 125, 126, 127, 128, 129, 130, 131, 132, 133]
		},
		134,
		135,
		136
	]
}