{
	"format_version": "1.21.6",
	"credit": "Made with Blockbench",
	"textures": {
		"0": "chems_guns:item/gun_ammo/wtaufe100",
		"1": "chems_guns:item/gun_ammo/sniper_scope",
		"2": "chems_guns:item/gun_ammo/20mmholes",
		"3": "chems_guns:item/gun_ammo/shell",
		"particle": "chems_guns:item/gun_ammo/wtaufe100"
	},
	"elements": [
		{
			"from": [1.9274, 5.3, 21.9],
			"to": [2.8294, 8.77988, 27.3],
			"rotation": {"angle": 0, "axis": "y", "origin": [4.0284, 6.53994, 23.6]},
			"faces": {
				"north": {"uv": [10, 0, 16, 6], "texture": "#2"},
				"east": {"uv": [16, 0, 10, 6], "rotation": 270, "texture": "#2"},
				"south": {"uv": [14, 6, 16, 0], "texture": "#2"},
				"west": {"uv": [10, 6, 16, 0], "texture": "#2"},
				"up": {"uv": [10, 0, 16, 6], "rotation": 180, "texture": "#2"},
				"down": {"uv": [10, 0, 16, 6], "texture": "#2"}
			}
		},
		{
			"from": [2.58846, 8.73894, 21.9],
			"to": [8.26834, 9.64094, 27.3],
			"rotation": {"angle": 22.5, "axis": "z", "origin": [4.0284, 7.53994, 23.6]},
			"faces": {
				"north": {"uv": [10, 0, 16, 6], "rotation": 270, "texture": "#2"},
				"east": {"uv": [10, 0, 16, 6], "rotation": 270, "texture": "#2"},
				"south": {"uv": [14, 6, 16, 0], "rotation": 90, "texture": "#2"},
				"west": {"uv": [10, 0, 16, 6], "rotation": 90, "texture": "#2"},
				"up": {"uv": [10, 6, 16, 0], "rotation": 90, "texture": "#2"},
				"down": {"uv": [16, 0, 10, 6], "texture": "#2"}
			}
		},
		{
			"from": [6.05, 9.75, 22.75],
			"to": [7.25, 10.95, 27],
			"rotation": {"angle": 22.5, "axis": "z", "origin": [7.05, 10.15, 26.125]},
			"faces": {
				"north": {"uv": [3.5, 6, 7, 9.5], "texture": "#3"},
				"east": {"uv": [3.5, 0, 7, 6], "rotation": 90, "texture": "#3"},
				"south": {"uv": [3.5, 6, 7, 9.5], "texture": "#3"},
				"west": {"uv": [3.5, 0, 7, 6], "rotation": 90, "texture": "#3"},
				"up": {"uv": [3.5, 0, 7, 6], "rotation": 180, "texture": "#3"},
				"down": {"uv": [3.5, 0, 7, 6], "rotation": 180, "texture": "#3"}
			}
		},
		{
			"from": [6.15, 9.85, 21.45],
			"to": [7.15, 10.85, 22.8],
			"rotation": {"angle": 22.5, "axis": "z", "origin": [7.2, 10.35, 21.425]},
			"faces": {
				"north": {"uv": [0, 4, 3.5, 7.5], "texture": "#3"},
				"east": {"uv": [0, 0, 3.5, 4], "rotation": 90, "texture": "#3"},
				"south": {"uv": [0, 4, 3.5, 7.5], "texture": "#3"},
				"west": {"uv": [0, 0, 3.5, 4], "rotation": 90, "texture": "#3"},
				"up": {"uv": [0, 0, 3.5, 4], "rotation": 180, "texture": "#3"},
				"down": {"uv": [0, 0, 3.5, 4], "rotation": 180, "texture": "#3"}
			}
		},
		{
			"from": [4.95, 9.35, 21.45],
			"to": [5.95, 10.35, 22.8],
			"rotation": {"angle": 22.5, "axis": "z", "origin": [6, 9.85, 21.425]},
			"faces": {
				"north": {"uv": [0, 4, 3.5, 7.5], "texture": "#3"},
				"east": {"uv": [0, 0, 3.5, 4], "rotation": 90, "texture": "#3"},
				"south": {"uv": [0, 4, 3.5, 7.5], "texture": "#3"},
				"west": {"uv": [0, 0, 3.5, 4], "rotation": 90, "texture": "#3"},
				"up": {"uv": [0, 0, 3.5, 4], "rotation": 180, "texture": "#3"},
				"down": {"uv": [0, 0, 3.5, 4], "rotation": 180, "texture": "#3"}
			}
		},
		{
			"from": [4.85, 9.25, 22.75],
			"to": [6.05, 10.45, 27],
			"rotation": {"angle": 22.5, "axis": "z", "origin": [5.85, 9.65, 26.125]},
			"faces": {
				"north": {"uv": [3.5, 6, 7, 9.5], "texture": "#3"},
				"east": {"uv": [3.5, 0, 7, 6], "rotation": 90, "texture": "#3"},
				"south": {"uv": [3.5, 6, 7, 9.5], "texture": "#3"},
				"west": {"uv": [3.5, 0, 7, 6], "rotation": 90, "texture": "#3"},
				"up": {"uv": [3.5, 0, 7, 6], "rotation": 180, "texture": "#3"},
				"down": {"uv": [3.5, 0, 7, 6], "rotation": 180, "texture": "#3"}
			}
		},
		{
			"from": [3.65, 8.75, 22.75],
			"to": [4.85, 9.95, 27],
			"rotation": {"angle": 22.5, "axis": "z", "origin": [4.65, 9.15, 26.125]},
			"faces": {
				"north": {"uv": [3.5, 6, 7, 9.5], "texture": "#3"},
				"east": {"uv": [3.5, 0, 7, 6], "rotation": 90, "texture": "#3"},
				"south": {"uv": [3.5, 6, 7, 9.5], "texture": "#3"},
				"west": {"uv": [3.5, 0, 7, 6], "rotation": 90, "texture": "#3"},
				"up": {"uv": [3.5, 0, 7, 6], "rotation": 180, "texture": "#3"},
				"down": {"uv": [3.5, 0, 7, 6], "rotation": 180, "texture": "#3"}
			}
		},
		{
			"from": [2.2, 6.4, 21.45],
			"to": [3.2, 7.4, 22.8],
			"rotation": {"angle": 0, "axis": "z", "origin": [2.7, 7.45, 21.425]},
			"faces": {
				"north": {"uv": [0, 4, 3.5, 7.5], "rotation": 90, "texture": "#3"},
				"east": {"uv": [0, 0, 3.5, 4], "rotation": 90, "texture": "#3"},
				"south": {"uv": [0, 4, 3.5, 7.5], "rotation": 270, "texture": "#3"},
				"west": {"uv": [0, 0, 3.5, 4], "rotation": 90, "texture": "#3"},
				"up": {"uv": [0, 0, 3.5, 4], "texture": "#3"},
				"down": {"uv": [0, 0, 3.5, 4], "texture": "#3"}
			}
		},
		{
			"from": [2.15, 6.25, 22.75],
			"to": [3.25, 7.45, 27],
			"rotation": {"angle": 0, "axis": "z", "origin": [2.55, 7.25, 26.125]},
			"faces": {
				"north": {"uv": [3.5, 6, 7, 9.5], "rotation": 90, "texture": "#3"},
				"east": {"uv": [3.5, 0, 7, 6], "rotation": 90, "texture": "#3"},
				"south": {"uv": [3.5, 6, 7, 9.5], "rotation": 270, "texture": "#3"},
				"west": {"uv": [3.5, 0, 7, 6], "rotation": 90, "texture": "#3"},
				"up": {"uv": [3.5, 0, 7, 6], "texture": "#3"},
				"down": {"uv": [3.5, 0, 7, 6], "texture": "#3"}
			}
		},
		{
			"from": [2.35, 8.05, 22.75],
			"to": [3.55, 9.35, 27],
			"rotation": {"angle": 45, "axis": "z", "origin": [3.35, 8.55, 26.125]},
			"faces": {
				"north": {"uv": [3.5, 6, 7, 9.5], "texture": "#3"},
				"east": {"uv": [3.5, 0, 7, 6], "rotation": 90, "texture": "#3"},
				"south": {"uv": [3.5, 6, 7, 9.5], "texture": "#3"},
				"west": {"uv": [3.5, 0, 7, 6], "rotation": 90, "texture": "#3"},
				"up": {"uv": [3.5, 0, 7, 6], "rotation": 180, "texture": "#3"},
				"down": {"uv": [3.5, 0, 7, 6], "rotation": 180, "texture": "#3"}
			}
		},
		{
			"from": [2.45, 8.25, 21.45],
			"to": [3.45, 9.25, 22.8],
			"rotation": {"angle": 45, "axis": "z", "origin": [3.5, 8.75, 21.425]},
			"faces": {
				"north": {"uv": [0, 4, 3.5, 7.5], "texture": "#3"},
				"east": {"uv": [0, 0, 3.5, 4], "rotation": 90, "texture": "#3"},
				"south": {"uv": [0, 4, 3.5, 7.5], "texture": "#3"},
				"west": {"uv": [0, 0, 3.5, 4], "rotation": 90, "texture": "#3"},
				"up": {"uv": [0, 0, 3.5, 4], "rotation": 180, "texture": "#3"},
				"down": {"uv": [0, 0, 3.5, 4], "rotation": 180, "texture": "#3"}
			}
		},
		{
			"from": [3.75, 8.85, 21.45],
			"to": [4.75, 9.85, 22.8],
			"rotation": {"angle": 22.5, "axis": "z", "origin": [4.8, 9.35, 21.425]},
			"faces": {
				"north": {"uv": [0, 4, 3.5, 7.5], "texture": "#3"},
				"east": {"uv": [0, 0, 3.5, 4], "rotation": 90, "texture": "#3"},
				"south": {"uv": [0, 4, 3.5, 7.5], "texture": "#3"},
				"west": {"uv": [0, 0, 3.5, 4], "rotation": 90, "texture": "#3"},
				"up": {"uv": [0, 0, 3.5, 4], "rotation": 180, "texture": "#3"},
				"down": {"uv": [0, 0, 3.5, 4], "rotation": 180, "texture": "#3"}
			}
		},
		{
			"from": [1.38846, 5.13894, 25.9],
			"to": [7.06834, 5.34094, 27.2],
			"rotation": {"angle": -22.5, "axis": "z", "origin": [2.8284, 3.53994, 27.6]},
			"faces": {
				"north": {"uv": [10, 0, 16, 6], "rotation": 270, "texture": "#2"},
				"east": {"uv": [10, 0, 16, 6], "rotation": 270, "texture": "#2"},
				"south": {"uv": [14, 6, 16, 0], "rotation": 90, "texture": "#2"},
				"west": {"uv": [10, 0, 16, 6], "rotation": 90, "texture": "#2"},
				"up": {"uv": [10, 6, 16, 0], "rotation": 90, "texture": "#2"},
				"down": {"uv": [16, 0, 10, 9], "texture": "#2"}
			}
		},
		{
			"from": [1.38846, 5.13894, 21.9],
			"to": [7.06834, 5.34094, 23.2],
			"rotation": {"angle": -22.5, "axis": "z", "origin": [2.8284, 3.53994, 23.6]},
			"faces": {
				"north": {"uv": [10, 0, 16, 6], "rotation": 270, "texture": "#2"},
				"east": {"uv": [10, 0, 16, 6], "rotation": 270, "texture": "#2"},
				"south": {"uv": [14, 6, 16, 0], "rotation": 90, "texture": "#2"},
				"west": {"uv": [10, 0, 16, 6], "rotation": 90, "texture": "#2"},
				"up": {"uv": [10, 6, 16, 0], "rotation": 90, "texture": "#2"},
				"down": {"uv": [16, 0, 10, 9], "texture": "#2"}
			}
		},
		{
			"from": [7.2274, 3.5, 17.9],
			"to": [7.3794, 4.97988, 27.3],
			"rotation": {"angle": 0, "axis": "y", "origin": [7.9284, 4.73994, 19.6]},
			"faces": {
				"north": {"uv": [10, 0, 16, 6], "texture": "#2"},
				"east": {"uv": [16, 0, 10, 6], "rotation": 270, "texture": "#2"},
				"south": {"uv": [14, 3, 16, 0], "texture": "#2"},
				"west": {"uv": [10, 6, 16, 0], "texture": "#2"},
				"up": {"uv": [10, 0, 16, 6], "rotation": 180, "texture": "#2"},
				"down": {"uv": [10, 0, 16, 6], "texture": "#2"}
			}
		},
		{
			"from": [7.3274, 3.5, 17.9],
			"to": [8.7294, 3.72988, 27.3],
			"rotation": {"angle": 0, "axis": "y", "origin": [8.0284, 4.73994, 19.6]},
			"faces": {
				"north": {"uv": [10, 0, 16, 6], "texture": "#2"},
				"east": {"uv": [16, 0, 10, 6], "rotation": 270, "texture": "#2"},
				"south": {"uv": [14, 3, 16, 0], "texture": "#2"},
				"west": {"uv": [10, 6, 16, 0], "texture": "#2"},
				"up": {"uv": [10, 0, 16, 6], "rotation": 180, "texture": "#2"},
				"down": {"uv": [10, 0, 16, 6], "texture": "#2"}
			}
		},
		{
			"from": [8.6274, 3.5, 17.9],
			"to": [8.7794, 4.97988, 27.3],
			"rotation": {"angle": 0, "axis": "y", "origin": [9.3284, 4.73994, 19.6]},
			"faces": {
				"north": {"uv": [10, 0, 16, 6], "texture": "#2"},
				"east": {"uv": [16, 0, 10, 6], "rotation": 270, "texture": "#2"},
				"south": {"uv": [14, 3, 16, 0], "texture": "#2"},
				"west": {"uv": [10, 6, 16, 0], "texture": "#2"},
				"up": {"uv": [10, 0, 16, 6], "rotation": 180, "texture": "#2"},
				"down": {"uv": [10, 0, 16, 6], "texture": "#2"}
			}
		},
		{
			"from": [7.4284, 7.15, -15.001],
			"to": [7.5284, 7.64704, 0.001],
			"rotation": {"angle": 0, "axis": "z", "origin": [8.0284, 7.39852, -7.5]},
			"faces": {
				"north": {"uv": [2, 0, 0, 0.5], "rotation": 270, "texture": "#0"},
				"east": {"uv": [15, 0, 16, 16], "rotation": 90, "texture": "#0"},
				"south": {"uv": [2, 0, 0, 0.5], "rotation": 90, "texture": "#0"},
				"west": {"uv": [14.5, 0, 15.5, 16], "rotation": 90, "texture": "#0"},
				"up": {"uv": [0, 0, 16, 0.5], "rotation": 90, "texture": "#0"},
				"down": {"uv": [0, 0, 16, 0.5], "rotation": 90, "texture": "#0"}
			}
		},
		{
			"from": [7.5284, 7.15, -12.001],
			"to": [8.5284, 7.64704, 0.001],
			"rotation": {"angle": 0, "axis": "y", "origin": [8.0284, 7.39852, -7.5]},
			"faces": {
				"north": {"uv": [7.5, 6, 6.5, 7], "rotation": 270, "texture": "#0"},
				"east": {"uv": [15, 0, 16, 16], "rotation": 90, "texture": "#0"},
				"south": {"uv": [2, 0, 0, 0.5], "rotation": 90, "texture": "#0"},
				"west": {"uv": [14.5, 0, 15.5, 16], "rotation": 90, "texture": "#0"},
				"up": {"uv": [0, 0, 16, 0.5], "rotation": 90, "texture": "#0"},
				"down": {"uv": [0, 0, 16, 0.5], "rotation": 90, "texture": "#0"}
			}
		},
		{
			"from": [7.5284, 7.15, -12.001],
			"to": [8.5284, 7.64704, 0.001],
			"rotation": {"angle": 45, "axis": "z", "origin": [8.0284, 7.39852, -7.5]},
			"faces": {
				"north": {"uv": [7.5, 6, 6.5, 7], "rotation": 270, "texture": "#0"},
				"east": {"uv": [15, 0, 16, 16], "rotation": 90, "texture": "#0"},
				"south": {"uv": [2, 0, 0, 0.5], "rotation": 90, "texture": "#0"},
				"west": {"uv": [14.5, 0, 15.5, 16], "rotation": 90, "texture": "#0"},
				"up": {"uv": [0, 0, 16, 0.5], "rotation": 90, "texture": "#0"},
				"down": {"uv": [0, 0, 16, 0.5], "rotation": 90, "texture": "#0"}
			}
		},
		{
			"from": [7.77988, 6.89852, -12.001],
			"to": [8.27692, 7.89852, 0.001],
			"rotation": {"angle": 0, "axis": "z", "origin": [8.0284, 7.39852, -7.5]},
			"faces": {
				"north": {"uv": [7.5, 6, 6.5, 7], "texture": "#0"},
				"east": {"uv": [0, 0, 16, 0.5], "texture": "#0"},
				"south": {"uv": [2, 0, 0, 0.5], "texture": "#0"},
				"west": {"uv": [0, 0, 16, 0.5], "texture": "#0"},
				"up": {"uv": [15, 0, 16, 16], "texture": "#0"},
				"down": {"uv": [14.5, 0, 15.5, 16], "texture": "#0"}
			}
		},
		{
			"from": [7.77988, 6.89852, -12.001],
			"to": [8.27692, 7.89852, 0.001],
			"rotation": {"angle": 45, "axis": "z", "origin": [8.0284, 7.39852, -7.5]},
			"faces": {
				"north": {"uv": [7.5, 6, 6.5, 7], "texture": "#0"},
				"east": {"uv": [0, 0, 16, 0.5], "texture": "#0"},
				"south": {"uv": [2, 0, 0, 0.5], "texture": "#0"},
				"west": {"uv": [0, 0, 16, 0.5], "texture": "#0"},
				"up": {"uv": [15, 0, 16, 16], "texture": "#0"},
				"down": {"uv": [14.5, 0, 15.5, 16], "texture": "#0"}
			}
		},
		{
			"from": [7.4284, 7.15, -15.001],
			"to": [7.5284, 7.64704, 0.001],
			"rotation": {"angle": -45, "axis": "z", "origin": [8.0284, 7.39852, -7.5]},
			"faces": {
				"north": {"uv": [2, 0, 0, 0.5], "rotation": 270, "texture": "#0"},
				"east": {"uv": [15, 0, 16, 16], "rotation": 90, "texture": "#0"},
				"south": {"uv": [2, 0, 0, 0.5], "rotation": 90, "texture": "#0"},
				"west": {"uv": [14.5, 0, 15.5, 16], "rotation": 90, "texture": "#0"},
				"up": {"uv": [0, 0, 16, 0.5], "rotation": 90, "texture": "#0"},
				"down": {"uv": [0, 0, 16, 0.5], "rotation": 90, "texture": "#0"}
			}
		},
		{
			"from": [7.77988, 7.89852, -15.001],
			"to": [8.27692, 7.99852, 0.001],
			"rotation": {"angle": 0, "axis": "z", "origin": [8.0284, 7.39852, -7.5]},
			"faces": {
				"north": {"uv": [2, 0, 0, 0.5], "rotation": 180, "texture": "#0"},
				"east": {"uv": [0, 0, 16, 0.5], "rotation": 180, "texture": "#0"},
				"south": {"uv": [2, 0, 0, 0.5], "rotation": 180, "texture": "#0"},
				"west": {"uv": [0, 0, 16, 0.5], "rotation": 180, "texture": "#0"},
				"up": {"uv": [14.5, 0, 15.5, 16], "rotation": 180, "texture": "#0"},
				"down": {"uv": [15, 0, 16, 16], "rotation": 180, "texture": "#0"}
			}
		},
		{
			"from": [7.77988, 7.89852, -15.001],
			"to": [8.27692, 7.99852, 0.001],
			"rotation": {"angle": -45, "axis": "z", "origin": [8.0284, 7.39852, -7.5]},
			"faces": {
				"north": {"uv": [2, 0, 0, 0.5], "rotation": 180, "texture": "#0"},
				"east": {"uv": [0, 0, 16, 0.5], "rotation": 180, "texture": "#0"},
				"south": {"uv": [2, 0, 0, 0.5], "rotation": 180, "texture": "#0"},
				"west": {"uv": [0, 0, 16, 0.5], "rotation": 180, "texture": "#0"},
				"up": {"uv": [14.5, 0, 15.5, 16], "rotation": 180, "texture": "#0"},
				"down": {"uv": [15, 0, 16, 16], "rotation": 180, "texture": "#0"}
			}
		},
		{
			"from": [8.5284, 7.15, -15.001],
			"to": [8.6284, 7.64704, 0.001],
			"rotation": {"angle": 0, "axis": "z", "origin": [8.0284, 7.39852, -7.5]},
			"faces": {
				"north": {"uv": [2, 0, 0, 0.5], "rotation": 90, "texture": "#0"},
				"east": {"uv": [14.5, 0, 15.5, 16], "rotation": 270, "texture": "#0"},
				"south": {"uv": [2, 0, 0, 0.5], "rotation": 270, "texture": "#0"},
				"west": {"uv": [15, 0, 16, 16], "rotation": 270, "texture": "#0"},
				"up": {"uv": [0, 0, 16, 0.5], "rotation": 270, "texture": "#0"},
				"down": {"uv": [0, 0, 16, 0.5], "rotation": 270, "texture": "#0"}
			}
		},
		{
			"from": [8.5284, 7.15, -15.001],
			"to": [8.6284, 7.64704, 0.001],
			"rotation": {"angle": -45, "axis": "z", "origin": [8.0284, 7.39852, -7.5]},
			"faces": {
				"north": {"uv": [2, 0, 0, 0.5], "rotation": 90, "texture": "#0"},
				"east": {"uv": [14.5, 0, 15.5, 16], "rotation": 270, "texture": "#0"},
				"south": {"uv": [2, 0, 0, 0.5], "rotation": 270, "texture": "#0"},
				"west": {"uv": [15, 0, 16, 16], "rotation": 270, "texture": "#0"},
				"up": {"uv": [0, 0, 16, 0.5], "rotation": 270, "texture": "#0"},
				"down": {"uv": [0, 0, 16, 0.5], "rotation": 270, "texture": "#0"}
			}
		},
		{
			"from": [7.77988, 6.79852, -15.001],
			"to": [8.27692, 6.89852, 0.001],
			"rotation": {"angle": 0, "axis": "z", "origin": [8.0284, 7.39852, -7.5]},
			"faces": {
				"north": {"uv": [2, 0, 0, 0.5], "texture": "#0"},
				"east": {"uv": [0, 0, 16, 0.5], "texture": "#0"},
				"south": {"uv": [2, 0, 0, 0.5], "texture": "#0"},
				"west": {"uv": [0, 0, 16, 0.5], "texture": "#0"},
				"up": {"uv": [15, 0, 16, 16], "texture": "#0"},
				"down": {"uv": [14.5, 0, 15.5, 16], "texture": "#0"}
			}
		},
		{
			"from": [7.4284, 7.15, -15.001],
			"to": [7.5284, 7.64704, 0.001],
			"rotation": {"angle": 45, "axis": "z", "origin": [8.0284, 7.39852, -7.5]},
			"faces": {
				"north": {"uv": [2, 0, 0, 0.5], "rotation": 270, "texture": "#0"},
				"east": {"uv": [15, 0, 16, 16], "rotation": 90, "texture": "#0"},
				"south": {"uv": [2, 0, 0, 0.5], "rotation": 90, "texture": "#0"},
				"west": {"uv": [14.5, 0, 15.5, 16], "rotation": 90, "texture": "#0"},
				"up": {"uv": [0, 0, 16, 0.5], "rotation": 90, "texture": "#0"},
				"down": {"uv": [0, 0, 16, 0.5], "rotation": 90, "texture": "#0"}
			}
		},
		{
			"from": [7.3284, 8.9, 5.999],
			"to": [8.7284, 9.47988, 13.001],
			"rotation": {"angle": 0, "axis": "y", "origin": [8.0284, 9.18994, 11.5]},
			"faces": {
				"north": {"uv": [1, 0.5, 0.5, 1], "rotation": 270, "texture": "#0"},
				"east": {"uv": [15.5, 0, 14.5, 16], "rotation": 90, "texture": "#0"},
				"south": {"uv": [1, 0.5, 0.5, 1], "rotation": 90, "texture": "#0"},
				"west": {"uv": [14.5, 0, 15.5, 16], "rotation": 90, "texture": "#0"},
				"up": {"uv": [0, 0, 16, 0.5], "rotation": 90, "texture": "#0"},
				"down": {"uv": [0, 0, 16, 0.5], "rotation": 90, "texture": "#0"}
			}
		},
		{
			"from": [4.5274, 8.9, 11.4],
			"to": [11.5294, 10.17988, 12.8],
			"rotation": {"angle": 0, "axis": "y", "origin": [8.0284, 9.53994, 12.1]},
			"faces": {
				"north": {"uv": [14, 2.5, 16, 13], "rotation": 90, "texture": "#0"},
				"east": {"uv": [2, 0, 0, 0.5], "rotation": 270, "texture": "#0"},
				"south": {"uv": [15.5, 0, 14.5, 16], "rotation": 90, "texture": "#0"},
				"west": {"uv": [2, 0, 0, 0.5], "rotation": 90, "texture": "#0"},
				"up": {"uv": [0, 0, 16, 0.5], "rotation": 180, "texture": "#0"},
				"down": {"uv": [0, 0, 16, 0.5], "texture": "#0"}
			}
		},
		{
			"from": [1.9274, 5.2, 9],
			"to": [4.9294, 8.47988, 13.4],
			"rotation": {"angle": -22.5, "axis": "y", "origin": [3.4284, 6.83994, 10.7]},
			"faces": {
				"north": {"uv": [10, 0, 16, 6], "texture": "#2"},
				"east": {"uv": [16, 0, 10, 6], "rotation": 270, "texture": "#2"},
				"south": {"uv": [16, 0, 10, 6], "rotation": 90, "texture": "#2"},
				"west": {"uv": [10, 6, 16, 0], "texture": "#2"},
				"up": {"uv": [10, 0, 16, 6], "rotation": 180, "texture": "#2"},
				"down": {"uv": [10, 0, 16, 6], "texture": "#2"}
			}
		},
		{
			"from": [5.9274, 5, 13],
			"to": [7.3294, 8.47988, 16.4],
			"rotation": {"angle": 0, "axis": "y", "origin": [6.6284, 6.83994, 14.7]},
			"faces": {
				"north": {"uv": [10, 0, 16, 6], "texture": "#2"},
				"east": {"uv": [16, 0, 10, 6], "rotation": 270, "texture": "#2"},
				"south": {"uv": [14, 6, 16, 0], "texture": "#2"},
				"west": {"uv": [10, 6, 16, 0], "texture": "#2"},
				"up": {"uv": [10, 0, 16, 6], "rotation": 180, "texture": "#2"},
				"down": {"uv": [10, 0, 16, 6], "texture": "#2"}
			}
		},
		{
			"from": [8.7274, 5, 16.4],
			"to": [10.1294, 8.47988, 19.8],
			"rotation": {"angle": 0, "axis": "z", "origin": [8.0284, 6.23994, 18.1]},
			"faces": {
				"north": {"uv": [10, 0, 16, 6], "texture": "#2"},
				"east": {"uv": [16, 0, 10, 6], "rotation": 270, "texture": "#2"},
				"south": {"uv": [14, 6, 16, 0], "texture": "#2"},
				"west": {"uv": [10, 6, 16, 0], "texture": "#2"},
				"up": {"uv": [10, 0, 16, 6], "rotation": 180, "texture": "#2"},
				"down": {"uv": [10, 0, 16, 6], "texture": "#2"}
			}
		},
		{
			"from": [5.9274, 5, 16.4],
			"to": [7.3294, 8.47988, 19.8],
			"rotation": {"angle": 0, "axis": "z", "origin": [8.0284, 6.23994, 18.1]},
			"faces": {
				"north": {"uv": [10, 0, 16, 6], "texture": "#2"},
				"east": {"uv": [16, 0, 10, 6], "rotation": 270, "texture": "#2"},
				"south": {"uv": [14, 6, 16, 0], "texture": "#2"},
				"west": {"uv": [10, 6, 16, 0], "texture": "#2"},
				"up": {"uv": [10, 0, 16, 6], "rotation": 180, "texture": "#2"},
				"down": {"uv": [10, 0, 16, 6], "texture": "#2"}
			}
		},
		{
			"from": [8.7274, 5, 13],
			"to": [10.1294, 8.47988, 16.4],
			"rotation": {"angle": 0, "axis": "y", "origin": [9.4284, 6.83994, 14.7]},
			"faces": {
				"north": {"uv": [10, 0, 16, 6], "texture": "#2"},
				"east": {"uv": [16, 0, 10, 6], "rotation": 270, "texture": "#2"},
				"south": {"uv": [14, 6, 16, 0], "texture": "#2"},
				"west": {"uv": [10, 6, 16, 0], "texture": "#2"},
				"up": {"uv": [10, 0, 16, 6], "rotation": 180, "texture": "#2"},
				"down": {"uv": [10, 0, 16, 6], "texture": "#2"}
			}
		},
		{
			"from": [7.3274, 5, 13],
			"to": [8.7294, 8.47988, 16.4],
			"rotation": {"angle": 0, "axis": "y", "origin": [8.0284, 6.83994, 14.7]},
			"faces": {
				"north": {"uv": [10, 0, 16, 6], "texture": "#2"},
				"east": {"uv": [16, 0, 10, 6], "rotation": 270, "texture": "#2"},
				"south": {"uv": [0.2, 1.1, 1.8, 0.4], "rotation": 90, "texture": "#0"},
				"west": {"uv": [10, 6, 16, 0], "texture": "#2"},
				"up": {"uv": [10, 0, 16, 6], "rotation": 180, "texture": "#2"},
				"down": {"uv": [10, 0, 16, 6], "texture": "#2"}
			}
		},
		{
			"from": [7.3274, 5, 16.4],
			"to": [8.7294, 6.47988, 19.8],
			"rotation": {"angle": 0, "axis": "z", "origin": [8.0284, 6.23994, 18.1]},
			"faces": {
				"north": {"uv": [10, 0, 16, 6], "texture": "#2"},
				"east": {"uv": [16, 0, 10, 6], "rotation": 270, "texture": "#2"},
				"south": {"uv": [14, 3, 16, 0], "texture": "#2"},
				"west": {"uv": [10, 6, 16, 0], "texture": "#2"},
				"up": {"uv": [10, 0, 16, 6], "rotation": 180, "texture": "#2"},
				"down": {"uv": [10, 0, 16, 6], "texture": "#2"}
			}
		},
		{
			"from": [6.3274, 2.8, 7.2],
			"to": [9.7294, 4.27988, 14.8],
			"rotation": {"angle": 0, "axis": "y", "origin": [8.0284, 4.63994, 9.1]},
			"faces": {
				"north": {"uv": [10, 0, 16, 6], "texture": "#2"},
				"east": {"uv": [16, 0, 14, 9], "rotation": 90, "texture": "#2"},
				"south": {"uv": [12, 2, 16, 0], "texture": "#2"},
				"west": {"uv": [16, 0, 14, 9], "rotation": 90, "texture": "#2"},
				"up": {"uv": [10, 0, 16, 6], "rotation": 180, "texture": "#2"},
				"down": {"uv": [10, 0, 16, 6], "texture": "#2"}
			}
		},
		{
			"from": [11.0706, 5.2, 9],
			"to": [14.0726, 8.47988, 12.4],
			"rotation": {"angle": 22.5, "axis": "y", "origin": [12.5716, 6.83994, 10.7]},
			"faces": {
				"north": {"uv": [16, 0, 10, 6], "texture": "#2"},
				"east": {"uv": [16, 6, 10, 0], "texture": "#2"},
				"south": {"uv": [16, 6, 10, 0], "rotation": 90, "texture": "#2"},
				"west": {"uv": [16, 6, 10, 0], "rotation": 270, "texture": "#2"},
				"up": {"uv": [16, 0, 10, 6], "rotation": 180, "texture": "#2"},
				"down": {"uv": [16, 0, 10, 6], "texture": "#2"}
			}
		},
		{
			"from": [7.7274, 10.2, 11.4001],
			"to": [11.5294, 11.57988, 12.8001],
			"rotation": {"angle": -22.5, "axis": "z", "origin": [8.0284, 10.93994, 12.1]},
			"faces": {
				"north": {"uv": [16, 2.5, 14, 7.5], "rotation": 90, "texture": "#0"},
				"east": {"uv": [2, 0, 0, 0.5], "rotation": 270, "texture": "#0"},
				"south": {"uv": [14, 9, 16, 4], "texture": "#0"},
				"west": {"uv": [2, 0, 0, 0.5], "rotation": 90, "texture": "#0"},
				"up": {"uv": [0, 0, 16, 0.5], "rotation": 180, "texture": "#0"},
				"down": {"uv": [0, 0, 16, 0.5], "texture": "#0"}
			}
		},
		{
			"from": [4.4706, 10.2, 11.4002],
			"to": [8.2726, 11.57988, 12.8002],
			"rotation": {"angle": 22.5, "axis": "z", "origin": [7.9716, 10.93994, 12.1]},
			"faces": {
				"north": {"uv": [16, 9.5, 14, 4.5], "rotation": 90, "texture": "#0"},
				"east": {"uv": [2, 0.5, 0, 0], "rotation": 90, "texture": "#0"},
				"south": {"uv": [16, 9, 14, 4], "texture": "#0"},
				"west": {"uv": [2, 0.5, 0, 0], "rotation": 270, "texture": "#0"},
				"up": {"uv": [16, 0, 0, 0.5], "rotation": 180, "texture": "#0"},
				"down": {"uv": [16, 0, 0, 0.5], "texture": "#0"}
			}
		},
		{
			"from": [7.3284, 8.9, 5.999],
			"to": [8.7284, 9.47988, 13.001],
			"rotation": {"angle": -45, "axis": "z", "origin": [8.0284, 9.18994, 11.5]},
			"faces": {
				"north": {"uv": [1, 0.5, 0.5, 1], "rotation": 270, "texture": "#0"},
				"east": {"uv": [15, 0, 16, 16], "rotation": 90, "texture": "#0"},
				"south": {"uv": [1, 0.5, 0.5, 1], "rotation": 90, "texture": "#0"},
				"west": {"uv": [15, 16, 16, 0], "rotation": 90, "texture": "#0"},
				"up": {"uv": [0, 0, 16, 0.5], "rotation": 90, "texture": "#0"},
				"down": {"uv": [0, 0, 16, 0.5], "rotation": 90, "texture": "#0"}
			}
		},
		{
			"from": [7.73846, 8.48994, 5.999],
			"to": [8.31834, 9.88994, 13.001],
			"rotation": {"angle": 0, "axis": "y", "origin": [8.0284, 9.18994, 11.5]},
			"faces": {
				"north": {"uv": [1, 0.5, 0.5, 1], "rotation": 180, "texture": "#0"},
				"east": {"uv": [0, 0, 16, 0.5], "rotation": 180, "texture": "#0"},
				"south": {"uv": [1, 0.5, 0.5, 1], "rotation": 180, "texture": "#0"},
				"west": {"uv": [0, 0, 16, 0.5], "rotation": 180, "texture": "#0"},
				"up": {"uv": [14.5, 0, 15.5, 16], "rotation": 180, "texture": "#0"},
				"down": {"uv": [15, 0, 16, 16], "rotation": 180, "texture": "#0"}
			}
		},
		{
			"from": [7.73846, 8.48994, 5.999],
			"to": [8.31834, 9.88994, 13.001],
			"rotation": {"angle": -45, "axis": "z", "origin": [8.0284, 9.18994, 11.5]},
			"faces": {
				"north": {"uv": [1, 0.5, 0.5, 1], "rotation": 180, "texture": "#0"},
				"east": {"uv": [0, 0, 16, 0.5], "rotation": 180, "texture": "#0"},
				"south": {"uv": [1, 0.5, 0.5, 1], "rotation": 180, "texture": "#0"},
				"west": {"uv": [0, 0, 16, 0.5], "rotation": 180, "texture": "#0"},
				"up": {"uv": [15, 0, 16, 16], "rotation": 180, "texture": "#0"},
				"down": {"uv": [15, 0, 16, 16], "rotation": 180, "texture": "#0"}
			}
		},
		{
			"from": [7.3284, 5.5, 4.999],
			"to": [8.7284, 6.07988, 13.001],
			"rotation": {"angle": 0, "axis": "y", "origin": [8.0284, 5.78994, 11.5]},
			"faces": {
				"north": {"uv": [2, 0, 0, 0.5], "rotation": 270, "texture": "#0"},
				"east": {"uv": [15.5, 0, 14.5, 16], "rotation": 90, "texture": "#0"},
				"south": {"uv": [2, 0, 0, 0.5], "rotation": 90, "texture": "#0"},
				"west": {"uv": [14.5, 0, 15.5, 16], "rotation": 90, "texture": "#0"},
				"up": {"uv": [0, 0, 16, 0.5], "rotation": 90, "texture": "#0"},
				"down": {"uv": [0, 0, 16, 0.5], "rotation": 90, "texture": "#0"}
			}
		},
		{
			"from": [7.3284, 5.5, 4.999],
			"to": [8.7284, 6.07988, 13.001],
			"rotation": {"angle": -45, "axis": "z", "origin": [8.0284, 5.78994, 11.5]},
			"faces": {
				"north": {"uv": [2, 0, 0, 0.5], "rotation": 270, "texture": "#0"},
				"east": {"uv": [15, 0, 16, 16], "rotation": 90, "texture": "#0"},
				"south": {"uv": [2, 0, 0, 0.5], "rotation": 90, "texture": "#0"},
				"west": {"uv": [15, 16, 16, 0], "rotation": 90, "texture": "#0"},
				"up": {"uv": [0, 0, 16, 0.5], "rotation": 90, "texture": "#0"},
				"down": {"uv": [0, 0, 16, 0.5], "rotation": 90, "texture": "#0"}
			}
		},
		{
			"from": [7.73846, 5.08994, 4.999],
			"to": [8.31834, 6.48994, 13.001],
			"rotation": {"angle": 0, "axis": "y", "origin": [8.0284, 5.78994, 11.5]},
			"faces": {
				"north": {"uv": [2, 0, 0, 0.5], "rotation": 180, "texture": "#0"},
				"east": {"uv": [0, 0, 16, 0.5], "rotation": 180, "texture": "#0"},
				"south": {"uv": [2, 0, 0, 0.5], "rotation": 180, "texture": "#0"},
				"west": {"uv": [0, 0, 16, 0.5], "rotation": 180, "texture": "#0"},
				"up": {"uv": [14.5, 0, 15.5, 16], "rotation": 180, "texture": "#0"},
				"down": {"uv": [15, 0, 16, 16], "rotation": 180, "texture": "#0"}
			}
		},
		{
			"from": [7.73846, 5.08994, 4.999],
			"to": [8.31834, 6.48994, 13.001],
			"rotation": {"angle": -45, "axis": "z", "origin": [8.0284, 5.78994, 11.5]},
			"faces": {
				"north": {"uv": [2, 0, 0, 0.5], "rotation": 180, "texture": "#0"},
				"east": {"uv": [0, 0, 16, 0.5], "rotation": 180, "texture": "#0"},
				"south": {"uv": [2, 0, 0, 0.5], "rotation": 180, "texture": "#0"},
				"west": {"uv": [0, 0, 16, 0.5], "rotation": 180, "texture": "#0"},
				"up": {"uv": [15, 0, 16, 16], "rotation": 180, "texture": "#0"},
				"down": {"uv": [15, 0, 16, 16], "rotation": 180, "texture": "#0"}
			}
		},
		{
			"from": [7.8213, 6.0787, 3.699],
			"to": [8.2355, 6.2787, 5.001],
			"rotation": {"angle": 0, "axis": "y", "origin": [8.0284, 5.7787, 2]},
			"faces": {
				"north": {"uv": [2, 0, 0, 0.5], "texture": "#0"},
				"east": {"uv": [0, 0, 16, 0.5], "texture": "#0"},
				"south": {"uv": [2, 0, 0, 0.5], "texture": "#0"},
				"west": {"uv": [0, 0, 16, 0.5], "texture": "#0"},
				"up": {"uv": [15, 13, 16, 16], "texture": "#0"},
				"down": {"uv": [14, 0, 16, 14], "texture": "#0"}
			}
		},
		{
			"from": [7.5284, 5.5716, 3.699],
			"to": [7.7284, 5.9858, 5.001],
			"rotation": {"angle": -45, "axis": "z", "origin": [8.0284, 5.7787, 2]},
			"faces": {
				"north": {"uv": [2, 0, 0, 0.5], "rotation": 90, "texture": "#0"},
				"east": {"uv": [14, 0, 16, 14], "rotation": 270, "texture": "#0"},
				"south": {"uv": [2, 0, 0, 0.5], "rotation": 270, "texture": "#0"},
				"west": {"uv": [15, 13, 16, 16], "rotation": 270, "texture": "#0"},
				"up": {"uv": [0, 0, 16, 0.5], "rotation": 270, "texture": "#0"},
				"down": {"uv": [0, 0, 16, 0.5], "rotation": 270, "texture": "#0"}
			}
		},
		{
			"from": [7.8213, 6.0787, 3.699],
			"to": [8.2355, 6.2787, 5.001],
			"rotation": {"angle": -45, "axis": "z", "origin": [8.0284, 5.7787, 2]},
			"faces": {
				"north": {"uv": [2, 0, 0, 0.5], "texture": "#0"},
				"east": {"uv": [0, 0, 16, 0.5], "texture": "#0"},
				"south": {"uv": [2, 0, 0, 0.5], "texture": "#0"},
				"west": {"uv": [0, 0, 16, 0.5], "texture": "#0"},
				"up": {"uv": [15, 13, 16, 16], "texture": "#0"},
				"down": {"uv": [14, 0, 16, 14], "texture": "#0"}
			}
		},
		{
			"from": [8.3284, 5.5716, 3.699],
			"to": [8.5284, 5.9858, 5.001],
			"rotation": {"angle": 0, "axis": "y", "origin": [8.0284, 5.7787, 2]},
			"faces": {
				"north": {"uv": [2, 0, 0, 0.5], "rotation": 90, "texture": "#0"},
				"east": {"uv": [15, 13, 16, 16], "rotation": 270, "texture": "#0"},
				"south": {"uv": [2, 0, 0, 0.5], "rotation": 270, "texture": "#0"},
				"west": {"uv": [15, 0, 16, 16], "rotation": 270, "texture": "#0"},
				"up": {"uv": [0, 0, 16, 0.5], "rotation": 270, "texture": "#0"},
				"down": {"uv": [0, 0, 16, 0.5], "rotation": 270, "texture": "#0"}
			}
		},
		{
			"from": [8.3284, 5.5716, 3.699],
			"to": [8.5284, 5.9858, 5.001],
			"rotation": {"angle": -45, "axis": "z", "origin": [8.0284, 5.7787, 2]},
			"faces": {
				"north": {"uv": [2, 0, 0, 0.5], "rotation": 90, "texture": "#0"},
				"east": {"uv": [15, 13, 16, 16], "rotation": 270, "texture": "#0"},
				"south": {"uv": [2, 0, 0, 0.5], "rotation": 270, "texture": "#0"},
				"west": {"uv": [15, 0, 16, 16], "rotation": 270, "texture": "#0"},
				"up": {"uv": [0, 0, 16, 0.5], "rotation": 270, "texture": "#0"},
				"down": {"uv": [0, 0, 16, 0.5], "rotation": 270, "texture": "#0"}
			}
		},
		{
			"from": [7.8213, 5.2787, 3.699],
			"to": [8.2355, 5.4787, 5.001],
			"rotation": {"angle": 0, "axis": "y", "origin": [8.0284, 5.7787, 2]},
			"faces": {
				"north": {"uv": [2, 0, 0, 0.5], "texture": "#0"},
				"east": {"uv": [0, 0, 16, 0.5], "texture": "#0"},
				"south": {"uv": [2, 0, 0, 0.5], "texture": "#0"},
				"west": {"uv": [0, 0, 16, 0.5], "texture": "#0"},
				"up": {"uv": [15, 0, 16, 16], "texture": "#0"},
				"down": {"uv": [15, 13, 16, 16], "texture": "#0"}
			}
		},
		{
			"from": [7.7213, 5.4787, 3.599],
			"to": [8.3355, 6.0787, 4.901],
			"rotation": {"angle": 0, "axis": "y", "origin": [8.0284, 5.6287, 4.25]},
			"faces": {
				"north": {"uv": [1.5, 0, 0, 1.5], "texture": "#0"},
				"east": {"uv": [1, 1.5, 0, 0], "texture": "#0"},
				"south": {"uv": [2, 0, 0, 0.5], "texture": "#0"},
				"west": {"uv": [0, 0, 1, 1.5], "texture": "#0"},
				"up": {"uv": [0, 0, 1, 1.5], "texture": "#0"},
				"down": {"uv": [0, 0, 1, 1.5], "texture": "#0"}
			}
		},
		{
			"from": [7.6213, 8.7787, 5.899],
			"to": [8.4355, 9.5787, 7.201],
			"rotation": {"angle": 0, "axis": "y", "origin": [8.0284, 9.0287, 6.55]},
			"faces": {
				"north": {"uv": [1.5, 0, 0, 1.5], "texture": "#0"},
				"east": {"uv": [1, 1.5, 0, 0], "texture": "#0"},
				"south": {"uv": [2, 0, 0, 0.5], "texture": "#0"},
				"west": {"uv": [0, 0, 1, 1.5], "texture": "#0"},
				"up": {"uv": [0, 0, 1, 1.5], "texture": "#0"},
				"down": {"uv": [0, 0, 1, 1.5], "texture": "#0"}
			}
		},
		{
			"from": [7.8213, 5.2787, 3.699],
			"to": [8.2355, 5.4787, 5.001],
			"rotation": {"angle": -45, "axis": "z", "origin": [8.0284, 5.7787, 2]},
			"faces": {
				"north": {"uv": [2, 0, 0, 0.5], "texture": "#0"},
				"east": {"uv": [0, 0, 16, 0.5], "texture": "#0"},
				"south": {"uv": [2, 0, 0, 0.5], "texture": "#0"},
				"west": {"uv": [0, 0, 16, 0.5], "texture": "#0"},
				"up": {"uv": [15, 0, 16, 16], "texture": "#0"},
				"down": {"uv": [15, 13, 16, 16], "texture": "#0"}
			}
		},
		{
			"from": [7.5284, 5.5716, 3.699],
			"to": [7.7284, 5.9858, 5.001],
			"rotation": {"angle": 0, "axis": "y", "origin": [8.0284, 5.7787, 2]},
			"faces": {
				"north": {"uv": [2, 0, 0, 0.5], "rotation": 270, "texture": "#0"},
				"east": {"uv": [15, 13, 16, 16], "rotation": 90, "texture": "#0"},
				"south": {"uv": [2, 0, 0, 0.5], "rotation": 90, "texture": "#0"},
				"west": {"uv": [14.5, 13, 15.5, 16], "rotation": 90, "texture": "#0"},
				"up": {"uv": [0, 0, 16, 0.5], "rotation": 90, "texture": "#0"},
				"down": {"uv": [0, 0, 16, 0.5], "rotation": 90, "texture": "#0"}
			}
		},
		{
			"from": [7.3284, 7.1, -0.001],
			"to": [8.7284, 7.67988, 13.001],
			"rotation": {"angle": 0, "axis": "y", "origin": [8.0284, 7.38994, 5.5]},
			"faces": {
				"north": {"uv": [2, 0, 0, 0.5], "rotation": 270, "texture": "#0"},
				"east": {"uv": [15.5, 0, 14.5, 16], "rotation": 90, "texture": "#0"},
				"south": {"uv": [2, 0, 0, 0.5], "rotation": 90, "texture": "#0"},
				"west": {"uv": [14.5, 0, 15.5, 16], "rotation": 90, "texture": "#0"},
				"up": {"uv": [0, 0, 16, 0.5], "rotation": 90, "texture": "#0"},
				"down": {"uv": [0, 0, 16, 0.5], "rotation": 90, "texture": "#0"}
			}
		},
		{
			"from": [7.3284, 7.1, -0.001],
			"to": [8.7284, 7.67988, 13.001],
			"rotation": {"angle": -45, "axis": "z", "origin": [8.0284, 7.38994, 5.5]},
			"faces": {
				"north": {"uv": [2, 0, 0, 0.5], "rotation": 270, "texture": "#0"},
				"east": {"uv": [15, 0, 16, 16], "rotation": 90, "texture": "#0"},
				"south": {"uv": [2, 0, 0, 0.5], "rotation": 90, "texture": "#0"},
				"west": {"uv": [15, 16, 16, 0], "rotation": 90, "texture": "#0"},
				"up": {"uv": [0, 0, 16, 0.5], "rotation": 90, "texture": "#0"},
				"down": {"uv": [0, 0, 16, 0.5], "rotation": 90, "texture": "#0"}
			}
		},
		{
			"from": [7.73846, 6.68994, -0.001],
			"to": [8.31834, 8.08994, 13.001],
			"rotation": {"angle": 0, "axis": "z", "origin": [8.0284, 7.38994, 5.5]},
			"faces": {
				"north": {"uv": [2, 0, 0, 0.5], "rotation": 180, "texture": "#0"},
				"east": {"uv": [0, 0, 16, 0.5], "rotation": 180, "texture": "#0"},
				"south": {"uv": [2, 0, 0, 0.5], "rotation": 180, "texture": "#0"},
				"west": {"uv": [0, 0, 16, 0.5], "rotation": 180, "texture": "#0"},
				"up": {"uv": [14.5, 0, 15.5, 16], "rotation": 180, "texture": "#0"},
				"down": {"uv": [15, 0, 16, 16], "rotation": 180, "texture": "#0"}
			}
		},
		{
			"from": [7.73846, 6.68994, -0.001],
			"to": [8.31834, 8.08994, 13.001],
			"rotation": {"angle": -45, "axis": "z", "origin": [8.0284, 7.38994, 5.5]},
			"faces": {
				"north": {"uv": [2, 0, 0, 0.5], "rotation": 180, "texture": "#0"},
				"east": {"uv": [0, 0, 16, 0.5], "rotation": 180, "texture": "#0"},
				"south": {"uv": [2, 0, 0, 0.5], "rotation": 180, "texture": "#0"},
				"west": {"uv": [0, 0, 16, 0.5], "rotation": 180, "texture": "#0"},
				"up": {"uv": [15, 0, 16, 16], "rotation": 180, "texture": "#0"},
				"down": {"uv": [15, 0, 16, 16], "rotation": 180, "texture": "#0"}
			}
		},
		{
			"from": [4.5, 4.5, 7],
			"to": [6.5, 6.5, 7.2],
			"rotation": {"angle": 0, "axis": "y", "origin": [5.7, 5.5, 7.1]},
			"faces": {
				"north": {"uv": [10, 0, 16, 6], "texture": "#2"},
				"east": {"uv": [15.5, 0, 16, 5.5], "texture": "#2"},
				"south": {"uv": [10, 0, 16, 6], "texture": "#2"},
				"west": {"uv": [15.5, 0, 16, 6], "texture": "#2"},
				"up": {"uv": [15.5, 0, 16, 6], "rotation": 90, "texture": "#2"},
				"down": {"uv": [10, 0, 16, 0.5], "texture": "#2"}
			}
		},
		{
			"from": [2.6, 4.5, 7.3],
			"to": [4.6, 6.5, 7.5],
			"rotation": {"angle": 22.5, "axis": "y", "origin": [3.8, 5.5, 7.4]},
			"faces": {
				"north": {"uv": [10, 0, 16, 6], "texture": "#2"},
				"east": {"uv": [15.5, 0, 16, 6], "texture": "#2"},
				"south": {"uv": [10, 0, 16, 6], "texture": "#2"},
				"west": {"uv": [15.5, 0, 16, 6], "texture": "#2"},
				"up": {"uv": [15.5, 0, 16, 6], "rotation": 90, "texture": "#2"},
				"down": {"uv": [0, 0, 2, 2], "texture": "#2"}
			}
		},
		{
			"from": [11.4, 4.5, 7.3],
			"to": [13.4, 6.5, 7.5],
			"rotation": {"angle": -22.5, "axis": "y", "origin": [12.2, 5.5, 7.4]},
			"faces": {
				"north": {"uv": [16, 0, 10, 6], "texture": "#2"},
				"east": {"uv": [16, 0, 15.5, 6], "texture": "#2"},
				"south": {"uv": [16, 0, 10, 6], "texture": "#2"},
				"west": {"uv": [16, 0, 15.5, 6], "texture": "#2"},
				"up": {"uv": [15.5, 6, 16, 0], "rotation": 90, "texture": "#2"},
				"down": {"uv": [2, 0, 0, 2], "texture": "#2"}
			}
		},
		{
			"from": [2.6, 2.5, 7.3],
			"to": [4.6, 4.5, 7.5],
			"rotation": {"angle": 22.5, "axis": "y", "origin": [3.8, 3.5, 7.4]},
			"faces": {
				"north": {"uv": [10, 0, 16, 6], "texture": "#2"},
				"east": {"uv": [15.5, 0, 16, 6], "texture": "#2"},
				"south": {"uv": [10, 0, 16, 6], "texture": "#2"},
				"west": {"uv": [15.5, 0, 16, 6], "texture": "#2"},
				"up": {"uv": [15.5, 0, 16, 6], "rotation": 90, "texture": "#2"},
				"down": {"uv": [15.5, 0, 16, 5], "rotation": 90, "texture": "#2"}
			}
		},
		{
			"from": [4.5, 2.5, 7],
			"to": [6.5, 4.5, 7.2],
			"rotation": {"angle": 0, "axis": "y", "origin": [5.7, 3.5, 7.1]},
			"faces": {
				"north": {"uv": [10, 0, 16, 6], "texture": "#2"},
				"east": {"uv": [15.5, 0, 16, 5.5], "texture": "#2"},
				"south": {"uv": [10, 0, 16, 6], "texture": "#2"},
				"west": {"uv": [15.5, 0, 16, 6], "texture": "#2"},
				"up": {"uv": [15.5, 0, 16, 6], "rotation": 90, "texture": "#2"},
				"down": {"uv": [10, 0, 16, 0.5], "texture": "#2"}
			}
		},
		{
			"from": [9.5, 2.5, 7],
			"to": [11.5, 4.5, 7.2],
			"rotation": {"angle": 0, "axis": "y", "origin": [10.7, 3.5, 7.1]},
			"faces": {
				"north": {"uv": [10, 0, 16, 6], "texture": "#2"},
				"east": {"uv": [10, 0, 16, 0.5], "texture": "#2"},
				"south": {"uv": [10, 0, 16, 6], "texture": "#2"},
				"west": {"uv": [15.5, 0, 16, 6], "texture": "#2"},
				"up": {"uv": [15.5, 0, 16, 6], "rotation": 90, "texture": "#2"},
				"down": {"uv": [10, 0, 16, 0.5], "texture": "#2"}
			}
		},
		{
			"from": [11.4, 2.5, 7.3],
			"to": [13.4, 4.5, 7.5],
			"rotation": {"angle": -22.5, "axis": "y", "origin": [12.2, 3.5, 7.4]},
			"faces": {
				"north": {"uv": [16, 0, 10, 6], "texture": "#2"},
				"east": {"uv": [16, 0, 15.5, 6], "texture": "#2"},
				"south": {"uv": [16, 0, 10, 6], "texture": "#2"},
				"west": {"uv": [16, 0, 15.5, 6], "texture": "#2"},
				"up": {"uv": [15.5, 6, 16, 0], "rotation": 90, "texture": "#2"},
				"down": {"uv": [15.5, 6, 16, 0], "rotation": 90, "texture": "#2"}
			}
		},
		{
			"from": [2.355, 4.5, 7.73],
			"to": [2.555, 6.5, 12.73],
			"rotation": {"angle": -22.5, "axis": "y", "origin": [2.4, 5.5, 8.5]},
			"faces": {
				"north": {"uv": [15.5, 0, 16, 6], "texture": "#2"},
				"east": {"uv": [10, 0, 16, 6], "texture": "#2"},
				"south": {"uv": [15.5, 0, 16, 6], "texture": "#2"},
				"west": {"uv": [10, 0, 16, 9], "rotation": 90, "texture": "#2"},
				"up": {"uv": [15.5, 0, 16, 6], "texture": "#2"},
				"down": {"uv": [0, 0, 2, 2], "rotation": 90, "texture": "#2"}
			}
		},
		{
			"from": [2.355, 2.5, 7.73],
			"to": [2.555, 4.5, 12.73],
			"rotation": {"angle": -22.5, "axis": "y", "origin": [2.4, 3.5, 8.5]},
			"faces": {
				"north": {"uv": [15.5, 0, 16, 6], "texture": "#2"},
				"east": {"uv": [10, 0, 16, 6], "texture": "#2"},
				"south": {"uv": [15.5, 0, 16, 6], "texture": "#2"},
				"west": {"uv": [10, 0, 16, 9], "rotation": 90, "texture": "#2"},
				"up": {"uv": [15.5, 0, 16, 6], "texture": "#2"},
				"down": {"uv": [15.5, 0, 16, 9], "texture": "#2"}
			}
		},
		{
			"from": [0.73, 2.5, 12.01936],
			"to": [0.93, 4.5, 17.01936],
			"rotation": {"angle": -22.5, "axis": "x", "origin": [0.78877, 3.5, 12.1]},
			"faces": {
				"north": {"uv": [15.5, 0, 16, 6], "texture": "#2"},
				"east": {"uv": [12.5, 0, 16, 9], "rotation": 90, "texture": "#2"},
				"south": {"uv": [15.5, 0, 16, 6], "texture": "#2"},
				"west": {"uv": [12.5, 0, 16, 9], "rotation": 90, "texture": "#2"},
				"up": {"uv": [15.5, 0, 16, 6], "texture": "#2"},
				"down": {"uv": [15.5, 0, 16, 9], "texture": "#2"}
			}
		},
		{
			"from": [15.03, 2.5, 12.01936],
			"to": [15.23, 4.5, 17.01936],
			"rotation": {"angle": -22.5, "axis": "x", "origin": [15.08877, 3.5, 12.1]},
			"faces": {
				"north": {"uv": [15.5, 0, 16, 6], "texture": "#2"},
				"east": {"uv": [12.5, 0, 16, 9], "rotation": 90, "texture": "#2"},
				"south": {"uv": [15.5, 0, 16, 6], "texture": "#2"},
				"west": {"uv": [12.5, 0, 16, 9], "rotation": 90, "texture": "#2"},
				"up": {"uv": [15.5, 0, 16, 6], "texture": "#2"},
				"down": {"uv": [15.5, 0, 16, 9], "texture": "#2"}
			}
		},
		{
			"from": [13.445, 4.5, 7.73],
			"to": [13.645, 6.5, 12.73],
			"rotation": {"angle": 22.5, "axis": "y", "origin": [13.6, 5.5, 8.5]},
			"faces": {
				"north": {"uv": [16, 0, 15.5, 6], "texture": "#2"},
				"east": {"uv": [10, 9, 16, 0], "rotation": 90, "texture": "#2"},
				"south": {"uv": [16, 0, 15.5, 6], "texture": "#2"},
				"west": {"uv": [16, 0, 10, 6], "texture": "#2"},
				"up": {"uv": [16, 0, 15.5, 6], "texture": "#2"},
				"down": {"uv": [0, 2, 2, 0], "rotation": 90, "texture": "#2"}
			}
		},
		{
			"from": [13.445, 2.5, 7.73],
			"to": [13.645, 4.5, 12.73],
			"rotation": {"angle": 22.5, "axis": "y", "origin": [13.6, 3.5, 8.5]},
			"faces": {
				"north": {"uv": [16, 0, 15.5, 6], "texture": "#2"},
				"east": {"uv": [10, 9, 16, 0], "rotation": 90, "texture": "#2"},
				"south": {"uv": [16, 0, 15.5, 6], "texture": "#2"},
				"west": {"uv": [16, 0, 10, 6], "texture": "#2"},
				"up": {"uv": [16, 0, 15.5, 6], "texture": "#2"},
				"down": {"uv": [16, 0, 15.5, 9], "texture": "#2"}
			}
		},
		{
			"from": [0.355, 4.5, 12.33],
			"to": [0.555, 8.6, 16.73],
			"rotation": {"angle": -22.5, "axis": "y", "origin": [0.4, 5.5, 13.5]},
			"faces": {
				"north": {"uv": [15.5, 0, 16, 6], "texture": "#2"},
				"east": {"uv": [10, 0, 16, 6], "texture": "#2"},
				"south": {"uv": [15.5, 0, 16, 6], "texture": "#2"},
				"west": {"uv": [10, 0, 16, 9], "rotation": 90, "texture": "#2"},
				"up": {"uv": [15.5, 0, 16, 6], "texture": "#2"},
				"down": {"uv": [15.5, 0, 16, 9], "texture": "#2"}
			}
		},
		{
			"from": [15.445, 4.5, 12.33],
			"to": [15.645, 8.6, 16.73],
			"rotation": {"angle": 22.5, "axis": "y", "origin": [15.6, 5.5, 13.5]},
			"faces": {
				"north": {"uv": [16, 0, 15.5, 6], "texture": "#2"},
				"east": {"uv": [10, 9, 16, 0], "rotation": 90, "texture": "#2"},
				"south": {"uv": [16, 0, 15.5, 6], "texture": "#2"},
				"west": {"uv": [16, 0, 10, 6], "texture": "#2"},
				"up": {"uv": [16, 0, 15.5, 6], "texture": "#2"},
				"down": {"uv": [0, 2, 2, 0], "rotation": 90, "texture": "#2"}
			}
		},
		{
			"from": [-0.87, 4.5, 16.43],
			"to": [-0.67, 8.5, 28.13],
			"rotation": {"angle": 0, "axis": "y", "origin": [-0.9, 5.5, 21.8]},
			"faces": {
				"north": {"uv": [15.5, 0, 16, 6], "texture": "#2"},
				"east": {"uv": [10, 0, 16, 6], "texture": "#2"},
				"south": {"uv": [15.5, 0, 16, 6], "texture": "#2"},
				"west": {"uv": [10, 0, 16, 9], "rotation": 90, "texture": "#2"},
				"up": {"uv": [15.5, 0, 16, 6], "texture": "#2"},
				"down": {"uv": [15.5, 0, 16, 9], "rotation": 90, "texture": "#2"}
			}
		},
		{
			"from": [16.67, 4.5, 16.43],
			"to": [16.87, 8.5, 28.13],
			"rotation": {"angle": 0, "axis": "y", "origin": [16.9, 5.5, 21.8]},
			"faces": {
				"north": {"uv": [16, 0, 15.5, 6], "texture": "#2"},
				"east": {"uv": [10, 9, 16, 0], "rotation": 90, "texture": "#2"},
				"south": {"uv": [16, 0, 15.5, 6], "texture": "#2"},
				"west": {"uv": [16, 0, 10, 6], "texture": "#2"},
				"up": {"uv": [16, 0, 15.5, 6], "texture": "#2"},
				"down": {"uv": [15.5, 9, 16, 0], "rotation": 90, "texture": "#2"}
			}
		},
		{
			"from": [9.5, 4.5, 7],
			"to": [11.5, 6.5, 7.2],
			"rotation": {"angle": 0, "axis": "y", "origin": [10.7, 5.5, 7.1]},
			"faces": {
				"north": {"uv": [10, 0, 16, 6], "texture": "#2"},
				"east": {"uv": [10, 0, 16, 0.5], "texture": "#2"},
				"south": {"uv": [10, 0, 16, 6], "texture": "#2"},
				"west": {"uv": [15.5, 0, 16, 6], "texture": "#2"},
				"up": {"uv": [15.5, 0, 16, 6], "rotation": 90, "texture": "#2"},
				"down": {"uv": [10, 0, 16, 0.5], "texture": "#2"}
			}
		},
		{
			"from": [7.1, 6.6, 7],
			"to": [9, 10, 7.2],
			"rotation": {"angle": 0, "axis": "y", "origin": [8, 8, 7.1]},
			"faces": {
				"north": {"uv": [10, 0, 16, 9], "texture": "#2"},
				"east": {"uv": [15.5, 0, 16, 9], "texture": "#2"},
				"south": {"uv": [10, 0, 16, 9], "texture": "#2"},
				"west": {"uv": [15.5, 0, 16, 9], "texture": "#2"},
				"up": {"uv": [15.5, 0, 16, 6], "rotation": 90, "texture": "#2"},
				"down": {"uv": [15.5, 0, 16, 9], "texture": "#2"}
			}
		},
		{
			"from": [6.75, 2.55, 7],
			"to": [9.25, 4.45, 7.2],
			"rotation": {"angle": 0, "axis": "z", "origin": [8.05, 3.5, 7.1]},
			"faces": {
				"north": {"uv": [11, 0, 16, 3.5], "texture": "#2"},
				"east": {"uv": [15.5, 0, 16, 9], "rotation": 270, "texture": "#2"},
				"south": {"uv": [10, 0, 16, 9], "rotation": 270, "texture": "#2"},
				"west": {"uv": [15.5, 0, 16, 6], "texture": "#2"},
				"up": {"uv": [15.5, 0, 16, 9], "rotation": 270, "texture": "#2"},
				"down": {"uv": [15.5, 0, 16, 9], "rotation": 270, "texture": "#2"}
			}
		},
		{
			"from": [4.5, 6.015, 8.03],
			"to": [6.5, 10.015, 8.23],
			"rotation": {"angle": 45, "axis": "x", "origin": [5.5, 7.5, 8.1]},
			"faces": {
				"north": {"uv": [10, 0, 16, 9], "texture": "#2"},
				"east": {"uv": [15.5, 0, 16, 6], "texture": "#2"},
				"south": {"uv": [10, 0, 16, 9], "texture": "#2"},
				"west": {"uv": [15.5, 0, 16, 9], "texture": "#2"},
				"up": {"uv": [15.5, 0, 16, 6], "rotation": 270, "texture": "#2"},
				"down": {"uv": [15.5, 0, 16, 9], "rotation": 90, "texture": "#2"}
			}
		},
		{
			"from": [4.5, 6.015, 8.03],
			"to": [6.5, 10.015, 8.23],
			"rotation": {"angle": 45, "axis": "x", "origin": [5.5, 7.5, 8.1]},
			"faces": {
				"north": {"uv": [10, 0, 16, 9], "texture": "#2"},
				"east": {"uv": [15.5, 0, 16, 6], "texture": "#2"},
				"south": {"uv": [10, 0, 16, 9], "texture": "#2"},
				"west": {"uv": [15.5, 0, 16, 9], "texture": "#2"},
				"up": {"uv": [15.5, 0, 16, 6], "rotation": 270, "texture": "#2"},
				"down": {"uv": [15.5, 0, 16, 9], "rotation": 90, "texture": "#2"}
			}
		},
		{
			"from": [-0.115, 12, 11.1],
			"to": [7.985, 12.2, 13.6],
			"rotation": {"angle": 22.5, "axis": "z", "origin": [8, 12.1, 13.6]},
			"faces": {
				"north": {"uv": [15.5, 0, 16, 9], "rotation": 90, "texture": "#2"},
				"east": {"uv": [15.5, 0, 16, 9], "rotation": 270, "texture": "#2"},
				"south": {"uv": [15.5, 0, 16, 6], "rotation": 270, "texture": "#2"},
				"west": {"uv": [15.5, 0, 16, 6], "rotation": 270, "texture": "#2"},
				"up": {"uv": [13, 0, 16, 9], "rotation": 270, "texture": "#2"},
				"down": {"uv": [10, 0, 16, 9], "rotation": 270, "texture": "#2"}
			}
		},
		{
			"from": [8.015, 12, 13.6],
			"to": [17.015, 12.2, 16.1],
			"rotation": {"angle": -22.5, "axis": "z", "origin": [8, 12.1, 13.6]},
			"faces": {
				"north": {"uv": [15.5, 0, 16, 9], "rotation": 270, "texture": "#2"},
				"east": {"uv": [15.5, 0, 16, 6], "rotation": 90, "texture": "#2"},
				"south": {"uv": [15.5, 0, 16, 6], "rotation": 90, "texture": "#2"},
				"west": {"uv": [15.5, 0, 16, 9], "rotation": 90, "texture": "#2"},
				"up": {"uv": [10, 0, 13.5, 9], "rotation": 90, "texture": "#2"},
				"down": {"uv": [10, 0, 16, 9], "rotation": 90, "texture": "#2"}
			}
		},
		{
			"from": [-1.015, 12, 13.6],
			"to": [7.985, 12.2, 16.1],
			"rotation": {"angle": 22.5, "axis": "z", "origin": [8, 12.1, 13.6]},
			"faces": {
				"north": {"uv": [15.5, 0, 16, 9], "rotation": 90, "texture": "#2"},
				"east": {"uv": [15.5, 0, 16, 9], "rotation": 270, "texture": "#2"},
				"south": {"uv": [15.5, 0, 16, 6], "rotation": 270, "texture": "#2"},
				"west": {"uv": [15.5, 0, 16, 6], "rotation": 270, "texture": "#2"},
				"up": {"uv": [10, 0, 13.5, 9], "rotation": 270, "texture": "#2"},
				"down": {"uv": [10, 0, 16, 9], "rotation": 270, "texture": "#2"}
			}
		},
		{
			"from": [8.015, 12, 16.1],
			"to": [17.515, 12.2, 21.1],
			"rotation": {"angle": -22.5, "axis": "z", "origin": [8, 12.1, 18.6]},
			"faces": {
				"north": {"uv": [15.5, 0, 16, 9], "rotation": 270, "texture": "#2"},
				"east": {"uv": [15.5, 0, 16, 6], "rotation": 90, "texture": "#2"},
				"south": {"uv": [15.5, 0, 16, 6], "rotation": 90, "texture": "#2"},
				"west": {"uv": [15.5, 0, 16, 9], "rotation": 90, "texture": "#2"},
				"up": {"uv": [16, 0, 10, 9], "rotation": 90, "texture": "#2"},
				"down": {"uv": [10, 0, 16, 9], "rotation": 90, "texture": "#2"}
			}
		},
		{
			"from": [-1.515, 12, 16.1],
			"to": [7.985, 12.2, 21.1],
			"rotation": {"angle": 22.5, "axis": "z", "origin": [8, 12.1, 18.6]},
			"faces": {
				"north": {"uv": [15.5, 0, 16, 9], "rotation": 90, "texture": "#2"},
				"east": {"uv": [15.5, 0, 16, 9], "rotation": 270, "texture": "#2"},
				"south": {"uv": [15.5, 0, 16, 6], "rotation": 270, "texture": "#2"},
				"west": {"uv": [15.5, 0, 16, 6], "rotation": 270, "texture": "#2"},
				"up": {"uv": [16, 0, 10, 9], "rotation": 270, "texture": "#2"},
				"down": {"uv": [10, 0, 16, 9], "rotation": 270, "texture": "#2"}
			}
		},
		{
			"from": [8.015, 12, 21.1],
			"to": [17.515, 12.2, 28.1],
			"rotation": {"angle": -22.5, "axis": "z", "origin": [8, 12.1, 23.6]},
			"faces": {
				"north": {"uv": [15.5, 0, 16, 9], "rotation": 270, "texture": "#2"},
				"east": {"uv": [15.5, 0, 16, 6], "rotation": 90, "texture": "#2"},
				"south": {"uv": [15.5, 0, 16, 6], "rotation": 90, "texture": "#2"},
				"west": {"uv": [15.5, 0, 16, 9], "rotation": 90, "texture": "#2"},
				"up": {"uv": [10, 0, 16, 9], "rotation": 90, "texture": "#2"},
				"down": {"uv": [10, 0, 16, 9], "rotation": 90, "texture": "#2"}
			}
		},
		{
			"from": [-1.515, 12, 21.1],
			"to": [7.985, 12.2, 28.1],
			"rotation": {"angle": 22.5, "axis": "z", "origin": [8, 12.1, 23.6]},
			"faces": {
				"north": {"uv": [15.5, 0, 16, 9], "rotation": 90, "texture": "#2"},
				"east": {"uv": [15.5, 0, 16, 9], "rotation": 270, "texture": "#2"},
				"south": {"uv": [15.5, 0, 16, 6], "rotation": 270, "texture": "#2"},
				"west": {"uv": [15.5, 0, 16, 6], "rotation": 270, "texture": "#2"},
				"up": {"uv": [10, 0, 16, 9], "rotation": 270, "texture": "#2"},
				"down": {"uv": [10, 0, 16, 9], "rotation": 270, "texture": "#2"}
			}
		},
		{
			"from": [8.015, 12, 11.1],
			"to": [16.315, 12.2, 13.6],
			"rotation": {"angle": -22.5, "axis": "z", "origin": [8, 12.1, 13.6]},
			"faces": {
				"north": {"uv": [15.5, 0, 16, 9], "rotation": 270, "texture": "#2"},
				"east": {"uv": [15.5, 0, 16, 6], "rotation": 90, "texture": "#2"},
				"south": {"uv": [15.5, 0, 16, 6], "rotation": 90, "texture": "#2"},
				"west": {"uv": [15.5, 0, 16, 9], "rotation": 90, "texture": "#2"},
				"up": {"uv": [13, 0, 16, 9], "rotation": 90, "texture": "#2"},
				"down": {"uv": [10, 0, 16, 9], "rotation": 90, "texture": "#2"}
			}
		},
		{
			"from": [9.5, 6.015, 8.03],
			"to": [11.5, 10.015, 8.23],
			"rotation": {"angle": 45, "axis": "x", "origin": [10.5, 7.5, 8.1]},
			"faces": {
				"north": {"uv": [10, 0, 16, 9], "texture": "#2"},
				"east": {"uv": [15.5, 0, 16, 6], "texture": "#2"},
				"south": {"uv": [10, 0, 16, 9], "texture": "#2"},
				"west": {"uv": [15.5, 0, 16, 9], "texture": "#2"},
				"up": {"uv": [15.5, 0, 16, 6], "rotation": 270, "texture": "#2"},
				"down": {"uv": [15.5, 0, 16, 9], "rotation": 90, "texture": "#2"}
			}
		},
		{
			"name": "octagon",
			"from": [2.92157, 9.05, 10.6501],
			"to": [3.17157, 9.6713, 15.6501],
			"rotation": {"angle": 0, "axis": "y", "origin": [3.67157, 9.36065, 13.1501]},
			"faces": {
				"north": {"uv": [2, 10, 0, 10.5], "rotation": 180, "texture": "#0"},
				"east": {"uv": [2, 10, 0, 12], "rotation": 180, "texture": "#0"},
				"south": {"uv": [0.5, 11.5, 2.5, 12], "rotation": 180, "texture": "#0"},
				"west": {"uv": [11, 10, 0, 11.5], "rotation": 180, "texture": "#0"},
				"up": {"uv": [3, 10.5, 1.5, 12.5], "rotation": 180, "texture": "#0"},
				"down": {"uv": [3.5, 11, 1.5, 13], "rotation": 180, "texture": "#0"}
			}
		},
		{
			"name": "octagon",
			"from": [3.36092, 9.86065, 10.6501],
			"to": [3.98222, 10.11065, 15.6501],
			"rotation": {"angle": 45, "axis": "z", "origin": [3.67157, 9.36065, 13.1501]},
			"faces": {
				"north": {"uv": [2, 10, 0, 10.5], "rotation": 90, "texture": "#0"},
				"east": {"uv": [3, 10.5, 1.5, 12.5], "rotation": 270, "texture": "#0"},
				"south": {"uv": [0.5, 12, 2.5, 11.5], "rotation": 270, "texture": "#0"},
				"west": {"uv": [3.5, 11, 1.5, 13], "rotation": 270, "texture": "#0"},
				"up": {"uv": [11, 11.5, 0, 10], "rotation": 270, "texture": "#0"},
				"down": {"uv": [2, 10, 0, 12], "rotation": 270, "texture": "#0"}
			}
		},
		{
			"name": "octagon",
			"from": [3.36092, 8.61065, 10.6501],
			"to": [3.98222, 8.86065, 15.6501],
			"rotation": {"angle": 0, "axis": "y", "origin": [3.67157, 9.36065, 13.1501]},
			"faces": {
				"north": {"uv": [2, 10, 0, 10.5], "rotation": 90, "texture": "#0"},
				"east": {"uv": [3, 10.5, 1.5, 12.5], "rotation": 270, "texture": "#0"},
				"south": {"uv": [2.5, 11.5, 0.5, 12], "rotation": 270, "texture": "#0"},
				"west": {"uv": [3.5, 11, 1.5, 13], "rotation": 270, "texture": "#0"},
				"up": {"uv": [2, 10, 0, 12], "rotation": 270, "texture": "#0"},
				"down": {"uv": [11, 10, 0, 11.5], "rotation": 270, "texture": "#0"}
			}
		},
		{
			"name": "octagon",
			"from": [2.92157, 9.05, 10.6501],
			"to": [3.17157, 9.6713, 15.6501],
			"rotation": {"angle": 45, "axis": "z", "origin": [3.67157, 9.36065, 13.1501]},
			"faces": {
				"north": {"uv": [2, 10, 0, 10.5], "texture": "#0"},
				"east": {"uv": [2, 10, 0, 12], "texture": "#0"},
				"south": {"uv": [2.5, 12, 0.5, 11.5], "texture": "#0"},
				"west": {"uv": [11, 10, 0, 11.5], "texture": "#0"},
				"up": {"uv": [3.5, 11, 1.5, 13], "texture": "#0"},
				"down": {"uv": [3, 10.5, 1.5, 12.5], "texture": "#0"}
			}
		},
		{
			"name": "octagon",
			"from": [4.17157, 9.05, 10.6501],
			"to": [4.42157, 9.6713, 15.6501],
			"rotation": {"angle": 0, "axis": "y", "origin": [3.67157, 9.36065, 13.1501]},
			"faces": {
				"north": {"uv": [2, 10, 0, 10.5], "texture": "#0"},
				"east": {"uv": [11, 10, 0, 11.5], "texture": "#0"},
				"south": {"uv": [0.5, 11.5, 2.5, 12], "texture": "#0"},
				"west": {"uv": [2, 10, 0, 12], "texture": "#0"},
				"up": {"uv": [3.5, 11, 1.5, 13], "texture": "#0"},
				"down": {"uv": [3, 10.5, 1.5, 12.5], "texture": "#0"}
			}
		},
		{
			"name": "octagon",
			"from": [4.17157, 9.05, 10.6501],
			"to": [4.42157, 9.6713, 15.6501],
			"rotation": {"angle": -45, "axis": "z", "origin": [3.67157, 9.36065, 13.1501]},
			"faces": {
				"north": {"uv": [2, 10, 0, 10.5], "texture": "#0"},
				"east": {"uv": [11, 11.5, 0, 10], "texture": "#0"},
				"south": {"uv": [0.5, 12, 2.5, 11.5], "texture": "#0"},
				"west": {"uv": [2, 10, 0, 12], "texture": "#0"},
				"up": {"uv": [3.5, 11, 1.5, 13], "texture": "#0"},
				"down": {"uv": [3, 10.5, 1.5, 12.5], "texture": "#0"}
			}
		},
		{
			"name": "octagon",
			"from": [3.36092, 9.86065, 10.6501],
			"to": [3.98222, 10.11065, 15.6501],
			"rotation": {"angle": 0, "axis": "y", "origin": [3.67157, 9.36065, 13.1501]},
			"faces": {
				"north": {"uv": [2, 10, 0, 10.5], "rotation": 270, "texture": "#0"},
				"east": {"uv": [3.5, 11, 1.5, 13], "rotation": 90, "texture": "#0"},
				"south": {"uv": [2.5, 11.5, 0.5, 12], "rotation": 90, "texture": "#0"},
				"west": {"uv": [3, 10.5, 1.5, 12.5], "rotation": 90, "texture": "#0"},
				"up": {"uv": [0, 11.5, 11, 10], "rotation": 90, "texture": "#0"},
				"down": {"uv": [2, 10, 0, 12], "rotation": 90, "texture": "#0"}
			}
		},
		{
			"name": "octagon",
			"from": [3.36092, 9.86065, 10.6501],
			"to": [3.98222, 10.11065, 15.6501],
			"rotation": {"angle": -45, "axis": "z", "origin": [3.67157, 9.36065, 13.1501]},
			"faces": {
				"north": {"uv": [2, 10, 0, 10.5], "rotation": 270, "texture": "#0"},
				"east": {"uv": [3.5, 11, 1.5, 13], "rotation": 90, "texture": "#0"},
				"south": {"uv": [2.5, 11.5, 0.5, 12], "rotation": 90, "texture": "#0"},
				"west": {"uv": [3, 10.5, 1.5, 12.5], "rotation": 90, "texture": "#0"},
				"up": {"uv": [11, 10, 0, 11.5], "rotation": 90, "texture": "#0"},
				"down": {"uv": [2, 10, 0, 12], "rotation": 90, "texture": "#0"}
			}
		},
		{
			"from": [3.15, 8.85, 15.4],
			"to": [4.25, 9.85, 15.4],
			"rotation": {"angle": 0, "axis": "y", "origin": [2.9, 10.6, 14.4]},
			"faces": {
				"east": {"uv": [4.5, 13, 5, 16], "texture": "#missing"},
				"south": {"uv": [4, 4, 12.25, 12.25], "texture": "#1"},
				"west": {"uv": [7, 13, 7.5, 16], "texture": "#missing"},
				"up": {"uv": [4.5, 13, 7.5, 13.5], "texture": "#missing"},
				"down": {"uv": [4.5, 15.5, 7.5, 16], "texture": "#missing"}
			}
		},
		{
			"from": [3.15, 8.85, 10.7],
			"to": [4.2, 9.85, 10.7],
			"rotation": {"angle": 0, "axis": "y", "origin": [3.7, 9.35, 10.7]},
			"faces": {
				"north": {"uv": [4, 4, 12.25, 12.25], "texture": "#1"},
				"east": {"uv": [7, 13, 7.5, 16], "texture": "#missing"},
				"west": {"uv": [4.5, 13, 5, 16], "texture": "#missing"},
				"up": {"uv": [4.5, 13, 7.5, 13.5], "rotation": 180, "texture": "#missing"},
				"down": {"uv": [4.5, 15.5, 7.5, 16], "rotation": 180, "texture": "#missing"}
			}
		}
	],
	"display": {
		"thirdperson_righthand": {
			"rotation": [6, -20, 0],
			"translation": [5.25, 4.25, -23.75],
			"scale": [2.79, 2.79, 2.79]
		},
		"thirdperson_lefthand": {
			"translation": [-9.75, 2, 10.25]
		},
		"firstperson_righthand": {
			"rotation": [0, -10, 0],
			"translation": [4.194, 16.575, 8.5],
			"scale": [1, 1, 0.25]
		},
		"firstperson_lefthand": {
			"translation": [0, -80, 0]
		},
		"ground": {
			"translation": [-0.75, 5.25, -17.25],
			"scale": [2.21, 2.21, 2.21]
		},
		"gui": {
			"rotation": [21, 150, 0],
			"translation": [-3.75, -1.25, 0],
			"scale": [0.9, 1.04, 1.04]
		},
		"head": {
			"translation": [-0.25, 2, -22.75],
			"scale": [2.75, 2.75, 2.75]
		},
		"fixed": {
			"rotation": [0, -90, 90],
			"translation": [32, 0.5, -19.5],
			"scale": [4, 4, 4]
		}
	},
	"groups": [
		{
			"name": "rocket",
			"origin": [11.5284, 8.4, 4],
			"color": 0,
			"children": []
		},
		{
			"name": "group",
			"origin": [9.3284, 4.73994, 18.1],
			"color": 0,
			"children": [0, 1, 2, 3, 4, 5, 6, 7, 8, 9, 10, 11, 12, 13, 14, 15, 16]
		},
		{
			"name": "tube",
			"origin": [10.5284, 8, 4],
			"color": 0,
			"children": [
				17,
				18,
				19,
				20,
				21,
				22,
				23,
				24,
				25,
				26,
				27,
				28,
				{
					"name": "tube",
					"origin": [10.5284, 8, 4],
					"color": 0,
					"children": [
						29,
						30,
						31,
						32,
						33,
						34,
						35,
						36,
						37,
						38,
						39,
						40,
						41,
						42,
						43,
						44,
						{
							"name": "tube",
							"origin": [10.5284, 8, 4],
							"color": 0,
							"children": [45, 46, 47, 48]
						},
						49,
						50,
						51,
						52,
						53,
						54,
						55,
						56,
						57,
						58
					]
				},
				{
					"name": "tube",
					"origin": [10.5284, 8, 4],
					"color": 0,
					"children": [59, 60, 61, 62, 63, 64, 65, 66, 67, 68, 69, 70, 71, 72, 73, 74, 75, 76, 77, 78, 79, 80, 81, 82, 83, 84, 85, 86, 87, 88, 89, 90, 91, 92, 93]
				}
			]
		},
		{
			"name": "handle",
			"origin": [11, 3.75, 10],
			"color": 0,
			"children": []
		},
		{
			"name": "scope",
			"origin": [8, 8, 8],
			"color": 0,
			"children": [94, 95, 96, 97, 98, 99, 100, 101, 102, 103]
		}
	]
}